ISO-10303-21;
HEADER;
/* Generated by software containing ST-Developer
 * from STEP Tools, Inc. (www.steptools.com) 
 */

FILE_DESCRIPTION(
/* description */ (''),
/* implementation_level */ '2;1');

FILE_NAME(
/* name */ 
'C:\\Users\\86159\\Desktop\\P1\X2\673A68B056FE5143\X0\-\X2\9F7F8F6E8F7488C5914D7EC44EF6\X0\\\
680.9.1.3-2\X2\9F7F8F6E\X0\1.stp',
/* time_stamp */ '2026-08-04T22:35:20+08:00',
/* author */ ('86159'),
/* organization */ (''),
/* preprocessor_version */ 'ST-DEVELOPER v18.1',
/* originating_system */ 'Autodesk Inventor 2021',
/* authorisation */ '');

FILE_SCHEMA (('AUTOMOTIVE_DESIGN { 1 0 10303 214 3 1 1 }'));
ENDSEC;

DATA;
#10=MECHANICAL_DESIGN_GEOMETRIC_PRESENTATION_REPRESENTATION('',(#21),#3392);
#11=ITEM_DEFINED_TRANSFORMATION($,$,#1867,#2144);
#12=ITEM_DEFINED_TRANSFORMATION($,$,#1866,#2145);
#13=(
REPRESENTATION_RELATIONSHIP($,$,#3407,#3406)
REPRESENTATION_RELATIONSHIP_WITH_TRANSFORMATION(#11)
SHAPE_REPRESENTATION_RELATIONSHIP()
);
#14=(
REPRESENTATION_RELATIONSHIP($,$,#3406,#3405)
REPRESENTATION_RELATIONSHIP_WITH_TRANSFORMATION(#12)
SHAPE_REPRESENTATION_RELATIONSHIP()
);
#15=CONTEXT_DEPENDENT_SHAPE_REPRESENTATION(#13,#3403);
#16=CONTEXT_DEPENDENT_SHAPE_REPRESENTATION(#14,#3404);
#17=NEXT_ASSEMBLY_USAGE_OCCURRENCE('\X2\6B639F7F8F6E\X0\1:1',
'\X2\6B639F7F8F6E\X0\1:1','\X2\6B639F7F8F6E\X0\1:1',#3410,#3411,
'\X2\6B639F7F8F6E\X0\1:1');
#18=NEXT_ASSEMBLY_USAGE_OCCURRENCE('\X2\6B639F7F8F6E\X0\1:1',
'\X2\6B639F7F8F6E\X0\1:1','\X2\6B639F7F8F6E\X0\1:1',#3409,#3410,
'\X2\6B639F7F8F6E\X0\1:1');
#19=SHAPE_REPRESENTATION_RELATIONSHIP('SRR','None',#3407,#20);
#20=ADVANCED_BREP_SHAPE_REPRESENTATION('',(#22),#3391);
#21=STYLED_ITEM('',(#1838),#22);
#22=MANIFOLD_SOLID_BREP('Solid1',#1825);
#23=FACE_BOUND('',#481,.T.);
#24=FACE_BOUND('',#508,.T.);
#25=CYLINDRICAL_SURFACE('',#1872,10.);
#26=CYLINDRICAL_SURFACE('',#1878,19.5);
#27=CYLINDRICAL_SURFACE('',#1881,17.3917160014371);
#28=CYLINDRICAL_SURFACE('',#1884,17.3917160014371);
#29=CYLINDRICAL_SURFACE('',#1887,19.5);
#30=CYLINDRICAL_SURFACE('',#1890,17.3917160014371);
#31=CYLINDRICAL_SURFACE('',#1893,17.3917160014371);
#32=CYLINDRICAL_SURFACE('',#1896,19.5);
#33=CYLINDRICAL_SURFACE('',#1899,17.3917160014371);
#34=CYLINDRICAL_SURFACE('',#1902,17.3917160014371);
#35=CYLINDRICAL_SURFACE('',#1905,19.5);
#36=CYLINDRICAL_SURFACE('',#1908,17.3917160014371);
#37=CYLINDRICAL_SURFACE('',#1911,17.3917160014371);
#38=CYLINDRICAL_SURFACE('',#1914,19.5);
#39=CYLINDRICAL_SURFACE('',#1917,17.3917160014371);
#40=CYLINDRICAL_SURFACE('',#1920,17.3917160014371);
#41=CYLINDRICAL_SURFACE('',#1923,19.5);
#42=CYLINDRICAL_SURFACE('',#1926,17.3917160014371);
#43=CYLINDRICAL_SURFACE('',#1929,17.3917160014371);
#44=CYLINDRICAL_SURFACE('',#1932,19.5);
#45=CYLINDRICAL_SURFACE('',#1935,17.3917160014371);
#46=CYLINDRICAL_SURFACE('',#1938,17.3917160014371);
#47=CYLINDRICAL_SURFACE('',#1941,19.5);
#48=CYLINDRICAL_SURFACE('',#1944,17.3917160014371);
#49=CYLINDRICAL_SURFACE('',#1947,17.3917160014371);
#50=CYLINDRICAL_SURFACE('',#1950,19.5);
#51=CYLINDRICAL_SURFACE('',#1953,17.3917160014371);
#52=CYLINDRICAL_SURFACE('',#1956,17.3917160014371);
#53=CYLINDRICAL_SURFACE('',#1959,19.5);
#54=CYLINDRICAL_SURFACE('',#1962,17.3917160014371);
#55=CYLINDRICAL_SURFACE('',#1965,17.3917160014371);
#56=CYLINDRICAL_SURFACE('',#1968,19.5);
#57=CYLINDRICAL_SURFACE('',#1971,17.3917160014371);
#58=CYLINDRICAL_SURFACE('',#1974,17.3917160014371);
#59=CYLINDRICAL_SURFACE('',#1977,19.5);
#60=CYLINDRICAL_SURFACE('',#1980,17.3917160014371);
#61=CYLINDRICAL_SURFACE('',#1983,17.3917160014371);
#62=CYLINDRICAL_SURFACE('',#1986,19.5);
#63=CYLINDRICAL_SURFACE('',#1989,17.3917160014371);
#64=CYLINDRICAL_SURFACE('',#1992,17.3917160014371);
#65=CYLINDRICAL_SURFACE('',#1995,19.5);
#66=CYLINDRICAL_SURFACE('',#1998,17.3917160014371);
#67=CYLINDRICAL_SURFACE('',#2001,17.3917160014371);
#68=CYLINDRICAL_SURFACE('',#2004,19.5);
#69=CYLINDRICAL_SURFACE('',#2007,17.3917160014371);
#70=CYLINDRICAL_SURFACE('',#2010,17.3917160014371);
#71=CYLINDRICAL_SURFACE('',#2013,19.5);
#72=CYLINDRICAL_SURFACE('',#2016,17.3917160014371);
#73=CYLINDRICAL_SURFACE('',#2019,17.3917160014371);
#74=CYLINDRICAL_SURFACE('',#2022,19.5);
#75=CYLINDRICAL_SURFACE('',#2025,17.3917160014371);
#76=CYLINDRICAL_SURFACE('',#2028,17.3917160014371);
#77=CYLINDRICAL_SURFACE('',#2031,19.5);
#78=CYLINDRICAL_SURFACE('',#2034,17.3917160014371);
#79=CYLINDRICAL_SURFACE('',#2037,17.3917160014371);
#80=CYLINDRICAL_SURFACE('',#2040,19.5);
#81=CYLINDRICAL_SURFACE('',#2043,17.3917160014371);
#82=CYLINDRICAL_SURFACE('',#2046,17.3917160014371);
#83=CYLINDRICAL_SURFACE('',#2049,19.5);
#84=CYLINDRICAL_SURFACE('',#2052,17.3917160014371);
#85=CYLINDRICAL_SURFACE('',#2055,17.3917160014371);
#86=CYLINDRICAL_SURFACE('',#2058,19.5);
#87=CYLINDRICAL_SURFACE('',#2061,17.3917160014371);
#88=CYLINDRICAL_SURFACE('',#2064,17.3917160014371);
#89=CYLINDRICAL_SURFACE('',#2093,24.);
#90=CYLINDRICAL_SURFACE('',#2095,24.);
#91=CYLINDRICAL_SURFACE('',#2097,24.);
#92=CYLINDRICAL_SURFACE('',#2099,24.);
#93=CYLINDRICAL_SURFACE('',#2101,24.);
#94=CYLINDRICAL_SURFACE('',#2103,24.);
#95=CYLINDRICAL_SURFACE('',#2105,24.);
#96=CYLINDRICAL_SURFACE('',#2107,24.);
#97=CYLINDRICAL_SURFACE('',#2109,24.);
#98=CYLINDRICAL_SURFACE('',#2111,24.);
#99=CYLINDRICAL_SURFACE('',#2113,24.);
#100=CYLINDRICAL_SURFACE('',#2115,24.);
#101=CYLINDRICAL_SURFACE('',#2117,24.);
#102=CYLINDRICAL_SURFACE('',#2119,24.);
#103=CYLINDRICAL_SURFACE('',#2121,24.);
#104=CYLINDRICAL_SURFACE('',#2123,24.);
#105=CYLINDRICAL_SURFACE('',#2125,24.);
#106=CYLINDRICAL_SURFACE('',#2127,24.);
#107=CYLINDRICAL_SURFACE('',#2129,24.);
#108=CYLINDRICAL_SURFACE('',#2131,24.);
#109=CYLINDRICAL_SURFACE('',#2133,24.);
#110=CYLINDRICAL_SURFACE('',#2135,19.5);
#111=CYLINDRICAL_SURFACE('',#2137,17.3917160014371);
#112=CYLINDRICAL_SURFACE('',#2139,17.3917160014371);
#113=CYLINDRICAL_SURFACE('',#2141,24.);
#114=LINE('',#2824,#212);
#115=LINE('',#2830,#213);
#116=LINE('',#2832,#214);
#117=LINE('',#2833,#215);
#118=LINE('',#2836,#216);
#119=LINE('',#2840,#217);
#120=LINE('',#2842,#218);
#121=LINE('',#2844,#219);
#122=LINE('',#2851,#220);
#123=LINE('',#2852,#221);
#124=LINE('',#2858,#222);
#125=LINE('',#2861,#223);
#126=LINE('',#2867,#224);
#127=LINE('',#2872,#225);
#128=LINE('',#2879,#226);
#129=LINE('',#2882,#227);
#130=LINE('',#2888,#228);
#131=LINE('',#2893,#229);
#132=LINE('',#2900,#230);
#133=LINE('',#2903,#231);
#134=LINE('',#2909,#232);
#135=LINE('',#2914,#233);
#136=LINE('',#2921,#234);
#137=LINE('',#2924,#235);
#138=LINE('',#2930,#236);
#139=LINE('',#2935,#237);
#140=LINE('',#2942,#238);
#141=LINE('',#2945,#239);
#142=LINE('',#2951,#240);
#143=LINE('',#2956,#241);
#144=LINE('',#2963,#242);
#145=LINE('',#2966,#243);
#146=LINE('',#2972,#244);
#147=LINE('',#2977,#245);
#148=LINE('',#2984,#246);
#149=LINE('',#2987,#247);
#150=LINE('',#2993,#248);
#151=LINE('',#2998,#249);
#152=LINE('',#3005,#250);
#153=LINE('',#3008,#251);
#154=LINE('',#3014,#252);
#155=LINE('',#3019,#253);
#156=LINE('',#3026,#254);
#157=LINE('',#3029,#255);
#158=LINE('',#3035,#256);
#159=LINE('',#3040,#257);
#160=LINE('',#3047,#258);
#161=LINE('',#3050,#259);
#162=LINE('',#3056,#260);
#163=LINE('',#3061,#261);
#164=LINE('',#3068,#262);
#165=LINE('',#3071,#263);
#166=LINE('',#3077,#264);
#167=LINE('',#3082,#265);
#168=LINE('',#3089,#266);
#169=LINE('',#3092,#267);
#170=LINE('',#3098,#268);
#171=LINE('',#3103,#269);
#172=LINE('',#3110,#270);
#173=LINE('',#3113,#271);
#174=LINE('',#3119,#272);
#175=LINE('',#3124,#273);
#176=LINE('',#3131,#274);
#177=LINE('',#3134,#275);
#178=LINE('',#3140,#276);
#179=LINE('',#3145,#277);
#180=LINE('',#3152,#278);
#181=LINE('',#3155,#279);
#182=LINE('',#3161,#280);
#183=LINE('',#3166,#281);
#184=LINE('',#3173,#282);
#185=LINE('',#3176,#283);
#186=LINE('',#3182,#284);
#187=LINE('',#3187,#285);
#188=LINE('',#3194,#286);
#189=LINE('',#3197,#287);
#190=LINE('',#3203,#288);
#191=LINE('',#3208,#289);
#192=LINE('',#3215,#290);
#193=LINE('',#3218,#291);
#194=LINE('',#3224,#292);
#195=LINE('',#3229,#293);
#196=LINE('',#3236,#294);
#197=LINE('',#3239,#295);
#198=LINE('',#3245,#296);
#199=LINE('',#3250,#297);
#200=LINE('',#3257,#298);
#201=LINE('',#3260,#299);
#202=LINE('',#3266,#300);
#203=LINE('',#3271,#301);
#204=LINE('',#3278,#302);
#205=LINE('',#3281,#303);
#206=LINE('',#3287,#304);
#207=LINE('',#3292,#305);
#208=LINE('',#3327,#306);
#209=LINE('',#3370,#307);
#210=LINE('',#3373,#308);
#211=LINE('',#3377,#309);
#212=VECTOR('',#2160,10.);
#213=VECTOR('',#2161,10.);
#214=VECTOR('',#2162,10.);
#215=VECTOR('',#2163,10.);
#216=VECTOR('',#2166,10.);
#217=VECTOR('',#2171,10.);
#218=VECTOR('',#2172,10.);
#219=VECTOR('',#2173,10.);
#220=VECTOR('',#2180,10.);
#221=VECTOR('',#2181,10.);
#222=VECTOR('',#2186,10.);
#223=VECTOR('',#2189,10.);
#224=VECTOR('',#2196,10.);
#225=VECTOR('',#2201,10.);
#226=VECTOR('',#2208,10.);
#227=VECTOR('',#2211,10.);
#228=VECTOR('',#2218,10.);
#229=VECTOR('',#2223,10.);
#230=VECTOR('',#2230,10.);
#231=VECTOR('',#2233,10.);
#232=VECTOR('',#2240,10.);
#233=VECTOR('',#2245,10.);
#234=VECTOR('',#2252,10.);
#235=VECTOR('',#2255,10.);
#236=VECTOR('',#2262,10.);
#237=VECTOR('',#2267,10.);
#238=VECTOR('',#2274,10.);
#239=VECTOR('',#2277,10.);
#240=VECTOR('',#2284,10.);
#241=VECTOR('',#2289,10.);
#242=VECTOR('',#2296,10.);
#243=VECTOR('',#2299,10.);
#244=VECTOR('',#2306,10.);
#245=VECTOR('',#2311,10.);
#246=VECTOR('',#2318,10.);
#247=VECTOR('',#2321,10.);
#248=VECTOR('',#2328,10.);
#249=VECTOR('',#2333,10.);
#250=VECTOR('',#2340,10.);
#251=VECTOR('',#2343,10.);
#252=VECTOR('',#2350,10.);
#253=VECTOR('',#2355,10.);
#254=VECTOR('',#2362,10.);
#255=VECTOR('',#2365,10.);
#256=VECTOR('',#2372,10.);
#257=VECTOR('',#2377,10.);
#258=VECTOR('',#2384,10.);
#259=VECTOR('',#2387,10.);
#260=VECTOR('',#2394,10.);
#261=VECTOR('',#2399,10.);
#262=VECTOR('',#2406,10.);
#263=VECTOR('',#2409,10.);
#264=VECTOR('',#2416,10.);
#265=VECTOR('',#2421,10.);
#266=VECTOR('',#2428,10.);
#267=VECTOR('',#2431,10.);
#268=VECTOR('',#2438,10.);
#269=VECTOR('',#2443,10.);
#270=VECTOR('',#2450,10.);
#271=VECTOR('',#2453,10.);
#272=VECTOR('',#2460,10.);
#273=VECTOR('',#2465,10.);
#274=VECTOR('',#2472,10.);
#275=VECTOR('',#2475,10.);
#276=VECTOR('',#2482,10.);
#277=VECTOR('',#2487,10.);
#278=VECTOR('',#2494,10.);
#279=VECTOR('',#2497,10.);
#280=VECTOR('',#2504,10.);
#281=VECTOR('',#2509,10.);
#282=VECTOR('',#2516,10.);
#283=VECTOR('',#2519,10.);
#284=VECTOR('',#2526,10.);
#285=VECTOR('',#2531,10.);
#286=VECTOR('',#2538,10.);
#287=VECTOR('',#2541,10.);
#288=VECTOR('',#2548,10.);
#289=VECTOR('',#2553,10.);
#290=VECTOR('',#2560,10.);
#291=VECTOR('',#2563,10.);
#292=VECTOR('',#2570,10.);
#293=VECTOR('',#2575,10.);
#294=VECTOR('',#2582,10.);
#295=VECTOR('',#2585,10.);
#296=VECTOR('',#2592,10.);
#297=VECTOR('',#2597,10.);
#298=VECTOR('',#2604,10.);
#299=VECTOR('',#2607,10.);
#300=VECTOR('',#2614,10.);
#301=VECTOR('',#2619,10.);
#302=VECTOR('',#2626,10.);
#303=VECTOR('',#2629,10.);
#304=VECTOR('',#2636,10.);
#305=VECTOR('',#2641,10.);
#306=VECTOR('',#2700,10.);
#307=VECTOR('',#2783,10.);
#308=VECTOR('',#2786,10.);
#309=VECTOR('',#2791,10.);
#310=PLANE('',#1871);
#311=PLANE('',#1874);
#312=PLANE('',#1877);
#313=PLANE('',#2067);
#314=PLANE('',#2143);
#315=FACE_OUTER_BOUND('',#411,.T.);
#316=FACE_OUTER_BOUND('',#412,.T.);
#317=FACE_OUTER_BOUND('',#413,.T.);
#318=FACE_OUTER_BOUND('',#414,.T.);
#319=FACE_OUTER_BOUND('',#415,.T.);
#320=FACE_OUTER_BOUND('',#416,.T.);
#321=FACE_OUTER_BOUND('',#417,.T.);
#322=FACE_OUTER_BOUND('',#418,.T.);
#323=FACE_OUTER_BOUND('',#419,.T.);
#324=FACE_OUTER_BOUND('',#420,.T.);
#325=FACE_OUTER_BOUND('',#421,.T.);
#326=FACE_OUTER_BOUND('',#422,.T.);
#327=FACE_OUTER_BOUND('',#423,.T.);
#328=FACE_OUTER_BOUND('',#424,.T.);
#329=FACE_OUTER_BOUND('',#425,.T.);
#330=FACE_OUTER_BOUND('',#426,.T.);
#331=FACE_OUTER_BOUND('',#427,.T.);
#332=FACE_OUTER_BOUND('',#428,.T.);
#333=FACE_OUTER_BOUND('',#429,.T.);
#334=FACE_OUTER_BOUND('',#430,.T.);
#335=FACE_OUTER_BOUND('',#431,.T.);
#336=FACE_OUTER_BOUND('',#432,.T.);
#337=FACE_OUTER_BOUND('',#433,.T.);
#338=FACE_OUTER_BOUND('',#434,.T.);
#339=FACE_OUTER_BOUND('',#435,.T.);
#340=FACE_OUTER_BOUND('',#436,.T.);
#341=FACE_OUTER_BOUND('',#437,.T.);
#342=FACE_OUTER_BOUND('',#438,.T.);
#343=FACE_OUTER_BOUND('',#439,.T.);
#344=FACE_OUTER_BOUND('',#440,.T.);
#345=FACE_OUTER_BOUND('',#441,.T.);
#346=FACE_OUTER_BOUND('',#442,.T.);
#347=FACE_OUTER_BOUND('',#443,.T.);
#348=FACE_OUTER_BOUND('',#444,.T.);
#349=FACE_OUTER_BOUND('',#445,.T.);
#350=FACE_OUTER_BOUND('',#446,.T.);
#351=FACE_OUTER_BOUND('',#447,.T.);
#352=FACE_OUTER_BOUND('',#448,.T.);
#353=FACE_OUTER_BOUND('',#449,.T.);
#354=FACE_OUTER_BOUND('',#450,.T.);
#355=FACE_OUTER_BOUND('',#451,.T.);
#356=FACE_OUTER_BOUND('',#452,.T.);
#357=FACE_OUTER_BOUND('',#453,.T.);
#358=FACE_OUTER_BOUND('',#454,.T.);
#359=FACE_OUTER_BOUND('',#455,.T.);
#360=FACE_OUTER_BOUND('',#456,.T.);
#361=FACE_OUTER_BOUND('',#457,.T.);
#362=FACE_OUTER_BOUND('',#458,.T.);
#363=FACE_OUTER_BOUND('',#459,.T.);
#364=FACE_OUTER_BOUND('',#460,.T.);
#365=FACE_OUTER_BOUND('',#461,.T.);
#366=FACE_OUTER_BOUND('',#462,.T.);
#367=FACE_OUTER_BOUND('',#463,.T.);
#368=FACE_OUTER_BOUND('',#464,.T.);
#369=FACE_OUTER_BOUND('',#465,.T.);
#370=FACE_OUTER_BOUND('',#466,.T.);
#371=FACE_OUTER_BOUND('',#467,.T.);
#372=FACE_OUTER_BOUND('',#468,.T.);
#373=FACE_OUTER_BOUND('',#469,.T.);
#374=FACE_OUTER_BOUND('',#470,.T.);
#375=FACE_OUTER_BOUND('',#471,.T.);
#376=FACE_OUTER_BOUND('',#472,.T.);
#377=FACE_OUTER_BOUND('',#473,.T.);
#378=FACE_OUTER_BOUND('',#474,.T.);
#379=FACE_OUTER_BOUND('',#475,.T.);
#380=FACE_OUTER_BOUND('',#476,.T.);
#381=FACE_OUTER_BOUND('',#477,.T.);
#382=FACE_OUTER_BOUND('',#478,.T.);
#383=FACE_OUTER_BOUND('',#479,.T.);
#384=FACE_OUTER_BOUND('',#480,.T.);
#385=FACE_OUTER_BOUND('',#482,.T.);
#386=FACE_OUTER_BOUND('',#483,.T.);
#387=FACE_OUTER_BOUND('',#484,.T.);
#388=FACE_OUTER_BOUND('',#485,.T.);
#389=FACE_OUTER_BOUND('',#486,.T.);
#390=FACE_OUTER_BOUND('',#487,.T.);
#391=FACE_OUTER_BOUND('',#488,.T.);
#392=FACE_OUTER_BOUND('',#489,.T.);
#393=FACE_OUTER_BOUND('',#490,.T.);
#394=FACE_OUTER_BOUND('',#491,.T.);
#395=FACE_OUTER_BOUND('',#492,.T.);
#396=FACE_OUTER_BOUND('',#493,.T.);
#397=FACE_OUTER_BOUND('',#494,.T.);
#398=FACE_OUTER_BOUND('',#495,.T.);
#399=FACE_OUTER_BOUND('',#496,.T.);
#400=FACE_OUTER_BOUND('',#497,.T.);
#401=FACE_OUTER_BOUND('',#498,.T.);
#402=FACE_OUTER_BOUND('',#499,.T.);
#403=FACE_OUTER_BOUND('',#500,.T.);
#404=FACE_OUTER_BOUND('',#501,.T.);
#405=FACE_OUTER_BOUND('',#502,.T.);
#406=FACE_OUTER_BOUND('',#503,.T.);
#407=FACE_OUTER_BOUND('',#504,.T.);
#408=FACE_OUTER_BOUND('',#505,.T.);
#409=FACE_OUTER_BOUND('',#506,.T.);
#410=FACE_OUTER_BOUND('',#507,.T.);
#411=EDGE_LOOP('',(#1163,#1164,#1165,#1166));
#412=EDGE_LOOP('',(#1167,#1168,#1169,#1170,#1171,#1172));
#413=EDGE_LOOP('',(#1173,#1174,#1175,#1176));
#414=EDGE_LOOP('',(#1177,#1178,#1179,#1180,#1181,#1182));
#415=EDGE_LOOP('',(#1183,#1184,#1185,#1186));
#416=EDGE_LOOP('',(#1187,#1188,#1189,#1190));
#417=EDGE_LOOP('',(#1191,#1192,#1193,#1194));
#418=EDGE_LOOP('',(#1195,#1196,#1197,#1198));
#419=EDGE_LOOP('',(#1199,#1200,#1201,#1202));
#420=EDGE_LOOP('',(#1203,#1204,#1205,#1206));
#421=EDGE_LOOP('',(#1207,#1208,#1209,#1210));
#422=EDGE_LOOP('',(#1211,#1212,#1213,#1214));
#423=EDGE_LOOP('',(#1215,#1216,#1217,#1218));
#424=EDGE_LOOP('',(#1219,#1220,#1221,#1222));
#425=EDGE_LOOP('',(#1223,#1224,#1225,#1226));
#426=EDGE_LOOP('',(#1227,#1228,#1229,#1230));
#427=EDGE_LOOP('',(#1231,#1232,#1233,#1234));
#428=EDGE_LOOP('',(#1235,#1236,#1237,#1238));
#429=EDGE_LOOP('',(#1239,#1240,#1241,#1242));
#430=EDGE_LOOP('',(#1243,#1244,#1245,#1246));
#431=EDGE_LOOP('',(#1247,#1248,#1249,#1250));
#432=EDGE_LOOP('',(#1251,#1252,#1253,#1254));
#433=EDGE_LOOP('',(#1255,#1256,#1257,#1258));
#434=EDGE_LOOP('',(#1259,#1260,#1261,#1262));
#435=EDGE_LOOP('',(#1263,#1264,#1265,#1266));
#436=EDGE_LOOP('',(#1267,#1268,#1269,#1270));
#437=EDGE_LOOP('',(#1271,#1272,#1273,#1274));
#438=EDGE_LOOP('',(#1275,#1276,#1277,#1278));
#439=EDGE_LOOP('',(#1279,#1280,#1281,#1282));
#440=EDGE_LOOP('',(#1283,#1284,#1285,#1286));
#441=EDGE_LOOP('',(#1287,#1288,#1289,#1290));
#442=EDGE_LOOP('',(#1291,#1292,#1293,#1294));
#443=EDGE_LOOP('',(#1295,#1296,#1297,#1298));
#444=EDGE_LOOP('',(#1299,#1300,#1301,#1302));
#445=EDGE_LOOP('',(#1303,#1304,#1305,#1306));
#446=EDGE_LOOP('',(#1307,#1308,#1309,#1310));
#447=EDGE_LOOP('',(#1311,#1312,#1313,#1314));
#448=EDGE_LOOP('',(#1315,#1316,#1317,#1318));
#449=EDGE_LOOP('',(#1319,#1320,#1321,#1322));
#450=EDGE_LOOP('',(#1323,#1324,#1325,#1326));
#451=EDGE_LOOP('',(#1327,#1328,#1329,#1330));
#452=EDGE_LOOP('',(#1331,#1332,#1333,#1334));
#453=EDGE_LOOP('',(#1335,#1336,#1337,#1338));
#454=EDGE_LOOP('',(#1339,#1340,#1341,#1342));
#455=EDGE_LOOP('',(#1343,#1344,#1345,#1346));
#456=EDGE_LOOP('',(#1347,#1348,#1349,#1350));
#457=EDGE_LOOP('',(#1351,#1352,#1353,#1354));
#458=EDGE_LOOP('',(#1355,#1356,#1357,#1358));
#459=EDGE_LOOP('',(#1359,#1360,#1361,#1362));
#460=EDGE_LOOP('',(#1363,#1364,#1365,#1366));
#461=EDGE_LOOP('',(#1367,#1368,#1369,#1370));
#462=EDGE_LOOP('',(#1371,#1372,#1373,#1374));
#463=EDGE_LOOP('',(#1375,#1376,#1377,#1378));
#464=EDGE_LOOP('',(#1379,#1380,#1381,#1382));
#465=EDGE_LOOP('',(#1383,#1384,#1385,#1386));
#466=EDGE_LOOP('',(#1387,#1388,#1389,#1390));
#467=EDGE_LOOP('',(#1391,#1392,#1393,#1394));
#468=EDGE_LOOP('',(#1395,#1396,#1397,#1398));
#469=EDGE_LOOP('',(#1399,#1400,#1401,#1402));
#470=EDGE_LOOP('',(#1403,#1404,#1405,#1406));
#471=EDGE_LOOP('',(#1407,#1408,#1409,#1410));
#472=EDGE_LOOP('',(#1411,#1412,#1413,#1414));
#473=EDGE_LOOP('',(#1415,#1416,#1417,#1418));
#474=EDGE_LOOP('',(#1419,#1420,#1421,#1422));
#475=EDGE_LOOP('',(#1423,#1424,#1425,#1426));
#476=EDGE_LOOP('',(#1427,#1428,#1429,#1430));
#477=EDGE_LOOP('',(#1431,#1432,#1433,#1434));
#478=EDGE_LOOP('',(#1435,#1436,#1437,#1438));
#479=EDGE_LOOP('',(#1439,#1440,#1441,#1442));
#480=EDGE_LOOP('',(#1443,#1444,#1445,#1446,#1447,#1448,#1449,#1450,#1451,
#1452,#1453,#1454,#1455,#1456,#1457,#1458,#1459,#1460,#1461,#1462,#1463,
#1464,#1465,#1466,#1467,#1468,#1469,#1470,#1471,#1472,#1473,#1474,#1475,
#1476,#1477,#1478,#1479,#1480,#1481,#1482,#1483,#1484,#1485,#1486,#1487,
#1488,#1489,#1490,#1491,#1492,#1493,#1494,#1495,#1496,#1497,#1498,#1499,
#1500,#1501,#1502,#1503,#1504,#1505,#1506,#1507,#1508,#1509,#1510,#1511,
#1512,#1513,#1514,#1515,#1516,#1517,#1518,#1519,#1520,#1521,#1522,#1523,
#1524,#1525,#1526,#1527,#1528,#1529,#1530));
#481=EDGE_LOOP('',(#1531,#1532,#1533,#1534));
#482=EDGE_LOOP('',(#1535,#1536,#1537,#1538));
#483=EDGE_LOOP('',(#1539,#1540,#1541,#1542));
#484=EDGE_LOOP('',(#1543,#1544,#1545,#1546));
#485=EDGE_LOOP('',(#1547,#1548,#1549,#1550));
#486=EDGE_LOOP('',(#1551,#1552,#1553,#1554));
#487=EDGE_LOOP('',(#1555,#1556,#1557,#1558));
#488=EDGE_LOOP('',(#1559,#1560,#1561,#1562));
#489=EDGE_LOOP('',(#1563,#1564,#1565,#1566));
#490=EDGE_LOOP('',(#1567,#1568,#1569,#1570));
#491=EDGE_LOOP('',(#1571,#1572,#1573,#1574));
#492=EDGE_LOOP('',(#1575,#1576,#1577,#1578));
#493=EDGE_LOOP('',(#1579,#1580,#1581,#1582));
#494=EDGE_LOOP('',(#1583,#1584,#1585,#1586));
#495=EDGE_LOOP('',(#1587,#1588,#1589,#1590));
#496=EDGE_LOOP('',(#1591,#1592,#1593,#1594));
#497=EDGE_LOOP('',(#1595,#1596,#1597,#1598));
#498=EDGE_LOOP('',(#1599,#1600,#1601,#1602));
#499=EDGE_LOOP('',(#1603,#1604,#1605,#1606));
#500=EDGE_LOOP('',(#1607,#1608,#1609,#1610));
#501=EDGE_LOOP('',(#1611,#1612,#1613,#1614));
#502=EDGE_LOOP('',(#1615,#1616,#1617,#1618));
#503=EDGE_LOOP('',(#1619,#1620,#1621,#1622));
#504=EDGE_LOOP('',(#1623,#1624,#1625,#1626));
#505=EDGE_LOOP('',(#1627,#1628,#1629,#1630));
#506=EDGE_LOOP('',(#1631,#1632,#1633,#1634));
#507=EDGE_LOOP('',(#1635,#1636,#1637,#1638,#1639,#1640,#1641,#1642,#1643,
#1644,#1645,#1646,#1647,#1648,#1649,#1650,#1651,#1652,#1653,#1654,#1655,
#1656,#1657,#1658,#1659,#1660,#1661,#1662,#1663,#1664,#1665,#1666,#1667,
#1668,#1669,#1670,#1671,#1672,#1673,#1674,#1675,#1676,#1677,#1678,#1679,
#1680,#1681,#1682,#1683,#1684,#1685,#1686,#1687,#1688,#1689,#1690,#1691,
#1692,#1693,#1694,#1695,#1696,#1697,#1698,#1699,#1700,#1701,#1702,#1703,
#1704,#1705,#1706,#1707,#1708,#1709,#1710,#1711,#1712,#1713,#1714,#1715,
#1716,#1717,#1718,#1719,#1720,#1721,#1722));
#508=EDGE_LOOP('',(#1723,#1724,#1725,#1726));
#509=CIRCLE('',#1869,10.5);
#510=CIRCLE('',#1870,10.);
#511=CIRCLE('',#1873,10.);
#512=CIRCLE('',#1876,10.5);
#513=CIRCLE('',#1879,19.5);
#514=CIRCLE('',#1880,19.5);
#515=CIRCLE('',#1882,17.3917160014371);
#516=CIRCLE('',#1883,17.3917160014371);
#517=CIRCLE('',#1885,17.3917160014371);
#518=CIRCLE('',#1886,17.3917160014371);
#519=CIRCLE('',#1888,19.5);
#520=CIRCLE('',#1889,19.5);
#521=CIRCLE('',#1891,17.3917160014371);
#522=CIRCLE('',#1892,17.3917160014371);
#523=CIRCLE('',#1894,17.3917160014371);
#524=CIRCLE('',#1895,17.3917160014371);
#525=CIRCLE('',#1897,19.5);
#526=CIRCLE('',#1898,19.5);
#527=CIRCLE('',#1900,17.3917160014371);
#528=CIRCLE('',#1901,17.3917160014371);
#529=CIRCLE('',#1903,17.3917160014371);
#530=CIRCLE('',#1904,17.3917160014371);
#531=CIRCLE('',#1906,19.5);
#532=CIRCLE('',#1907,19.5);
#533=CIRCLE('',#1909,17.3917160014371);
#534=CIRCLE('',#1910,17.3917160014371);
#535=CIRCLE('',#1912,17.3917160014371);
#536=CIRCLE('',#1913,17.3917160014371);
#537=CIRCLE('',#1915,19.5);
#538=CIRCLE('',#1916,19.5);
#539=CIRCLE('',#1918,17.3917160014371);
#540=CIRCLE('',#1919,17.3917160014371);
#541=CIRCLE('',#1921,17.3917160014371);
#542=CIRCLE('',#1922,17.3917160014371);
#543=CIRCLE('',#1924,19.5);
#544=CIRCLE('',#1925,19.5);
#545=CIRCLE('',#1927,17.3917160014371);
#546=CIRCLE('',#1928,17.3917160014371);
#547=CIRCLE('',#1930,17.3917160014371);
#548=CIRCLE('',#1931,17.3917160014371);
#549=CIRCLE('',#1933,19.5);
#550=CIRCLE('',#1934,19.5);
#551=CIRCLE('',#1936,17.3917160014371);
#552=CIRCLE('',#1937,17.3917160014371);
#553=CIRCLE('',#1939,17.3917160014371);
#554=CIRCLE('',#1940,17.3917160014371);
#555=CIRCLE('',#1942,19.5);
#556=CIRCLE('',#1943,19.5);
#557=CIRCLE('',#1945,17.3917160014371);
#558=CIRCLE('',#1946,17.3917160014371);
#559=CIRCLE('',#1948,17.3917160014371);
#560=CIRCLE('',#1949,17.3917160014371);
#561=CIRCLE('',#1951,19.5);
#562=CIRCLE('',#1952,19.5);
#563=CIRCLE('',#1954,17.3917160014371);
#564=CIRCLE('',#1955,17.3917160014371);
#565=CIRCLE('',#1957,17.3917160014371);
#566=CIRCLE('',#1958,17.3917160014371);
#567=CIRCLE('',#1960,19.5);
#568=CIRCLE('',#1961,19.5);
#569=CIRCLE('',#1963,17.3917160014371);
#570=CIRCLE('',#1964,17.3917160014371);
#571=CIRCLE('',#1966,17.3917160014371);
#572=CIRCLE('',#1967,17.3917160014371);
#573=CIRCLE('',#1969,19.5);
#574=CIRCLE('',#1970,19.5);
#575=CIRCLE('',#1972,17.3917160014371);
#576=CIRCLE('',#1973,17.3917160014371);
#577=CIRCLE('',#1975,17.3917160014371);
#578=CIRCLE('',#1976,17.3917160014371);
#579=CIRCLE('',#1978,19.5);
#580=CIRCLE('',#1979,19.5);
#581=CIRCLE('',#1981,17.3917160014371);
#582=CIRCLE('',#1982,17.3917160014371);
#583=CIRCLE('',#1984,17.3917160014371);
#584=CIRCLE('',#1985,17.3917160014371);
#585=CIRCLE('',#1987,19.5);
#586=CIRCLE('',#1988,19.5);
#587=CIRCLE('',#1990,17.3917160014371);
#588=CIRCLE('',#1991,17.3917160014371);
#589=CIRCLE('',#1993,17.3917160014371);
#590=CIRCLE('',#1994,17.3917160014371);
#591=CIRCLE('',#1996,19.5);
#592=CIRCLE('',#1997,19.5);
#593=CIRCLE('',#1999,17.3917160014371);
#594=CIRCLE('',#2000,17.3917160014371);
#595=CIRCLE('',#2002,17.3917160014371);
#596=CIRCLE('',#2003,17.3917160014371);
#597=CIRCLE('',#2005,19.5);
#598=CIRCLE('',#2006,19.5);
#599=CIRCLE('',#2008,17.3917160014371);
#600=CIRCLE('',#2009,17.3917160014371);
#601=CIRCLE('',#2011,17.3917160014371);
#602=CIRCLE('',#2012,17.3917160014371);
#603=CIRCLE('',#2014,19.5);
#604=CIRCLE('',#2015,19.5);
#605=CIRCLE('',#2017,17.3917160014371);
#606=CIRCLE('',#2018,17.3917160014371);
#607=CIRCLE('',#2020,17.3917160014371);
#608=CIRCLE('',#2021,17.3917160014371);
#609=CIRCLE('',#2023,19.5);
#610=CIRCLE('',#2024,19.5);
#611=CIRCLE('',#2026,17.3917160014371);
#612=CIRCLE('',#2027,17.3917160014371);
#613=CIRCLE('',#2029,17.3917160014371);
#614=CIRCLE('',#2030,17.3917160014371);
#615=CIRCLE('',#2032,19.5);
#616=CIRCLE('',#2033,19.5);
#617=CIRCLE('',#2035,17.3917160014371);
#618=CIRCLE('',#2036,17.3917160014371);
#619=CIRCLE('',#2038,17.3917160014371);
#620=CIRCLE('',#2039,17.3917160014371);
#621=CIRCLE('',#2041,19.5);
#622=CIRCLE('',#2042,19.5);
#623=CIRCLE('',#2044,17.3917160014371);
#624=CIRCLE('',#2045,17.3917160014371);
#625=CIRCLE('',#2047,17.3917160014371);
#626=CIRCLE('',#2048,17.3917160014371);
#627=CIRCLE('',#2050,19.5);
#628=CIRCLE('',#2051,19.5);
#629=CIRCLE('',#2053,17.3917160014371);
#630=CIRCLE('',#2054,17.3917160014371);
#631=CIRCLE('',#2056,17.3917160014371);
#632=CIRCLE('',#2057,17.3917160014371);
#633=CIRCLE('',#2059,19.5);
#634=CIRCLE('',#2060,19.5);
#635=CIRCLE('',#2062,17.3917160014371);
#636=CIRCLE('',#2063,17.3917160014371);
#637=CIRCLE('',#2065,17.3917160014371);
#638=CIRCLE('',#2066,17.3917160014371);
#639=CIRCLE('',#2068,24.);
#640=CIRCLE('',#2069,24.);
#641=CIRCLE('',#2070,24.);
#642=CIRCLE('',#2071,24.);
#643=CIRCLE('',#2072,24.);
#644=CIRCLE('',#2073,24.);
#645=CIRCLE('',#2074,24.);
#646=CIRCLE('',#2075,24.);
#647=CIRCLE('',#2076,24.);
#648=CIRCLE('',#2077,24.);
#649=CIRCLE('',#2078,24.);
#650=CIRCLE('',#2079,24.);
#651=CIRCLE('',#2080,24.);
#652=CIRCLE('',#2081,24.);
#653=CIRCLE('',#2082,24.);
#654=CIRCLE('',#2083,24.);
#655=CIRCLE('',#2084,24.);
#656=CIRCLE('',#2085,24.);
#657=CIRCLE('',#2086,24.);
#658=CIRCLE('',#2087,24.);
#659=CIRCLE('',#2088,24.);
#660=CIRCLE('',#2089,17.3917160014371);
#661=CIRCLE('',#2090,19.5);
#662=CIRCLE('',#2091,17.3917160014371);
#663=CIRCLE('',#2092,24.);
#664=CIRCLE('',#2094,24.);
#665=CIRCLE('',#2096,24.);
#666=CIRCLE('',#2098,24.);
#667=CIRCLE('',#2100,24.);
#668=CIRCLE('',#2102,24.);
#669=CIRCLE('',#2104,24.);
#670=CIRCLE('',#2106,24.);
#671=CIRCLE('',#2108,24.);
#672=CIRCLE('',#2110,24.);
#673=CIRCLE('',#2112,24.);
#674=CIRCLE('',#2114,24.);
#675=CIRCLE('',#2116,24.);
#676=CIRCLE('',#2118,24.);
#677=CIRCLE('',#2120,24.);
#678=CIRCLE('',#2122,24.);
#679=CIRCLE('',#2124,24.);
#680=CIRCLE('',#2126,24.);
#681=CIRCLE('',#2128,24.);
#682=CIRCLE('',#2130,24.);
#683=CIRCLE('',#2132,24.);
#684=CIRCLE('',#2134,24.);
#685=CIRCLE('',#2136,19.5);
#686=CIRCLE('',#2138,17.3917160014371);
#687=CIRCLE('',#2140,17.3917160014371);
#688=CIRCLE('',#2142,24.);
#689=(
BOUNDED_CURVE()
B_SPLINE_CURVE(2,(#2812,#2813,#2814),.UNSPECIFIED.,.F.,.F.)
B_SPLINE_CURVE_WITH_KNOTS((3,3),(2.49052169117167,2.50998007960223),
 .UNSPECIFIED.)
CURVE()
GEOMETRIC_REPRESENTATION_ITEM()
RATIONAL_B_SPLINE_CURVE((1.03846153846154,1.01938101878645,1.))
REPRESENTATION_ITEM('')
);
#690=(
BOUNDED_CURVE()
B_SPLINE_CURVE(2,(#2818,#2819,#2820),.UNSPECIFIED.,.F.,.F.)
B_SPLINE_CURVE_WITH_KNOTS((3,3),(0.,0.0194583884305561),.UNSPECIFIED.)
CURVE()
GEOMETRIC_REPRESENTATION_ITEM()
RATIONAL_B_SPLINE_CURVE((1.,1.01938101878645,1.03846153846154))
REPRESENTATION_ITEM('')
);
#691=(
BOUNDED_CURVE()
B_SPLINE_CURVE(2,(#2826,#2827,#2828),.UNSPECIFIED.,.F.,.F.)
B_SPLINE_CURVE_WITH_KNOTS((3,3),(0.,0.0194583884305561),.UNSPECIFIED.)
CURVE()
GEOMETRIC_REPRESENTATION_ITEM()
RATIONAL_B_SPLINE_CURVE((1.,1.01938101878645,1.03846153846154))
REPRESENTATION_ITEM('')
);
#692=(
BOUNDED_CURVE()
B_SPLINE_CURVE(2,(#2845,#2846,#2847),.UNSPECIFIED.,.F.,.F.)
B_SPLINE_CURVE_WITH_KNOTS((3,3),(2.49052169117167,2.50998007960223),
 .UNSPECIFIED.)
CURVE()
GEOMETRIC_REPRESENTATION_ITEM()
RATIONAL_B_SPLINE_CURVE((1.03846153846154,1.01938101878645,1.))
REPRESENTATION_ITEM('')
);
#693=VERTEX_POINT('',#2810);
#694=VERTEX_POINT('',#2811);
#695=VERTEX_POINT('',#2815);
#696=VERTEX_POINT('',#2817);
#697=VERTEX_POINT('',#2823);
#698=VERTEX_POINT('',#2825);
#699=VERTEX_POINT('',#2829);
#700=VERTEX_POINT('',#2831);
#701=VERTEX_POINT('',#2835);
#702=VERTEX_POINT('',#2839);
#703=VERTEX_POINT('',#2841);
#704=VERTEX_POINT('',#2843);
#705=VERTEX_POINT('',#2854);
#706=VERTEX_POINT('',#2855);
#707=VERTEX_POINT('',#2857);
#708=VERTEX_POINT('',#2859);
#709=VERTEX_POINT('',#2863);
#710=VERTEX_POINT('',#2865);
#711=VERTEX_POINT('',#2869);
#712=VERTEX_POINT('',#2871);
#713=VERTEX_POINT('',#2875);
#714=VERTEX_POINT('',#2876);
#715=VERTEX_POINT('',#2878);
#716=VERTEX_POINT('',#2880);
#717=VERTEX_POINT('',#2884);
#718=VERTEX_POINT('',#2886);
#719=VERTEX_POINT('',#2890);
#720=VERTEX_POINT('',#2892);
#721=VERTEX_POINT('',#2896);
#722=VERTEX_POINT('',#2897);
#723=VERTEX_POINT('',#2899);
#724=VERTEX_POINT('',#2901);
#725=VERTEX_POINT('',#2905);
#726=VERTEX_POINT('',#2907);
#727=VERTEX_POINT('',#2911);
#728=VERTEX_POINT('',#2913);
#729=VERTEX_POINT('',#2917);
#730=VERTEX_POINT('',#2918);
#731=VERTEX_POINT('',#2920);
#732=VERTEX_POINT('',#2922);
#733=VERTEX_POINT('',#2926);
#734=VERTEX_POINT('',#2928);
#735=VERTEX_POINT('',#2932);
#736=VERTEX_POINT('',#2934);
#737=VERTEX_POINT('',#2938);
#738=VERTEX_POINT('',#2939);
#739=VERTEX_POINT('',#2941);
#740=VERTEX_POINT('',#2943);
#741=VERTEX_POINT('',#2947);
#742=VERTEX_POINT('',#2949);
#743=VERTEX_POINT('',#2953);
#744=VERTEX_POINT('',#2955);
#745=VERTEX_POINT('',#2959);
#746=VERTEX_POINT('',#2960);
#747=VERTEX_POINT('',#2962);
#748=VERTEX_POINT('',#2964);
#749=VERTEX_POINT('',#2968);
#750=VERTEX_POINT('',#2970);
#751=VERTEX_POINT('',#2974);
#752=VERTEX_POINT('',#2976);
#753=VERTEX_POINT('',#2980);
#754=VERTEX_POINT('',#2981);
#755=VERTEX_POINT('',#2983);
#756=VERTEX_POINT('',#2985);
#757=VERTEX_POINT('',#2989);
#758=VERTEX_POINT('',#2991);
#759=VERTEX_POINT('',#2995);
#760=VERTEX_POINT('',#2997);
#761=VERTEX_POINT('',#3001);
#762=VERTEX_POINT('',#3002);
#763=VERTEX_POINT('',#3004);
#764=VERTEX_POINT('',#3006);
#765=VERTEX_POINT('',#3010);
#766=VERTEX_POINT('',#3012);
#767=VERTEX_POINT('',#3016);
#768=VERTEX_POINT('',#3018);
#769=VERTEX_POINT('',#3022);
#770=VERTEX_POINT('',#3023);
#771=VERTEX_POINT('',#3025);
#772=VERTEX_POINT('',#3027);
#773=VERTEX_POINT('',#3031);
#774=VERTEX_POINT('',#3033);
#775=VERTEX_POINT('',#3037);
#776=VERTEX_POINT('',#3039);
#777=VERTEX_POINT('',#3043);
#778=VERTEX_POINT('',#3044);
#779=VERTEX_POINT('',#3046);
#780=VERTEX_POINT('',#3048);
#781=VERTEX_POINT('',#3052);
#782=VERTEX_POINT('',#3054);
#783=VERTEX_POINT('',#3058);
#784=VERTEX_POINT('',#3060);
#785=VERTEX_POINT('',#3064);
#786=VERTEX_POINT('',#3065);
#787=VERTEX_POINT('',#3067);
#788=VERTEX_POINT('',#3069);
#789=VERTEX_POINT('',#3073);
#790=VERTEX_POINT('',#3075);
#791=VERTEX_POINT('',#3079);
#792=VERTEX_POINT('',#3081);
#793=VERTEX_POINT('',#3085);
#794=VERTEX_POINT('',#3086);
#795=VERTEX_POINT('',#3088);
#796=VERTEX_POINT('',#3090);
#797=VERTEX_POINT('',#3094);
#798=VERTEX_POINT('',#3096);
#799=VERTEX_POINT('',#3100);
#800=VERTEX_POINT('',#3102);
#801=VERTEX_POINT('',#3106);
#802=VERTEX_POINT('',#3107);
#803=VERTEX_POINT('',#3109);
#804=VERTEX_POINT('',#3111);
#805=VERTEX_POINT('',#3115);
#806=VERTEX_POINT('',#3117);
#807=VERTEX_POINT('',#3121);
#808=VERTEX_POINT('',#3123);
#809=VERTEX_POINT('',#3127);
#810=VERTEX_POINT('',#3128);
#811=VERTEX_POINT('',#3130);
#812=VERTEX_POINT('',#3132);
#813=VERTEX_POINT('',#3136);
#814=VERTEX_POINT('',#3138);
#815=VERTEX_POINT('',#3142);
#816=VERTEX_POINT('',#3144);
#817=VERTEX_POINT('',#3148);
#818=VERTEX_POINT('',#3149);
#819=VERTEX_POINT('',#3151);
#820=VERTEX_POINT('',#3153);
#821=VERTEX_POINT('',#3157);
#822=VERTEX_POINT('',#3159);
#823=VERTEX_POINT('',#3163);
#824=VERTEX_POINT('',#3165);
#825=VERTEX_POINT('',#3169);
#826=VERTEX_POINT('',#3170);
#827=VERTEX_POINT('',#3172);
#828=VERTEX_POINT('',#3174);
#829=VERTEX_POINT('',#3178);
#830=VERTEX_POINT('',#3180);
#831=VERTEX_POINT('',#3184);
#832=VERTEX_POINT('',#3186);
#833=VERTEX_POINT('',#3190);
#834=VERTEX_POINT('',#3191);
#835=VERTEX_POINT('',#3193);
#836=VERTEX_POINT('',#3195);
#837=VERTEX_POINT('',#3199);
#838=VERTEX_POINT('',#3201);
#839=VERTEX_POINT('',#3205);
#840=VERTEX_POINT('',#3207);
#841=VERTEX_POINT('',#3211);
#842=VERTEX_POINT('',#3212);
#843=VERTEX_POINT('',#3214);
#844=VERTEX_POINT('',#3216);
#845=VERTEX_POINT('',#3220);
#846=VERTEX_POINT('',#3222);
#847=VERTEX_POINT('',#3226);
#848=VERTEX_POINT('',#3228);
#849=VERTEX_POINT('',#3232);
#850=VERTEX_POINT('',#3233);
#851=VERTEX_POINT('',#3235);
#852=VERTEX_POINT('',#3237);
#853=VERTEX_POINT('',#3241);
#854=VERTEX_POINT('',#3243);
#855=VERTEX_POINT('',#3247);
#856=VERTEX_POINT('',#3249);
#857=VERTEX_POINT('',#3253);
#858=VERTEX_POINT('',#3254);
#859=VERTEX_POINT('',#3256);
#860=VERTEX_POINT('',#3258);
#861=VERTEX_POINT('',#3262);
#862=VERTEX_POINT('',#3264);
#863=VERTEX_POINT('',#3268);
#864=VERTEX_POINT('',#3270);
#865=VERTEX_POINT('',#3274);
#866=VERTEX_POINT('',#3275);
#867=VERTEX_POINT('',#3277);
#868=VERTEX_POINT('',#3279);
#869=VERTEX_POINT('',#3283);
#870=VERTEX_POINT('',#3285);
#871=VERTEX_POINT('',#3289);
#872=VERTEX_POINT('',#3291);
#873=VERTEX_POINT('',#3315);
#874=VERTEX_POINT('',#3317);
#875=VERTEX_POINT('',#3319);
#876=VERTEX_POINT('',#3321);
#877=VERTEX_POINT('',#3325);
#878=VERTEX_POINT('',#3369);
#879=VERTEX_POINT('',#3371);
#880=VERTEX_POINT('',#3375);
#881=EDGE_CURVE('',#693,#694,#689,.T.);
#882=EDGE_CURVE('',#694,#695,#509,.T.);
#883=EDGE_CURVE('',#695,#696,#690,.T.);
#884=EDGE_CURVE('',#696,#693,#510,.T.);
#885=EDGE_CURVE('',#697,#693,#114,.T.);
#886=EDGE_CURVE('',#698,#697,#691,.T.);
#887=EDGE_CURVE('',#699,#698,#115,.T.);
#888=EDGE_CURVE('',#699,#700,#116,.T.);
#889=EDGE_CURVE('',#694,#700,#117,.T.);
#890=EDGE_CURVE('',#701,#696,#118,.T.);
#891=EDGE_CURVE('',#697,#701,#511,.T.);
#892=EDGE_CURVE('',#702,#695,#119,.T.);
#893=EDGE_CURVE('',#703,#702,#120,.T.);
#894=EDGE_CURVE('',#704,#703,#121,.T.);
#895=EDGE_CURVE('',#701,#704,#692,.T.);
#896=EDGE_CURVE('',#704,#698,#512,.T.);
#897=EDGE_CURVE('',#700,#702,#122,.T.);
#898=EDGE_CURVE('',#703,#699,#123,.T.);
#899=EDGE_CURVE('',#705,#706,#513,.T.);
#900=EDGE_CURVE('',#707,#705,#124,.T.);
#901=EDGE_CURVE('',#708,#707,#514,.T.);
#902=EDGE_CURVE('',#708,#706,#125,.T.);
#903=EDGE_CURVE('',#706,#709,#515,.T.);
#904=EDGE_CURVE('',#710,#708,#516,.T.);
#905=EDGE_CURVE('',#709,#710,#126,.T.);
#906=EDGE_CURVE('',#711,#705,#517,.T.);
#907=EDGE_CURVE('',#712,#711,#127,.T.);
#908=EDGE_CURVE('',#707,#712,#518,.T.);
#909=EDGE_CURVE('',#713,#714,#519,.T.);
#910=EDGE_CURVE('',#715,#713,#128,.T.);
#911=EDGE_CURVE('',#716,#715,#520,.T.);
#912=EDGE_CURVE('',#716,#714,#129,.T.);
#913=EDGE_CURVE('',#714,#717,#521,.T.);
#914=EDGE_CURVE('',#718,#716,#522,.T.);
#915=EDGE_CURVE('',#717,#718,#130,.T.);
#916=EDGE_CURVE('',#719,#713,#523,.T.);
#917=EDGE_CURVE('',#720,#719,#131,.T.);
#918=EDGE_CURVE('',#715,#720,#524,.T.);
#919=EDGE_CURVE('',#721,#722,#525,.T.);
#920=EDGE_CURVE('',#723,#721,#132,.T.);
#921=EDGE_CURVE('',#724,#723,#526,.T.);
#922=EDGE_CURVE('',#724,#722,#133,.T.);
#923=EDGE_CURVE('',#722,#725,#527,.T.);
#924=EDGE_CURVE('',#726,#724,#528,.T.);
#925=EDGE_CURVE('',#725,#726,#134,.T.);
#926=EDGE_CURVE('',#727,#721,#529,.T.);
#927=EDGE_CURVE('',#728,#727,#135,.T.);
#928=EDGE_CURVE('',#723,#728,#530,.T.);
#929=EDGE_CURVE('',#729,#730,#531,.T.);
#930=EDGE_CURVE('',#731,#729,#136,.T.);
#931=EDGE_CURVE('',#732,#731,#532,.T.);
#932=EDGE_CURVE('',#732,#730,#137,.T.);
#933=EDGE_CURVE('',#730,#733,#533,.T.);
#934=EDGE_CURVE('',#734,#732,#534,.T.);
#935=EDGE_CURVE('',#733,#734,#138,.T.);
#936=EDGE_CURVE('',#735,#729,#535,.T.);
#937=EDGE_CURVE('',#736,#735,#139,.T.);
#938=EDGE_CURVE('',#731,#736,#536,.T.);
#939=EDGE_CURVE('',#737,#738,#537,.T.);
#940=EDGE_CURVE('',#739,#737,#140,.T.);
#941=EDGE_CURVE('',#740,#739,#538,.T.);
#942=EDGE_CURVE('',#740,#738,#141,.T.);
#943=EDGE_CURVE('',#738,#741,#539,.T.);
#944=EDGE_CURVE('',#742,#740,#540,.T.);
#945=EDGE_CURVE('',#741,#742,#142,.T.);
#946=EDGE_CURVE('',#743,#737,#541,.T.);
#947=EDGE_CURVE('',#744,#743,#143,.T.);
#948=EDGE_CURVE('',#739,#744,#542,.T.);
#949=EDGE_CURVE('',#745,#746,#543,.T.);
#950=EDGE_CURVE('',#747,#745,#144,.T.);
#951=EDGE_CURVE('',#748,#747,#544,.T.);
#952=EDGE_CURVE('',#748,#746,#145,.T.);
#953=EDGE_CURVE('',#746,#749,#545,.T.);
#954=EDGE_CURVE('',#750,#748,#546,.T.);
#955=EDGE_CURVE('',#749,#750,#146,.T.);
#956=EDGE_CURVE('',#751,#745,#547,.T.);
#957=EDGE_CURVE('',#752,#751,#147,.T.);
#958=EDGE_CURVE('',#747,#752,#548,.T.);
#959=EDGE_CURVE('',#753,#754,#549,.T.);
#960=EDGE_CURVE('',#755,#753,#148,.T.);
#961=EDGE_CURVE('',#756,#755,#550,.T.);
#962=EDGE_CURVE('',#756,#754,#149,.T.);
#963=EDGE_CURVE('',#754,#757,#551,.T.);
#964=EDGE_CURVE('',#758,#756,#552,.T.);
#965=EDGE_CURVE('',#757,#758,#150,.T.);
#966=EDGE_CURVE('',#759,#753,#553,.T.);
#967=EDGE_CURVE('',#760,#759,#151,.T.);
#968=EDGE_CURVE('',#755,#760,#554,.T.);
#969=EDGE_CURVE('',#761,#762,#555,.T.);
#970=EDGE_CURVE('',#763,#761,#152,.T.);
#971=EDGE_CURVE('',#764,#763,#556,.T.);
#972=EDGE_CURVE('',#764,#762,#153,.T.);
#973=EDGE_CURVE('',#762,#765,#557,.T.);
#974=EDGE_CURVE('',#766,#764,#558,.T.);
#975=EDGE_CURVE('',#765,#766,#154,.T.);
#976=EDGE_CURVE('',#767,#761,#559,.T.);
#977=EDGE_CURVE('',#768,#767,#155,.T.);
#978=EDGE_CURVE('',#763,#768,#560,.T.);
#979=EDGE_CURVE('',#769,#770,#561,.T.);
#980=EDGE_CURVE('',#771,#769,#156,.T.);
#981=EDGE_CURVE('',#772,#771,#562,.T.);
#982=EDGE_CURVE('',#772,#770,#157,.T.);
#983=EDGE_CURVE('',#770,#773,#563,.T.);
#984=EDGE_CURVE('',#774,#772,#564,.T.);
#985=EDGE_CURVE('',#773,#774,#158,.T.);
#986=EDGE_CURVE('',#775,#769,#565,.T.);
#987=EDGE_CURVE('',#776,#775,#159,.T.);
#988=EDGE_CURVE('',#771,#776,#566,.T.);
#989=EDGE_CURVE('',#777,#778,#567,.T.);
#990=EDGE_CURVE('',#779,#777,#160,.T.);
#991=EDGE_CURVE('',#780,#779,#568,.T.);
#992=EDGE_CURVE('',#780,#778,#161,.T.);
#993=EDGE_CURVE('',#778,#781,#569,.T.);
#994=EDGE_CURVE('',#782,#780,#570,.T.);
#995=EDGE_CURVE('',#781,#782,#162,.T.);
#996=EDGE_CURVE('',#783,#777,#571,.T.);
#997=EDGE_CURVE('',#784,#783,#163,.T.);
#998=EDGE_CURVE('',#779,#784,#572,.T.);
#999=EDGE_CURVE('',#785,#786,#573,.T.);
#1000=EDGE_CURVE('',#787,#785,#164,.T.);
#1001=EDGE_CURVE('',#788,#787,#574,.T.);
#1002=EDGE_CURVE('',#788,#786,#165,.T.);
#1003=EDGE_CURVE('',#786,#789,#575,.T.);
#1004=EDGE_CURVE('',#790,#788,#576,.T.);
#1005=EDGE_CURVE('',#789,#790,#166,.T.);
#1006=EDGE_CURVE('',#791,#785,#577,.T.);
#1007=EDGE_CURVE('',#792,#791,#167,.T.);
#1008=EDGE_CURVE('',#787,#792,#578,.T.);
#1009=EDGE_CURVE('',#793,#794,#579,.T.);
#1010=EDGE_CURVE('',#795,#793,#168,.T.);
#1011=EDGE_CURVE('',#796,#795,#580,.T.);
#1012=EDGE_CURVE('',#796,#794,#169,.T.);
#1013=EDGE_CURVE('',#794,#797,#581,.T.);
#1014=EDGE_CURVE('',#798,#796,#582,.T.);
#1015=EDGE_CURVE('',#797,#798,#170,.T.);
#1016=EDGE_CURVE('',#799,#793,#583,.T.);
#1017=EDGE_CURVE('',#800,#799,#171,.T.);
#1018=EDGE_CURVE('',#795,#800,#584,.T.);
#1019=EDGE_CURVE('',#801,#802,#585,.T.);
#1020=EDGE_CURVE('',#803,#801,#172,.T.);
#1021=EDGE_CURVE('',#804,#803,#586,.T.);
#1022=EDGE_CURVE('',#804,#802,#173,.T.);
#1023=EDGE_CURVE('',#802,#805,#587,.T.);
#1024=EDGE_CURVE('',#806,#804,#588,.T.);
#1025=EDGE_CURVE('',#805,#806,#174,.T.);
#1026=EDGE_CURVE('',#807,#801,#589,.T.);
#1027=EDGE_CURVE('',#808,#807,#175,.T.);
#1028=EDGE_CURVE('',#803,#808,#590,.T.);
#1029=EDGE_CURVE('',#809,#810,#591,.T.);
#1030=EDGE_CURVE('',#811,#809,#176,.T.);
#1031=EDGE_CURVE('',#812,#811,#592,.T.);
#1032=EDGE_CURVE('',#812,#810,#177,.T.);
#1033=EDGE_CURVE('',#810,#813,#593,.T.);
#1034=EDGE_CURVE('',#814,#812,#594,.T.);
#1035=EDGE_CURVE('',#813,#814,#178,.T.);
#1036=EDGE_CURVE('',#815,#809,#595,.T.);
#1037=EDGE_CURVE('',#816,#815,#179,.T.);
#1038=EDGE_CURVE('',#811,#816,#596,.T.);
#1039=EDGE_CURVE('',#817,#818,#597,.T.);
#1040=EDGE_CURVE('',#819,#817,#180,.T.);
#1041=EDGE_CURVE('',#820,#819,#598,.T.);
#1042=EDGE_CURVE('',#820,#818,#181,.T.);
#1043=EDGE_CURVE('',#818,#821,#599,.T.);
#1044=EDGE_CURVE('',#822,#820,#600,.T.);
#1045=EDGE_CURVE('',#821,#822,#182,.T.);
#1046=EDGE_CURVE('',#823,#817,#601,.T.);
#1047=EDGE_CURVE('',#824,#823,#183,.T.);
#1048=EDGE_CURVE('',#819,#824,#602,.T.);
#1049=EDGE_CURVE('',#825,#826,#603,.T.);
#1050=EDGE_CURVE('',#827,#825,#184,.T.);
#1051=EDGE_CURVE('',#828,#827,#604,.T.);
#1052=EDGE_CURVE('',#828,#826,#185,.T.);
#1053=EDGE_CURVE('',#826,#829,#605,.T.);
#1054=EDGE_CURVE('',#830,#828,#606,.T.);
#1055=EDGE_CURVE('',#829,#830,#186,.T.);
#1056=EDGE_CURVE('',#831,#825,#607,.T.);
#1057=EDGE_CURVE('',#832,#831,#187,.T.);
#1058=EDGE_CURVE('',#827,#832,#608,.T.);
#1059=EDGE_CURVE('',#833,#834,#609,.T.);
#1060=EDGE_CURVE('',#835,#833,#188,.T.);
#1061=EDGE_CURVE('',#836,#835,#610,.T.);
#1062=EDGE_CURVE('',#836,#834,#189,.T.);
#1063=EDGE_CURVE('',#834,#837,#611,.T.);
#1064=EDGE_CURVE('',#838,#836,#612,.T.);
#1065=EDGE_CURVE('',#837,#838,#190,.T.);
#1066=EDGE_CURVE('',#839,#833,#613,.T.);
#1067=EDGE_CURVE('',#840,#839,#191,.T.);
#1068=EDGE_CURVE('',#835,#840,#614,.T.);
#1069=EDGE_CURVE('',#841,#842,#615,.T.);
#1070=EDGE_CURVE('',#843,#841,#192,.T.);
#1071=EDGE_CURVE('',#844,#843,#616,.T.);
#1072=EDGE_CURVE('',#844,#842,#193,.T.);
#1073=EDGE_CURVE('',#842,#845,#617,.T.);
#1074=EDGE_CURVE('',#846,#844,#618,.T.);
#1075=EDGE_CURVE('',#845,#846,#194,.T.);
#1076=EDGE_CURVE('',#847,#841,#619,.T.);
#1077=EDGE_CURVE('',#848,#847,#195,.T.);
#1078=EDGE_CURVE('',#843,#848,#620,.T.);
#1079=EDGE_CURVE('',#849,#850,#621,.T.);
#1080=EDGE_CURVE('',#851,#849,#196,.T.);
#1081=EDGE_CURVE('',#852,#851,#622,.T.);
#1082=EDGE_CURVE('',#852,#850,#197,.T.);
#1083=EDGE_CURVE('',#850,#853,#623,.T.);
#1084=EDGE_CURVE('',#854,#852,#624,.T.);
#1085=EDGE_CURVE('',#853,#854,#198,.T.);
#1086=EDGE_CURVE('',#855,#849,#625,.T.);
#1087=EDGE_CURVE('',#856,#855,#199,.T.);
#1088=EDGE_CURVE('',#851,#856,#626,.T.);
#1089=EDGE_CURVE('',#857,#858,#627,.T.);
#1090=EDGE_CURVE('',#859,#857,#200,.T.);
#1091=EDGE_CURVE('',#860,#859,#628,.T.);
#1092=EDGE_CURVE('',#860,#858,#201,.T.);
#1093=EDGE_CURVE('',#858,#861,#629,.T.);
#1094=EDGE_CURVE('',#862,#860,#630,.T.);
#1095=EDGE_CURVE('',#861,#862,#202,.T.);
#1096=EDGE_CURVE('',#863,#857,#631,.T.);
#1097=EDGE_CURVE('',#864,#863,#203,.T.);
#1098=EDGE_CURVE('',#859,#864,#632,.T.);
#1099=EDGE_CURVE('',#865,#866,#633,.T.);
#1100=EDGE_CURVE('',#867,#865,#204,.T.);
#1101=EDGE_CURVE('',#868,#867,#634,.T.);
#1102=EDGE_CURVE('',#868,#866,#205,.T.);
#1103=EDGE_CURVE('',#866,#869,#635,.T.);
#1104=EDGE_CURVE('',#870,#868,#636,.T.);
#1105=EDGE_CURVE('',#869,#870,#206,.T.);
#1106=EDGE_CURVE('',#871,#865,#637,.T.);
#1107=EDGE_CURVE('',#872,#871,#207,.T.);
#1108=EDGE_CURVE('',#867,#872,#638,.T.);
#1109=EDGE_CURVE('',#719,#709,#639,.T.);
#1110=EDGE_CURVE('',#727,#717,#640,.T.);
#1111=EDGE_CURVE('',#735,#725,#641,.T.);
#1112=EDGE_CURVE('',#743,#733,#642,.T.);
#1113=EDGE_CURVE('',#751,#741,#643,.T.);
#1114=EDGE_CURVE('',#759,#749,#644,.T.);
#1115=EDGE_CURVE('',#767,#757,#645,.T.);
#1116=EDGE_CURVE('',#775,#765,#646,.T.);
#1117=EDGE_CURVE('',#783,#773,#647,.T.);
#1118=EDGE_CURVE('',#791,#781,#648,.T.);
#1119=EDGE_CURVE('',#799,#789,#649,.T.);
#1120=EDGE_CURVE('',#807,#797,#650,.T.);
#1121=EDGE_CURVE('',#815,#805,#651,.T.);
#1122=EDGE_CURVE('',#823,#813,#652,.T.);
#1123=EDGE_CURVE('',#831,#821,#653,.T.);
#1124=EDGE_CURVE('',#839,#829,#654,.T.);
#1125=EDGE_CURVE('',#847,#837,#655,.T.);
#1126=EDGE_CURVE('',#855,#845,#656,.T.);
#1127=EDGE_CURVE('',#863,#853,#657,.T.);
#1128=EDGE_CURVE('',#871,#861,#658,.T.);
#1129=EDGE_CURVE('',#873,#869,#659,.T.);
#1130=EDGE_CURVE('',#873,#874,#660,.T.);
#1131=EDGE_CURVE('',#874,#875,#661,.T.);
#1132=EDGE_CURVE('',#875,#876,#662,.T.);
#1133=EDGE_CURVE('',#711,#876,#663,.T.);
#1134=EDGE_CURVE('',#877,#870,#664,.T.);
#1135=EDGE_CURVE('',#877,#873,#208,.T.);
#1136=EDGE_CURVE('',#872,#862,#665,.T.);
#1137=EDGE_CURVE('',#864,#854,#666,.T.);
#1138=EDGE_CURVE('',#856,#846,#667,.T.);
#1139=EDGE_CURVE('',#848,#838,#668,.T.);
#1140=EDGE_CURVE('',#840,#830,#669,.T.);
#1141=EDGE_CURVE('',#832,#822,#670,.T.);
#1142=EDGE_CURVE('',#824,#814,#671,.T.);
#1143=EDGE_CURVE('',#816,#806,#672,.T.);
#1144=EDGE_CURVE('',#808,#798,#673,.T.);
#1145=EDGE_CURVE('',#800,#790,#674,.T.);
#1146=EDGE_CURVE('',#792,#782,#675,.T.);
#1147=EDGE_CURVE('',#784,#774,#676,.T.);
#1148=EDGE_CURVE('',#776,#766,#677,.T.);
#1149=EDGE_CURVE('',#768,#758,#678,.T.);
#1150=EDGE_CURVE('',#760,#750,#679,.T.);
#1151=EDGE_CURVE('',#752,#742,#680,.T.);
#1152=EDGE_CURVE('',#744,#734,#681,.T.);
#1153=EDGE_CURVE('',#736,#726,#682,.T.);
#1154=EDGE_CURVE('',#728,#718,#683,.T.);
#1155=EDGE_CURVE('',#720,#710,#684,.T.);
#1156=EDGE_CURVE('',#878,#874,#209,.T.);
#1157=EDGE_CURVE('',#879,#878,#685,.T.);
#1158=EDGE_CURVE('',#879,#875,#210,.T.);
#1159=EDGE_CURVE('',#880,#879,#686,.T.);
#1160=EDGE_CURVE('',#876,#880,#211,.T.);
#1161=EDGE_CURVE('',#878,#877,#687,.T.);
#1162=EDGE_CURVE('',#712,#880,#688,.T.);
#1163=ORIENTED_EDGE('',*,*,#881,.T.);
#1164=ORIENTED_EDGE('',*,*,#882,.T.);
#1165=ORIENTED_EDGE('',*,*,#883,.T.);
#1166=ORIENTED_EDGE('',*,*,#884,.T.);
#1167=ORIENTED_EDGE('',*,*,#881,.F.);
#1168=ORIENTED_EDGE('',*,*,#885,.F.);
#1169=ORIENTED_EDGE('',*,*,#886,.F.);
#1170=ORIENTED_EDGE('',*,*,#887,.F.);
#1171=ORIENTED_EDGE('',*,*,#888,.T.);
#1172=ORIENTED_EDGE('',*,*,#889,.F.);
#1173=ORIENTED_EDGE('',*,*,#884,.F.);
#1174=ORIENTED_EDGE('',*,*,#890,.F.);
#1175=ORIENTED_EDGE('',*,*,#891,.F.);
#1176=ORIENTED_EDGE('',*,*,#885,.T.);
#1177=ORIENTED_EDGE('',*,*,#883,.F.);
#1178=ORIENTED_EDGE('',*,*,#892,.F.);
#1179=ORIENTED_EDGE('',*,*,#893,.F.);
#1180=ORIENTED_EDGE('',*,*,#894,.F.);
#1181=ORIENTED_EDGE('',*,*,#895,.F.);
#1182=ORIENTED_EDGE('',*,*,#890,.T.);
#1183=ORIENTED_EDGE('',*,*,#895,.T.);
#1184=ORIENTED_EDGE('',*,*,#896,.T.);
#1185=ORIENTED_EDGE('',*,*,#886,.T.);
#1186=ORIENTED_EDGE('',*,*,#891,.T.);
#1187=ORIENTED_EDGE('',*,*,#897,.F.);
#1188=ORIENTED_EDGE('',*,*,#888,.F.);
#1189=ORIENTED_EDGE('',*,*,#898,.F.);
#1190=ORIENTED_EDGE('',*,*,#893,.T.);
#1191=ORIENTED_EDGE('',*,*,#899,.F.);
#1192=ORIENTED_EDGE('',*,*,#900,.F.);
#1193=ORIENTED_EDGE('',*,*,#901,.F.);
#1194=ORIENTED_EDGE('',*,*,#902,.T.);
#1195=ORIENTED_EDGE('',*,*,#903,.F.);
#1196=ORIENTED_EDGE('',*,*,#902,.F.);
#1197=ORIENTED_EDGE('',*,*,#904,.F.);
#1198=ORIENTED_EDGE('',*,*,#905,.F.);
#1199=ORIENTED_EDGE('',*,*,#906,.F.);
#1200=ORIENTED_EDGE('',*,*,#907,.F.);
#1201=ORIENTED_EDGE('',*,*,#908,.F.);
#1202=ORIENTED_EDGE('',*,*,#900,.T.);
#1203=ORIENTED_EDGE('',*,*,#909,.F.);
#1204=ORIENTED_EDGE('',*,*,#910,.F.);
#1205=ORIENTED_EDGE('',*,*,#911,.F.);
#1206=ORIENTED_EDGE('',*,*,#912,.T.);
#1207=ORIENTED_EDGE('',*,*,#913,.F.);
#1208=ORIENTED_EDGE('',*,*,#912,.F.);
#1209=ORIENTED_EDGE('',*,*,#914,.F.);
#1210=ORIENTED_EDGE('',*,*,#915,.F.);
#1211=ORIENTED_EDGE('',*,*,#916,.F.);
#1212=ORIENTED_EDGE('',*,*,#917,.F.);
#1213=ORIENTED_EDGE('',*,*,#918,.F.);
#1214=ORIENTED_EDGE('',*,*,#910,.T.);
#1215=ORIENTED_EDGE('',*,*,#919,.F.);
#1216=ORIENTED_EDGE('',*,*,#920,.F.);
#1217=ORIENTED_EDGE('',*,*,#921,.F.);
#1218=ORIENTED_EDGE('',*,*,#922,.T.);
#1219=ORIENTED_EDGE('',*,*,#923,.F.);
#1220=ORIENTED_EDGE('',*,*,#922,.F.);
#1221=ORIENTED_EDGE('',*,*,#924,.F.);
#1222=ORIENTED_EDGE('',*,*,#925,.F.);
#1223=ORIENTED_EDGE('',*,*,#926,.F.);
#1224=ORIENTED_EDGE('',*,*,#927,.F.);
#1225=ORIENTED_EDGE('',*,*,#928,.F.);
#1226=ORIENTED_EDGE('',*,*,#920,.T.);
#1227=ORIENTED_EDGE('',*,*,#929,.F.);
#1228=ORIENTED_EDGE('',*,*,#930,.F.);
#1229=ORIENTED_EDGE('',*,*,#931,.F.);
#1230=ORIENTED_EDGE('',*,*,#932,.T.);
#1231=ORIENTED_EDGE('',*,*,#933,.F.);
#1232=ORIENTED_EDGE('',*,*,#932,.F.);
#1233=ORIENTED_EDGE('',*,*,#934,.F.);
#1234=ORIENTED_EDGE('',*,*,#935,.F.);
#1235=ORIENTED_EDGE('',*,*,#936,.F.);
#1236=ORIENTED_EDGE('',*,*,#937,.F.);
#1237=ORIENTED_EDGE('',*,*,#938,.F.);
#1238=ORIENTED_EDGE('',*,*,#930,.T.);
#1239=ORIENTED_EDGE('',*,*,#939,.F.);
#1240=ORIENTED_EDGE('',*,*,#940,.F.);
#1241=ORIENTED_EDGE('',*,*,#941,.F.);
#1242=ORIENTED_EDGE('',*,*,#942,.T.);
#1243=ORIENTED_EDGE('',*,*,#943,.F.);
#1244=ORIENTED_EDGE('',*,*,#942,.F.);
#1245=ORIENTED_EDGE('',*,*,#944,.F.);
#1246=ORIENTED_EDGE('',*,*,#945,.F.);
#1247=ORIENTED_EDGE('',*,*,#946,.F.);
#1248=ORIENTED_EDGE('',*,*,#947,.F.);
#1249=ORIENTED_EDGE('',*,*,#948,.F.);
#1250=ORIENTED_EDGE('',*,*,#940,.T.);
#1251=ORIENTED_EDGE('',*,*,#949,.F.);
#1252=ORIENTED_EDGE('',*,*,#950,.F.);
#1253=ORIENTED_EDGE('',*,*,#951,.F.);
#1254=ORIENTED_EDGE('',*,*,#952,.T.);
#1255=ORIENTED_EDGE('',*,*,#953,.F.);
#1256=ORIENTED_EDGE('',*,*,#952,.F.);
#1257=ORIENTED_EDGE('',*,*,#954,.F.);
#1258=ORIENTED_EDGE('',*,*,#955,.F.);
#1259=ORIENTED_EDGE('',*,*,#956,.F.);
#1260=ORIENTED_EDGE('',*,*,#957,.F.);
#1261=ORIENTED_EDGE('',*,*,#958,.F.);
#1262=ORIENTED_EDGE('',*,*,#950,.T.);
#1263=ORIENTED_EDGE('',*,*,#959,.F.);
#1264=ORIENTED_EDGE('',*,*,#960,.F.);
#1265=ORIENTED_EDGE('',*,*,#961,.F.);
#1266=ORIENTED_EDGE('',*,*,#962,.T.);
#1267=ORIENTED_EDGE('',*,*,#963,.F.);
#1268=ORIENTED_EDGE('',*,*,#962,.F.);
#1269=ORIENTED_EDGE('',*,*,#964,.F.);
#1270=ORIENTED_EDGE('',*,*,#965,.F.);
#1271=ORIENTED_EDGE('',*,*,#966,.F.);
#1272=ORIENTED_EDGE('',*,*,#967,.F.);
#1273=ORIENTED_EDGE('',*,*,#968,.F.);
#1274=ORIENTED_EDGE('',*,*,#960,.T.);
#1275=ORIENTED_EDGE('',*,*,#969,.F.);
#1276=ORIENTED_EDGE('',*,*,#970,.F.);
#1277=ORIENTED_EDGE('',*,*,#971,.F.);
#1278=ORIENTED_EDGE('',*,*,#972,.T.);
#1279=ORIENTED_EDGE('',*,*,#973,.F.);
#1280=ORIENTED_EDGE('',*,*,#972,.F.);
#1281=ORIENTED_EDGE('',*,*,#974,.F.);
#1282=ORIENTED_EDGE('',*,*,#975,.F.);
#1283=ORIENTED_EDGE('',*,*,#976,.F.);
#1284=ORIENTED_EDGE('',*,*,#977,.F.);
#1285=ORIENTED_EDGE('',*,*,#978,.F.);
#1286=ORIENTED_EDGE('',*,*,#970,.T.);
#1287=ORIENTED_EDGE('',*,*,#979,.F.);
#1288=ORIENTED_EDGE('',*,*,#980,.F.);
#1289=ORIENTED_EDGE('',*,*,#981,.F.);
#1290=ORIENTED_EDGE('',*,*,#982,.T.);
#1291=ORIENTED_EDGE('',*,*,#983,.F.);
#1292=ORIENTED_EDGE('',*,*,#982,.F.);
#1293=ORIENTED_EDGE('',*,*,#984,.F.);
#1294=ORIENTED_EDGE('',*,*,#985,.F.);
#1295=ORIENTED_EDGE('',*,*,#986,.F.);
#1296=ORIENTED_EDGE('',*,*,#987,.F.);
#1297=ORIENTED_EDGE('',*,*,#988,.F.);
#1298=ORIENTED_EDGE('',*,*,#980,.T.);
#1299=ORIENTED_EDGE('',*,*,#989,.F.);
#1300=ORIENTED_EDGE('',*,*,#990,.F.);
#1301=ORIENTED_EDGE('',*,*,#991,.F.);
#1302=ORIENTED_EDGE('',*,*,#992,.T.);
#1303=ORIENTED_EDGE('',*,*,#993,.F.);
#1304=ORIENTED_EDGE('',*,*,#992,.F.);
#1305=ORIENTED_EDGE('',*,*,#994,.F.);
#1306=ORIENTED_EDGE('',*,*,#995,.F.);
#1307=ORIENTED_EDGE('',*,*,#996,.F.);
#1308=ORIENTED_EDGE('',*,*,#997,.F.);
#1309=ORIENTED_EDGE('',*,*,#998,.F.);
#1310=ORIENTED_EDGE('',*,*,#990,.T.);
#1311=ORIENTED_EDGE('',*,*,#999,.F.);
#1312=ORIENTED_EDGE('',*,*,#1000,.F.);
#1313=ORIENTED_EDGE('',*,*,#1001,.F.);
#1314=ORIENTED_EDGE('',*,*,#1002,.T.);
#1315=ORIENTED_EDGE('',*,*,#1003,.F.);
#1316=ORIENTED_EDGE('',*,*,#1002,.F.);
#1317=ORIENTED_EDGE('',*,*,#1004,.F.);
#1318=ORIENTED_EDGE('',*,*,#1005,.F.);
#1319=ORIENTED_EDGE('',*,*,#1006,.F.);
#1320=ORIENTED_EDGE('',*,*,#1007,.F.);
#1321=ORIENTED_EDGE('',*,*,#1008,.F.);
#1322=ORIENTED_EDGE('',*,*,#1000,.T.);
#1323=ORIENTED_EDGE('',*,*,#1009,.F.);
#1324=ORIENTED_EDGE('',*,*,#1010,.F.);
#1325=ORIENTED_EDGE('',*,*,#1011,.F.);
#1326=ORIENTED_EDGE('',*,*,#1012,.T.);
#1327=ORIENTED_EDGE('',*,*,#1013,.F.);
#1328=ORIENTED_EDGE('',*,*,#1012,.F.);
#1329=ORIENTED_EDGE('',*,*,#1014,.F.);
#1330=ORIENTED_EDGE('',*,*,#1015,.F.);
#1331=ORIENTED_EDGE('',*,*,#1016,.F.);
#1332=ORIENTED_EDGE('',*,*,#1017,.F.);
#1333=ORIENTED_EDGE('',*,*,#1018,.F.);
#1334=ORIENTED_EDGE('',*,*,#1010,.T.);
#1335=ORIENTED_EDGE('',*,*,#1019,.F.);
#1336=ORIENTED_EDGE('',*,*,#1020,.F.);
#1337=ORIENTED_EDGE('',*,*,#1021,.F.);
#1338=ORIENTED_EDGE('',*,*,#1022,.T.);
#1339=ORIENTED_EDGE('',*,*,#1023,.F.);
#1340=ORIENTED_EDGE('',*,*,#1022,.F.);
#1341=ORIENTED_EDGE('',*,*,#1024,.F.);
#1342=ORIENTED_EDGE('',*,*,#1025,.F.);
#1343=ORIENTED_EDGE('',*,*,#1026,.F.);
#1344=ORIENTED_EDGE('',*,*,#1027,.F.);
#1345=ORIENTED_EDGE('',*,*,#1028,.F.);
#1346=ORIENTED_EDGE('',*,*,#1020,.T.);
#1347=ORIENTED_EDGE('',*,*,#1029,.F.);
#1348=ORIENTED_EDGE('',*,*,#1030,.F.);
#1349=ORIENTED_EDGE('',*,*,#1031,.F.);
#1350=ORIENTED_EDGE('',*,*,#1032,.T.);
#1351=ORIENTED_EDGE('',*,*,#1033,.F.);
#1352=ORIENTED_EDGE('',*,*,#1032,.F.);
#1353=ORIENTED_EDGE('',*,*,#1034,.F.);
#1354=ORIENTED_EDGE('',*,*,#1035,.F.);
#1355=ORIENTED_EDGE('',*,*,#1036,.F.);
#1356=ORIENTED_EDGE('',*,*,#1037,.F.);
#1357=ORIENTED_EDGE('',*,*,#1038,.F.);
#1358=ORIENTED_EDGE('',*,*,#1030,.T.);
#1359=ORIENTED_EDGE('',*,*,#1039,.F.);
#1360=ORIENTED_EDGE('',*,*,#1040,.F.);
#1361=ORIENTED_EDGE('',*,*,#1041,.F.);
#1362=ORIENTED_EDGE('',*,*,#1042,.T.);
#1363=ORIENTED_EDGE('',*,*,#1043,.F.);
#1364=ORIENTED_EDGE('',*,*,#1042,.F.);
#1365=ORIENTED_EDGE('',*,*,#1044,.F.);
#1366=ORIENTED_EDGE('',*,*,#1045,.F.);
#1367=ORIENTED_EDGE('',*,*,#1046,.F.);
#1368=ORIENTED_EDGE('',*,*,#1047,.F.);
#1369=ORIENTED_EDGE('',*,*,#1048,.F.);
#1370=ORIENTED_EDGE('',*,*,#1040,.T.);
#1371=ORIENTED_EDGE('',*,*,#1049,.F.);
#1372=ORIENTED_EDGE('',*,*,#1050,.F.);
#1373=ORIENTED_EDGE('',*,*,#1051,.F.);
#1374=ORIENTED_EDGE('',*,*,#1052,.T.);
#1375=ORIENTED_EDGE('',*,*,#1053,.F.);
#1376=ORIENTED_EDGE('',*,*,#1052,.F.);
#1377=ORIENTED_EDGE('',*,*,#1054,.F.);
#1378=ORIENTED_EDGE('',*,*,#1055,.F.);
#1379=ORIENTED_EDGE('',*,*,#1056,.F.);
#1380=ORIENTED_EDGE('',*,*,#1057,.F.);
#1381=ORIENTED_EDGE('',*,*,#1058,.F.);
#1382=ORIENTED_EDGE('',*,*,#1050,.T.);
#1383=ORIENTED_EDGE('',*,*,#1059,.F.);
#1384=ORIENTED_EDGE('',*,*,#1060,.F.);
#1385=ORIENTED_EDGE('',*,*,#1061,.F.);
#1386=ORIENTED_EDGE('',*,*,#1062,.T.);
#1387=ORIENTED_EDGE('',*,*,#1063,.F.);
#1388=ORIENTED_EDGE('',*,*,#1062,.F.);
#1389=ORIENTED_EDGE('',*,*,#1064,.F.);
#1390=ORIENTED_EDGE('',*,*,#1065,.F.);
#1391=ORIENTED_EDGE('',*,*,#1066,.F.);
#1392=ORIENTED_EDGE('',*,*,#1067,.F.);
#1393=ORIENTED_EDGE('',*,*,#1068,.F.);
#1394=ORIENTED_EDGE('',*,*,#1060,.T.);
#1395=ORIENTED_EDGE('',*,*,#1069,.F.);
#1396=ORIENTED_EDGE('',*,*,#1070,.F.);
#1397=ORIENTED_EDGE('',*,*,#1071,.F.);
#1398=ORIENTED_EDGE('',*,*,#1072,.T.);
#1399=ORIENTED_EDGE('',*,*,#1073,.F.);
#1400=ORIENTED_EDGE('',*,*,#1072,.F.);
#1401=ORIENTED_EDGE('',*,*,#1074,.F.);
#1402=ORIENTED_EDGE('',*,*,#1075,.F.);
#1403=ORIENTED_EDGE('',*,*,#1076,.F.);
#1404=ORIENTED_EDGE('',*,*,#1077,.F.);
#1405=ORIENTED_EDGE('',*,*,#1078,.F.);
#1406=ORIENTED_EDGE('',*,*,#1070,.T.);
#1407=ORIENTED_EDGE('',*,*,#1079,.F.);
#1408=ORIENTED_EDGE('',*,*,#1080,.F.);
#1409=ORIENTED_EDGE('',*,*,#1081,.F.);
#1410=ORIENTED_EDGE('',*,*,#1082,.T.);
#1411=ORIENTED_EDGE('',*,*,#1083,.F.);
#1412=ORIENTED_EDGE('',*,*,#1082,.F.);
#1413=ORIENTED_EDGE('',*,*,#1084,.F.);
#1414=ORIENTED_EDGE('',*,*,#1085,.F.);
#1415=ORIENTED_EDGE('',*,*,#1086,.F.);
#1416=ORIENTED_EDGE('',*,*,#1087,.F.);
#1417=ORIENTED_EDGE('',*,*,#1088,.F.);
#1418=ORIENTED_EDGE('',*,*,#1080,.T.);
#1419=ORIENTED_EDGE('',*,*,#1089,.F.);
#1420=ORIENTED_EDGE('',*,*,#1090,.F.);
#1421=ORIENTED_EDGE('',*,*,#1091,.F.);
#1422=ORIENTED_EDGE('',*,*,#1092,.T.);
#1423=ORIENTED_EDGE('',*,*,#1093,.F.);
#1424=ORIENTED_EDGE('',*,*,#1092,.F.);
#1425=ORIENTED_EDGE('',*,*,#1094,.F.);
#1426=ORIENTED_EDGE('',*,*,#1095,.F.);
#1427=ORIENTED_EDGE('',*,*,#1096,.F.);
#1428=ORIENTED_EDGE('',*,*,#1097,.F.);
#1429=ORIENTED_EDGE('',*,*,#1098,.F.);
#1430=ORIENTED_EDGE('',*,*,#1090,.T.);
#1431=ORIENTED_EDGE('',*,*,#1099,.F.);
#1432=ORIENTED_EDGE('',*,*,#1100,.F.);
#1433=ORIENTED_EDGE('',*,*,#1101,.F.);
#1434=ORIENTED_EDGE('',*,*,#1102,.T.);
#1435=ORIENTED_EDGE('',*,*,#1103,.F.);
#1436=ORIENTED_EDGE('',*,*,#1102,.F.);
#1437=ORIENTED_EDGE('',*,*,#1104,.F.);
#1438=ORIENTED_EDGE('',*,*,#1105,.F.);
#1439=ORIENTED_EDGE('',*,*,#1106,.F.);
#1440=ORIENTED_EDGE('',*,*,#1107,.F.);
#1441=ORIENTED_EDGE('',*,*,#1108,.F.);
#1442=ORIENTED_EDGE('',*,*,#1100,.T.);
#1443=ORIENTED_EDGE('',*,*,#906,.T.);
#1444=ORIENTED_EDGE('',*,*,#899,.T.);
#1445=ORIENTED_EDGE('',*,*,#903,.T.);
#1446=ORIENTED_EDGE('',*,*,#1109,.F.);
#1447=ORIENTED_EDGE('',*,*,#916,.T.);
#1448=ORIENTED_EDGE('',*,*,#909,.T.);
#1449=ORIENTED_EDGE('',*,*,#913,.T.);
#1450=ORIENTED_EDGE('',*,*,#1110,.F.);
#1451=ORIENTED_EDGE('',*,*,#926,.T.);
#1452=ORIENTED_EDGE('',*,*,#919,.T.);
#1453=ORIENTED_EDGE('',*,*,#923,.T.);
#1454=ORIENTED_EDGE('',*,*,#1111,.F.);
#1455=ORIENTED_EDGE('',*,*,#936,.T.);
#1456=ORIENTED_EDGE('',*,*,#929,.T.);
#1457=ORIENTED_EDGE('',*,*,#933,.T.);
#1458=ORIENTED_EDGE('',*,*,#1112,.F.);
#1459=ORIENTED_EDGE('',*,*,#946,.T.);
#1460=ORIENTED_EDGE('',*,*,#939,.T.);
#1461=ORIENTED_EDGE('',*,*,#943,.T.);
#1462=ORIENTED_EDGE('',*,*,#1113,.F.);
#1463=ORIENTED_EDGE('',*,*,#956,.T.);
#1464=ORIENTED_EDGE('',*,*,#949,.T.);
#1465=ORIENTED_EDGE('',*,*,#953,.T.);
#1466=ORIENTED_EDGE('',*,*,#1114,.F.);
#1467=ORIENTED_EDGE('',*,*,#966,.T.);
#1468=ORIENTED_EDGE('',*,*,#959,.T.);
#1469=ORIENTED_EDGE('',*,*,#963,.T.);
#1470=ORIENTED_EDGE('',*,*,#1115,.F.);
#1471=ORIENTED_EDGE('',*,*,#976,.T.);
#1472=ORIENTED_EDGE('',*,*,#969,.T.);
#1473=ORIENTED_EDGE('',*,*,#973,.T.);
#1474=ORIENTED_EDGE('',*,*,#1116,.F.);
#1475=ORIENTED_EDGE('',*,*,#986,.T.);
#1476=ORIENTED_EDGE('',*,*,#979,.T.);
#1477=ORIENTED_EDGE('',*,*,#983,.T.);
#1478=ORIENTED_EDGE('',*,*,#1117,.F.);
#1479=ORIENTED_EDGE('',*,*,#996,.T.);
#1480=ORIENTED_EDGE('',*,*,#989,.T.);
#1481=ORIENTED_EDGE('',*,*,#993,.T.);
#1482=ORIENTED_EDGE('',*,*,#1118,.F.);
#1483=ORIENTED_EDGE('',*,*,#1006,.T.);
#1484=ORIENTED_EDGE('',*,*,#999,.T.);
#1485=ORIENTED_EDGE('',*,*,#1003,.T.);
#1486=ORIENTED_EDGE('',*,*,#1119,.F.);
#1487=ORIENTED_EDGE('',*,*,#1016,.T.);
#1488=ORIENTED_EDGE('',*,*,#1009,.T.);
#1489=ORIENTED_EDGE('',*,*,#1013,.T.);
#1490=ORIENTED_EDGE('',*,*,#1120,.F.);
#1491=ORIENTED_EDGE('',*,*,#1026,.T.);
#1492=ORIENTED_EDGE('',*,*,#1019,.T.);
#1493=ORIENTED_EDGE('',*,*,#1023,.T.);
#1494=ORIENTED_EDGE('',*,*,#1121,.F.);
#1495=ORIENTED_EDGE('',*,*,#1036,.T.);
#1496=ORIENTED_EDGE('',*,*,#1029,.T.);
#1497=ORIENTED_EDGE('',*,*,#1033,.T.);
#1498=ORIENTED_EDGE('',*,*,#1122,.F.);
#1499=ORIENTED_EDGE('',*,*,#1046,.T.);
#1500=ORIENTED_EDGE('',*,*,#1039,.T.);
#1501=ORIENTED_EDGE('',*,*,#1043,.T.);
#1502=ORIENTED_EDGE('',*,*,#1123,.F.);
#1503=ORIENTED_EDGE('',*,*,#1056,.T.);
#1504=ORIENTED_EDGE('',*,*,#1049,.T.);
#1505=ORIENTED_EDGE('',*,*,#1053,.T.);
#1506=ORIENTED_EDGE('',*,*,#1124,.F.);
#1507=ORIENTED_EDGE('',*,*,#1066,.T.);
#1508=ORIENTED_EDGE('',*,*,#1059,.T.);
#1509=ORIENTED_EDGE('',*,*,#1063,.T.);
#1510=ORIENTED_EDGE('',*,*,#1125,.F.);
#1511=ORIENTED_EDGE('',*,*,#1076,.T.);
#1512=ORIENTED_EDGE('',*,*,#1069,.T.);
#1513=ORIENTED_EDGE('',*,*,#1073,.T.);
#1514=ORIENTED_EDGE('',*,*,#1126,.F.);
#1515=ORIENTED_EDGE('',*,*,#1086,.T.);
#1516=ORIENTED_EDGE('',*,*,#1079,.T.);
#1517=ORIENTED_EDGE('',*,*,#1083,.T.);
#1518=ORIENTED_EDGE('',*,*,#1127,.F.);
#1519=ORIENTED_EDGE('',*,*,#1096,.T.);
#1520=ORIENTED_EDGE('',*,*,#1089,.T.);
#1521=ORIENTED_EDGE('',*,*,#1093,.T.);
#1522=ORIENTED_EDGE('',*,*,#1128,.F.);
#1523=ORIENTED_EDGE('',*,*,#1106,.T.);
#1524=ORIENTED_EDGE('',*,*,#1099,.T.);
#1525=ORIENTED_EDGE('',*,*,#1103,.T.);
#1526=ORIENTED_EDGE('',*,*,#1129,.F.);
#1527=ORIENTED_EDGE('',*,*,#1130,.T.);
#1528=ORIENTED_EDGE('',*,*,#1131,.T.);
#1529=ORIENTED_EDGE('',*,*,#1132,.T.);
#1530=ORIENTED_EDGE('',*,*,#1133,.F.);
#1531=ORIENTED_EDGE('',*,*,#896,.F.);
#1532=ORIENTED_EDGE('',*,*,#894,.T.);
#1533=ORIENTED_EDGE('',*,*,#898,.T.);
#1534=ORIENTED_EDGE('',*,*,#887,.T.);
#1535=ORIENTED_EDGE('',*,*,#1105,.T.);
#1536=ORIENTED_EDGE('',*,*,#1134,.F.);
#1537=ORIENTED_EDGE('',*,*,#1135,.T.);
#1538=ORIENTED_EDGE('',*,*,#1129,.T.);
#1539=ORIENTED_EDGE('',*,*,#1095,.T.);
#1540=ORIENTED_EDGE('',*,*,#1136,.F.);
#1541=ORIENTED_EDGE('',*,*,#1107,.T.);
#1542=ORIENTED_EDGE('',*,*,#1128,.T.);
#1543=ORIENTED_EDGE('',*,*,#1085,.T.);
#1544=ORIENTED_EDGE('',*,*,#1137,.F.);
#1545=ORIENTED_EDGE('',*,*,#1097,.T.);
#1546=ORIENTED_EDGE('',*,*,#1127,.T.);
#1547=ORIENTED_EDGE('',*,*,#1075,.T.);
#1548=ORIENTED_EDGE('',*,*,#1138,.F.);
#1549=ORIENTED_EDGE('',*,*,#1087,.T.);
#1550=ORIENTED_EDGE('',*,*,#1126,.T.);
#1551=ORIENTED_EDGE('',*,*,#1065,.T.);
#1552=ORIENTED_EDGE('',*,*,#1139,.F.);
#1553=ORIENTED_EDGE('',*,*,#1077,.T.);
#1554=ORIENTED_EDGE('',*,*,#1125,.T.);
#1555=ORIENTED_EDGE('',*,*,#1055,.T.);
#1556=ORIENTED_EDGE('',*,*,#1140,.F.);
#1557=ORIENTED_EDGE('',*,*,#1067,.T.);
#1558=ORIENTED_EDGE('',*,*,#1124,.T.);
#1559=ORIENTED_EDGE('',*,*,#1045,.T.);
#1560=ORIENTED_EDGE('',*,*,#1141,.F.);
#1561=ORIENTED_EDGE('',*,*,#1057,.T.);
#1562=ORIENTED_EDGE('',*,*,#1123,.T.);
#1563=ORIENTED_EDGE('',*,*,#1035,.T.);
#1564=ORIENTED_EDGE('',*,*,#1142,.F.);
#1565=ORIENTED_EDGE('',*,*,#1047,.T.);
#1566=ORIENTED_EDGE('',*,*,#1122,.T.);
#1567=ORIENTED_EDGE('',*,*,#1025,.T.);
#1568=ORIENTED_EDGE('',*,*,#1143,.F.);
#1569=ORIENTED_EDGE('',*,*,#1037,.T.);
#1570=ORIENTED_EDGE('',*,*,#1121,.T.);
#1571=ORIENTED_EDGE('',*,*,#1015,.T.);
#1572=ORIENTED_EDGE('',*,*,#1144,.F.);
#1573=ORIENTED_EDGE('',*,*,#1027,.T.);
#1574=ORIENTED_EDGE('',*,*,#1120,.T.);
#1575=ORIENTED_EDGE('',*,*,#1005,.T.);
#1576=ORIENTED_EDGE('',*,*,#1145,.F.);
#1577=ORIENTED_EDGE('',*,*,#1017,.T.);
#1578=ORIENTED_EDGE('',*,*,#1119,.T.);
#1579=ORIENTED_EDGE('',*,*,#995,.T.);
#1580=ORIENTED_EDGE('',*,*,#1146,.F.);
#1581=ORIENTED_EDGE('',*,*,#1007,.T.);
#1582=ORIENTED_EDGE('',*,*,#1118,.T.);
#1583=ORIENTED_EDGE('',*,*,#985,.T.);
#1584=ORIENTED_EDGE('',*,*,#1147,.F.);
#1585=ORIENTED_EDGE('',*,*,#997,.T.);
#1586=ORIENTED_EDGE('',*,*,#1117,.T.);
#1587=ORIENTED_EDGE('',*,*,#975,.T.);
#1588=ORIENTED_EDGE('',*,*,#1148,.F.);
#1589=ORIENTED_EDGE('',*,*,#987,.T.);
#1590=ORIENTED_EDGE('',*,*,#1116,.T.);
#1591=ORIENTED_EDGE('',*,*,#965,.T.);
#1592=ORIENTED_EDGE('',*,*,#1149,.F.);
#1593=ORIENTED_EDGE('',*,*,#977,.T.);
#1594=ORIENTED_EDGE('',*,*,#1115,.T.);
#1595=ORIENTED_EDGE('',*,*,#955,.T.);
#1596=ORIENTED_EDGE('',*,*,#1150,.F.);
#1597=ORIENTED_EDGE('',*,*,#967,.T.);
#1598=ORIENTED_EDGE('',*,*,#1114,.T.);
#1599=ORIENTED_EDGE('',*,*,#945,.T.);
#1600=ORIENTED_EDGE('',*,*,#1151,.F.);
#1601=ORIENTED_EDGE('',*,*,#957,.T.);
#1602=ORIENTED_EDGE('',*,*,#1113,.T.);
#1603=ORIENTED_EDGE('',*,*,#935,.T.);
#1604=ORIENTED_EDGE('',*,*,#1152,.F.);
#1605=ORIENTED_EDGE('',*,*,#947,.T.);
#1606=ORIENTED_EDGE('',*,*,#1112,.T.);
#1607=ORIENTED_EDGE('',*,*,#925,.T.);
#1608=ORIENTED_EDGE('',*,*,#1153,.F.);
#1609=ORIENTED_EDGE('',*,*,#937,.T.);
#1610=ORIENTED_EDGE('',*,*,#1111,.T.);
#1611=ORIENTED_EDGE('',*,*,#915,.T.);
#1612=ORIENTED_EDGE('',*,*,#1154,.F.);
#1613=ORIENTED_EDGE('',*,*,#927,.T.);
#1614=ORIENTED_EDGE('',*,*,#1110,.T.);
#1615=ORIENTED_EDGE('',*,*,#905,.T.);
#1616=ORIENTED_EDGE('',*,*,#1155,.F.);
#1617=ORIENTED_EDGE('',*,*,#917,.T.);
#1618=ORIENTED_EDGE('',*,*,#1109,.T.);
#1619=ORIENTED_EDGE('',*,*,#1131,.F.);
#1620=ORIENTED_EDGE('',*,*,#1156,.F.);
#1621=ORIENTED_EDGE('',*,*,#1157,.F.);
#1622=ORIENTED_EDGE('',*,*,#1158,.T.);
#1623=ORIENTED_EDGE('',*,*,#1132,.F.);
#1624=ORIENTED_EDGE('',*,*,#1158,.F.);
#1625=ORIENTED_EDGE('',*,*,#1159,.F.);
#1626=ORIENTED_EDGE('',*,*,#1160,.F.);
#1627=ORIENTED_EDGE('',*,*,#1130,.F.);
#1628=ORIENTED_EDGE('',*,*,#1135,.F.);
#1629=ORIENTED_EDGE('',*,*,#1161,.F.);
#1630=ORIENTED_EDGE('',*,*,#1156,.T.);
#1631=ORIENTED_EDGE('',*,*,#907,.T.);
#1632=ORIENTED_EDGE('',*,*,#1133,.T.);
#1633=ORIENTED_EDGE('',*,*,#1160,.T.);
#1634=ORIENTED_EDGE('',*,*,#1162,.F.);
#1635=ORIENTED_EDGE('',*,*,#908,.T.);
#1636=ORIENTED_EDGE('',*,*,#1162,.T.);
#1637=ORIENTED_EDGE('',*,*,#1159,.T.);
#1638=ORIENTED_EDGE('',*,*,#1157,.T.);
#1639=ORIENTED_EDGE('',*,*,#1161,.T.);
#1640=ORIENTED_EDGE('',*,*,#1134,.T.);
#1641=ORIENTED_EDGE('',*,*,#1104,.T.);
#1642=ORIENTED_EDGE('',*,*,#1101,.T.);
#1643=ORIENTED_EDGE('',*,*,#1108,.T.);
#1644=ORIENTED_EDGE('',*,*,#1136,.T.);
#1645=ORIENTED_EDGE('',*,*,#1094,.T.);
#1646=ORIENTED_EDGE('',*,*,#1091,.T.);
#1647=ORIENTED_EDGE('',*,*,#1098,.T.);
#1648=ORIENTED_EDGE('',*,*,#1137,.T.);
#1649=ORIENTED_EDGE('',*,*,#1084,.T.);
#1650=ORIENTED_EDGE('',*,*,#1081,.T.);
#1651=ORIENTED_EDGE('',*,*,#1088,.T.);
#1652=ORIENTED_EDGE('',*,*,#1138,.T.);
#1653=ORIENTED_EDGE('',*,*,#1074,.T.);
#1654=ORIENTED_EDGE('',*,*,#1071,.T.);
#1655=ORIENTED_EDGE('',*,*,#1078,.T.);
#1656=ORIENTED_EDGE('',*,*,#1139,.T.);
#1657=ORIENTED_EDGE('',*,*,#1064,.T.);
#1658=ORIENTED_EDGE('',*,*,#1061,.T.);
#1659=ORIENTED_EDGE('',*,*,#1068,.T.);
#1660=ORIENTED_EDGE('',*,*,#1140,.T.);
#1661=ORIENTED_EDGE('',*,*,#1054,.T.);
#1662=ORIENTED_EDGE('',*,*,#1051,.T.);
#1663=ORIENTED_EDGE('',*,*,#1058,.T.);
#1664=ORIENTED_EDGE('',*,*,#1141,.T.);
#1665=ORIENTED_EDGE('',*,*,#1044,.T.);
#1666=ORIENTED_EDGE('',*,*,#1041,.T.);
#1667=ORIENTED_EDGE('',*,*,#1048,.T.);
#1668=ORIENTED_EDGE('',*,*,#1142,.T.);
#1669=ORIENTED_EDGE('',*,*,#1034,.T.);
#1670=ORIENTED_EDGE('',*,*,#1031,.T.);
#1671=ORIENTED_EDGE('',*,*,#1038,.T.);
#1672=ORIENTED_EDGE('',*,*,#1143,.T.);
#1673=ORIENTED_EDGE('',*,*,#1024,.T.);
#1674=ORIENTED_EDGE('',*,*,#1021,.T.);
#1675=ORIENTED_EDGE('',*,*,#1028,.T.);
#1676=ORIENTED_EDGE('',*,*,#1144,.T.);
#1677=ORIENTED_EDGE('',*,*,#1014,.T.);
#1678=ORIENTED_EDGE('',*,*,#1011,.T.);
#1679=ORIENTED_EDGE('',*,*,#1018,.T.);
#1680=ORIENTED_EDGE('',*,*,#1145,.T.);
#1681=ORIENTED_EDGE('',*,*,#1004,.T.);
#1682=ORIENTED_EDGE('',*,*,#1001,.T.);
#1683=ORIENTED_EDGE('',*,*,#1008,.T.);
#1684=ORIENTED_EDGE('',*,*,#1146,.T.);
#1685=ORIENTED_EDGE('',*,*,#994,.T.);
#1686=ORIENTED_EDGE('',*,*,#991,.T.);
#1687=ORIENTED_EDGE('',*,*,#998,.T.);
#1688=ORIENTED_EDGE('',*,*,#1147,.T.);
#1689=ORIENTED_EDGE('',*,*,#984,.T.);
#1690=ORIENTED_EDGE('',*,*,#981,.T.);
#1691=ORIENTED_EDGE('',*,*,#988,.T.);
#1692=ORIENTED_EDGE('',*,*,#1148,.T.);
#1693=ORIENTED_EDGE('',*,*,#974,.T.);
#1694=ORIENTED_EDGE('',*,*,#971,.T.);
#1695=ORIENTED_EDGE('',*,*,#978,.T.);
#1696=ORIENTED_EDGE('',*,*,#1149,.T.);
#1697=ORIENTED_EDGE('',*,*,#964,.T.);
#1698=ORIENTED_EDGE('',*,*,#961,.T.);
#1699=ORIENTED_EDGE('',*,*,#968,.T.);
#1700=ORIENTED_EDGE('',*,*,#1150,.T.);
#1701=ORIENTED_EDGE('',*,*,#954,.T.);
#1702=ORIENTED_EDGE('',*,*,#951,.T.);
#1703=ORIENTED_EDGE('',*,*,#958,.T.);
#1704=ORIENTED_EDGE('',*,*,#1151,.T.);
#1705=ORIENTED_EDGE('',*,*,#944,.T.);
#1706=ORIENTED_EDGE('',*,*,#941,.T.);
#1707=ORIENTED_EDGE('',*,*,#948,.T.);
#1708=ORIENTED_EDGE('',*,*,#1152,.T.);
#1709=ORIENTED_EDGE('',*,*,#934,.T.);
#1710=ORIENTED_EDGE('',*,*,#931,.T.);
#1711=ORIENTED_EDGE('',*,*,#938,.T.);
#1712=ORIENTED_EDGE('',*,*,#1153,.T.);
#1713=ORIENTED_EDGE('',*,*,#924,.T.);
#1714=ORIENTED_EDGE('',*,*,#921,.T.);
#1715=ORIENTED_EDGE('',*,*,#928,.T.);
#1716=ORIENTED_EDGE('',*,*,#1154,.T.);
#1717=ORIENTED_EDGE('',*,*,#914,.T.);
#1718=ORIENTED_EDGE('',*,*,#911,.T.);
#1719=ORIENTED_EDGE('',*,*,#918,.T.);
#1720=ORIENTED_EDGE('',*,*,#1155,.T.);
#1721=ORIENTED_EDGE('',*,*,#904,.T.);
#1722=ORIENTED_EDGE('',*,*,#901,.T.);
#1723=ORIENTED_EDGE('',*,*,#882,.F.);
#1724=ORIENTED_EDGE('',*,*,#889,.T.);
#1725=ORIENTED_EDGE('',*,*,#897,.T.);
#1726=ORIENTED_EDGE('',*,*,#892,.T.);
#1727=CONICAL_SURFACE('',#1868,10.25,0.785398163397449);
#1728=CONICAL_SURFACE('',#1875,10.25,0.785398163397449);
#1729=ADVANCED_FACE('',(#315),#1727,.F.);
#1730=ADVANCED_FACE('',(#316),#310,.F.);
#1731=ADVANCED_FACE('',(#317),#25,.F.);
#1732=ADVANCED_FACE('',(#318),#311,.F.);
#1733=ADVANCED_FACE('',(#319),#1728,.F.);
#1734=ADVANCED_FACE('',(#320),#312,.F.);
#1735=ADVANCED_FACE('',(#321),#26,.T.);
#1736=ADVANCED_FACE('',(#322),#27,.T.);
#1737=ADVANCED_FACE('',(#323),#28,.T.);
#1738=ADVANCED_FACE('',(#324),#29,.T.);
#1739=ADVANCED_FACE('',(#325),#30,.T.);
#1740=ADVANCED_FACE('',(#326),#31,.T.);
#1741=ADVANCED_FACE('',(#327),#32,.T.);
#1742=ADVANCED_FACE('',(#328),#33,.T.);
#1743=ADVANCED_FACE('',(#329),#34,.T.);
#1744=ADVANCED_FACE('',(#330),#35,.T.);
#1745=ADVANCED_FACE('',(#331),#36,.T.);
#1746=ADVANCED_FACE('',(#332),#37,.T.);
#1747=ADVANCED_FACE('',(#333),#38,.T.);
#1748=ADVANCED_FACE('',(#334),#39,.T.);
#1749=ADVANCED_FACE('',(#335),#40,.T.);
#1750=ADVANCED_FACE('',(#336),#41,.T.);
#1751=ADVANCED_FACE('',(#337),#42,.T.);
#1752=ADVANCED_FACE('',(#338),#43,.T.);
#1753=ADVANCED_FACE('',(#339),#44,.T.);
#1754=ADVANCED_FACE('',(#340),#45,.T.);
#1755=ADVANCED_FACE('',(#341),#46,.T.);
#1756=ADVANCED_FACE('',(#342),#47,.T.);
#1757=ADVANCED_FACE('',(#343),#48,.T.);
#1758=ADVANCED_FACE('',(#344),#49,.T.);
#1759=ADVANCED_FACE('',(#345),#50,.T.);
#1760=ADVANCED_FACE('',(#346),#51,.T.);
#1761=ADVANCED_FACE('',(#347),#52,.T.);
#1762=ADVANCED_FACE('',(#348),#53,.T.);
#1763=ADVANCED_FACE('',(#349),#54,.T.);
#1764=ADVANCED_FACE('',(#350),#55,.T.);
#1765=ADVANCED_FACE('',(#351),#56,.T.);
#1766=ADVANCED_FACE('',(#352),#57,.T.);
#1767=ADVANCED_FACE('',(#353),#58,.T.);
#1768=ADVANCED_FACE('',(#354),#59,.T.);
#1769=ADVANCED_FACE('',(#355),#60,.T.);
#1770=ADVANCED_FACE('',(#356),#61,.T.);
#1771=ADVANCED_FACE('',(#357),#62,.T.);
#1772=ADVANCED_FACE('',(#358),#63,.T.);
#1773=ADVANCED_FACE('',(#359),#64,.T.);
#1774=ADVANCED_FACE('',(#360),#65,.T.);
#1775=ADVANCED_FACE('',(#361),#66,.T.);
#1776=ADVANCED_FACE('',(#362),#67,.T.);
#1777=ADVANCED_FACE('',(#363),#68,.T.);
#1778=ADVANCED_FACE('',(#364),#69,.T.);
#1779=ADVANCED_FACE('',(#365),#70,.T.);
#1780=ADVANCED_FACE('',(#366),#71,.T.);
#1781=ADVANCED_FACE('',(#367),#72,.T.);
#1782=ADVANCED_FACE('',(#368),#73,.T.);
#1783=ADVANCED_FACE('',(#369),#74,.T.);
#1784=ADVANCED_FACE('',(#370),#75,.T.);
#1785=ADVANCED_FACE('',(#371),#76,.T.);
#1786=ADVANCED_FACE('',(#372),#77,.T.);
#1787=ADVANCED_FACE('',(#373),#78,.T.);
#1788=ADVANCED_FACE('',(#374),#79,.T.);
#1789=ADVANCED_FACE('',(#375),#80,.T.);
#1790=ADVANCED_FACE('',(#376),#81,.T.);
#1791=ADVANCED_FACE('',(#377),#82,.T.);
#1792=ADVANCED_FACE('',(#378),#83,.T.);
#1793=ADVANCED_FACE('',(#379),#84,.T.);
#1794=ADVANCED_FACE('',(#380),#85,.T.);
#1795=ADVANCED_FACE('',(#381),#86,.T.);
#1796=ADVANCED_FACE('',(#382),#87,.T.);
#1797=ADVANCED_FACE('',(#383),#88,.T.);
#1798=ADVANCED_FACE('',(#384,#23),#313,.F.);
#1799=ADVANCED_FACE('',(#385),#89,.T.);
#1800=ADVANCED_FACE('',(#386),#90,.T.);
#1801=ADVANCED_FACE('',(#387),#91,.T.);
#1802=ADVANCED_FACE('',(#388),#92,.T.);
#1803=ADVANCED_FACE('',(#389),#93,.T.);
#1804=ADVANCED_FACE('',(#390),#94,.T.);
#1805=ADVANCED_FACE('',(#391),#95,.T.);
#1806=ADVANCED_FACE('',(#392),#96,.T.);
#1807=ADVANCED_FACE('',(#393),#97,.T.);
#1808=ADVANCED_FACE('',(#394),#98,.T.);
#1809=ADVANCED_FACE('',(#395),#99,.T.);
#1810=ADVANCED_FACE('',(#396),#100,.T.);
#1811=ADVANCED_FACE('',(#397),#101,.T.);
#1812=ADVANCED_FACE('',(#398),#102,.T.);
#1813=ADVANCED_FACE('',(#399),#103,.T.);
#1814=ADVANCED_FACE('',(#400),#104,.T.);
#1815=ADVANCED_FACE('',(#401),#105,.T.);
#1816=ADVANCED_FACE('',(#402),#106,.T.);
#1817=ADVANCED_FACE('',(#403),#107,.T.);
#1818=ADVANCED_FACE('',(#404),#108,.T.);
#1819=ADVANCED_FACE('',(#405),#109,.T.);
#1820=ADVANCED_FACE('',(#406),#110,.T.);
#1821=ADVANCED_FACE('',(#407),#111,.T.);
#1822=ADVANCED_FACE('',(#408),#112,.T.);
#1823=ADVANCED_FACE('',(#409),#113,.T.);
#1824=ADVANCED_FACE('',(#410,#24),#314,.T.);
#1825=CLOSED_SHELL('',(#1729,#1730,#1731,#1732,#1733,#1734,#1735,#1736,
#1737,#1738,#1739,#1740,#1741,#1742,#1743,#1744,#1745,#1746,#1747,#1748,
#1749,#1750,#1751,#1752,#1753,#1754,#1755,#1756,#1757,#1758,#1759,#1760,
#1761,#1762,#1763,#1764,#1765,#1766,#1767,#1768,#1769,#1770,#1771,#1772,
#1773,#1774,#1775,#1776,#1777,#1778,#1779,#1780,#1781,#1782,#1783,#1784,
#1785,#1786,#1787,#1788,#1789,#1790,#1791,#1792,#1793,#1794,#1795,#1796,
#1797,#1798,#1799,#1800,#1801,#1802,#1803,#1804,#1805,#1806,#1807,#1808,
#1809,#1810,#1811,#1812,#1813,#1814,#1815,#1816,#1817,#1818,#1819,#1820,
#1821,#1822,#1823,#1824));
#1826=DERIVED_UNIT_ELEMENT(#1828,1.);
#1827=DERIVED_UNIT_ELEMENT(#3394,3.);
#1828=(
MASS_UNIT()
NAMED_UNIT(*)
SI_UNIT($,.GRAM.)
);
#1829=DERIVED_UNIT((#1826,#1827));
#1830=MEASURE_REPRESENTATION_ITEM('density measure',
POSITIVE_RATIO_MEASURE(7.85),#1829);
#1831=PROPERTY_DEFINITION_REPRESENTATION(#1836,#1833);
#1832=PROPERTY_DEFINITION_REPRESENTATION(#1837,#1834);
#1833=REPRESENTATION('material name',(#1835),#3391);
#1834=REPRESENTATION('density',(#1830),#3391);
#1835=DESCRIPTIVE_REPRESENTATION_ITEM('\X2\94A2\X0\','\X2\94A2\X0\');
#1836=PROPERTY_DEFINITION('material property','material name',#3411);
#1837=PROPERTY_DEFINITION('material property','density of part',#3411);
#1838=PRESENTATION_STYLE_ASSIGNMENT((#1839));
#1839=SURFACE_STYLE_USAGE(.BOTH.,#1842);
#1840=SURFACE_STYLE_RENDERING_WITH_PROPERTIES($,#1846,(#1841));
#1841=SURFACE_STYLE_TRANSPARENT(0.);
#1842=SURFACE_SIDE_STYLE('',(#1843,#1840));
#1843=SURFACE_STYLE_FILL_AREA(#1844);
#1844=FILL_AREA_STYLE('',(#1845));
#1845=FILL_AREA_STYLE_COLOUR('',#1846);
#1846=COLOUR_RGB('',0.63921568627451,0.63921568627451,0.686274509803922);
#1847=DATE_TIME_ROLE('creation_date');
#1848=DATE_TIME_ROLE('creation_date');
#1849=DATE_TIME_ROLE('creation_date');
#1850=APPLIED_DATE_AND_TIME_ASSIGNMENT(#1853,#1847,(#3409));
#1851=APPLIED_DATE_AND_TIME_ASSIGNMENT(#1854,#1848,(#3410));
#1852=APPLIED_DATE_AND_TIME_ASSIGNMENT(#1855,#1849,(#3411));
#1853=DATE_AND_TIME(#1856,#1859);
#1854=DATE_AND_TIME(#1857,#1860);
#1855=DATE_AND_TIME(#1858,#1861);
#1856=CALENDAR_DATE(2013,18,1);
#1857=CALENDAR_DATE(2013,18,1);
#1858=CALENDAR_DATE(2013,18,1);
#1859=LOCAL_TIME(0,0,0.,#1862);
#1860=LOCAL_TIME(0,0,0.,#1863);
#1861=LOCAL_TIME(0,0,0.,#1864);
#1862=COORDINATED_UNIVERSAL_TIME_OFFSET(0,0,.BEHIND.);
#1863=COORDINATED_UNIVERSAL_TIME_OFFSET(0,0,.BEHIND.);
#1864=COORDINATED_UNIVERSAL_TIME_OFFSET(0,0,.BEHIND.);
#1865=AXIS2_PLACEMENT_3D('placement',#2806,#2146,#2147);
#1866=AXIS2_PLACEMENT_3D('placement',#2807,#2148,#2149);
#1867=AXIS2_PLACEMENT_3D('placement',#2808,#2150,#2151);
#1868=AXIS2_PLACEMENT_3D('',#2809,#2152,#2153);
#1869=AXIS2_PLACEMENT_3D('',#2816,#2154,#2155);
#1870=AXIS2_PLACEMENT_3D('',#2821,#2156,#2157);
#1871=AXIS2_PLACEMENT_3D('',#2822,#2158,#2159);
#1872=AXIS2_PLACEMENT_3D('',#2834,#2164,#2165);
#1873=AXIS2_PLACEMENT_3D('',#2837,#2167,#2168);
#1874=AXIS2_PLACEMENT_3D('',#2838,#2169,#2170);
#1875=AXIS2_PLACEMENT_3D('',#2848,#2174,#2175);
#1876=AXIS2_PLACEMENT_3D('',#2849,#2176,#2177);
#1877=AXIS2_PLACEMENT_3D('',#2850,#2178,#2179);
#1878=AXIS2_PLACEMENT_3D('',#2853,#2182,#2183);
#1879=AXIS2_PLACEMENT_3D('',#2856,#2184,#2185);
#1880=AXIS2_PLACEMENT_3D('',#2860,#2187,#2188);
#1881=AXIS2_PLACEMENT_3D('',#2862,#2190,#2191);
#1882=AXIS2_PLACEMENT_3D('',#2864,#2192,#2193);
#1883=AXIS2_PLACEMENT_3D('',#2866,#2194,#2195);
#1884=AXIS2_PLACEMENT_3D('',#2868,#2197,#2198);
#1885=AXIS2_PLACEMENT_3D('',#2870,#2199,#2200);
#1886=AXIS2_PLACEMENT_3D('',#2873,#2202,#2203);
#1887=AXIS2_PLACEMENT_3D('',#2874,#2204,#2205);
#1888=AXIS2_PLACEMENT_3D('',#2877,#2206,#2207);
#1889=AXIS2_PLACEMENT_3D('',#2881,#2209,#2210);
#1890=AXIS2_PLACEMENT_3D('',#2883,#2212,#2213);
#1891=AXIS2_PLACEMENT_3D('',#2885,#2214,#2215);
#1892=AXIS2_PLACEMENT_3D('',#2887,#2216,#2217);
#1893=AXIS2_PLACEMENT_3D('',#2889,#2219,#2220);
#1894=AXIS2_PLACEMENT_3D('',#2891,#2221,#2222);
#1895=AXIS2_PLACEMENT_3D('',#2894,#2224,#2225);
#1896=AXIS2_PLACEMENT_3D('',#2895,#2226,#2227);
#1897=AXIS2_PLACEMENT_3D('',#2898,#2228,#2229);
#1898=AXIS2_PLACEMENT_3D('',#2902,#2231,#2232);
#1899=AXIS2_PLACEMENT_3D('',#2904,#2234,#2235);
#1900=AXIS2_PLACEMENT_3D('',#2906,#2236,#2237);
#1901=AXIS2_PLACEMENT_3D('',#2908,#2238,#2239);
#1902=AXIS2_PLACEMENT_3D('',#2910,#2241,#2242);
#1903=AXIS2_PLACEMENT_3D('',#2912,#2243,#2244);
#1904=AXIS2_PLACEMENT_3D('',#2915,#2246,#2247);
#1905=AXIS2_PLACEMENT_3D('',#2916,#2248,#2249);
#1906=AXIS2_PLACEMENT_3D('',#2919,#2250,#2251);
#1907=AXIS2_PLACEMENT_3D('',#2923,#2253,#2254);
#1908=AXIS2_PLACEMENT_3D('',#2925,#2256,#2257);
#1909=AXIS2_PLACEMENT_3D('',#2927,#2258,#2259);
#1910=AXIS2_PLACEMENT_3D('',#2929,#2260,#2261);
#1911=AXIS2_PLACEMENT_3D('',#2931,#2263,#2264);
#1912=AXIS2_PLACEMENT_3D('',#2933,#2265,#2266);
#1913=AXIS2_PLACEMENT_3D('',#2936,#2268,#2269);
#1914=AXIS2_PLACEMENT_3D('',#2937,#2270,#2271);
#1915=AXIS2_PLACEMENT_3D('',#2940,#2272,#2273);
#1916=AXIS2_PLACEMENT_3D('',#2944,#2275,#2276);
#1917=AXIS2_PLACEMENT_3D('',#2946,#2278,#2279);
#1918=AXIS2_PLACEMENT_3D('',#2948,#2280,#2281);
#1919=AXIS2_PLACEMENT_3D('',#2950,#2282,#2283);
#1920=AXIS2_PLACEMENT_3D('',#2952,#2285,#2286);
#1921=AXIS2_PLACEMENT_3D('',#2954,#2287,#2288);
#1922=AXIS2_PLACEMENT_3D('',#2957,#2290,#2291);
#1923=AXIS2_PLACEMENT_3D('',#2958,#2292,#2293);
#1924=AXIS2_PLACEMENT_3D('',#2961,#2294,#2295);
#1925=AXIS2_PLACEMENT_3D('',#2965,#2297,#2298);
#1926=AXIS2_PLACEMENT_3D('',#2967,#2300,#2301);
#1927=AXIS2_PLACEMENT_3D('',#2969,#2302,#2303);
#1928=AXIS2_PLACEMENT_3D('',#2971,#2304,#2305);
#1929=AXIS2_PLACEMENT_3D('',#2973,#2307,#2308);
#1930=AXIS2_PLACEMENT_3D('',#2975,#2309,#2310);
#1931=AXIS2_PLACEMENT_3D('',#2978,#2312,#2313);
#1932=AXIS2_PLACEMENT_3D('',#2979,#2314,#2315);
#1933=AXIS2_PLACEMENT_3D('',#2982,#2316,#2317);
#1934=AXIS2_PLACEMENT_3D('',#2986,#2319,#2320);
#1935=AXIS2_PLACEMENT_3D('',#2988,#2322,#2323);
#1936=AXIS2_PLACEMENT_3D('',#2990,#2324,#2325);
#1937=AXIS2_PLACEMENT_3D('',#2992,#2326,#2327);
#1938=AXIS2_PLACEMENT_3D('',#2994,#2329,#2330);
#1939=AXIS2_PLACEMENT_3D('',#2996,#2331,#2332);
#1940=AXIS2_PLACEMENT_3D('',#2999,#2334,#2335);
#1941=AXIS2_PLACEMENT_3D('',#3000,#2336,#2337);
#1942=AXIS2_PLACEMENT_3D('',#3003,#2338,#2339);
#1943=AXIS2_PLACEMENT_3D('',#3007,#2341,#2342);
#1944=AXIS2_PLACEMENT_3D('',#3009,#2344,#2345);
#1945=AXIS2_PLACEMENT_3D('',#3011,#2346,#2347);
#1946=AXIS2_PLACEMENT_3D('',#3013,#2348,#2349);
#1947=AXIS2_PLACEMENT_3D('',#3015,#2351,#2352);
#1948=AXIS2_PLACEMENT_3D('',#3017,#2353,#2354);
#1949=AXIS2_PLACEMENT_3D('',#3020,#2356,#2357);
#1950=AXIS2_PLACEMENT_3D('',#3021,#2358,#2359);
#1951=AXIS2_PLACEMENT_3D('',#3024,#2360,#2361);
#1952=AXIS2_PLACEMENT_3D('',#3028,#2363,#2364);
#1953=AXIS2_PLACEMENT_3D('',#3030,#2366,#2367);
#1954=AXIS2_PLACEMENT_3D('',#3032,#2368,#2369);
#1955=AXIS2_PLACEMENT_3D('',#3034,#2370,#2371);
#1956=AXIS2_PLACEMENT_3D('',#3036,#2373,#2374);
#1957=AXIS2_PLACEMENT_3D('',#3038,#2375,#2376);
#1958=AXIS2_PLACEMENT_3D('',#3041,#2378,#2379);
#1959=AXIS2_PLACEMENT_3D('',#3042,#2380,#2381);
#1960=AXIS2_PLACEMENT_3D('',#3045,#2382,#2383);
#1961=AXIS2_PLACEMENT_3D('',#3049,#2385,#2386);
#1962=AXIS2_PLACEMENT_3D('',#3051,#2388,#2389);
#1963=AXIS2_PLACEMENT_3D('',#3053,#2390,#2391);
#1964=AXIS2_PLACEMENT_3D('',#3055,#2392,#2393);
#1965=AXIS2_PLACEMENT_3D('',#3057,#2395,#2396);
#1966=AXIS2_PLACEMENT_3D('',#3059,#2397,#2398);
#1967=AXIS2_PLACEMENT_3D('',#3062,#2400,#2401);
#1968=AXIS2_PLACEMENT_3D('',#3063,#2402,#2403);
#1969=AXIS2_PLACEMENT_3D('',#3066,#2404,#2405);
#1970=AXIS2_PLACEMENT_3D('',#3070,#2407,#2408);
#1971=AXIS2_PLACEMENT_3D('',#3072,#2410,#2411);
#1972=AXIS2_PLACEMENT_3D('',#3074,#2412,#2413);
#1973=AXIS2_PLACEMENT_3D('',#3076,#2414,#2415);
#1974=AXIS2_PLACEMENT_3D('',#3078,#2417,#2418);
#1975=AXIS2_PLACEMENT_3D('',#3080,#2419,#2420);
#1976=AXIS2_PLACEMENT_3D('',#3083,#2422,#2423);
#1977=AXIS2_PLACEMENT_3D('',#3084,#2424,#2425);
#1978=AXIS2_PLACEMENT_3D('',#3087,#2426,#2427);
#1979=AXIS2_PLACEMENT_3D('',#3091,#2429,#2430);
#1980=AXIS2_PLACEMENT_3D('',#3093,#2432,#2433);
#1981=AXIS2_PLACEMENT_3D('',#3095,#2434,#2435);
#1982=AXIS2_PLACEMENT_3D('',#3097,#2436,#2437);
#1983=AXIS2_PLACEMENT_3D('',#3099,#2439,#2440);
#1984=AXIS2_PLACEMENT_3D('',#3101,#2441,#2442);
#1985=AXIS2_PLACEMENT_3D('',#3104,#2444,#2445);
#1986=AXIS2_PLACEMENT_3D('',#3105,#2446,#2447);
#1987=AXIS2_PLACEMENT_3D('',#3108,#2448,#2449);
#1988=AXIS2_PLACEMENT_3D('',#3112,#2451,#2452);
#1989=AXIS2_PLACEMENT_3D('',#3114,#2454,#2455);
#1990=AXIS2_PLACEMENT_3D('',#3116,#2456,#2457);
#1991=AXIS2_PLACEMENT_3D('',#3118,#2458,#2459);
#1992=AXIS2_PLACEMENT_3D('',#3120,#2461,#2462);
#1993=AXIS2_PLACEMENT_3D('',#3122,#2463,#2464);
#1994=AXIS2_PLACEMENT_3D('',#3125,#2466,#2467);
#1995=AXIS2_PLACEMENT_3D('',#3126,#2468,#2469);
#1996=AXIS2_PLACEMENT_3D('',#3129,#2470,#2471);
#1997=AXIS2_PLACEMENT_3D('',#3133,#2473,#2474);
#1998=AXIS2_PLACEMENT_3D('',#3135,#2476,#2477);
#1999=AXIS2_PLACEMENT_3D('',#3137,#2478,#2479);
#2000=AXIS2_PLACEMENT_3D('',#3139,#2480,#2481);
#2001=AXIS2_PLACEMENT_3D('',#3141,#2483,#2484);
#2002=AXIS2_PLACEMENT_3D('',#3143,#2485,#2486);
#2003=AXIS2_PLACEMENT_3D('',#3146,#2488,#2489);
#2004=AXIS2_PLACEMENT_3D('',#3147,#2490,#2491);
#2005=AXIS2_PLACEMENT_3D('',#3150,#2492,#2493);
#2006=AXIS2_PLACEMENT_3D('',#3154,#2495,#2496);
#2007=AXIS2_PLACEMENT_3D('',#3156,#2498,#2499);
#2008=AXIS2_PLACEMENT_3D('',#3158,#2500,#2501);
#2009=AXIS2_PLACEMENT_3D('',#3160,#2502,#2503);
#2010=AXIS2_PLACEMENT_3D('',#3162,#2505,#2506);
#2011=AXIS2_PLACEMENT_3D('',#3164,#2507,#2508);
#2012=AXIS2_PLACEMENT_3D('',#3167,#2510,#2511);
#2013=AXIS2_PLACEMENT_3D('',#3168,#2512,#2513);
#2014=AXIS2_PLACEMENT_3D('',#3171,#2514,#2515);
#2015=AXIS2_PLACEMENT_3D('',#3175,#2517,#2518);
#2016=AXIS2_PLACEMENT_3D('',#3177,#2520,#2521);
#2017=AXIS2_PLACEMENT_3D('',#3179,#2522,#2523);
#2018=AXIS2_PLACEMENT_3D('',#3181,#2524,#2525);
#2019=AXIS2_PLACEMENT_3D('',#3183,#2527,#2528);
#2020=AXIS2_PLACEMENT_3D('',#3185,#2529,#2530);
#2021=AXIS2_PLACEMENT_3D('',#3188,#2532,#2533);
#2022=AXIS2_PLACEMENT_3D('',#3189,#2534,#2535);
#2023=AXIS2_PLACEMENT_3D('',#3192,#2536,#2537);
#2024=AXIS2_PLACEMENT_3D('',#3196,#2539,#2540);
#2025=AXIS2_PLACEMENT_3D('',#3198,#2542,#2543);
#2026=AXIS2_PLACEMENT_3D('',#3200,#2544,#2545);
#2027=AXIS2_PLACEMENT_3D('',#3202,#2546,#2547);
#2028=AXIS2_PLACEMENT_3D('',#3204,#2549,#2550);
#2029=AXIS2_PLACEMENT_3D('',#3206,#2551,#2552);
#2030=AXIS2_PLACEMENT_3D('',#3209,#2554,#2555);
#2031=AXIS2_PLACEMENT_3D('',#3210,#2556,#2557);
#2032=AXIS2_PLACEMENT_3D('',#3213,#2558,#2559);
#2033=AXIS2_PLACEMENT_3D('',#3217,#2561,#2562);
#2034=AXIS2_PLACEMENT_3D('',#3219,#2564,#2565);
#2035=AXIS2_PLACEMENT_3D('',#3221,#2566,#2567);
#2036=AXIS2_PLACEMENT_3D('',#3223,#2568,#2569);
#2037=AXIS2_PLACEMENT_3D('',#3225,#2571,#2572);
#2038=AXIS2_PLACEMENT_3D('',#3227,#2573,#2574);
#2039=AXIS2_PLACEMENT_3D('',#3230,#2576,#2577);
#2040=AXIS2_PLACEMENT_3D('',#3231,#2578,#2579);
#2041=AXIS2_PLACEMENT_3D('',#3234,#2580,#2581);
#2042=AXIS2_PLACEMENT_3D('',#3238,#2583,#2584);
#2043=AXIS2_PLACEMENT_3D('',#3240,#2586,#2587);
#2044=AXIS2_PLACEMENT_3D('',#3242,#2588,#2589);
#2045=AXIS2_PLACEMENT_3D('',#3244,#2590,#2591);
#2046=AXIS2_PLACEMENT_3D('',#3246,#2593,#2594);
#2047=AXIS2_PLACEMENT_3D('',#3248,#2595,#2596);
#2048=AXIS2_PLACEMENT_3D('',#3251,#2598,#2599);
#2049=AXIS2_PLACEMENT_3D('',#3252,#2600,#2601);
#2050=AXIS2_PLACEMENT_3D('',#3255,#2602,#2603);
#2051=AXIS2_PLACEMENT_3D('',#3259,#2605,#2606);
#2052=AXIS2_PLACEMENT_3D('',#3261,#2608,#2609);
#2053=AXIS2_PLACEMENT_3D('',#3263,#2610,#2611);
#2054=AXIS2_PLACEMENT_3D('',#3265,#2612,#2613);
#2055=AXIS2_PLACEMENT_3D('',#3267,#2615,#2616);
#2056=AXIS2_PLACEMENT_3D('',#3269,#2617,#2618);
#2057=AXIS2_PLACEMENT_3D('',#3272,#2620,#2621);
#2058=AXIS2_PLACEMENT_3D('',#3273,#2622,#2623);
#2059=AXIS2_PLACEMENT_3D('',#3276,#2624,#2625);
#2060=AXIS2_PLACEMENT_3D('',#3280,#2627,#2628);
#2061=AXIS2_PLACEMENT_3D('',#3282,#2630,#2631);
#2062=AXIS2_PLACEMENT_3D('',#3284,#2632,#2633);
#2063=AXIS2_PLACEMENT_3D('',#3286,#2634,#2635);
#2064=AXIS2_PLACEMENT_3D('',#3288,#2637,#2638);
#2065=AXIS2_PLACEMENT_3D('',#3290,#2639,#2640);
#2066=AXIS2_PLACEMENT_3D('',#3293,#2642,#2643);
#2067=AXIS2_PLACEMENT_3D('',#3294,#2644,#2645);
#2068=AXIS2_PLACEMENT_3D('',#3295,#2646,#2647);
#2069=AXIS2_PLACEMENT_3D('',#3296,#2648,#2649);
#2070=AXIS2_PLACEMENT_3D('',#3297,#2650,#2651);
#2071=AXIS2_PLACEMENT_3D('',#3298,#2652,#2653);
#2072=AXIS2_PLACEMENT_3D('',#3299,#2654,#2655);
#2073=AXIS2_PLACEMENT_3D('',#3300,#2656,#2657);
#2074=AXIS2_PLACEMENT_3D('',#3301,#2658,#2659);
#2075=AXIS2_PLACEMENT_3D('',#3302,#2660,#2661);
#2076=AXIS2_PLACEMENT_3D('',#3303,#2662,#2663);
#2077=AXIS2_PLACEMENT_3D('',#3304,#2664,#2665);
#2078=AXIS2_PLACEMENT_3D('',#3305,#2666,#2667);
#2079=AXIS2_PLACEMENT_3D('',#3306,#2668,#2669);
#2080=AXIS2_PLACEMENT_3D('',#3307,#2670,#2671);
#2081=AXIS2_PLACEMENT_3D('',#3308,#2672,#2673);
#2082=AXIS2_PLACEMENT_3D('',#3309,#2674,#2675);
#2083=AXIS2_PLACEMENT_3D('',#3310,#2676,#2677);
#2084=AXIS2_PLACEMENT_3D('',#3311,#2678,#2679);
#2085=AXIS2_PLACEMENT_3D('',#3312,#2680,#2681);
#2086=AXIS2_PLACEMENT_3D('',#3313,#2682,#2683);
#2087=AXIS2_PLACEMENT_3D('',#3314,#2684,#2685);
#2088=AXIS2_PLACEMENT_3D('',#3316,#2686,#2687);
#2089=AXIS2_PLACEMENT_3D('',#3318,#2688,#2689);
#2090=AXIS2_PLACEMENT_3D('',#3320,#2690,#2691);
#2091=AXIS2_PLACEMENT_3D('',#3322,#2692,#2693);
#2092=AXIS2_PLACEMENT_3D('',#3323,#2694,#2695);
#2093=AXIS2_PLACEMENT_3D('',#3324,#2696,#2697);
#2094=AXIS2_PLACEMENT_3D('',#3326,#2698,#2699);
#2095=AXIS2_PLACEMENT_3D('',#3328,#2701,#2702);
#2096=AXIS2_PLACEMENT_3D('',#3329,#2703,#2704);
#2097=AXIS2_PLACEMENT_3D('',#3330,#2705,#2706);
#2098=AXIS2_PLACEMENT_3D('',#3331,#2707,#2708);
#2099=AXIS2_PLACEMENT_3D('',#3332,#2709,#2710);
#2100=AXIS2_PLACEMENT_3D('',#3333,#2711,#2712);
#2101=AXIS2_PLACEMENT_3D('',#3334,#2713,#2714);
#2102=AXIS2_PLACEMENT_3D('',#3335,#2715,#2716);
#2103=AXIS2_PLACEMENT_3D('',#3336,#2717,#2718);
#2104=AXIS2_PLACEMENT_3D('',#3337,#2719,#2720);
#2105=AXIS2_PLACEMENT_3D('',#3338,#2721,#2722);
#2106=AXIS2_PLACEMENT_3D('',#3339,#2723,#2724);
#2107=AXIS2_PLACEMENT_3D('',#3340,#2725,#2726);
#2108=AXIS2_PLACEMENT_3D('',#3341,#2727,#2728);
#2109=AXIS2_PLACEMENT_3D('',#3342,#2729,#2730);
#2110=AXIS2_PLACEMENT_3D('',#3343,#2731,#2732);
#2111=AXIS2_PLACEMENT_3D('',#3344,#2733,#2734);
#2112=AXIS2_PLACEMENT_3D('',#3345,#2735,#2736);
#2113=AXIS2_PLACEMENT_3D('',#3346,#2737,#2738);
#2114=AXIS2_PLACEMENT_3D('',#3347,#2739,#2740);
#2115=AXIS2_PLACEMENT_3D('',#3348,#2741,#2742);
#2116=AXIS2_PLACEMENT_3D('',#3349,#2743,#2744);
#2117=AXIS2_PLACEMENT_3D('',#3350,#2745,#2746);
#2118=AXIS2_PLACEMENT_3D('',#3351,#2747,#2748);
#2119=AXIS2_PLACEMENT_3D('',#3352,#2749,#2750);
#2120=AXIS2_PLACEMENT_3D('',#3353,#2751,#2752);
#2121=AXIS2_PLACEMENT_3D('',#3354,#2753,#2754);
#2122=AXIS2_PLACEMENT_3D('',#3355,#2755,#2756);
#2123=AXIS2_PLACEMENT_3D('',#3356,#2757,#2758);
#2124=AXIS2_PLACEMENT_3D('',#3357,#2759,#2760);
#2125=AXIS2_PLACEMENT_3D('',#3358,#2761,#2762);
#2126=AXIS2_PLACEMENT_3D('',#3359,#2763,#2764);
#2127=AXIS2_PLACEMENT_3D('',#3360,#2765,#2766);
#2128=AXIS2_PLACEMENT_3D('',#3361,#2767,#2768);
#2129=AXIS2_PLACEMENT_3D('',#3362,#2769,#2770);
#2130=AXIS2_PLACEMENT_3D('',#3363,#2771,#2772);
#2131=AXIS2_PLACEMENT_3D('',#3364,#2773,#2774);
#2132=AXIS2_PLACEMENT_3D('',#3365,#2775,#2776);
#2133=AXIS2_PLACEMENT_3D('',#3366,#2777,#2778);
#2134=AXIS2_PLACEMENT_3D('',#3367,#2779,#2780);
#2135=AXIS2_PLACEMENT_3D('',#3368,#2781,#2782);
#2136=AXIS2_PLACEMENT_3D('',#3372,#2784,#2785);
#2137=AXIS2_PLACEMENT_3D('',#3374,#2787,#2788);
#2138=AXIS2_PLACEMENT_3D('',#3376,#2789,#2790);
#2139=AXIS2_PLACEMENT_3D('',#3378,#2792,#2793);
#2140=AXIS2_PLACEMENT_3D('',#3379,#2794,#2795);
#2141=AXIS2_PLACEMENT_3D('',#3380,#2796,#2797);
#2142=AXIS2_PLACEMENT_3D('',#3381,#2798,#2799);
#2143=AXIS2_PLACEMENT_3D('',#3382,#2800,#2801);
#2144=AXIS2_PLACEMENT_3D('',#3383,#2802,#2803);
#2145=AXIS2_PLACEMENT_3D('',#3384,#2804,#2805);
#2146=DIRECTION('axis',(0.,0.,1.));
#2147=DIRECTION('refdir',(1.,0.,0.));
#2148=DIRECTION('axis',(0.,0.,1.));
#2149=DIRECTION('refdir',(1.,0.,0.));
#2150=DIRECTION('axis',(0.,0.,1.));
#2151=DIRECTION('refdir',(1.,0.,0.));
#2152=DIRECTION('center_axis',(0.,0.,-1.));
#2153=DIRECTION('ref_axis',(-1.,-5.41572207134223E-17,0.));
#2154=DIRECTION('center_axis',(0.,0.,-1.));
#2155=DIRECTION('ref_axis',(-0.953939201416946,-0.3,0.));
#2156=DIRECTION('center_axis',(0.,0.,1.));
#2157=DIRECTION('ref_axis',(-0.953939201416946,-0.3,0.));
#2158=DIRECTION('center_axis',(1.70247853996831E-16,-1.,0.));
#2159=DIRECTION('ref_axis',(0.,0.,-1.));
#2160=DIRECTION('',(0.,0.,-1.));
#2161=DIRECTION('',(-1.,-1.70247853996831E-16,0.));
#2162=DIRECTION('',(0.,0.,-1.));
#2163=DIRECTION('',(1.,1.70247853996831E-16,0.));
#2164=DIRECTION('center_axis',(0.,0.,-1.));
#2165=DIRECTION('ref_axis',(-1.,-1.11022302462516E-16,0.));
#2166=DIRECTION('',(0.,0.,-1.));
#2167=DIRECTION('center_axis',(0.,0.,-1.));
#2168=DIRECTION('ref_axis',(-0.953939201416946,-0.3,0.));
#2169=DIRECTION('center_axis',(0.,1.,0.));
#2170=DIRECTION('ref_axis',(0.,0.,1.));
#2171=DIRECTION('',(-1.,0.,0.));
#2172=DIRECTION('',(0.,0.,-1.));
#2173=DIRECTION('',(1.,0.,0.));
#2174=DIRECTION('center_axis',(0.,0.,1.));
#2175=DIRECTION('ref_axis',(-1.,-5.41572207134223E-17,0.));
#2176=DIRECTION('center_axis',(0.,0.,1.));
#2177=DIRECTION('ref_axis',(-0.953939201416946,-0.3,0.));
#2178=DIRECTION('center_axis',(1.,0.,0.));
#2179=DIRECTION('ref_axis',(0.,0.,-1.));
#2180=DIRECTION('',(0.,1.,0.));
#2181=DIRECTION('',(0.,-1.,0.));
#2182=DIRECTION('center_axis',(0.,0.,1.));
#2183=DIRECTION('ref_axis',(-0.447617210062712,0.894225269859711,0.));
#2184=DIRECTION('center_axis',(0.,0.,1.));
#2185=DIRECTION('ref_axis',(-0.447617210062712,0.894225269859711,0.));
#2186=DIRECTION('',(0.,0.,1.));
#2187=DIRECTION('center_axis',(0.,0.,-1.));
#2188=DIRECTION('ref_axis',(-0.447617210062712,0.894225269859711,0.));
#2189=DIRECTION('',(0.,0.,1.));
#2190=DIRECTION('center_axis',(0.,0.,1.));
#2191=DIRECTION('ref_axis',(0.565761254487957,0.824569101361561,0.));
#2192=DIRECTION('center_axis',(0.,0.,1.));
#2193=DIRECTION('ref_axis',(0.565761254487957,0.824569101361561,0.));
#2194=DIRECTION('center_axis',(0.,0.,-1.));
#2195=DIRECTION('ref_axis',(0.565761254487957,0.824569101361561,0.));
#2196=DIRECTION('',(0.,0.,-1.));
#2197=DIRECTION('center_axis',(0.,0.,1.));
#2198=DIRECTION('ref_axis',(-0.986943104412573,-0.161069266629212,0.));
#2199=DIRECTION('center_axis',(0.,0.,1.));
#2200=DIRECTION('ref_axis',(-0.986943104412573,-0.161069266629212,0.));
#2201=DIRECTION('',(0.,0.,1.));
#2202=DIRECTION('center_axis',(0.,0.,-1.));
#2203=DIRECTION('ref_axis',(-0.986943104412573,-0.161069266629212,0.));
#2204=DIRECTION('center_axis',(0.,0.,1.));
#2205=DIRECTION('ref_axis',(-0.681417939593891,0.731894522181726,0.));
#2206=DIRECTION('center_axis',(0.,0.,1.));
#2207=DIRECTION('ref_axis',(-0.681417939593891,0.731894522181726,0.));
#2208=DIRECTION('',(0.,0.,1.));
#2209=DIRECTION('center_axis',(0.,0.,-1.));
#2210=DIRECTION('ref_axis',(-0.681417939593891,0.731894522181726,0.));
#2211=DIRECTION('',(0.,0.,1.));
#2212=DIRECTION('center_axis',(0.,0.,1.));
#2213=DIRECTION('ref_axis',(0.310535987205486,0.950561623804745,0.));
#2214=DIRECTION('center_axis',(0.,0.,1.));
#2215=DIRECTION('ref_axis',(0.310535987205486,0.950561623804745,0.));
#2216=DIRECTION('center_axis',(0.,0.,-1.));
#2217=DIRECTION('ref_axis',(0.310535987205486,0.950561623804745,0.));
#2218=DIRECTION('',(0.,0.,-1.));
#2219=DIRECTION('center_axis',(0.,0.,1.));
#2220=DIRECTION('ref_axis',(-0.901586517725122,-0.432598833859141,0.));
#2221=DIRECTION('center_axis',(0.,0.,1.));
#2222=DIRECTION('ref_axis',(-0.901586517725122,-0.432598833859141,0.));
#2223=DIRECTION('',(0.,0.,1.));
#2224=DIRECTION('center_axis',(0.,0.,-1.));
#2225=DIRECTION('ref_axis',(-0.901586517725122,-0.432598833859141,0.));
#2226=DIRECTION('center_axis',(0.,0.,1.));
#2227=DIRECTION('ref_axis',(-0.8600142402077,0.5102700330609,0.));
#2228=DIRECTION('center_axis',(0.,0.,1.));
#2229=DIRECTION('ref_axis',(-0.8600142402077,0.5102700330609,0.));
#2230=DIRECTION('',(0.,0.,1.));
#2231=DIRECTION('center_axis',(0.,0.,-1.));
#2232=DIRECTION('ref_axis',(-0.8600142402077,0.5102700330609,0.));
#2233=DIRECTION('',(0.,0.,1.));
#2234=DIRECTION('center_axis',(0.,0.,1.));
#2235=DIRECTION('ref_axis',(0.0301529410682533,0.999545296694919,0.));
#2236=DIRECTION('center_axis',(0.,0.,1.));
#2237=DIRECTION('ref_axis',(0.0301529410682533,0.999545296694919,0.));
#2238=DIRECTION('center_axis',(0.,0.,-1.));
#2239=DIRECTION('ref_axis',(0.0301529410682533,0.999545296694919,0.));
#2240=DIRECTION('',(0.,0.,-1.));
#2241=DIRECTION('center_axis',(0.,0.,1.));
#2242=DIRECTION('ref_axis',(-0.74318875331306,-0.669081816334131,0.));
#2243=DIRECTION('center_axis',(0.,0.,1.));
#2244=DIRECTION('ref_axis',(-0.74318875331306,-0.669081816334131,0.));
#2245=DIRECTION('',(0.,0.,1.));
#2246=DIRECTION('center_axis',(0.,0.,-1.));
#2247=DIRECTION('ref_axis',(-0.74318875331306,-0.669081816334131,0.));
#2248=DIRECTION('center_axis',(0.,0.,1.));
#2249=DIRECTION('ref_axis',(-0.968937301781507,0.247306500554215,0.));
#2250=DIRECTION('center_axis',(0.,0.,1.));
#2251=DIRECTION('ref_axis',(-0.968937301781507,0.247306500554215,0.));
#2252=DIRECTION('',(0.,0.,1.));
#2253=DIRECTION('center_axis',(0.,0.,-1.));
#2254=DIRECTION('ref_axis',(-0.968937301781507,0.247306500554215,0.));
#2255=DIRECTION('',(0.,0.,1.));
#2256=DIRECTION('center_axis',(0.,0.,1.));
#2257=DIRECTION('ref_axis',(-0.252672917027885,0.967551754171641,0.));
#2258=DIRECTION('center_axis',(0.,0.,1.));
#2259=DIRECTION('ref_axis',(-0.252672917027885,0.967551754171641,0.));
#2260=DIRECTION('center_axis',(0.,0.,-1.));
#2261=DIRECTION('ref_axis',(-0.252672917027885,0.967551754171641,0.));
#2262=DIRECTION('',(0.,0.,-1.));
#2263=DIRECTION('center_axis',(0.,0.,1.));
#2264=DIRECTION('ref_axis',(-0.524582256021276,-0.851359769232507,0.));
#2265=DIRECTION('center_axis',(0.,0.,1.));
#2266=DIRECTION('ref_axis',(-0.524582256021276,-0.851359769232507,0.));
#2267=DIRECTION('',(0.,0.,1.));
#2268=DIRECTION('center_axis',(0.,0.,-1.));
#2269=DIRECTION('ref_axis',(-0.524582256021276,-0.851359769232507,0.));
#2270=DIRECTION('center_axis',(0.,0.,1.));
#2271=DIRECTION('ref_axis',(-0.999362825656992,-0.0356923338389808,0.));
#2272=DIRECTION('center_axis',(0.,0.,1.));
#2273=DIRECTION('ref_axis',(-0.999362825656992,-0.0356923338389808,0.));
#2274=DIRECTION('',(0.,0.,1.));
#2275=DIRECTION('center_axis',(0.,0.,-1.));
#2276=DIRECTION('ref_axis',(-0.999362825656992,-0.0356923338389808,0.));
#2277=DIRECTION('',(0.,0.,1.));
#2278=DIRECTION('center_axis',(0.,0.,1.));
#2279=DIRECTION('ref_axis',(-0.515028718090121,0.857172922777223,0.));
#2280=DIRECTION('center_axis',(0.,0.,1.));
#2281=DIRECTION('ref_axis',(-0.515028718090121,0.857172922777223,0.));
#2282=DIRECTION('center_axis',(0.,0.,-1.));
#2283=DIRECTION('ref_axis',(-0.515028718090121,0.857172922777223,0.));
#2284=DIRECTION('',(0.,0.,-1.));
#2285=DIRECTION('center_axis',(0.,0.,1.));
#2286=DIRECTION('ref_axis',(-0.263477224157452,-0.96466561685917,0.));
#2287=DIRECTION('center_axis',(0.,0.,1.));
#2288=DIRECTION('ref_axis',(-0.263477224157452,-0.96466561685917,0.));
#2289=DIRECTION('',(0.,0.,1.));
#2290=DIRECTION('center_axis',(0.,0.,-1.));
#2291=DIRECTION('ref_axis',(-0.263477224157452,-0.96466561685917,0.));
#2292=DIRECTION('center_axis',(0.,0.,1.));
#2293=DIRECTION('ref_axis',(-0.94882591683732,-0.315799587615025,0.));
#2294=DIRECTION('center_axis',(0.,0.,1.));
#2295=DIRECTION('ref_axis',(-0.94882591683732,-0.315799587615025,0.));
#2296=DIRECTION('',(0.,0.,1.));
#2297=DIRECTION('center_axis',(0.,0.,-1.));
#2298=DIRECTION('ref_axis',(-0.94882591683732,-0.315799587615025,0.));
#2299=DIRECTION('',(0.,0.,1.));
#2300=DIRECTION('center_axis',(0.,0.,1.));
#2301=DIRECTION('ref_axis',(-0.735659955406421,0.677351038983054,0.));
#2302=DIRECTION('center_axis',(0.,0.,1.));
#2303=DIRECTION('ref_axis',(-0.735659955406421,0.677351038983054,0.));
#2304=DIRECTION('center_axis',(0.,0.,-1.));
#2305=DIRECTION('ref_axis',(-0.735659955406421,0.677351038983054,0.));
#2306=DIRECTION('',(0.,0.,-1.));
#2307=DIRECTION('center_axis',(0.,0.,1.));
#2308=DIRECTION('ref_axis',(0.0189731654482214,-0.99981999329523,0.));
#2309=DIRECTION('center_axis',(0.,0.,1.));
#2310=DIRECTION('ref_axis',(0.0189731654482214,-0.99981999329523,0.));
#2311=DIRECTION('',(0.,0.,1.));
#2312=DIRECTION('center_axis',(0.,0.,-1.));
#2313=DIRECTION('ref_axis',(0.0189731654482214,-0.99981999329523,0.));
#2314=DIRECTION('center_axis',(0.,0.,1.));
#2315=DIRECTION('ref_axis',(-0.821420775120492,-0.570322636934964,0.));
#2316=DIRECTION('center_axis',(0.,0.,1.));
#2317=DIRECTION('ref_axis',(-0.821420775120492,-0.570322636934964,0.));
#2318=DIRECTION('',(0.,0.,1.));
#2319=DIRECTION('center_axis',(0.,0.,-1.));
#2320=DIRECTION('ref_axis',(-0.821420775120492,-0.570322636934964,0.));
#2321=DIRECTION('',(0.,0.,1.));
#2322=DIRECTION('center_axis',(0.,0.,1.));
#2323=DIRECTION('ref_axis',(-0.89669239827391,0.442654202372217,0.));
#2324=DIRECTION('center_axis',(0.,0.,1.));
#2325=DIRECTION('ref_axis',(-0.89669239827391,0.442654202372217,0.));
#2326=DIRECTION('center_axis',(0.,0.,-1.));
#2327=DIRECTION('ref_axis',(-0.89669239827391,0.442654202372217,0.));
#2328=DIRECTION('',(0.,0.,-1.));
#2329=DIRECTION('center_axis',(0.,0.,1.));
#2330=DIRECTION('ref_axis',(0.29988646202704,-0.953974900032965,0.));
#2331=DIRECTION('center_axis',(0.,0.,1.));
#2332=DIRECTION('ref_axis',(0.29988646202704,-0.953974900032965,0.));
#2333=DIRECTION('',(0.,0.,1.));
#2334=DIRECTION('center_axis',(0.,0.,-1.));
#2335=DIRECTION('ref_axis',(0.29988646202704,-0.953974900032965,0.));
#2336=DIRECTION('center_axis',(0.,0.,1.));
#2337=DIRECTION('ref_axis',(-0.627469007380852,-0.778641538049755,0.));
#2338=DIRECTION('center_axis',(0.,0.,1.));
#2339=DIRECTION('ref_axis',(-0.627469007380852,-0.778641538049755,0.));
#2340=DIRECTION('',(0.,0.,1.));
#2341=DIRECTION('center_axis',(0.,0.,-1.));
#2342=DIRECTION('ref_axis',(-0.627469007380852,-0.778641538049755,0.));
#2343=DIRECTION('',(0.,0.,1.));
#2344=DIRECTION('center_axis',(0.,0.,1.));
#2345=DIRECTION('ref_axis',(-0.985080155868277,0.172096154851089,0.));
#2346=DIRECTION('center_axis',(0.,0.,1.));
#2347=DIRECTION('ref_axis',(-0.985080155868277,0.172096154851089,0.));
#2348=DIRECTION('center_axis',(0.,0.,-1.));
#2349=DIRECTION('ref_axis',(-0.985080155868277,0.172096154851089,0.));
#2350=DIRECTION('',(0.,0.,-1.));
#2351=DIRECTION('center_axis',(0.,0.,1.));
#2352=DIRECTION('ref_axis',(0.55650474094589,-0.830844433877213,0.));
#2353=DIRECTION('center_axis',(0.,0.,1.));
#2354=DIRECTION('ref_axis',(0.55650474094589,-0.830844433877213,0.));
#2355=DIRECTION('',(0.,0.,1.));
#2356=DIRECTION('center_axis',(0.,0.,-1.));
#2357=DIRECTION('ref_axis',(0.55650474094589,-0.830844433877213,0.));
#2358=DIRECTION('center_axis',(0.,0.,1.));
#2359=DIRECTION('ref_axis',(-0.38268343236509,-0.923879532511287,0.));
#2360=DIRECTION('center_axis',(0.,0.,1.));
#2361=DIRECTION('ref_axis',(-0.38268343236509,-0.923879532511287,0.));
#2362=DIRECTION('',(0.,0.,1.));
#2363=DIRECTION('center_axis',(0.,0.,-1.));
#2364=DIRECTION('ref_axis',(-0.38268343236509,-0.923879532511287,0.));
#2365=DIRECTION('',(0.,0.,1.));
#2366=DIRECTION('center_axis',(0.,0.,1.));
#2367=DIRECTION('ref_axis',(-0.993662577731462,-0.112404099640831,0.));
#2368=DIRECTION('center_axis',(0.,0.,1.));
#2369=DIRECTION('ref_axis',(-0.993662577731462,-0.112404099640831,0.));
#2370=DIRECTION('center_axis',(0.,0.,-1.));
#2371=DIRECTION('ref_axis',(-0.993662577731462,-0.112404099640831,0.));
#2372=DIRECTION('',(0.,0.,-1.));
#2373=DIRECTION('center_axis',(0.,0.,1.));
#2374=DIRECTION('ref_axis',(0.768038315414435,-0.640403892910838,0.));
#2375=DIRECTION('center_axis',(0.,0.,1.));
#2376=DIRECTION('ref_axis',(0.768038315414435,-0.640403892910838,0.));
#2377=DIRECTION('',(0.,0.,1.));
#2378=DIRECTION('center_axis',(0.,0.,-1.));
#2379=DIRECTION('ref_axis',(0.768038315414435,-0.640403892910838,0.));
#2380=DIRECTION('center_axis',(0.,0.,1.));
#2381=DIRECTION('ref_axis',(-0.106895121565113,-0.994270301771897,0.));
#2382=DIRECTION('center_axis',(0.,0.,1.));
#2383=DIRECTION('ref_axis',(-0.106895121565113,-0.994270301771897,0.));
#2384=DIRECTION('',(0.,0.,1.));
#2385=DIRECTION('center_axis',(0.,0.,-1.));
#2386=DIRECTION('ref_axis',(-0.106895121565113,-0.994270301771897,0.));
#2387=DIRECTION('',(0.,0.,1.));
#2388=DIRECTION('center_axis',(0.,0.,1.));
#2389=DIRECTION('ref_axis',(-0.921744367085737,-0.387798042472772,0.));
#2390=DIRECTION('center_axis',(0.,0.,1.));
#2391=DIRECTION('ref_axis',(-0.921744367085737,-0.387798042472772,0.));
#2392=DIRECTION('center_axis',(0.,0.,-1.));
#2393=DIRECTION('ref_axis',(-0.921744367085737,-0.387798042472772,0.));
#2394=DIRECTION('',(0.,0.,-1.));
#2395=DIRECTION('center_axis',(0.,0.,1.));
#2396=DIRECTION('ref_axis',(0.917349993267841,-0.398081637169427,0.));
#2397=DIRECTION('center_axis',(0.,0.,1.));
#2398=DIRECTION('ref_axis',(0.917349993267841,-0.398081637169427,0.));
#2399=DIRECTION('',(0.,0.,1.));
#2400=DIRECTION('center_axis',(0.,0.,-1.));
#2401=DIRECTION('ref_axis',(0.917349993267841,-0.398081637169427,0.));
#2402=DIRECTION('center_axis',(0.,0.,1.));
#2403=DIRECTION('ref_axis',(0.177553196254303,-0.984111204336116,0.));
#2404=DIRECTION('center_axis',(0.,0.,1.));
#2405=DIRECTION('ref_axis',(0.177553196254303,-0.984111204336116,0.));
#2406=DIRECTION('',(0.,0.,1.));
#2407=DIRECTION('center_axis',(0.,0.,-1.));
#2408=DIRECTION('ref_axis',(0.177553196254303,-0.984111204336116,0.));
#2409=DIRECTION('',(0.,0.,1.));
#2410=DIRECTION('center_axis',(0.,0.,1.));
#2411=DIRECTION('ref_axis',(-0.775151909643551,-0.631774894227331,0.));
#2412=DIRECTION('center_axis',(0.,0.,1.));
#2413=DIRECTION('ref_axis',(-0.775151909643551,-0.631774894227331,0.));
#2414=DIRECTION('center_axis',(0.,0.,-1.));
#2415=DIRECTION('ref_axis',(-0.775151909643551,-0.631774894227331,0.));
#2416=DIRECTION('',(0.,0.,-1.));
#2417=DIRECTION('center_axis',(0.,0.,1.));
#2418=DIRECTION('ref_axis',(0.992343430357165,-0.123509174667204,0.));
#2419=DIRECTION('center_axis',(0.,0.,1.));
#2420=DIRECTION('ref_axis',(0.992343430357165,-0.123509174667204,0.));
#2421=DIRECTION('',(0.,0.,1.));
#2422=DIRECTION('center_axis',(0.,0.,-1.));
#2423=DIRECTION('ref_axis',(0.992343430357165,-0.123509174667204,0.));
#2424=DIRECTION('center_axis',(0.,0.,1.));
#2425=DIRECTION('ref_axis',(0.447617210062712,-0.894225269859711,0.));
#2426=DIRECTION('center_axis',(0.,0.,1.));
#2427=DIRECTION('ref_axis',(0.447617210062712,-0.894225269859711,0.));
#2428=DIRECTION('',(0.,0.,1.));
#2429=DIRECTION('center_axis',(0.,0.,-1.));
#2430=DIRECTION('ref_axis',(0.447617210062712,-0.894225269859711,0.));
#2431=DIRECTION('',(0.,0.,1.));
#2432=DIRECTION('center_axis',(0.,0.,1.));
#2433=DIRECTION('ref_axis',(-0.565761254487957,-0.824569101361561,0.));
#2434=DIRECTION('center_axis',(0.,0.,1.));
#2435=DIRECTION('ref_axis',(-0.565761254487957,-0.824569101361561,0.));
#2436=DIRECTION('center_axis',(0.,0.,-1.));
#2437=DIRECTION('ref_axis',(-0.565761254487957,-0.824569101361561,0.));
#2438=DIRECTION('',(0.,0.,-1.));
#2439=DIRECTION('center_axis',(0.,0.,1.));
#2440=DIRECTION('ref_axis',(0.986943104412573,0.161069266629212,0.));
#2441=DIRECTION('center_axis',(0.,0.,1.));
#2442=DIRECTION('ref_axis',(0.986943104412573,0.161069266629212,0.));
#2443=DIRECTION('',(0.,0.,1.));
#2444=DIRECTION('center_axis',(0.,0.,-1.));
#2445=DIRECTION('ref_axis',(0.986943104412573,0.161069266629212,0.));
#2446=DIRECTION('center_axis',(0.,0.,1.));
#2447=DIRECTION('ref_axis',(0.681417939593891,-0.731894522181725,0.));
#2448=DIRECTION('center_axis',(0.,0.,1.));
#2449=DIRECTION('ref_axis',(0.681417939593891,-0.731894522181725,0.));
#2450=DIRECTION('',(0.,0.,1.));
#2451=DIRECTION('center_axis',(0.,0.,-1.));
#2452=DIRECTION('ref_axis',(0.681417939593891,-0.731894522181725,0.));
#2453=DIRECTION('',(0.,0.,1.));
#2454=DIRECTION('center_axis',(0.,0.,1.));
#2455=DIRECTION('ref_axis',(-0.310535987205486,-0.950561623804745,0.));
#2456=DIRECTION('center_axis',(0.,0.,1.));
#2457=DIRECTION('ref_axis',(-0.310535987205486,-0.950561623804745,0.));
#2458=DIRECTION('center_axis',(0.,0.,-1.));
#2459=DIRECTION('ref_axis',(-0.310535987205486,-0.950561623804745,0.));
#2460=DIRECTION('',(0.,0.,-1.));
#2461=DIRECTION('center_axis',(0.,0.,1.));
#2462=DIRECTION('ref_axis',(0.901586517725121,0.432598833859141,0.));
#2463=DIRECTION('center_axis',(0.,0.,1.));
#2464=DIRECTION('ref_axis',(0.901586517725121,0.432598833859141,0.));
#2465=DIRECTION('',(0.,0.,1.));
#2466=DIRECTION('center_axis',(0.,0.,-1.));
#2467=DIRECTION('ref_axis',(0.901586517725121,0.432598833859141,0.));
#2468=DIRECTION('center_axis',(0.,0.,1.));
#2469=DIRECTION('ref_axis',(0.860014240207701,-0.5102700330609,0.));
#2470=DIRECTION('center_axis',(0.,0.,1.));
#2471=DIRECTION('ref_axis',(0.860014240207701,-0.5102700330609,0.));
#2472=DIRECTION('',(0.,0.,1.));
#2473=DIRECTION('center_axis',(0.,0.,-1.));
#2474=DIRECTION('ref_axis',(0.860014240207701,-0.5102700330609,0.));
#2475=DIRECTION('',(0.,0.,1.));
#2476=DIRECTION('center_axis',(0.,0.,1.));
#2477=DIRECTION('ref_axis',(-0.0301529410682531,-0.999545296694919,0.));
#2478=DIRECTION('center_axis',(0.,0.,1.));
#2479=DIRECTION('ref_axis',(-0.0301529410682531,-0.999545296694919,0.));
#2480=DIRECTION('center_axis',(0.,0.,-1.));
#2481=DIRECTION('ref_axis',(-0.0301529410682531,-0.999545296694919,0.));
#2482=DIRECTION('',(0.,0.,-1.));
#2483=DIRECTION('center_axis',(0.,0.,1.));
#2484=DIRECTION('ref_axis',(0.74318875331306,0.669081816334131,0.));
#2485=DIRECTION('center_axis',(0.,0.,1.));
#2486=DIRECTION('ref_axis',(0.74318875331306,0.669081816334131,0.));
#2487=DIRECTION('',(0.,0.,1.));
#2488=DIRECTION('center_axis',(0.,0.,-1.));
#2489=DIRECTION('ref_axis',(0.74318875331306,0.669081816334131,0.));
#2490=DIRECTION('center_axis',(0.,0.,1.));
#2491=DIRECTION('ref_axis',(0.968937301781507,-0.247306500554215,0.));
#2492=DIRECTION('center_axis',(0.,0.,1.));
#2493=DIRECTION('ref_axis',(0.968937301781507,-0.247306500554215,0.));
#2494=DIRECTION('',(0.,0.,1.));
#2495=DIRECTION('center_axis',(0.,0.,-1.));
#2496=DIRECTION('ref_axis',(0.968937301781507,-0.247306500554215,0.));
#2497=DIRECTION('',(0.,0.,1.));
#2498=DIRECTION('center_axis',(0.,0.,1.));
#2499=DIRECTION('ref_axis',(0.252672917027885,-0.967551754171641,0.));
#2500=DIRECTION('center_axis',(0.,0.,1.));
#2501=DIRECTION('ref_axis',(0.252672917027885,-0.967551754171641,0.));
#2502=DIRECTION('center_axis',(0.,0.,-1.));
#2503=DIRECTION('ref_axis',(0.252672917027885,-0.967551754171641,0.));
#2504=DIRECTION('',(0.,0.,-1.));
#2505=DIRECTION('center_axis',(0.,0.,1.));
#2506=DIRECTION('ref_axis',(0.524582256021276,0.851359769232507,0.));
#2507=DIRECTION('center_axis',(0.,0.,1.));
#2508=DIRECTION('ref_axis',(0.524582256021276,0.851359769232507,0.));
#2509=DIRECTION('',(0.,0.,1.));
#2510=DIRECTION('center_axis',(0.,0.,-1.));
#2511=DIRECTION('ref_axis',(0.524582256021276,0.851359769232507,0.));
#2512=DIRECTION('center_axis',(0.,0.,1.));
#2513=DIRECTION('ref_axis',(0.999362825656992,0.0356923338389805,0.));
#2514=DIRECTION('center_axis',(0.,0.,1.));
#2515=DIRECTION('ref_axis',(0.999362825656992,0.0356923338389805,0.));
#2516=DIRECTION('',(0.,0.,1.));
#2517=DIRECTION('center_axis',(0.,0.,-1.));
#2518=DIRECTION('ref_axis',(0.999362825656992,0.0356923338389805,0.));
#2519=DIRECTION('',(0.,0.,1.));
#2520=DIRECTION('center_axis',(0.,0.,1.));
#2521=DIRECTION('ref_axis',(0.515028718090121,-0.857172922777223,0.));
#2522=DIRECTION('center_axis',(0.,0.,1.));
#2523=DIRECTION('ref_axis',(0.515028718090121,-0.857172922777223,0.));
#2524=DIRECTION('center_axis',(0.,0.,-1.));
#2525=DIRECTION('ref_axis',(0.515028718090121,-0.857172922777223,0.));
#2526=DIRECTION('',(0.,0.,-1.));
#2527=DIRECTION('center_axis',(0.,0.,1.));
#2528=DIRECTION('ref_axis',(0.263477224157452,0.96466561685917,0.));
#2529=DIRECTION('center_axis',(0.,0.,1.));
#2530=DIRECTION('ref_axis',(0.263477224157452,0.96466561685917,0.));
#2531=DIRECTION('',(0.,0.,1.));
#2532=DIRECTION('center_axis',(0.,0.,-1.));
#2533=DIRECTION('ref_axis',(0.263477224157452,0.96466561685917,0.));
#2534=DIRECTION('center_axis',(0.,0.,1.));
#2535=DIRECTION('ref_axis',(0.94882591683732,0.315799587615025,0.));
#2536=DIRECTION('center_axis',(0.,0.,1.));
#2537=DIRECTION('ref_axis',(0.94882591683732,0.315799587615025,0.));
#2538=DIRECTION('',(0.,0.,1.));
#2539=DIRECTION('center_axis',(0.,0.,-1.));
#2540=DIRECTION('ref_axis',(0.94882591683732,0.315799587615025,0.));
#2541=DIRECTION('',(0.,0.,1.));
#2542=DIRECTION('center_axis',(0.,0.,1.));
#2543=DIRECTION('ref_axis',(0.735659955406421,-0.677351038983054,0.));
#2544=DIRECTION('center_axis',(0.,0.,1.));
#2545=DIRECTION('ref_axis',(0.735659955406421,-0.677351038983054,0.));
#2546=DIRECTION('center_axis',(0.,0.,-1.));
#2547=DIRECTION('ref_axis',(0.735659955406421,-0.677351038983054,0.));
#2548=DIRECTION('',(0.,0.,-1.));
#2549=DIRECTION('center_axis',(0.,0.,1.));
#2550=DIRECTION('ref_axis',(-0.0189731654482214,0.99981999329523,0.));
#2551=DIRECTION('center_axis',(0.,0.,1.));
#2552=DIRECTION('ref_axis',(-0.0189731654482214,0.99981999329523,0.));
#2553=DIRECTION('',(0.,0.,1.));
#2554=DIRECTION('center_axis',(0.,0.,-1.));
#2555=DIRECTION('ref_axis',(-0.0189731654482214,0.99981999329523,0.));
#2556=DIRECTION('center_axis',(0.,0.,1.));
#2557=DIRECTION('ref_axis',(0.821420775120491,0.570322636934964,0.));
#2558=DIRECTION('center_axis',(0.,0.,1.));
#2559=DIRECTION('ref_axis',(0.821420775120491,0.570322636934964,0.));
#2560=DIRECTION('',(0.,0.,1.));
#2561=DIRECTION('center_axis',(0.,0.,-1.));
#2562=DIRECTION('ref_axis',(0.821420775120491,0.570322636934964,0.));
#2563=DIRECTION('',(0.,0.,1.));
#2564=DIRECTION('center_axis',(0.,0.,1.));
#2565=DIRECTION('ref_axis',(0.89669239827391,-0.442654202372217,0.));
#2566=DIRECTION('center_axis',(0.,0.,1.));
#2567=DIRECTION('ref_axis',(0.89669239827391,-0.442654202372217,0.));
#2568=DIRECTION('center_axis',(0.,0.,-1.));
#2569=DIRECTION('ref_axis',(0.89669239827391,-0.442654202372217,0.));
#2570=DIRECTION('',(0.,0.,-1.));
#2571=DIRECTION('center_axis',(0.,0.,1.));
#2572=DIRECTION('ref_axis',(-0.29988646202704,0.953974900032964,0.));
#2573=DIRECTION('center_axis',(0.,0.,1.));
#2574=DIRECTION('ref_axis',(-0.29988646202704,0.953974900032964,0.));
#2575=DIRECTION('',(0.,0.,1.));
#2576=DIRECTION('center_axis',(0.,0.,-1.));
#2577=DIRECTION('ref_axis',(-0.29988646202704,0.953974900032964,0.));
#2578=DIRECTION('center_axis',(0.,0.,1.));
#2579=DIRECTION('ref_axis',(0.627469007380852,0.778641538049755,0.));
#2580=DIRECTION('center_axis',(0.,0.,1.));
#2581=DIRECTION('ref_axis',(0.627469007380852,0.778641538049755,0.));
#2582=DIRECTION('',(0.,0.,1.));
#2583=DIRECTION('center_axis',(0.,0.,-1.));
#2584=DIRECTION('ref_axis',(0.627469007380852,0.778641538049755,0.));
#2585=DIRECTION('',(0.,0.,1.));
#2586=DIRECTION('center_axis',(0.,0.,1.));
#2587=DIRECTION('ref_axis',(0.985080155868277,-0.172096154851089,0.));
#2588=DIRECTION('center_axis',(0.,0.,1.));
#2589=DIRECTION('ref_axis',(0.985080155868277,-0.172096154851089,0.));
#2590=DIRECTION('center_axis',(0.,0.,-1.));
#2591=DIRECTION('ref_axis',(0.985080155868277,-0.172096154851089,0.));
#2592=DIRECTION('',(0.,0.,-1.));
#2593=DIRECTION('center_axis',(0.,0.,1.));
#2594=DIRECTION('ref_axis',(-0.55650474094589,0.830844433877214,0.));
#2595=DIRECTION('center_axis',(0.,0.,1.));
#2596=DIRECTION('ref_axis',(-0.55650474094589,0.830844433877214,0.));
#2597=DIRECTION('',(0.,0.,1.));
#2598=DIRECTION('center_axis',(0.,0.,-1.));
#2599=DIRECTION('ref_axis',(-0.55650474094589,0.830844433877214,0.));
#2600=DIRECTION('center_axis',(0.,0.,1.));
#2601=DIRECTION('ref_axis',(0.38268343236509,0.923879532511287,0.));
#2602=DIRECTION('center_axis',(0.,0.,1.));
#2603=DIRECTION('ref_axis',(0.38268343236509,0.923879532511287,0.));
#2604=DIRECTION('',(0.,0.,1.));
#2605=DIRECTION('center_axis',(0.,0.,-1.));
#2606=DIRECTION('ref_axis',(0.38268343236509,0.923879532511287,0.));
#2607=DIRECTION('',(0.,0.,1.));
#2608=DIRECTION('center_axis',(0.,0.,1.));
#2609=DIRECTION('ref_axis',(0.993662577731462,0.112404099640831,0.));
#2610=DIRECTION('center_axis',(0.,0.,1.));
#2611=DIRECTION('ref_axis',(0.993662577731462,0.112404099640831,0.));
#2612=DIRECTION('center_axis',(0.,0.,-1.));
#2613=DIRECTION('ref_axis',(0.993662577731462,0.112404099640831,0.));
#2614=DIRECTION('',(0.,0.,-1.));
#2615=DIRECTION('center_axis',(0.,0.,1.));
#2616=DIRECTION('ref_axis',(-0.768038315414435,0.640403892910838,0.));
#2617=DIRECTION('center_axis',(0.,0.,1.));
#2618=DIRECTION('ref_axis',(-0.768038315414435,0.640403892910838,0.));
#2619=DIRECTION('',(0.,0.,1.));
#2620=DIRECTION('center_axis',(0.,0.,-1.));
#2621=DIRECTION('ref_axis',(-0.768038315414435,0.640403892910838,0.));
#2622=DIRECTION('center_axis',(0.,0.,1.));
#2623=DIRECTION('ref_axis',(0.106895121565113,0.994270301771897,0.));
#2624=DIRECTION('center_axis',(0.,0.,1.));
#2625=DIRECTION('ref_axis',(0.106895121565113,0.994270301771897,0.));
#2626=DIRECTION('',(0.,0.,1.));
#2627=DIRECTION('center_axis',(0.,0.,-1.));
#2628=DIRECTION('ref_axis',(0.106895121565113,0.994270301771897,0.));
#2629=DIRECTION('',(0.,0.,1.));
#2630=DIRECTION('center_axis',(0.,0.,1.));
#2631=DIRECTION('ref_axis',(0.921744367085737,0.387798042472772,0.));
#2632=DIRECTION('center_axis',(0.,0.,1.));
#2633=DIRECTION('ref_axis',(0.921744367085737,0.387798042472772,0.));
#2634=DIRECTION('center_axis',(0.,0.,-1.));
#2635=DIRECTION('ref_axis',(0.921744367085737,0.387798042472772,0.));
#2636=DIRECTION('',(0.,0.,-1.));
#2637=DIRECTION('center_axis',(0.,0.,1.));
#2638=DIRECTION('ref_axis',(-0.917349993267841,0.398081637169427,0.));
#2639=DIRECTION('center_axis',(0.,0.,1.));
#2640=DIRECTION('ref_axis',(-0.917349993267841,0.398081637169427,0.));
#2641=DIRECTION('',(0.,0.,1.));
#2642=DIRECTION('center_axis',(0.,0.,-1.));
#2643=DIRECTION('ref_axis',(-0.917349993267841,0.398081637169427,0.));
#2644=DIRECTION('center_axis',(0.,0.,-1.));
#2645=DIRECTION('ref_axis',(-1.,0.,0.));
#2646=DIRECTION('center_axis',(0.,0.,-1.));
#2647=DIRECTION('ref_axis',(-1.,0.,0.));
#2648=DIRECTION('center_axis',(0.,0.,-1.));
#2649=DIRECTION('ref_axis',(-1.,0.,0.));
#2650=DIRECTION('center_axis',(0.,0.,-1.));
#2651=DIRECTION('ref_axis',(-1.,0.,0.));
#2652=DIRECTION('center_axis',(0.,0.,-1.));
#2653=DIRECTION('ref_axis',(-1.,0.,0.));
#2654=DIRECTION('center_axis',(0.,0.,-1.));
#2655=DIRECTION('ref_axis',(-1.,0.,0.));
#2656=DIRECTION('center_axis',(0.,0.,-1.));
#2657=DIRECTION('ref_axis',(-1.,0.,0.));
#2658=DIRECTION('center_axis',(0.,0.,-1.));
#2659=DIRECTION('ref_axis',(-1.,0.,0.));
#2660=DIRECTION('center_axis',(0.,0.,-1.));
#2661=DIRECTION('ref_axis',(-1.,0.,0.));
#2662=DIRECTION('center_axis',(0.,0.,-1.));
#2663=DIRECTION('ref_axis',(-1.,0.,0.));
#2664=DIRECTION('center_axis',(0.,0.,-1.));
#2665=DIRECTION('ref_axis',(-1.,0.,0.));
#2666=DIRECTION('center_axis',(0.,0.,-1.));
#2667=DIRECTION('ref_axis',(-1.,0.,0.));
#2668=DIRECTION('center_axis',(0.,0.,-1.));
#2669=DIRECTION('ref_axis',(-1.,0.,0.));
#2670=DIRECTION('center_axis',(0.,0.,-1.));
#2671=DIRECTION('ref_axis',(-1.,0.,0.));
#2672=DIRECTION('center_axis',(0.,0.,-1.));
#2673=DIRECTION('ref_axis',(-1.,0.,0.));
#2674=DIRECTION('center_axis',(0.,0.,-1.));
#2675=DIRECTION('ref_axis',(-1.,0.,0.));
#2676=DIRECTION('center_axis',(0.,0.,-1.));
#2677=DIRECTION('ref_axis',(-1.,0.,0.));
#2678=DIRECTION('center_axis',(0.,0.,-1.));
#2679=DIRECTION('ref_axis',(-1.,0.,0.));
#2680=DIRECTION('center_axis',(0.,0.,-1.));
#2681=DIRECTION('ref_axis',(-1.,0.,0.));
#2682=DIRECTION('center_axis',(0.,0.,-1.));
#2683=DIRECTION('ref_axis',(-1.,0.,0.));
#2684=DIRECTION('center_axis',(0.,0.,-1.));
#2685=DIRECTION('ref_axis',(-1.,0.,0.));
#2686=DIRECTION('center_axis',(0.,0.,-1.));
#2687=DIRECTION('ref_axis',(-1.,0.,0.));
#2688=DIRECTION('center_axis',(0.,0.,1.));
#2689=DIRECTION('ref_axis',(-0.992343430357165,0.123509174667204,0.));
#2690=DIRECTION('center_axis',(0.,0.,1.));
#2691=DIRECTION('ref_axis',(-0.177553196254303,0.984111204336116,0.));
#2692=DIRECTION('center_axis',(0.,0.,1.));
#2693=DIRECTION('ref_axis',(0.775151909643551,0.631774894227331,0.));
#2694=DIRECTION('center_axis',(0.,0.,-1.));
#2695=DIRECTION('ref_axis',(-1.,0.,0.));
#2696=DIRECTION('center_axis',(0.,0.,1.));
#2697=DIRECTION('ref_axis',(-1.,0.,0.));
#2698=DIRECTION('center_axis',(0.,0.,-1.));
#2699=DIRECTION('ref_axis',(-1.,0.,0.));
#2700=DIRECTION('',(0.,0.,1.));
#2701=DIRECTION('center_axis',(0.,0.,1.));
#2702=DIRECTION('ref_axis',(-1.,0.,0.));
#2703=DIRECTION('center_axis',(0.,0.,-1.));
#2704=DIRECTION('ref_axis',(-1.,0.,0.));
#2705=DIRECTION('center_axis',(0.,0.,1.));
#2706=DIRECTION('ref_axis',(-1.,0.,0.));
#2707=DIRECTION('center_axis',(0.,0.,-1.));
#2708=DIRECTION('ref_axis',(-1.,0.,0.));
#2709=DIRECTION('center_axis',(0.,0.,1.));
#2710=DIRECTION('ref_axis',(-1.,0.,0.));
#2711=DIRECTION('center_axis',(0.,0.,-1.));
#2712=DIRECTION('ref_axis',(-1.,0.,0.));
#2713=DIRECTION('center_axis',(0.,0.,1.));
#2714=DIRECTION('ref_axis',(-1.,0.,0.));
#2715=DIRECTION('center_axis',(0.,0.,-1.));
#2716=DIRECTION('ref_axis',(-1.,0.,0.));
#2717=DIRECTION('center_axis',(0.,0.,1.));
#2718=DIRECTION('ref_axis',(-1.,0.,0.));
#2719=DIRECTION('center_axis',(0.,0.,-1.));
#2720=DIRECTION('ref_axis',(-1.,0.,0.));
#2721=DIRECTION('center_axis',(0.,0.,1.));
#2722=DIRECTION('ref_axis',(-1.,0.,0.));
#2723=DIRECTION('center_axis',(0.,0.,-1.));
#2724=DIRECTION('ref_axis',(-1.,0.,0.));
#2725=DIRECTION('center_axis',(0.,0.,1.));
#2726=DIRECTION('ref_axis',(-1.,0.,0.));
#2727=DIRECTION('center_axis',(0.,0.,-1.));
#2728=DIRECTION('ref_axis',(-1.,0.,0.));
#2729=DIRECTION('center_axis',(0.,0.,1.));
#2730=DIRECTION('ref_axis',(-1.,0.,0.));
#2731=DIRECTION('center_axis',(0.,0.,-1.));
#2732=DIRECTION('ref_axis',(-1.,0.,0.));
#2733=DIRECTION('center_axis',(0.,0.,1.));
#2734=DIRECTION('ref_axis',(-1.,0.,0.));
#2735=DIRECTION('center_axis',(0.,0.,-1.));
#2736=DIRECTION('ref_axis',(-1.,0.,0.));
#2737=DIRECTION('center_axis',(0.,0.,1.));
#2738=DIRECTION('ref_axis',(-1.,0.,0.));
#2739=DIRECTION('center_axis',(0.,0.,-1.));
#2740=DIRECTION('ref_axis',(-1.,0.,0.));
#2741=DIRECTION('center_axis',(0.,0.,1.));
#2742=DIRECTION('ref_axis',(-1.,0.,0.));
#2743=DIRECTION('center_axis',(0.,0.,-1.));
#2744=DIRECTION('ref_axis',(-1.,0.,0.));
#2745=DIRECTION('center_axis',(0.,0.,1.));
#2746=DIRECTION('ref_axis',(-1.,0.,0.));
#2747=DIRECTION('center_axis',(0.,0.,-1.));
#2748=DIRECTION('ref_axis',(-1.,0.,0.));
#2749=DIRECTION('center_axis',(0.,0.,1.));
#2750=DIRECTION('ref_axis',(-1.,0.,0.));
#2751=DIRECTION('center_axis',(0.,0.,-1.));
#2752=DIRECTION('ref_axis',(-1.,0.,0.));
#2753=DIRECTION('center_axis',(0.,0.,1.));
#2754=DIRECTION('ref_axis',(-1.,0.,0.));
#2755=DIRECTION('center_axis',(0.,0.,-1.));
#2756=DIRECTION('ref_axis',(-1.,0.,0.));
#2757=DIRECTION('center_axis',(0.,0.,1.));
#2758=DIRECTION('ref_axis',(-1.,0.,0.));
#2759=DIRECTION('center_axis',(0.,0.,-1.));
#2760=DIRECTION('ref_axis',(-1.,0.,0.));
#2761=DIRECTION('center_axis',(0.,0.,1.));
#2762=DIRECTION('ref_axis',(-1.,0.,0.));
#2763=DIRECTION('center_axis',(0.,0.,-1.));
#2764=DIRECTION('ref_axis',(-1.,0.,0.));
#2765=DIRECTION('center_axis',(0.,0.,1.));
#2766=DIRECTION('ref_axis',(-1.,0.,0.));
#2767=DIRECTION('center_axis',(0.,0.,-1.));
#2768=DIRECTION('ref_axis',(-1.,0.,0.));
#2769=DIRECTION('center_axis',(0.,0.,1.));
#2770=DIRECTION('ref_axis',(-1.,0.,0.));
#2771=DIRECTION('center_axis',(0.,0.,-1.));
#2772=DIRECTION('ref_axis',(-1.,0.,0.));
#2773=DIRECTION('center_axis',(0.,0.,1.));
#2774=DIRECTION('ref_axis',(-1.,0.,0.));
#2775=DIRECTION('center_axis',(0.,0.,-1.));
#2776=DIRECTION('ref_axis',(-1.,0.,0.));
#2777=DIRECTION('center_axis',(0.,0.,1.));
#2778=DIRECTION('ref_axis',(-1.,0.,0.));
#2779=DIRECTION('center_axis',(0.,0.,-1.));
#2780=DIRECTION('ref_axis',(-1.,0.,0.));
#2781=DIRECTION('center_axis',(0.,0.,1.));
#2782=DIRECTION('ref_axis',(-0.177553196254303,0.984111204336116,0.));
#2783=DIRECTION('',(0.,0.,1.));
#2784=DIRECTION('center_axis',(0.,0.,-1.));
#2785=DIRECTION('ref_axis',(-0.177553196254303,0.984111204336116,0.));
#2786=DIRECTION('',(0.,0.,1.));
#2787=DIRECTION('center_axis',(0.,0.,1.));
#2788=DIRECTION('ref_axis',(0.775151909643551,0.631774894227331,0.));
#2789=DIRECTION('center_axis',(0.,0.,-1.));
#2790=DIRECTION('ref_axis',(0.775151909643551,0.631774894227331,0.));
#2791=DIRECTION('',(0.,0.,-1.));
#2792=DIRECTION('center_axis',(0.,0.,1.));
#2793=DIRECTION('ref_axis',(-0.992343430357165,0.123509174667204,0.));
#2794=DIRECTION('center_axis',(0.,0.,-1.));
#2795=DIRECTION('ref_axis',(-0.992343430357165,0.123509174667204,0.));
#2796=DIRECTION('center_axis',(0.,0.,1.));
#2797=DIRECTION('ref_axis',(-1.,0.,0.));
#2798=DIRECTION('center_axis',(0.,0.,-1.));
#2799=DIRECTION('ref_axis',(-1.,0.,0.));
#2800=DIRECTION('center_axis',(0.,0.,-1.));
#2801=DIRECTION('ref_axis',(-1.,0.,0.));
#2802=DIRECTION('',(0.,0.,1.));
#2803=DIRECTION('',(1.,0.,0.));
#2804=DIRECTION('',(0.,0.,1.));
#2805=DIRECTION('',(1.,0.,0.));
#2806=CARTESIAN_POINT('',(0.,0.,0.));
#2807=CARTESIAN_POINT('',(0.,0.,0.));
#2808=CARTESIAN_POINT('',(0.,0.,0.));
#2809=CARTESIAN_POINT('Origin',(0.,0.,0.25));
#2810=CARTESIAN_POINT('',(9.53939201416946,-3.,0.5));
#2811=CARTESIAN_POINT('',(10.0623058987491,-3.,0.));
#2812=CARTESIAN_POINT('Ctrl Pts',(9.53939201416946,-3.,0.5));
#2813=CARTESIAN_POINT('Ctrl Pts',(9.79447195786681,-3.,0.256669242211867));
#2814=CARTESIAN_POINT('Ctrl Pts',(10.0623058987491,-3.,3.46944695195361E-17));
#2815=CARTESIAN_POINT('',(10.0623058987491,3.,0.));
#2816=CARTESIAN_POINT('Origin',(0.,0.,0.));
#2817=CARTESIAN_POINT('',(9.53939201416946,3.,0.5));
#2818=CARTESIAN_POINT('Ctrl Pts',(10.0623058987491,3.,6.93889390390723E-17));
#2819=CARTESIAN_POINT('Ctrl Pts',(9.79447195786685,3.,0.256669242211832));
#2820=CARTESIAN_POINT('Ctrl Pts',(9.53939201416946,3.,0.5));
#2821=CARTESIAN_POINT('Origin',(0.,0.,0.5));
#2822=CARTESIAN_POINT('Origin',(9.53939201416946,-3.,16.));
#2823=CARTESIAN_POINT('',(9.53939201416946,-3.,15.5));
#2824=CARTESIAN_POINT('',(9.53939201416946,-3.,16.));
#2825=CARTESIAN_POINT('',(10.0623058987491,-3.,16.));
#2826=CARTESIAN_POINT('Ctrl Pts',(10.0623058987491,-3.,16.));
#2827=CARTESIAN_POINT('Ctrl Pts',(9.79447195786685,-3.,15.7433307577882));
#2828=CARTESIAN_POINT('Ctrl Pts',(9.53939201416946,-3.,15.5));
#2829=CARTESIAN_POINT('',(12.8,-3.,16.));
#2830=CARTESIAN_POINT('',(4.76969600708473,-3.,16.));
#2831=CARTESIAN_POINT('',(12.8,-3.,0.));
#2832=CARTESIAN_POINT('',(12.8,-3.,16.));
#2833=CARTESIAN_POINT('',(4.76969600708473,-3.,0.));
#2834=CARTESIAN_POINT('Origin',(0.,0.,16.));
#2835=CARTESIAN_POINT('',(9.53939201416946,3.,15.5));
#2836=CARTESIAN_POINT('',(9.53939201416946,3.,16.));
#2837=CARTESIAN_POINT('Origin',(0.,0.,15.5));
#2838=CARTESIAN_POINT('Origin',(10.,3.,16.));
#2839=CARTESIAN_POINT('',(12.8,3.,0.));
#2840=CARTESIAN_POINT('',(5.,3.,0.));
#2841=CARTESIAN_POINT('',(12.8,3.,16.));
#2842=CARTESIAN_POINT('',(12.8,3.,16.));
#2843=CARTESIAN_POINT('',(10.0623058987491,3.,16.));
#2844=CARTESIAN_POINT('',(5.,3.,16.));
#2845=CARTESIAN_POINT('Ctrl Pts',(9.53939201416946,3.,15.5));
#2846=CARTESIAN_POINT('Ctrl Pts',(9.79447195786684,3.,15.7433307577882));
#2847=CARTESIAN_POINT('Ctrl Pts',(10.0623058987491,3.,16.));
#2848=CARTESIAN_POINT('Origin',(0.,0.,15.75));
#2849=CARTESIAN_POINT('Origin',(0.,0.,16.));
#2850=CARTESIAN_POINT('Origin',(12.8,0.,16.));
#2851=CARTESIAN_POINT('',(12.8,0.,0.));
#2852=CARTESIAN_POINT('',(12.8,0.,16.));
#2853=CARTESIAN_POINT('Origin',(0.,0.,0.));
#2854=CARTESIAN_POINT('',(-7.46232693111925,18.0156508839701,16.));
#2855=CARTESIAN_POINT('',(-8.7285355962229,17.4373927622644,16.));
#2856=CARTESIAN_POINT('Origin',(0.,0.,16.));
#2857=CARTESIAN_POINT('',(-7.46232693111925,18.0156508839701,0.));
#2858=CARTESIAN_POINT('',(-7.46232693111925,18.0156508839701,0.));
#2859=CARTESIAN_POINT('',(-8.7285355962229,17.4373927622644,0.));
#2860=CARTESIAN_POINT('Origin',(0.,0.,0.));
#2861=CARTESIAN_POINT('',(-8.7285355962229,17.4373927622644,0.));
#2862=CARTESIAN_POINT('Origin',(-22.0860398561329,6.29967013054432,0.));
#2863=CARTESIAN_POINT('',(-12.2464807934616,20.6403417649848,16.));
#2864=CARTESIAN_POINT('Origin',(-22.0860398561329,6.29967013054432,16.));
#2865=CARTESIAN_POINT('',(-12.2464807934616,20.6403417649848,0.));
#2866=CARTESIAN_POINT('Origin',(-22.0860398561329,6.29967013054432,0.));
#2867=CARTESIAN_POINT('',(-12.2464807934616,20.6403417649848,0.));
#2868=CARTESIAN_POINT('Origin',(9.70230725040094,20.8169218257451,0.));
#2869=CARTESIAN_POINT('',(-7.5791901027606,22.7718220040957,16.));
#2870=CARTESIAN_POINT('Origin',(9.70230725040094,20.8169218257451,16.));
#2871=CARTESIAN_POINT('',(-7.5791901027606,22.7718220040957,0.));
#2872=CARTESIAN_POINT('',(-7.57919010276059,22.7718220040957,0.));
#2873=CARTESIAN_POINT('Origin',(9.70230725040094,20.8169218257451,0.));
#2874=CARTESIAN_POINT('Origin',(0.,0.,0.));
#2875=CARTESIAN_POINT('',(-12.2356456439266,15.1835099919702,16.));
#2876=CARTESIAN_POINT('',(-13.2876498220809,14.2719431825436,16.));
#2877=CARTESIAN_POINT('Origin',(0.,0.,16.));
#2878=CARTESIAN_POINT('',(-12.2356456439266,15.1835099919702,0.));
#2879=CARTESIAN_POINT('',(-12.2356456439266,15.1835099919702,0.));
#2880=CARTESIAN_POINT('',(-13.2876498220809,14.2719431825436,0.));
#2881=CARTESIAN_POINT('Origin',(0.,0.,0.));
#2882=CARTESIAN_POINT('',(-13.2876498220809,14.2719431825436,0.));
#2883=CARTESIAN_POINT('Origin',(-22.9662222300651,-0.177867252823658,0.));
#2884=CARTESIAN_POINT('',(-17.5654685323614,16.3540305502534,16.));
#2885=CARTESIAN_POINT('Origin',(-22.9662222300651,-0.177867252823658,16.));
#2886=CARTESIAN_POINT('',(-17.5654685323614,16.3540305502534,0.));
#2887=CARTESIAN_POINT('Origin',(-22.9662222300651,-0.177867252823658,0.));
#2888=CARTESIAN_POINT('',(-17.5654685323614,16.3540305502534,0.));
#2889=CARTESIAN_POINT('Origin',(3.44449102307337,22.7071460530013,0.));
#2890=CARTESIAN_POINT('',(-13.6877432864391,19.7140986028918,16.));
#2891=CARTESIAN_POINT('Origin',(3.44449102307337,22.7071460530013,16.));
#2892=CARTESIAN_POINT('',(-13.6877432864391,19.7140986028918,0.));
#2893=CARTESIAN_POINT('',(-13.6877432864391,19.7140986028918,0.));
#2894=CARTESIAN_POINT('Origin',(3.44449102307337,22.7071460530013,0.));
#2895=CARTESIAN_POINT('Origin',(0.,0.,0.));
#2896=CARTESIAN_POINT('',(-16.0177051148496,11.1212914202318,16.));
#2897=CARTESIAN_POINT('',(-16.7702776840502,9.95026564468755,16.));
#2898=CARTESIAN_POINT('Origin',(0.,0.,16.));
#2899=CARTESIAN_POINT('',(-16.0177051148496,11.1212914202318,0.));
#2900=CARTESIAN_POINT('',(-16.0177051148496,11.1212914202318,0.));
#2901=CARTESIAN_POINT('',(-16.7702776840502,9.95026564468755,0.));
#2902=CARTESIAN_POINT('Origin',(0.,0.,0.));
#2903=CARTESIAN_POINT('',(-16.7702776840502,9.95026564468755,0.));
#2904=CARTESIAN_POINT('Origin',(-21.9858178643002,-6.64099488918514,0.));
#2905=CARTESIAN_POINT('',(-21.4614064766331,10.7428130415051,16.));
#2906=CARTESIAN_POINT('Origin',(-21.9858178643002,-6.64099488918514,16.));
#2907=CARTESIAN_POINT('',(-21.4614064766331,10.7428130415051,0.));
#2908=CARTESIAN_POINT('Origin',(-21.9858178643002,-6.64099488918514,0.));
#2909=CARTESIAN_POINT('',(-21.4614064766331,10.7428130415051,0.));
#2910=CARTESIAN_POINT('Origin',(-3.09237738176672,22.7577723516407,0.));
#2911=CARTESIAN_POINT('',(-18.6873969131941,15.0592561771405,16.));
#2912=CARTESIAN_POINT('Origin',(-3.09237738176672,22.7577723516407,16.));
#2913=CARTESIAN_POINT('',(-18.6873969131941,15.0592561771405,0.));
#2914=CARTESIAN_POINT('',(-18.6873969131941,15.0592561771405,0.));
#2915=CARTESIAN_POINT('Origin',(-3.09237738176672,22.7577723516407,0.));
#2916=CARTESIAN_POINT('Origin',(0.,0.,0.));
#2917=CARTESIAN_POINT('',(-18.5021053783277,6.15809195849298,16.));
#2918=CARTESIAN_POINT('',(-18.8942773847394,4.8224767608072,16.));
#2919=CARTESIAN_POINT('Origin',(0.,0.,16.));
#2920=CARTESIAN_POINT('',(-18.5021053783277,6.15809195849298,0.));
#2921=CARTESIAN_POINT('',(-18.5021053783277,6.15809195849298,0.));
#2922=CARTESIAN_POINT('',(-18.8942773847394,4.8224767608072,0.));
#2923=CARTESIAN_POINT('Origin',(0.,0.,0.));
#2924=CARTESIAN_POINT('',(-18.8942773847394,4.8224767608072,0.));
#2925=CARTESIAN_POINT('Origin',(-19.2242532898631,-12.5661086151422,0.));
#2926=CARTESIAN_POINT('',(-23.6186689040668,4.26127671010327,16.));
#2927=CARTESIAN_POINT('Origin',(-19.2242532898631,-12.5661086151422,16.));
#2928=CARTESIAN_POINT('',(-23.6186689040668,4.26127671010327,0.));
#2929=CARTESIAN_POINT('Origin',(-19.2242532898631,-12.5661086151422,0.));
#2930=CARTESIAN_POINT('',(-23.6186689040668,4.26127671010328,0.));
#2931=CARTESIAN_POINT('Origin',(-9.37871976221252,20.9646992800338,0.));
#2932=CARTESIAN_POINT('',(-22.1731087802709,9.18440237676215,16.));
#2933=CARTESIAN_POINT('Origin',(-9.37871976221252,20.9646992800338,16.));
#2934=CARTESIAN_POINT('',(-22.1731087802709,9.18440237676215,0.));
#2935=CARTESIAN_POINT('',(-22.1731087802709,9.18440237676215,0.));
#2936=CARTESIAN_POINT('Origin',(-9.37871976221252,20.9646992800338,0.));
#2937=CARTESIAN_POINT('Origin',(0.,0.,0.));
#2938=CARTESIAN_POINT('',(-19.4875751003113,0.696000509860113,16.));
#2939=CARTESIAN_POINT('',(-19.4875751003113,-0.696000509860126,16.));
#2940=CARTESIAN_POINT('Origin',(0.,0.,16.));
#2941=CARTESIAN_POINT('',(-19.4875751003113,0.696000509860113,0.));
#2942=CARTESIAN_POINT('',(-19.4875751003113,0.696000509860113,0.));
#2943=CARTESIAN_POINT('',(-19.4875751003113,-0.696000509860126,0.));
#2944=CARTESIAN_POINT('Origin',(0.,0.,0.));
#2945=CARTESIAN_POINT('',(-19.4875751003113,-0.696000509860126,0.));
#2946=CARTESIAN_POINT('Origin',(-14.9052540449179,-17.473190954626,0.));
#2947=CARTESIAN_POINT('',(-23.8624872425255,-2.56548291756272,16.));
#2948=CARTESIAN_POINT('Origin',(-14.9052540449179,-17.473190954626,16.));
#2949=CARTESIAN_POINT('',(-23.8624872425255,-2.56548291756272,0.));
#2950=CARTESIAN_POINT('Origin',(-14.9052540449179,-17.473190954626,0.));
#2951=CARTESIAN_POINT('',(-23.8624872425255,-2.56548291756271,0.));
#2952=CARTESIAN_POINT('Origin',(-14.9052540449179,17.473190954626,0.));
#2953=CARTESIAN_POINT('',(-23.8624872425255,2.5654829175627,16.));
#2954=CARTESIAN_POINT('Origin',(-14.9052540449179,17.473190954626,16.));
#2955=CARTESIAN_POINT('',(-23.8624872425255,2.5654829175627,0.));
#2956=CARTESIAN_POINT('',(-23.8624872425255,2.5654829175627,0.));
#2957=CARTESIAN_POINT('Origin',(-14.9052540449179,17.473190954626,0.));
#2958=CARTESIAN_POINT('Origin',(0.,0.,0.));
#2959=CARTESIAN_POINT('',(-18.8942773847394,-4.8224767608072,16.));
#2960=CARTESIAN_POINT('',(-18.5021053783277,-6.15809195849299,16.));
#2961=CARTESIAN_POINT('Origin',(0.,0.,16.));
#2962=CARTESIAN_POINT('',(-18.8942773847394,-4.8224767608072,0.));
#2963=CARTESIAN_POINT('',(-18.8942773847394,-4.8224767608072,0.));
#2964=CARTESIAN_POINT('',(-18.5021053783277,-6.15809195849299,0.));
#2965=CARTESIAN_POINT('Origin',(0.,0.,0.));
#2966=CARTESIAN_POINT('',(-18.5021053783277,-6.15809195849299,0.));
#2967=CARTESIAN_POINT('Origin',(-9.37871976221252,-20.9646992800338,0.));
#2968=CARTESIAN_POINT('',(-22.1731087802709,-9.18440237676215,16.));
#2969=CARTESIAN_POINT('Origin',(-9.37871976221252,-20.9646992800338,16.));
#2970=CARTESIAN_POINT('',(-22.1731087802709,-9.18440237676215,0.));
#2971=CARTESIAN_POINT('Origin',(-9.37871976221252,-20.9646992800338,0.));
#2972=CARTESIAN_POINT('',(-22.1731087802709,-9.18440237676215,0.));
#2973=CARTESIAN_POINT('Origin',(-19.2242532898631,12.5661086151422,0.));
#2974=CARTESIAN_POINT('',(-23.6186689040668,-4.26127671010327,16.));
#2975=CARTESIAN_POINT('Origin',(-19.2242532898631,12.5661086151422,16.));
#2976=CARTESIAN_POINT('',(-23.6186689040668,-4.26127671010327,0.));
#2977=CARTESIAN_POINT('',(-23.6186689040668,-4.26127671010327,0.));
#2978=CARTESIAN_POINT('Origin',(-19.2242532898631,12.5661086151422,0.));
#2979=CARTESIAN_POINT('Origin',(0.,0.,0.));
#2980=CARTESIAN_POINT('',(-16.7702776840502,-9.95026564468754,16.));
#2981=CARTESIAN_POINT('',(-16.0177051148496,-11.1212914202318,16.));
#2982=CARTESIAN_POINT('Origin',(0.,0.,16.));
#2983=CARTESIAN_POINT('',(-16.7702776840502,-9.95026564468754,0.));
#2984=CARTESIAN_POINT('',(-16.7702776840502,-9.95026564468754,0.));
#2985=CARTESIAN_POINT('',(-16.0177051148496,-11.1212914202318,0.));
#2986=CARTESIAN_POINT('Origin',(0.,0.,0.));
#2987=CARTESIAN_POINT('',(-16.0177051148496,-11.1212914202318,0.));
#2988=CARTESIAN_POINT('Origin',(-3.09237738176674,-22.7577723516407,0.));
#2989=CARTESIAN_POINT('',(-18.6873969131941,-15.0592561771404,16.));
#2990=CARTESIAN_POINT('Origin',(-3.09237738176674,-22.7577723516407,16.));
#2991=CARTESIAN_POINT('',(-18.6873969131941,-15.0592561771404,0.));
#2992=CARTESIAN_POINT('Origin',(-3.09237738176674,-22.7577723516407,0.));
#2993=CARTESIAN_POINT('',(-18.6873969131941,-15.0592561771404,0.));
#2994=CARTESIAN_POINT('Origin',(-21.9858178643002,6.64099488918516,0.));
#2995=CARTESIAN_POINT('',(-21.4614064766331,-10.7428130415051,16.));
#2996=CARTESIAN_POINT('Origin',(-21.9858178643002,6.64099488918516,16.));
#2997=CARTESIAN_POINT('',(-21.4614064766331,-10.7428130415051,0.));
#2998=CARTESIAN_POINT('',(-21.4614064766331,-10.7428130415051,0.));
#2999=CARTESIAN_POINT('Origin',(-21.9858178643002,6.64099488918516,0.));
#3000=CARTESIAN_POINT('Origin',(0.,0.,0.));
#3001=CARTESIAN_POINT('',(-13.2876498220809,-14.2719431825436,16.));
#3002=CARTESIAN_POINT('',(-12.2356456439266,-15.1835099919702,16.));
#3003=CARTESIAN_POINT('Origin',(0.,0.,16.));
#3004=CARTESIAN_POINT('',(-13.2876498220809,-14.2719431825436,0.));
#3005=CARTESIAN_POINT('',(-13.2876498220809,-14.2719431825436,0.));
#3006=CARTESIAN_POINT('',(-12.2356456439266,-15.1835099919702,0.));
#3007=CARTESIAN_POINT('Origin',(0.,0.,0.));
#3008=CARTESIAN_POINT('',(-12.2356456439266,-15.1835099919702,0.));
#3009=CARTESIAN_POINT('Origin',(3.44449102307337,-22.7071460530013,0.));
#3010=CARTESIAN_POINT('',(-13.6877432864391,-19.7140986028918,16.));
#3011=CARTESIAN_POINT('Origin',(3.44449102307337,-22.7071460530013,16.));
#3012=CARTESIAN_POINT('',(-13.6877432864391,-19.7140986028918,0.));
#3013=CARTESIAN_POINT('Origin',(3.44449102307337,-22.7071460530013,0.));
#3014=CARTESIAN_POINT('',(-13.6877432864391,-19.7140986028918,0.));
#3015=CARTESIAN_POINT('Origin',(-22.9662222300651,0.17786725282366,0.));
#3016=CARTESIAN_POINT('',(-17.5654685323614,-16.3540305502534,16.));
#3017=CARTESIAN_POINT('Origin',(-22.9662222300651,0.17786725282366,16.));
#3018=CARTESIAN_POINT('',(-17.5654685323614,-16.3540305502534,0.));
#3019=CARTESIAN_POINT('',(-17.5654685323614,-16.3540305502534,0.));
#3020=CARTESIAN_POINT('Origin',(-22.9662222300651,0.17786725282366,0.));
#3021=CARTESIAN_POINT('Origin',(0.,0.,0.));
#3022=CARTESIAN_POINT('',(-8.7285355962229,-17.4373927622644,16.));
#3023=CARTESIAN_POINT('',(-7.46232693111926,-18.0156508839701,16.));
#3024=CARTESIAN_POINT('Origin',(0.,0.,16.));
#3025=CARTESIAN_POINT('',(-8.7285355962229,-17.4373927622644,0.));
#3026=CARTESIAN_POINT('',(-8.7285355962229,-17.4373927622644,0.));
#3027=CARTESIAN_POINT('',(-7.46232693111926,-18.0156508839701,0.));
#3028=CARTESIAN_POINT('Origin',(0.,0.,0.));
#3029=CARTESIAN_POINT('',(-7.46232693111926,-18.0156508839701,0.));
#3030=CARTESIAN_POINT('Origin',(9.70230725040093,-20.8169218257451,0.));
#3031=CARTESIAN_POINT('',(-7.5791901027606,-22.7718220040957,16.));
#3032=CARTESIAN_POINT('Origin',(9.70230725040093,-20.8169218257451,16.));
#3033=CARTESIAN_POINT('',(-7.5791901027606,-22.7718220040957,0.));
#3034=CARTESIAN_POINT('Origin',(9.70230725040093,-20.8169218257451,0.));
#3035=CARTESIAN_POINT('',(-7.57919010276061,-22.7718220040957,0.));
#3036=CARTESIAN_POINT('Origin',(-22.0860398561329,-6.29967013054431,0.));
#3037=CARTESIAN_POINT('',(-12.2464807934616,-20.6403417649848,16.));
#3038=CARTESIAN_POINT('Origin',(-22.0860398561329,-6.29967013054431,16.));
#3039=CARTESIAN_POINT('',(-12.2464807934616,-20.6403417649848,0.));
#3040=CARTESIAN_POINT('',(-12.2464807934616,-20.6403417649848,0.));
#3041=CARTESIAN_POINT('Origin',(-22.0860398561329,-6.29967013054431,0.));
#3042=CARTESIAN_POINT('Origin',(0.,0.,0.));
#3043=CARTESIAN_POINT('',(-3.46228732695891,-19.1901684845543,16.));
#3044=CARTESIAN_POINT('',(-2.0844548705197,-19.388270884552,16.));
#3045=CARTESIAN_POINT('Origin',(0.,0.,16.));
#3046=CARTESIAN_POINT('',(-3.46228732695891,-19.1901684845543,0.));
#3047=CARTESIAN_POINT('',(-3.46228732695891,-19.1901684845543,0.));
#3048=CARTESIAN_POINT('',(-2.0844548705197,-19.388270884552,0.));
#3049=CARTESIAN_POINT('Origin',(0.,0.,0.));
#3050=CARTESIAN_POINT('',(-2.0844548705197,-19.388270884552,0.));
#3051=CARTESIAN_POINT('Origin',(15.174100246144,-17.2402343951681,0.));
#3052=CARTESIAN_POINT('',(-0.856616012135525,-23.9847078157678,16.));
#3053=CARTESIAN_POINT('Origin',(15.174100246144,-17.2402343951681,16.));
#3054=CARTESIAN_POINT('',(-0.856616012135525,-23.9847078157678,0.));
#3055=CARTESIAN_POINT('Origin',(15.174100246144,-17.2402343951681,0.));
#3056=CARTESIAN_POINT('',(-0.856616012135529,-23.9847078157678,0.));
#3057=CARTESIAN_POINT('Origin',(-19.4165778837935,-12.2668457055165,0.));
#3058=CARTESIAN_POINT('',(-5.93535601330117,-23.2544952427562,16.));
#3059=CARTESIAN_POINT('Origin',(-19.4165778837935,-12.2668457055165,16.));
#3060=CARTESIAN_POINT('',(-5.93535601330117,-23.2544952427562,0.));
#3061=CARTESIAN_POINT('',(-5.93535601330117,-23.2544952427562,0.));
#3062=CARTESIAN_POINT('Origin',(-19.4165778837935,-12.2668457055165,0.));
#3063=CARTESIAN_POINT('Origin',(0.,0.,0.));
#3064=CARTESIAN_POINT('',(2.0844548705197,-19.388270884552,16.));
#3065=CARTESIAN_POINT('',(3.46228732695891,-19.1901684845543,16.));
#3066=CARTESIAN_POINT('Origin',(0.,0.,16.));
#3067=CARTESIAN_POINT('',(2.0844548705197,-19.388270884552,0.));
#3068=CARTESIAN_POINT('',(2.0844548705197,-19.388270884552,0.));
#3069=CARTESIAN_POINT('',(3.46228732695891,-19.1901684845543,0.));
#3070=CARTESIAN_POINT('Origin',(0.,0.,0.));
#3071=CARTESIAN_POINT('',(3.46228732695891,-19.1901684845543,0.));
#3072=CARTESIAN_POINT('Origin',(19.4165778837935,-12.2668457055165,0.));
#3073=CARTESIAN_POINT('',(5.93535601330118,-23.2544952427562,16.));
#3074=CARTESIAN_POINT('Origin',(19.4165778837935,-12.2668457055165,16.));
#3075=CARTESIAN_POINT('',(5.93535601330118,-23.2544952427562,0.));
#3076=CARTESIAN_POINT('Origin',(19.4165778837935,-12.2668457055165,0.));
#3077=CARTESIAN_POINT('',(5.93535601330117,-23.2544952427562,0.));
#3078=CARTESIAN_POINT('Origin',(-15.174100246144,-17.2402343951681,0.));
#3079=CARTESIAN_POINT('',(0.85661601213553,-23.9847078157678,16.));
#3080=CARTESIAN_POINT('Origin',(-15.174100246144,-17.2402343951681,16.));
#3081=CARTESIAN_POINT('',(0.85661601213553,-23.9847078157678,0.));
#3082=CARTESIAN_POINT('',(0.856616012135527,-23.9847078157678,0.));
#3083=CARTESIAN_POINT('Origin',(-15.174100246144,-17.2402343951681,0.));
#3084=CARTESIAN_POINT('Origin',(0.,0.,0.));
#3085=CARTESIAN_POINT('',(7.46232693111925,-18.0156508839701,16.));
#3086=CARTESIAN_POINT('',(8.72853559622289,-17.4373927622644,16.));
#3087=CARTESIAN_POINT('Origin',(0.,0.,16.));
#3088=CARTESIAN_POINT('',(7.46232693111925,-18.0156508839701,0.));
#3089=CARTESIAN_POINT('',(7.46232693111925,-18.0156508839701,0.));
#3090=CARTESIAN_POINT('',(8.72853559622289,-17.4373927622644,0.));
#3091=CARTESIAN_POINT('Origin',(0.,0.,0.));
#3092=CARTESIAN_POINT('',(8.72853559622289,-17.4373927622644,0.));
#3093=CARTESIAN_POINT('Origin',(22.0860398561329,-6.29967013054432,0.));
#3094=CARTESIAN_POINT('',(12.2464807934616,-20.6403417649848,16.));
#3095=CARTESIAN_POINT('Origin',(22.0860398561329,-6.29967013054432,16.));
#3096=CARTESIAN_POINT('',(12.2464807934616,-20.6403417649848,0.));
#3097=CARTESIAN_POINT('Origin',(22.0860398561329,-6.29967013054432,0.));
#3098=CARTESIAN_POINT('',(12.2464807934616,-20.6403417649848,0.));
#3099=CARTESIAN_POINT('Origin',(-9.70230725040094,-20.8169218257451,0.));
#3100=CARTESIAN_POINT('',(7.5791901027606,-22.7718220040957,16.));
#3101=CARTESIAN_POINT('Origin',(-9.70230725040094,-20.8169218257451,16.));
#3102=CARTESIAN_POINT('',(7.5791901027606,-22.7718220040957,0.));
#3103=CARTESIAN_POINT('',(7.57919010276059,-22.7718220040957,0.));
#3104=CARTESIAN_POINT('Origin',(-9.70230725040094,-20.8169218257451,0.));
#3105=CARTESIAN_POINT('Origin',(0.,0.,0.));
#3106=CARTESIAN_POINT('',(12.2356456439266,-15.1835099919702,16.));
#3107=CARTESIAN_POINT('',(13.2876498220809,-14.2719431825436,16.));
#3108=CARTESIAN_POINT('Origin',(0.,0.,16.));
#3109=CARTESIAN_POINT('',(12.2356456439266,-15.1835099919702,0.));
#3110=CARTESIAN_POINT('',(12.2356456439266,-15.1835099919702,0.));
#3111=CARTESIAN_POINT('',(13.2876498220809,-14.2719431825436,0.));
#3112=CARTESIAN_POINT('Origin',(0.,0.,0.));
#3113=CARTESIAN_POINT('',(13.2876498220809,-14.2719431825436,0.));
#3114=CARTESIAN_POINT('Origin',(22.9662222300651,0.177867252823665,0.));
#3115=CARTESIAN_POINT('',(17.5654685323614,-16.3540305502534,16.));
#3116=CARTESIAN_POINT('Origin',(22.9662222300651,0.177867252823665,16.));
#3117=CARTESIAN_POINT('',(17.5654685323614,-16.3540305502534,0.));
#3118=CARTESIAN_POINT('Origin',(22.9662222300651,0.177867252823665,0.));
#3119=CARTESIAN_POINT('',(17.5654685323614,-16.3540305502534,0.));
#3120=CARTESIAN_POINT('Origin',(-3.44449102307336,-22.7071460530013,0.));
#3121=CARTESIAN_POINT('',(13.6877432864391,-19.7140986028918,16.));
#3122=CARTESIAN_POINT('Origin',(-3.44449102307336,-22.7071460530013,16.));
#3123=CARTESIAN_POINT('',(13.6877432864391,-19.7140986028918,0.));
#3124=CARTESIAN_POINT('',(13.6877432864391,-19.7140986028918,0.));
#3125=CARTESIAN_POINT('Origin',(-3.44449102307336,-22.7071460530013,0.));
#3126=CARTESIAN_POINT('Origin',(0.,0.,0.));
#3127=CARTESIAN_POINT('',(16.0177051148496,-11.1212914202318,16.));
#3128=CARTESIAN_POINT('',(16.7702776840502,-9.95026564468755,16.));
#3129=CARTESIAN_POINT('Origin',(0.,0.,16.));
#3130=CARTESIAN_POINT('',(16.0177051148496,-11.1212914202318,0.));
#3131=CARTESIAN_POINT('',(16.0177051148496,-11.1212914202318,0.));
#3132=CARTESIAN_POINT('',(16.7702776840502,-9.95026564468755,0.));
#3133=CARTESIAN_POINT('Origin',(0.,0.,0.));
#3134=CARTESIAN_POINT('',(16.7702776840502,-9.95026564468755,0.));
#3135=CARTESIAN_POINT('Origin',(21.9858178643002,6.64099488918515,0.));
#3136=CARTESIAN_POINT('',(21.4614064766331,-10.7428130415051,16.));
#3137=CARTESIAN_POINT('Origin',(21.9858178643002,6.64099488918515,16.));
#3138=CARTESIAN_POINT('',(21.4614064766331,-10.7428130415051,0.));
#3139=CARTESIAN_POINT('Origin',(21.9858178643002,6.64099488918515,0.));
#3140=CARTESIAN_POINT('',(21.4614064766331,-10.7428130415051,0.));
#3141=CARTESIAN_POINT('Origin',(3.09237738176673,-22.7577723516407,0.));
#3142=CARTESIAN_POINT('',(18.6873969131941,-15.0592561771405,16.));
#3143=CARTESIAN_POINT('Origin',(3.09237738176673,-22.7577723516407,16.));
#3144=CARTESIAN_POINT('',(18.6873969131941,-15.0592561771405,0.));
#3145=CARTESIAN_POINT('',(18.6873969131941,-15.0592561771405,0.));
#3146=CARTESIAN_POINT('Origin',(3.09237738176673,-22.7577723516407,0.));
#3147=CARTESIAN_POINT('Origin',(0.,0.,0.));
#3148=CARTESIAN_POINT('',(18.5021053783277,-6.15809195849298,16.));
#3149=CARTESIAN_POINT('',(18.8942773847394,-4.8224767608072,16.));
#3150=CARTESIAN_POINT('Origin',(0.,0.,16.));
#3151=CARTESIAN_POINT('',(18.5021053783277,-6.15809195849298,0.));
#3152=CARTESIAN_POINT('',(18.5021053783277,-6.15809195849298,0.));
#3153=CARTESIAN_POINT('',(18.8942773847394,-4.8224767608072,0.));
#3154=CARTESIAN_POINT('Origin',(0.,0.,0.));
#3155=CARTESIAN_POINT('',(18.8942773847394,-4.8224767608072,0.));
#3156=CARTESIAN_POINT('Origin',(19.2242532898631,12.5661086151422,0.));
#3157=CARTESIAN_POINT('',(23.6186689040668,-4.26127671010327,16.));
#3158=CARTESIAN_POINT('Origin',(19.2242532898631,12.5661086151422,16.));
#3159=CARTESIAN_POINT('',(23.6186689040668,-4.26127671010327,0.));
#3160=CARTESIAN_POINT('Origin',(19.2242532898631,12.5661086151422,0.));
#3161=CARTESIAN_POINT('',(23.6186689040668,-4.26127671010328,0.));
#3162=CARTESIAN_POINT('Origin',(9.37871976221252,-20.9646992800338,0.));
#3163=CARTESIAN_POINT('',(22.1731087802709,-9.18440237676215,16.));
#3164=CARTESIAN_POINT('Origin',(9.37871976221252,-20.9646992800338,16.));
#3165=CARTESIAN_POINT('',(22.1731087802709,-9.18440237676215,0.));
#3166=CARTESIAN_POINT('',(22.1731087802709,-9.18440237676216,0.));
#3167=CARTESIAN_POINT('Origin',(9.37871976221252,-20.9646992800338,0.));
#3168=CARTESIAN_POINT('Origin',(0.,0.,0.));
#3169=CARTESIAN_POINT('',(19.4875751003113,-0.69600050986012,16.));
#3170=CARTESIAN_POINT('',(19.4875751003113,0.696000509860119,16.));
#3171=CARTESIAN_POINT('Origin',(0.,0.,16.));
#3172=CARTESIAN_POINT('',(19.4875751003113,-0.69600050986012,0.));
#3173=CARTESIAN_POINT('',(19.4875751003113,-0.69600050986012,0.));
#3174=CARTESIAN_POINT('',(19.4875751003113,0.696000509860119,0.));
#3175=CARTESIAN_POINT('Origin',(0.,0.,0.));
#3176=CARTESIAN_POINT('',(19.4875751003113,0.696000509860119,0.));
#3177=CARTESIAN_POINT('Origin',(14.9052540449179,17.473190954626,0.));
#3178=CARTESIAN_POINT('',(23.8624872425255,2.56548291756271,16.));
#3179=CARTESIAN_POINT('Origin',(14.9052540449179,17.473190954626,16.));
#3180=CARTESIAN_POINT('',(23.8624872425255,2.56548291756271,0.));
#3181=CARTESIAN_POINT('Origin',(14.9052540449179,17.473190954626,0.));
#3182=CARTESIAN_POINT('',(23.8624872425255,2.56548291756271,0.));
#3183=CARTESIAN_POINT('Origin',(14.9052540449179,-17.473190954626,0.));
#3184=CARTESIAN_POINT('',(23.8624872425255,-2.56548291756271,16.));
#3185=CARTESIAN_POINT('Origin',(14.9052540449179,-17.473190954626,16.));
#3186=CARTESIAN_POINT('',(23.8624872425255,-2.56548291756271,0.));
#3187=CARTESIAN_POINT('',(23.8624872425255,-2.56548291756271,0.));
#3188=CARTESIAN_POINT('Origin',(14.9052540449179,-17.473190954626,0.));
#3189=CARTESIAN_POINT('Origin',(0.,0.,0.));
#3190=CARTESIAN_POINT('',(18.8942773847394,4.8224767608072,16.));
#3191=CARTESIAN_POINT('',(18.5021053783277,6.15809195849298,16.));
#3192=CARTESIAN_POINT('Origin',(0.,0.,16.));
#3193=CARTESIAN_POINT('',(18.8942773847394,4.8224767608072,0.));
#3194=CARTESIAN_POINT('',(18.8942773847394,4.8224767608072,0.));
#3195=CARTESIAN_POINT('',(18.5021053783277,6.15809195849298,0.));
#3196=CARTESIAN_POINT('Origin',(0.,0.,0.));
#3197=CARTESIAN_POINT('',(18.5021053783277,6.15809195849298,0.));
#3198=CARTESIAN_POINT('Origin',(9.37871976221252,20.9646992800338,0.));
#3199=CARTESIAN_POINT('',(22.1731087802709,9.18440237676215,16.));
#3200=CARTESIAN_POINT('Origin',(9.37871976221252,20.9646992800338,16.));
#3201=CARTESIAN_POINT('',(22.1731087802709,9.18440237676215,0.));
#3202=CARTESIAN_POINT('Origin',(9.37871976221252,20.9646992800338,0.));
#3203=CARTESIAN_POINT('',(22.1731087802709,9.18440237676215,0.));
#3204=CARTESIAN_POINT('Origin',(19.2242532898631,-12.5661086151422,0.));
#3205=CARTESIAN_POINT('',(23.6186689040668,4.26127671010327,16.));
#3206=CARTESIAN_POINT('Origin',(19.2242532898631,-12.5661086151422,16.));
#3207=CARTESIAN_POINT('',(23.6186689040668,4.26127671010327,0.));
#3208=CARTESIAN_POINT('',(23.6186689040668,4.26127671010327,0.));
#3209=CARTESIAN_POINT('Origin',(19.2242532898631,-12.5661086151422,0.));
#3210=CARTESIAN_POINT('Origin',(0.,0.,0.));
#3211=CARTESIAN_POINT('',(16.7702776840502,9.95026564468754,16.));
#3212=CARTESIAN_POINT('',(16.0177051148496,11.1212914202318,16.));
#3213=CARTESIAN_POINT('Origin',(0.,0.,16.));
#3214=CARTESIAN_POINT('',(16.7702776840502,9.95026564468754,0.));
#3215=CARTESIAN_POINT('',(16.7702776840502,9.95026564468754,0.));
#3216=CARTESIAN_POINT('',(16.0177051148496,11.1212914202318,0.));
#3217=CARTESIAN_POINT('Origin',(0.,0.,0.));
#3218=CARTESIAN_POINT('',(16.0177051148496,11.1212914202318,0.));
#3219=CARTESIAN_POINT('Origin',(3.09237738176673,22.7577723516407,0.));
#3220=CARTESIAN_POINT('',(18.6873969131941,15.0592561771405,16.));
#3221=CARTESIAN_POINT('Origin',(3.09237738176673,22.7577723516407,16.));
#3222=CARTESIAN_POINT('',(18.6873969131941,15.0592561771405,0.));
#3223=CARTESIAN_POINT('Origin',(3.09237738176673,22.7577723516407,0.));
#3224=CARTESIAN_POINT('',(18.6873969131941,15.0592561771404,0.));
#3225=CARTESIAN_POINT('Origin',(21.9858178643002,-6.64099488918515,0.));
#3226=CARTESIAN_POINT('',(21.4614064766331,10.7428130415051,16.));
#3227=CARTESIAN_POINT('Origin',(21.9858178643002,-6.64099488918515,16.));
#3228=CARTESIAN_POINT('',(21.4614064766331,10.7428130415051,0.));
#3229=CARTESIAN_POINT('',(21.4614064766331,10.7428130415051,0.));
#3230=CARTESIAN_POINT('Origin',(21.9858178643002,-6.64099488918515,0.));
#3231=CARTESIAN_POINT('Origin',(0.,0.,0.));
#3232=CARTESIAN_POINT('',(13.2876498220809,14.2719431825436,16.));
#3233=CARTESIAN_POINT('',(12.2356456439266,15.1835099919702,16.));
#3234=CARTESIAN_POINT('Origin',(0.,0.,16.));
#3235=CARTESIAN_POINT('',(13.2876498220809,14.2719431825436,0.));
#3236=CARTESIAN_POINT('',(13.2876498220809,14.2719431825436,0.));
#3237=CARTESIAN_POINT('',(12.2356456439266,15.1835099919702,0.));
#3238=CARTESIAN_POINT('Origin',(0.,0.,0.));
#3239=CARTESIAN_POINT('',(12.2356456439266,15.1835099919702,0.));
#3240=CARTESIAN_POINT('Origin',(-3.44449102307336,22.7071460530013,0.));
#3241=CARTESIAN_POINT('',(13.6877432864391,19.7140986028918,16.));
#3242=CARTESIAN_POINT('Origin',(-3.44449102307336,22.7071460530013,16.));
#3243=CARTESIAN_POINT('',(13.6877432864391,19.7140986028918,0.));
#3244=CARTESIAN_POINT('Origin',(-3.44449102307336,22.7071460530013,0.));
#3245=CARTESIAN_POINT('',(13.6877432864391,19.7140986028918,0.));
#3246=CARTESIAN_POINT('Origin',(22.9662222300651,-0.177867252823662,0.));
#3247=CARTESIAN_POINT('',(17.5654685323614,16.3540305502534,16.));
#3248=CARTESIAN_POINT('Origin',(22.9662222300651,-0.177867252823662,16.));
#3249=CARTESIAN_POINT('',(17.5654685323614,16.3540305502534,0.));
#3250=CARTESIAN_POINT('',(17.5654685323614,16.3540305502534,0.));
#3251=CARTESIAN_POINT('Origin',(22.9662222300651,-0.177867252823662,0.));
#3252=CARTESIAN_POINT('Origin',(0.,0.,0.));
#3253=CARTESIAN_POINT('',(8.7285355962229,17.4373927622644,16.));
#3254=CARTESIAN_POINT('',(7.46232693111925,18.0156508839701,16.));
#3255=CARTESIAN_POINT('Origin',(0.,0.,16.));
#3256=CARTESIAN_POINT('',(8.7285355962229,17.4373927622644,0.));
#3257=CARTESIAN_POINT('',(8.7285355962229,17.4373927622644,0.));
#3258=CARTESIAN_POINT('',(7.46232693111925,18.0156508839701,0.));
#3259=CARTESIAN_POINT('Origin',(0.,0.,0.));
#3260=CARTESIAN_POINT('',(7.46232693111925,18.0156508839701,0.));
#3261=CARTESIAN_POINT('Origin',(-9.70230725040094,20.8169218257451,0.));
#3262=CARTESIAN_POINT('',(7.5791901027606,22.7718220040957,16.));
#3263=CARTESIAN_POINT('Origin',(-9.70230725040094,20.8169218257451,16.));
#3264=CARTESIAN_POINT('',(7.5791901027606,22.7718220040957,0.));
#3265=CARTESIAN_POINT('Origin',(-9.70230725040094,20.8169218257451,0.));
#3266=CARTESIAN_POINT('',(7.5791901027606,22.7718220040957,0.));
#3267=CARTESIAN_POINT('Origin',(22.0860398561329,6.29967013054431,0.));
#3268=CARTESIAN_POINT('',(12.2464807934616,20.6403417649848,16.));
#3269=CARTESIAN_POINT('Origin',(22.0860398561329,6.29967013054431,16.));
#3270=CARTESIAN_POINT('',(12.2464807934616,20.6403417649848,0.));
#3271=CARTESIAN_POINT('',(12.2464807934616,20.6403417649848,0.));
#3272=CARTESIAN_POINT('Origin',(22.0860398561329,6.29967013054431,0.));
#3273=CARTESIAN_POINT('Origin',(0.,0.,0.));
#3274=CARTESIAN_POINT('',(3.46228732695892,19.1901684845543,16.));
#3275=CARTESIAN_POINT('',(2.0844548705197,19.388270884552,16.));
#3276=CARTESIAN_POINT('Origin',(0.,0.,16.));
#3277=CARTESIAN_POINT('',(3.46228732695892,19.1901684845543,0.));
#3278=CARTESIAN_POINT('',(3.46228732695892,19.1901684845543,0.));
#3279=CARTESIAN_POINT('',(2.0844548705197,19.388270884552,0.));
#3280=CARTESIAN_POINT('Origin',(0.,0.,0.));
#3281=CARTESIAN_POINT('',(2.0844548705197,19.388270884552,0.));
#3282=CARTESIAN_POINT('Origin',(-15.174100246144,17.2402343951681,0.));
#3283=CARTESIAN_POINT('',(0.856616012135533,23.9847078157678,16.));
#3284=CARTESIAN_POINT('Origin',(-15.174100246144,17.2402343951681,16.));
#3285=CARTESIAN_POINT('',(0.856616012135533,23.9847078157678,0.));
#3286=CARTESIAN_POINT('Origin',(-15.174100246144,17.2402343951681,0.));
#3287=CARTESIAN_POINT('',(0.856616012135538,23.9847078157678,0.));
#3288=CARTESIAN_POINT('Origin',(19.4165778837935,12.2668457055165,0.));
#3289=CARTESIAN_POINT('',(5.93535601330118,23.2544952427562,16.));
#3290=CARTESIAN_POINT('Origin',(19.4165778837935,12.2668457055165,16.));
#3291=CARTESIAN_POINT('',(5.93535601330118,23.2544952427562,0.));
#3292=CARTESIAN_POINT('',(5.93535601330118,23.2544952427562,0.));
#3293=CARTESIAN_POINT('Origin',(19.4165778837935,12.2668457055165,0.));
#3294=CARTESIAN_POINT('Origin',(0.,0.,16.));
#3295=CARTESIAN_POINT('Origin',(0.,0.,16.));
#3296=CARTESIAN_POINT('Origin',(0.,0.,16.));
#3297=CARTESIAN_POINT('Origin',(0.,0.,16.));
#3298=CARTESIAN_POINT('Origin',(0.,0.,16.));
#3299=CARTESIAN_POINT('Origin',(0.,0.,16.));
#3300=CARTESIAN_POINT('Origin',(0.,0.,16.));
#3301=CARTESIAN_POINT('Origin',(0.,0.,16.));
#3302=CARTESIAN_POINT('Origin',(0.,0.,16.));
#3303=CARTESIAN_POINT('Origin',(0.,0.,16.));
#3304=CARTESIAN_POINT('Origin',(0.,0.,16.));
#3305=CARTESIAN_POINT('Origin',(0.,0.,16.));
#3306=CARTESIAN_POINT('Origin',(0.,0.,16.));
#3307=CARTESIAN_POINT('Origin',(0.,0.,16.));
#3308=CARTESIAN_POINT('Origin',(0.,0.,16.));
#3309=CARTESIAN_POINT('Origin',(0.,0.,16.));
#3310=CARTESIAN_POINT('Origin',(0.,0.,16.));
#3311=CARTESIAN_POINT('Origin',(0.,0.,16.));
#3312=CARTESIAN_POINT('Origin',(0.,0.,16.));
#3313=CARTESIAN_POINT('Origin',(0.,0.,16.));
#3314=CARTESIAN_POINT('Origin',(0.,0.,16.));
#3315=CARTESIAN_POINT('',(-0.856616012135527,23.9847078157678,16.));
#3316=CARTESIAN_POINT('Origin',(0.,0.,16.));
#3317=CARTESIAN_POINT('',(-2.0844548705197,19.388270884552,16.));
#3318=CARTESIAN_POINT('Origin',(15.174100246144,17.2402343951681,16.));
#3319=CARTESIAN_POINT('',(-3.46228732695891,19.1901684845543,16.));
#3320=CARTESIAN_POINT('Origin',(0.,0.,16.));
#3321=CARTESIAN_POINT('',(-5.93535601330117,23.2544952427562,16.));
#3322=CARTESIAN_POINT('Origin',(-19.4165778837935,12.2668457055165,16.));
#3323=CARTESIAN_POINT('Origin',(0.,0.,16.));
#3324=CARTESIAN_POINT('Origin',(0.,0.,0.));
#3325=CARTESIAN_POINT('',(-0.856616012135527,23.9847078157678,0.));
#3326=CARTESIAN_POINT('Origin',(0.,0.,0.));
#3327=CARTESIAN_POINT('',(-0.856616012135525,23.9847078157678,0.));
#3328=CARTESIAN_POINT('Origin',(0.,0.,0.));
#3329=CARTESIAN_POINT('Origin',(0.,0.,0.));
#3330=CARTESIAN_POINT('Origin',(0.,0.,0.));
#3331=CARTESIAN_POINT('Origin',(0.,0.,0.));
#3332=CARTESIAN_POINT('Origin',(0.,0.,0.));
#3333=CARTESIAN_POINT('Origin',(0.,0.,0.));
#3334=CARTESIAN_POINT('Origin',(0.,0.,0.));
#3335=CARTESIAN_POINT('Origin',(0.,0.,0.));
#3336=CARTESIAN_POINT('Origin',(0.,0.,0.));
#3337=CARTESIAN_POINT('Origin',(0.,0.,0.));
#3338=CARTESIAN_POINT('Origin',(0.,0.,0.));
#3339=CARTESIAN_POINT('Origin',(0.,0.,0.));
#3340=CARTESIAN_POINT('Origin',(0.,0.,0.));
#3341=CARTESIAN_POINT('Origin',(0.,0.,0.));
#3342=CARTESIAN_POINT('Origin',(0.,0.,0.));
#3343=CARTESIAN_POINT('Origin',(0.,0.,0.));
#3344=CARTESIAN_POINT('Origin',(0.,0.,0.));
#3345=CARTESIAN_POINT('Origin',(0.,0.,0.));
#3346=CARTESIAN_POINT('Origin',(0.,0.,0.));
#3347=CARTESIAN_POINT('Origin',(0.,0.,0.));
#3348=CARTESIAN_POINT('Origin',(0.,0.,0.));
#3349=CARTESIAN_POINT('Origin',(0.,0.,0.));
#3350=CARTESIAN_POINT('Origin',(0.,0.,0.));
#3351=CARTESIAN_POINT('Origin',(0.,0.,0.));
#3352=CARTESIAN_POINT('Origin',(0.,0.,0.));
#3353=CARTESIAN_POINT('Origin',(0.,0.,0.));
#3354=CARTESIAN_POINT('Origin',(0.,0.,0.));
#3355=CARTESIAN_POINT('Origin',(0.,0.,0.));
#3356=CARTESIAN_POINT('Origin',(0.,0.,0.));
#3357=CARTESIAN_POINT('Origin',(0.,0.,0.));
#3358=CARTESIAN_POINT('Origin',(0.,0.,0.));
#3359=CARTESIAN_POINT('Origin',(0.,0.,0.));
#3360=CARTESIAN_POINT('Origin',(0.,0.,0.));
#3361=CARTESIAN_POINT('Origin',(0.,0.,0.));
#3362=CARTESIAN_POINT('Origin',(0.,0.,0.));
#3363=CARTESIAN_POINT('Origin',(0.,0.,0.));
#3364=CARTESIAN_POINT('Origin',(0.,0.,0.));
#3365=CARTESIAN_POINT('Origin',(0.,0.,0.));
#3366=CARTESIAN_POINT('Origin',(0.,0.,0.));
#3367=CARTESIAN_POINT('Origin',(0.,0.,0.));
#3368=CARTESIAN_POINT('Origin',(0.,0.,0.));
#3369=CARTESIAN_POINT('',(-2.0844548705197,19.388270884552,0.));
#3370=CARTESIAN_POINT('',(-2.0844548705197,19.388270884552,0.));
#3371=CARTESIAN_POINT('',(-3.46228732695891,19.1901684845543,0.));
#3372=CARTESIAN_POINT('Origin',(0.,0.,0.));
#3373=CARTESIAN_POINT('',(-3.46228732695891,19.1901684845543,0.));
#3374=CARTESIAN_POINT('Origin',(-19.4165778837935,12.2668457055165,0.));
#3375=CARTESIAN_POINT('',(-5.93535601330117,23.2544952427562,0.));
#3376=CARTESIAN_POINT('Origin',(-19.4165778837935,12.2668457055165,0.));
#3377=CARTESIAN_POINT('',(-5.93535601330117,23.2544952427562,0.));
#3378=CARTESIAN_POINT('Origin',(15.174100246144,17.2402343951681,0.));
#3379=CARTESIAN_POINT('Origin',(15.174100246144,17.2402343951681,0.));
#3380=CARTESIAN_POINT('Origin',(0.,0.,0.));
#3381=CARTESIAN_POINT('Origin',(0.,0.,0.));
#3382=CARTESIAN_POINT('Origin',(0.,0.,0.));
#3383=CARTESIAN_POINT('',(0.,0.,0.));
#3384=CARTESIAN_POINT('',(16.64670633877,3.02395209851,0.));
#3385=UNCERTAINTY_MEASURE_WITH_UNIT(LENGTH_MEASURE(0.01),#3393,
'DISTANCE_ACCURACY_VALUE',
'Maximum model space distance between geometric entities at asserted c
onnectivities');
#3386=UNCERTAINTY_MEASURE_WITH_UNIT(LENGTH_MEASURE(0.01),#3393,
'DISTANCE_ACCURACY_VALUE',
'Maximum model space distance between geometric entities at asserted c
onnectivities');
#3387=UNCERTAINTY_MEASURE_WITH_UNIT(LENGTH_MEASURE(0.01),#3393,
'DISTANCE_ACCURACY_VALUE',
'Maximum model space distance between geometric entities at asserted c
onnectivities');
#3388=UNCERTAINTY_MEASURE_WITH_UNIT(LENGTH_MEASURE(0.01),#3393,
'DISTANCE_ACCURACY_VALUE',
'Maximum model space distance between geometric entities at asserted c
onnectivities');
#3389=(
GEOMETRIC_REPRESENTATION_CONTEXT(3)
GLOBAL_UNCERTAINTY_ASSIGNED_CONTEXT((#3385))
GLOBAL_UNIT_ASSIGNED_CONTEXT((#3393,#3395,#3396))
REPRESENTATION_CONTEXT('','3D')
);
#3390=(
GEOMETRIC_REPRESENTATION_CONTEXT(3)
GLOBAL_UNCERTAINTY_ASSIGNED_CONTEXT((#3386))
GLOBAL_UNIT_ASSIGNED_CONTEXT((#3393,#3395,#3396))
REPRESENTATION_CONTEXT('','3D')
);
#3391=(
GEOMETRIC_REPRESENTATION_CONTEXT(3)
GLOBAL_UNCERTAINTY_ASSIGNED_CONTEXT((#3387))
GLOBAL_UNIT_ASSIGNED_CONTEXT((#3393,#3395,#3396))
REPRESENTATION_CONTEXT('','3D')
);
#3392=(
GEOMETRIC_REPRESENTATION_CONTEXT(3)
GLOBAL_UNCERTAINTY_ASSIGNED_CONTEXT((#3388))
GLOBAL_UNIT_ASSIGNED_CONTEXT((#3393,#3395,#3396))
REPRESENTATION_CONTEXT('','3D')
);
#3393=(
LENGTH_UNIT()
NAMED_UNIT(*)
SI_UNIT(.MILLI.,.METRE.)
);
#3394=(
LENGTH_UNIT()
NAMED_UNIT(*)
SI_UNIT(.CENTI.,.METRE.)
);
#3395=(
NAMED_UNIT(*)
PLANE_ANGLE_UNIT()
SI_UNIT($,.RADIAN.)
);
#3396=(
NAMED_UNIT(*)
SI_UNIT($,.STERADIAN.)
SOLID_ANGLE_UNIT()
);
#3397=SHAPE_DEFINITION_REPRESENTATION(#3400,#3405);
#3398=SHAPE_DEFINITION_REPRESENTATION(#3401,#3406);
#3399=SHAPE_DEFINITION_REPRESENTATION(#3402,#3407);
#3400=PRODUCT_DEFINITION_SHAPE('',$,#3409);
#3401=PRODUCT_DEFINITION_SHAPE('',$,#3410);
#3402=PRODUCT_DEFINITION_SHAPE('',$,#3411);
#3403=PRODUCT_DEFINITION_SHAPE($,$,#17);
#3404=PRODUCT_DEFINITION_SHAPE($,$,#18);
#3405=SHAPE_REPRESENTATION('',(#1865,#2145),#3389);
#3406=SHAPE_REPRESENTATION('',(#1866,#2144),#3390);
#3407=SHAPE_REPRESENTATION('',(#1867),#3391);
#3408=PRODUCT_DEFINITION_CONTEXT('part definition',#3419,'design');
#3409=PRODUCT_DEFINITION('680.9.1.3-2\X2\9F7F8F6E\X0\1',
'680.9.1.3-2\X2\9F7F8F6E\X0\1',#3412,#3408);
#3410=PRODUCT_DEFINITION('\X2\6B639F7F8F6E\X0\1','\X2\6B639F7F8F6E\X0\1',
#3413,#3408);
#3411=PRODUCT_DEFINITION('\X2\6B639F7F8F6E\X0\1_1','\X2\6B639F7F8F6E\X0\1
1',#3414,#3408);
#3412=PRODUCT_DEFINITION_FORMATION('',$,#3421);
#3413=PRODUCT_DEFINITION_FORMATION('',$,#3422);
#3414=PRODUCT_DEFINITION_FORMATION('',$,#3423);
#3415=PRODUCT_RELATED_PRODUCT_CATEGORY('680.9.1.3-2\X2\9F7F8F6E\X0\1',
'680.9.1.3-2\X2\9F7F8F6E\X0\1',(#3421));
#3416=PRODUCT_RELATED_PRODUCT_CATEGORY('\X2\6B639F7F8F6E\X0\1',
'\X2\6B639F7F8F6E\X0\1',(#3422));
#3417=PRODUCT_RELATED_PRODUCT_CATEGORY('\X2\6B639F7F8F6E\X0\11',
'\X2\6B639F7F8F6E\X0\11',(#3423));
#3418=APPLICATION_PROTOCOL_DEFINITION('international standard',
'automotive_design',2009,#3419);
#3419=APPLICATION_CONTEXT(
'Core Data for Automotive Mechanical Design Process');
#3420=PRODUCT_CONTEXT('part definition',#3419,'mechanical');
#3421=PRODUCT('680.9.1.3-2\X2\9F7F8F6E\X0\1','680.9.1.3-2\X2\9F7F8F6E\X0\1',
$,(#3420));
#3422=PRODUCT('\X2\6B639F7F8F6E\X0\1','\X2\6B639F7F8F6E\X0\1',$,(#3420));
#3423=PRODUCT('\X2\6B639F7F8F6E\X0\1_1','\X2\6B639F7F8F6E\X0\11',$,(#3420));
ENDSEC;
END-ISO-10303-21;
