ISO-10303-21;
HEADER;
/* Generated by software containing ST-Developer
 * from STEP Tools, Inc. (www.steptools.com) 
 */
/* OPTION: using custom renumber hook */

FILE_DESCRIPTION(
/* description */ ('STEP AP214'),
/* implementation_level */ '2;1');

FILE_NAME(
/* name */ 'VNR41-3.0-48-B30-A-P35N',
/* time_stamp */ '2026-07-24T15:12:52+02:00',
/* author */ ('License CC BY-ND 4.0'),
/* organization */ ('CADENAS'),
/* preprocessor_version */ 'ST-DEVELOPER v20',
/* originating_system */ 'PARTsolutions',
/* authorisation */ '  ');

FILE_SCHEMA (('AUTOMOTIVE_DESIGN {1 0 10303 214 3 1 1}'));
ENDSEC;

DATA;
#10=PROPERTY_DEFINITION_REPRESENTATION(#14,#12);
#11=PROPERTY_DEFINITION_REPRESENTATION(#15,#13);
#12=REPRESENTATION('',(#16),#13511);
#13=REPRESENTATION('',(#17),#13511);
#14=PROPERTY_DEFINITION('pmi validation property','',#13516);
#15=PROPERTY_DEFINITION('pmi validation property','',#13516);
#16=VALUE_REPRESENTATION_ITEM('number of annotations',COUNT_MEASURE(0.));
#17=VALUE_REPRESENTATION_ITEM('number of views',COUNT_MEASURE(0.));
#18=SHAPE_REPRESENTATION_RELATIONSHIP('','',#7649,#19);
#19=ADVANCED_BREP_SHAPE_REPRESENTATION('',(#7647),#13511);
#20=B_SPLINE_CURVE_WITH_KNOTS('',3,(#13479,#13480,#13481,#13482),
 .UNSPECIFIED.,.F.,.F.,(4,4),(0.00352755283365918,0.00439406821433778),
 .UNSPECIFIED.);
#21=B_SPLINE_CURVE_WITH_KNOTS('',3,(#13484,#13485,#13486,#13487),
 .UNSPECIFIED.,.F.,.F.,(4,4),(0.00355542500780492,0.00442194038848352),
 .UNSPECIFIED.);
#22=B_SPLINE_CURVE_WITH_KNOTS('',3,(#13497,#13498,#13499,#13500),
 .UNSPECIFIED.,.F.,.F.,(4,4),(0.00355542500780494,0.00442194038848354),
 .UNSPECIFIED.);
#23=B_SPLINE_CURVE_WITH_KNOTS('',3,(#13501,#13502,#13503,#13504),
 .UNSPECIFIED.,.F.,.F.,(4,4),(0.00352755283365919,0.00439406821433779),
 .UNSPECIFIED.);
#24=CONICAL_SURFACE('',#8615,18.1,0.785398163397445);
#25=CONICAL_SURFACE('',#8619,17.5,0.785398163397448);
#26=PLANE('',#7660);
#27=PLANE('',#7670);
#28=PLANE('',#7680);
#29=PLANE('',#7690);
#30=PLANE('',#7700);
#31=PLANE('',#7710);
#32=PLANE('',#7720);
#33=PLANE('',#7730);
#34=PLANE('',#7740);
#35=PLANE('',#7750);
#36=PLANE('',#7760);
#37=PLANE('',#7770);
#38=PLANE('',#7780);
#39=PLANE('',#7790);
#40=PLANE('',#7800);
#41=PLANE('',#7810);
#42=PLANE('',#7820);
#43=PLANE('',#7830);
#44=PLANE('',#7840);
#45=PLANE('',#7850);
#46=PLANE('',#7860);
#47=PLANE('',#7870);
#48=PLANE('',#7880);
#49=PLANE('',#7890);
#50=PLANE('',#7900);
#51=PLANE('',#7910);
#52=PLANE('',#7920);
#53=PLANE('',#7930);
#54=PLANE('',#7940);
#55=PLANE('',#7950);
#56=PLANE('',#7960);
#57=PLANE('',#7970);
#58=PLANE('',#7980);
#59=PLANE('',#7990);
#60=PLANE('',#8000);
#61=PLANE('',#8010);
#62=PLANE('',#8020);
#63=PLANE('',#8030);
#64=PLANE('',#8040);
#65=PLANE('',#8050);
#66=PLANE('',#8060);
#67=PLANE('',#8070);
#68=PLANE('',#8080);
#69=PLANE('',#8090);
#70=PLANE('',#8100);
#71=PLANE('',#8110);
#72=PLANE('',#8120);
#73=PLANE('',#8130);
#74=PLANE('',#8140);
#75=PLANE('',#8150);
#76=PLANE('',#8160);
#77=PLANE('',#8170);
#78=PLANE('',#8180);
#79=PLANE('',#8190);
#80=PLANE('',#8200);
#81=PLANE('',#8210);
#82=PLANE('',#8220);
#83=PLANE('',#8230);
#84=PLANE('',#8240);
#85=PLANE('',#8250);
#86=PLANE('',#8260);
#87=PLANE('',#8270);
#88=PLANE('',#8280);
#89=PLANE('',#8290);
#90=PLANE('',#8300);
#91=PLANE('',#8310);
#92=PLANE('',#8320);
#93=PLANE('',#8330);
#94=PLANE('',#8340);
#95=PLANE('',#8350);
#96=PLANE('',#8360);
#97=PLANE('',#8370);
#98=PLANE('',#8380);
#99=PLANE('',#8390);
#100=PLANE('',#8400);
#101=PLANE('',#8410);
#102=PLANE('',#8420);
#103=PLANE('',#8430);
#104=PLANE('',#8440);
#105=PLANE('',#8450);
#106=PLANE('',#8460);
#107=PLANE('',#8470);
#108=PLANE('',#8480);
#109=PLANE('',#8490);
#110=PLANE('',#8500);
#111=PLANE('',#8510);
#112=PLANE('',#8520);
#113=PLANE('',#8530);
#114=PLANE('',#8540);
#115=PLANE('',#8550);
#116=PLANE('',#8560);
#117=PLANE('',#8570);
#118=PLANE('',#8580);
#119=PLANE('',#8590);
#120=PLANE('',#8600);
#121=PLANE('',#8610);
#122=PLANE('',#8611);
#123=PLANE('',#8613);
#124=PLANE('',#8620);
#125=PLANE('',#8621);
#126=PLANE('',#8622);
#127=LINE('',#11160,#713);
#128=LINE('',#11164,#714);
#129=LINE('',#11170,#715);
#130=LINE('',#11176,#716);
#131=LINE('',#11178,#717);
#132=LINE('',#11180,#718);
#133=LINE('',#11182,#719);
#134=LINE('',#11188,#720);
#135=LINE('',#11194,#721);
#136=LINE('',#11200,#722);
#137=LINE('',#11202,#723);
#138=LINE('',#11204,#724);
#139=LINE('',#11206,#725);
#140=LINE('',#11212,#726);
#141=LINE('',#11218,#727);
#142=LINE('',#11224,#728);
#143=LINE('',#11226,#729);
#144=LINE('',#11228,#730);
#145=LINE('',#11230,#731);
#146=LINE('',#11236,#732);
#147=LINE('',#11242,#733);
#148=LINE('',#11248,#734);
#149=LINE('',#11250,#735);
#150=LINE('',#11252,#736);
#151=LINE('',#11254,#737);
#152=LINE('',#11260,#738);
#153=LINE('',#11266,#739);
#154=LINE('',#11272,#740);
#155=LINE('',#11274,#741);
#156=LINE('',#11276,#742);
#157=LINE('',#11278,#743);
#158=LINE('',#11284,#744);
#159=LINE('',#11290,#745);
#160=LINE('',#11296,#746);
#161=LINE('',#11298,#747);
#162=LINE('',#11300,#748);
#163=LINE('',#11302,#749);
#164=LINE('',#11308,#750);
#165=LINE('',#11314,#751);
#166=LINE('',#11320,#752);
#167=LINE('',#11322,#753);
#168=LINE('',#11324,#754);
#169=LINE('',#11326,#755);
#170=LINE('',#11332,#756);
#171=LINE('',#11338,#757);
#172=LINE('',#11344,#758);
#173=LINE('',#11346,#759);
#174=LINE('',#11348,#760);
#175=LINE('',#11350,#761);
#176=LINE('',#11356,#762);
#177=LINE('',#11362,#763);
#178=LINE('',#11368,#764);
#179=LINE('',#11370,#765);
#180=LINE('',#11372,#766);
#181=LINE('',#11374,#767);
#182=LINE('',#11380,#768);
#183=LINE('',#11386,#769);
#184=LINE('',#11392,#770);
#185=LINE('',#11394,#771);
#186=LINE('',#11396,#772);
#187=LINE('',#11398,#773);
#188=LINE('',#11404,#774);
#189=LINE('',#11410,#775);
#190=LINE('',#11416,#776);
#191=LINE('',#11418,#777);
#192=LINE('',#11420,#778);
#193=LINE('',#11422,#779);
#194=LINE('',#11428,#780);
#195=LINE('',#11434,#781);
#196=LINE('',#11440,#782);
#197=LINE('',#11442,#783);
#198=LINE('',#11444,#784);
#199=LINE('',#11446,#785);
#200=LINE('',#11452,#786);
#201=LINE('',#11458,#787);
#202=LINE('',#11464,#788);
#203=LINE('',#11466,#789);
#204=LINE('',#11468,#790);
#205=LINE('',#11470,#791);
#206=LINE('',#11476,#792);
#207=LINE('',#11482,#793);
#208=LINE('',#11488,#794);
#209=LINE('',#11490,#795);
#210=LINE('',#11492,#796);
#211=LINE('',#11494,#797);
#212=LINE('',#11500,#798);
#213=LINE('',#11506,#799);
#214=LINE('',#11512,#800);
#215=LINE('',#11514,#801);
#216=LINE('',#11516,#802);
#217=LINE('',#11518,#803);
#218=LINE('',#11524,#804);
#219=LINE('',#11530,#805);
#220=LINE('',#11536,#806);
#221=LINE('',#11538,#807);
#222=LINE('',#11540,#808);
#223=LINE('',#11542,#809);
#224=LINE('',#11548,#810);
#225=LINE('',#11554,#811);
#226=LINE('',#11560,#812);
#227=LINE('',#11562,#813);
#228=LINE('',#11564,#814);
#229=LINE('',#11566,#815);
#230=LINE('',#11572,#816);
#231=LINE('',#11578,#817);
#232=LINE('',#11584,#818);
#233=LINE('',#11586,#819);
#234=LINE('',#11588,#820);
#235=LINE('',#11590,#821);
#236=LINE('',#11596,#822);
#237=LINE('',#11602,#823);
#238=LINE('',#11608,#824);
#239=LINE('',#11610,#825);
#240=LINE('',#11612,#826);
#241=LINE('',#11614,#827);
#242=LINE('',#11620,#828);
#243=LINE('',#11626,#829);
#244=LINE('',#11632,#830);
#245=LINE('',#11634,#831);
#246=LINE('',#11636,#832);
#247=LINE('',#11638,#833);
#248=LINE('',#11644,#834);
#249=LINE('',#11650,#835);
#250=LINE('',#11656,#836);
#251=LINE('',#11658,#837);
#252=LINE('',#11660,#838);
#253=LINE('',#11662,#839);
#254=LINE('',#11668,#840);
#255=LINE('',#11674,#841);
#256=LINE('',#11680,#842);
#257=LINE('',#11682,#843);
#258=LINE('',#11684,#844);
#259=LINE('',#11686,#845);
#260=LINE('',#11692,#846);
#261=LINE('',#11698,#847);
#262=LINE('',#11704,#848);
#263=LINE('',#11706,#849);
#264=LINE('',#11708,#850);
#265=LINE('',#11710,#851);
#266=LINE('',#11716,#852);
#267=LINE('',#11722,#853);
#268=LINE('',#11728,#854);
#269=LINE('',#11730,#855);
#270=LINE('',#11732,#856);
#271=LINE('',#11734,#857);
#272=LINE('',#11740,#858);
#273=LINE('',#11746,#859);
#274=LINE('',#11752,#860);
#275=LINE('',#11754,#861);
#276=LINE('',#11756,#862);
#277=LINE('',#11758,#863);
#278=LINE('',#11764,#864);
#279=LINE('',#11770,#865);
#280=LINE('',#11776,#866);
#281=LINE('',#11778,#867);
#282=LINE('',#11780,#868);
#283=LINE('',#11782,#869);
#284=LINE('',#11788,#870);
#285=LINE('',#11794,#871);
#286=LINE('',#11800,#872);
#287=LINE('',#11802,#873);
#288=LINE('',#11804,#874);
#289=LINE('',#11806,#875);
#290=LINE('',#11812,#876);
#291=LINE('',#11818,#877);
#292=LINE('',#11824,#878);
#293=LINE('',#11826,#879);
#294=LINE('',#11828,#880);
#295=LINE('',#11830,#881);
#296=LINE('',#11836,#882);
#297=LINE('',#11842,#883);
#298=LINE('',#11848,#884);
#299=LINE('',#11850,#885);
#300=LINE('',#11852,#886);
#301=LINE('',#11854,#887);
#302=LINE('',#11860,#888);
#303=LINE('',#11866,#889);
#304=LINE('',#11872,#890);
#305=LINE('',#11874,#891);
#306=LINE('',#11876,#892);
#307=LINE('',#11878,#893);
#308=LINE('',#11884,#894);
#309=LINE('',#11890,#895);
#310=LINE('',#11896,#896);
#311=LINE('',#11898,#897);
#312=LINE('',#11900,#898);
#313=LINE('',#11902,#899);
#314=LINE('',#11908,#900);
#315=LINE('',#11914,#901);
#316=LINE('',#11920,#902);
#317=LINE('',#11922,#903);
#318=LINE('',#11924,#904);
#319=LINE('',#11926,#905);
#320=LINE('',#11932,#906);
#321=LINE('',#11938,#907);
#322=LINE('',#11944,#908);
#323=LINE('',#11946,#909);
#324=LINE('',#11948,#910);
#325=LINE('',#11950,#911);
#326=LINE('',#11956,#912);
#327=LINE('',#11962,#913);
#328=LINE('',#11968,#914);
#329=LINE('',#11970,#915);
#330=LINE('',#11972,#916);
#331=LINE('',#11974,#917);
#332=LINE('',#11980,#918);
#333=LINE('',#11986,#919);
#334=LINE('',#11992,#920);
#335=LINE('',#11994,#921);
#336=LINE('',#11996,#922);
#337=LINE('',#11998,#923);
#338=LINE('',#12004,#924);
#339=LINE('',#12010,#925);
#340=LINE('',#12016,#926);
#341=LINE('',#12018,#927);
#342=LINE('',#12020,#928);
#343=LINE('',#12022,#929);
#344=LINE('',#12028,#930);
#345=LINE('',#12034,#931);
#346=LINE('',#12040,#932);
#347=LINE('',#12042,#933);
#348=LINE('',#12044,#934);
#349=LINE('',#12046,#935);
#350=LINE('',#12052,#936);
#351=LINE('',#12058,#937);
#352=LINE('',#12064,#938);
#353=LINE('',#12066,#939);
#354=LINE('',#12068,#940);
#355=LINE('',#12070,#941);
#356=LINE('',#12076,#942);
#357=LINE('',#12082,#943);
#358=LINE('',#12088,#944);
#359=LINE('',#12090,#945);
#360=LINE('',#12092,#946);
#361=LINE('',#12094,#947);
#362=LINE('',#12100,#948);
#363=LINE('',#12106,#949);
#364=LINE('',#12112,#950);
#365=LINE('',#12114,#951);
#366=LINE('',#12116,#952);
#367=LINE('',#12118,#953);
#368=LINE('',#12124,#954);
#369=LINE('',#12130,#955);
#370=LINE('',#12136,#956);
#371=LINE('',#12138,#957);
#372=LINE('',#12140,#958);
#373=LINE('',#12142,#959);
#374=LINE('',#12148,#960);
#375=LINE('',#12154,#961);
#376=LINE('',#12160,#962);
#377=LINE('',#12162,#963);
#378=LINE('',#12164,#964);
#379=LINE('',#12166,#965);
#380=LINE('',#12172,#966);
#381=LINE('',#12178,#967);
#382=LINE('',#12184,#968);
#383=LINE('',#12186,#969);
#384=LINE('',#12188,#970);
#385=LINE('',#12190,#971);
#386=LINE('',#12196,#972);
#387=LINE('',#12202,#973);
#388=LINE('',#12208,#974);
#389=LINE('',#12210,#975);
#390=LINE('',#12212,#976);
#391=LINE('',#12214,#977);
#392=LINE('',#12220,#978);
#393=LINE('',#12226,#979);
#394=LINE('',#12232,#980);
#395=LINE('',#12234,#981);
#396=LINE('',#12236,#982);
#397=LINE('',#12238,#983);
#398=LINE('',#12244,#984);
#399=LINE('',#12250,#985);
#400=LINE('',#12256,#986);
#401=LINE('',#12258,#987);
#402=LINE('',#12260,#988);
#403=LINE('',#12262,#989);
#404=LINE('',#12268,#990);
#405=LINE('',#12274,#991);
#406=LINE('',#12280,#992);
#407=LINE('',#12282,#993);
#408=LINE('',#12284,#994);
#409=LINE('',#12286,#995);
#410=LINE('',#12292,#996);
#411=LINE('',#12298,#997);
#412=LINE('',#12304,#998);
#413=LINE('',#12306,#999);
#414=LINE('',#12308,#1000);
#415=LINE('',#12310,#1001);
#416=LINE('',#12316,#1002);
#417=LINE('',#12322,#1003);
#418=LINE('',#12328,#1004);
#419=LINE('',#12330,#1005);
#420=LINE('',#12332,#1006);
#421=LINE('',#12334,#1007);
#422=LINE('',#12340,#1008);
#423=LINE('',#12346,#1009);
#424=LINE('',#12352,#1010);
#425=LINE('',#12354,#1011);
#426=LINE('',#12356,#1012);
#427=LINE('',#12358,#1013);
#428=LINE('',#12364,#1014);
#429=LINE('',#12370,#1015);
#430=LINE('',#12376,#1016);
#431=LINE('',#12378,#1017);
#432=LINE('',#12380,#1018);
#433=LINE('',#12382,#1019);
#434=LINE('',#12388,#1020);
#435=LINE('',#12394,#1021);
#436=LINE('',#12400,#1022);
#437=LINE('',#12402,#1023);
#438=LINE('',#12404,#1024);
#439=LINE('',#12406,#1025);
#440=LINE('',#12412,#1026);
#441=LINE('',#12418,#1027);
#442=LINE('',#12424,#1028);
#443=LINE('',#12426,#1029);
#444=LINE('',#12428,#1030);
#445=LINE('',#12430,#1031);
#446=LINE('',#12436,#1032);
#447=LINE('',#12442,#1033);
#448=LINE('',#12448,#1034);
#449=LINE('',#12450,#1035);
#450=LINE('',#12452,#1036);
#451=LINE('',#12454,#1037);
#452=LINE('',#12460,#1038);
#453=LINE('',#12466,#1039);
#454=LINE('',#12472,#1040);
#455=LINE('',#12474,#1041);
#456=LINE('',#12476,#1042);
#457=LINE('',#12478,#1043);
#458=LINE('',#12484,#1044);
#459=LINE('',#12490,#1045);
#460=LINE('',#12496,#1046);
#461=LINE('',#12498,#1047);
#462=LINE('',#12500,#1048);
#463=LINE('',#12502,#1049);
#464=LINE('',#12508,#1050);
#465=LINE('',#12514,#1051);
#466=LINE('',#12520,#1052);
#467=LINE('',#12522,#1053);
#468=LINE('',#12524,#1054);
#469=LINE('',#12526,#1055);
#470=LINE('',#12532,#1056);
#471=LINE('',#12538,#1057);
#472=LINE('',#12544,#1058);
#473=LINE('',#12546,#1059);
#474=LINE('',#12548,#1060);
#475=LINE('',#12550,#1061);
#476=LINE('',#12556,#1062);
#477=LINE('',#12562,#1063);
#478=LINE('',#12568,#1064);
#479=LINE('',#12570,#1065);
#480=LINE('',#12572,#1066);
#481=LINE('',#12574,#1067);
#482=LINE('',#12580,#1068);
#483=LINE('',#12586,#1069);
#484=LINE('',#12592,#1070);
#485=LINE('',#12594,#1071);
#486=LINE('',#12596,#1072);
#487=LINE('',#12598,#1073);
#488=LINE('',#12604,#1074);
#489=LINE('',#12610,#1075);
#490=LINE('',#12616,#1076);
#491=LINE('',#12618,#1077);
#492=LINE('',#12620,#1078);
#493=LINE('',#12622,#1079);
#494=LINE('',#12628,#1080);
#495=LINE('',#12634,#1081);
#496=LINE('',#12640,#1082);
#497=LINE('',#12642,#1083);
#498=LINE('',#12644,#1084);
#499=LINE('',#12646,#1085);
#500=LINE('',#12652,#1086);
#501=LINE('',#12658,#1087);
#502=LINE('',#12664,#1088);
#503=LINE('',#12666,#1089);
#504=LINE('',#12668,#1090);
#505=LINE('',#12670,#1091);
#506=LINE('',#12676,#1092);
#507=LINE('',#12682,#1093);
#508=LINE('',#12688,#1094);
#509=LINE('',#12690,#1095);
#510=LINE('',#12692,#1096);
#511=LINE('',#12694,#1097);
#512=LINE('',#12700,#1098);
#513=LINE('',#12706,#1099);
#514=LINE('',#12712,#1100);
#515=LINE('',#12714,#1101);
#516=LINE('',#12716,#1102);
#517=LINE('',#12718,#1103);
#518=LINE('',#12724,#1104);
#519=LINE('',#12730,#1105);
#520=LINE('',#12736,#1106);
#521=LINE('',#12738,#1107);
#522=LINE('',#12740,#1108);
#523=LINE('',#12742,#1109);
#524=LINE('',#12748,#1110);
#525=LINE('',#12754,#1111);
#526=LINE('',#12760,#1112);
#527=LINE('',#12762,#1113);
#528=LINE('',#12764,#1114);
#529=LINE('',#12766,#1115);
#530=LINE('',#12772,#1116);
#531=LINE('',#12778,#1117);
#532=LINE('',#12784,#1118);
#533=LINE('',#12786,#1119);
#534=LINE('',#12788,#1120);
#535=LINE('',#12790,#1121);
#536=LINE('',#12796,#1122);
#537=LINE('',#12802,#1123);
#538=LINE('',#12808,#1124);
#539=LINE('',#12810,#1125);
#540=LINE('',#12812,#1126);
#541=LINE('',#12814,#1127);
#542=LINE('',#12820,#1128);
#543=LINE('',#12826,#1129);
#544=LINE('',#12832,#1130);
#545=LINE('',#12834,#1131);
#546=LINE('',#12836,#1132);
#547=LINE('',#12838,#1133);
#548=LINE('',#12844,#1134);
#549=LINE('',#12850,#1135);
#550=LINE('',#12856,#1136);
#551=LINE('',#12858,#1137);
#552=LINE('',#12860,#1138);
#553=LINE('',#12862,#1139);
#554=LINE('',#12868,#1140);
#555=LINE('',#12874,#1141);
#556=LINE('',#12880,#1142);
#557=LINE('',#12882,#1143);
#558=LINE('',#12884,#1144);
#559=LINE('',#12886,#1145);
#560=LINE('',#12892,#1146);
#561=LINE('',#12898,#1147);
#562=LINE('',#12904,#1148);
#563=LINE('',#12906,#1149);
#564=LINE('',#12908,#1150);
#565=LINE('',#12910,#1151);
#566=LINE('',#12916,#1152);
#567=LINE('',#12922,#1153);
#568=LINE('',#12928,#1154);
#569=LINE('',#12930,#1155);
#570=LINE('',#12932,#1156);
#571=LINE('',#12934,#1157);
#572=LINE('',#12940,#1158);
#573=LINE('',#12946,#1159);
#574=LINE('',#12952,#1160);
#575=LINE('',#12954,#1161);
#576=LINE('',#12956,#1162);
#577=LINE('',#12958,#1163);
#578=LINE('',#12964,#1164);
#579=LINE('',#12970,#1165);
#580=LINE('',#12976,#1166);
#581=LINE('',#12978,#1167);
#582=LINE('',#12980,#1168);
#583=LINE('',#12982,#1169);
#584=LINE('',#12988,#1170);
#585=LINE('',#12994,#1171);
#586=LINE('',#13000,#1172);
#587=LINE('',#13002,#1173);
#588=LINE('',#13004,#1174);
#589=LINE('',#13006,#1175);
#590=LINE('',#13012,#1176);
#591=LINE('',#13018,#1177);
#592=LINE('',#13024,#1178);
#593=LINE('',#13026,#1179);
#594=LINE('',#13028,#1180);
#595=LINE('',#13030,#1181);
#596=LINE('',#13036,#1182);
#597=LINE('',#13042,#1183);
#598=LINE('',#13048,#1184);
#599=LINE('',#13050,#1185);
#600=LINE('',#13052,#1186);
#601=LINE('',#13054,#1187);
#602=LINE('',#13060,#1188);
#603=LINE('',#13066,#1189);
#604=LINE('',#13072,#1190);
#605=LINE('',#13074,#1191);
#606=LINE('',#13076,#1192);
#607=LINE('',#13078,#1193);
#608=LINE('',#13084,#1194);
#609=LINE('',#13090,#1195);
#610=LINE('',#13096,#1196);
#611=LINE('',#13098,#1197);
#612=LINE('',#13100,#1198);
#613=LINE('',#13102,#1199);
#614=LINE('',#13108,#1200);
#615=LINE('',#13114,#1201);
#616=LINE('',#13120,#1202);
#617=LINE('',#13122,#1203);
#618=LINE('',#13124,#1204);
#619=LINE('',#13126,#1205);
#620=LINE('',#13132,#1206);
#621=LINE('',#13138,#1207);
#622=LINE('',#13144,#1208);
#623=LINE('',#13146,#1209);
#624=LINE('',#13148,#1210);
#625=LINE('',#13150,#1211);
#626=LINE('',#13156,#1212);
#627=LINE('',#13162,#1213);
#628=LINE('',#13168,#1214);
#629=LINE('',#13170,#1215);
#630=LINE('',#13172,#1216);
#631=LINE('',#13174,#1217);
#632=LINE('',#13180,#1218);
#633=LINE('',#13186,#1219);
#634=LINE('',#13192,#1220);
#635=LINE('',#13194,#1221);
#636=LINE('',#13196,#1222);
#637=LINE('',#13198,#1223);
#638=LINE('',#13204,#1224);
#639=LINE('',#13210,#1225);
#640=LINE('',#13216,#1226);
#641=LINE('',#13218,#1227);
#642=LINE('',#13220,#1228);
#643=LINE('',#13222,#1229);
#644=LINE('',#13228,#1230);
#645=LINE('',#13234,#1231);
#646=LINE('',#13240,#1232);
#647=LINE('',#13242,#1233);
#648=LINE('',#13244,#1234);
#649=LINE('',#13246,#1235);
#650=LINE('',#13252,#1236);
#651=LINE('',#13258,#1237);
#652=LINE('',#13264,#1238);
#653=LINE('',#13266,#1239);
#654=LINE('',#13268,#1240);
#655=LINE('',#13270,#1241);
#656=LINE('',#13276,#1242);
#657=LINE('',#13282,#1243);
#658=LINE('',#13288,#1244);
#659=LINE('',#13290,#1245);
#660=LINE('',#13292,#1246);
#661=LINE('',#13294,#1247);
#662=LINE('',#13300,#1248);
#663=LINE('',#13306,#1249);
#664=LINE('',#13312,#1250);
#665=LINE('',#13314,#1251);
#666=LINE('',#13316,#1252);
#667=LINE('',#13318,#1253);
#668=LINE('',#13324,#1254);
#669=LINE('',#13330,#1255);
#670=LINE('',#13336,#1256);
#671=LINE('',#13338,#1257);
#672=LINE('',#13340,#1258);
#673=LINE('',#13342,#1259);
#674=LINE('',#13348,#1260);
#675=LINE('',#13354,#1261);
#676=LINE('',#13360,#1262);
#677=LINE('',#13362,#1263);
#678=LINE('',#13364,#1264);
#679=LINE('',#13366,#1265);
#680=LINE('',#13372,#1266);
#681=LINE('',#13378,#1267);
#682=LINE('',#13384,#1268);
#683=LINE('',#13386,#1269);
#684=LINE('',#13388,#1270);
#685=LINE('',#13390,#1271);
#686=LINE('',#13396,#1272);
#687=LINE('',#13402,#1273);
#688=LINE('',#13408,#1274);
#689=LINE('',#13410,#1275);
#690=LINE('',#13412,#1276);
#691=LINE('',#13414,#1277);
#692=LINE('',#13420,#1278);
#693=LINE('',#13426,#1279);
#694=LINE('',#13432,#1280);
#695=LINE('',#13434,#1281);
#696=LINE('',#13436,#1282);
#697=LINE('',#13438,#1283);
#698=LINE('',#13444,#1284);
#699=LINE('',#13450,#1285);
#700=LINE('',#13456,#1286);
#701=LINE('',#13458,#1287);
#702=LINE('',#13459,#1288);
#703=LINE('',#13461,#1289);
#704=LINE('',#13464,#1290);
#705=LINE('',#13468,#1291);
#706=LINE('',#13470,#1292);
#707=LINE('',#13473,#1293);
#708=LINE('',#13475,#1294);
#709=LINE('',#13491,#1295);
#710=LINE('',#13493,#1296);
#711=LINE('',#13506,#1297);
#712=LINE('',#13508,#1298);
#713=VECTOR('',#8629,1000.);
#714=VECTOR('',#8632,1000.);
#715=VECTOR('',#8639,1000.);
#716=VECTOR('',#8646,1000.);
#717=VECTOR('',#8649,1000.);
#718=VECTOR('',#8650,1000.);
#719=VECTOR('',#8651,1000.);
#720=VECTOR('',#8658,1000.);
#721=VECTOR('',#8665,1000.);
#722=VECTOR('',#8672,1000.);
#723=VECTOR('',#8675,1000.);
#724=VECTOR('',#8676,1000.);
#725=VECTOR('',#8677,1000.);
#726=VECTOR('',#8684,1000.);
#727=VECTOR('',#8691,1000.);
#728=VECTOR('',#8698,1000.);
#729=VECTOR('',#8701,1000.);
#730=VECTOR('',#8702,1000.);
#731=VECTOR('',#8703,1000.);
#732=VECTOR('',#8710,1000.);
#733=VECTOR('',#8717,1000.);
#734=VECTOR('',#8724,1000.);
#735=VECTOR('',#8727,1000.);
#736=VECTOR('',#8728,1000.);
#737=VECTOR('',#8729,1000.);
#738=VECTOR('',#8736,1000.);
#739=VECTOR('',#8743,1000.);
#740=VECTOR('',#8750,1000.);
#741=VECTOR('',#8753,1000.);
#742=VECTOR('',#8754,1000.);
#743=VECTOR('',#8755,1000.);
#744=VECTOR('',#8762,1000.);
#745=VECTOR('',#8769,1000.);
#746=VECTOR('',#8776,1000.);
#747=VECTOR('',#8779,1000.);
#748=VECTOR('',#8780,1000.);
#749=VECTOR('',#8781,1000.);
#750=VECTOR('',#8788,1000.);
#751=VECTOR('',#8795,1000.);
#752=VECTOR('',#8802,1000.);
#753=VECTOR('',#8805,1000.);
#754=VECTOR('',#8806,1000.);
#755=VECTOR('',#8807,1000.);
#756=VECTOR('',#8814,1000.);
#757=VECTOR('',#8821,1000.);
#758=VECTOR('',#8828,1000.);
#759=VECTOR('',#8831,1000.);
#760=VECTOR('',#8832,1000.);
#761=VECTOR('',#8833,1000.);
#762=VECTOR('',#8840,1000.);
#763=VECTOR('',#8847,1000.);
#764=VECTOR('',#8854,1000.);
#765=VECTOR('',#8857,1000.);
#766=VECTOR('',#8858,1000.);
#767=VECTOR('',#8859,1000.);
#768=VECTOR('',#8866,1000.);
#769=VECTOR('',#8873,1000.);
#770=VECTOR('',#8880,1000.);
#771=VECTOR('',#8883,1000.);
#772=VECTOR('',#8884,1000.);
#773=VECTOR('',#8885,1000.);
#774=VECTOR('',#8892,1000.);
#775=VECTOR('',#8899,1000.);
#776=VECTOR('',#8906,1000.);
#777=VECTOR('',#8909,1000.);
#778=VECTOR('',#8910,1000.);
#779=VECTOR('',#8911,1000.);
#780=VECTOR('',#8918,1000.);
#781=VECTOR('',#8925,1000.);
#782=VECTOR('',#8932,1000.);
#783=VECTOR('',#8935,1000.);
#784=VECTOR('',#8936,1000.);
#785=VECTOR('',#8937,1000.);
#786=VECTOR('',#8944,1000.);
#787=VECTOR('',#8951,1000.);
#788=VECTOR('',#8958,1000.);
#789=VECTOR('',#8961,1000.);
#790=VECTOR('',#8962,1000.);
#791=VECTOR('',#8963,1000.);
#792=VECTOR('',#8970,1000.);
#793=VECTOR('',#8977,1000.);
#794=VECTOR('',#8984,1000.);
#795=VECTOR('',#8987,1000.);
#796=VECTOR('',#8988,1000.);
#797=VECTOR('',#8989,1000.);
#798=VECTOR('',#8996,1000.);
#799=VECTOR('',#9003,1000.);
#800=VECTOR('',#9010,1000.);
#801=VECTOR('',#9013,1000.);
#802=VECTOR('',#9014,1000.);
#803=VECTOR('',#9015,1000.);
#804=VECTOR('',#9022,1000.);
#805=VECTOR('',#9029,1000.);
#806=VECTOR('',#9036,1000.);
#807=VECTOR('',#9039,1000.);
#808=VECTOR('',#9040,1000.);
#809=VECTOR('',#9041,1000.);
#810=VECTOR('',#9048,1000.);
#811=VECTOR('',#9055,1000.);
#812=VECTOR('',#9062,1000.);
#813=VECTOR('',#9065,1000.);
#814=VECTOR('',#9066,1000.);
#815=VECTOR('',#9067,1000.);
#816=VECTOR('',#9074,1000.);
#817=VECTOR('',#9081,1000.);
#818=VECTOR('',#9088,1000.);
#819=VECTOR('',#9091,1000.);
#820=VECTOR('',#9092,1000.);
#821=VECTOR('',#9093,1000.);
#822=VECTOR('',#9100,1000.);
#823=VECTOR('',#9107,1000.);
#824=VECTOR('',#9114,1000.);
#825=VECTOR('',#9117,1000.);
#826=VECTOR('',#9118,1000.);
#827=VECTOR('',#9119,1000.);
#828=VECTOR('',#9126,1000.);
#829=VECTOR('',#9133,1000.);
#830=VECTOR('',#9140,1000.);
#831=VECTOR('',#9143,1000.);
#832=VECTOR('',#9144,1000.);
#833=VECTOR('',#9145,1000.);
#834=VECTOR('',#9152,1000.);
#835=VECTOR('',#9159,1000.);
#836=VECTOR('',#9166,1000.);
#837=VECTOR('',#9169,1000.);
#838=VECTOR('',#9170,1000.);
#839=VECTOR('',#9171,1000.);
#840=VECTOR('',#9178,1000.);
#841=VECTOR('',#9185,1000.);
#842=VECTOR('',#9192,1000.);
#843=VECTOR('',#9195,1000.);
#844=VECTOR('',#9196,1000.);
#845=VECTOR('',#9197,1000.);
#846=VECTOR('',#9204,1000.);
#847=VECTOR('',#9211,1000.);
#848=VECTOR('',#9218,1000.);
#849=VECTOR('',#9221,1000.);
#850=VECTOR('',#9222,1000.);
#851=VECTOR('',#9223,1000.);
#852=VECTOR('',#9230,1000.);
#853=VECTOR('',#9237,1000.);
#854=VECTOR('',#9244,1000.);
#855=VECTOR('',#9247,1000.);
#856=VECTOR('',#9248,1000.);
#857=VECTOR('',#9249,1000.);
#858=VECTOR('',#9256,1000.);
#859=VECTOR('',#9263,1000.);
#860=VECTOR('',#9270,1000.);
#861=VECTOR('',#9273,1000.);
#862=VECTOR('',#9274,1000.);
#863=VECTOR('',#9275,1000.);
#864=VECTOR('',#9282,1000.);
#865=VECTOR('',#9289,1000.);
#866=VECTOR('',#9296,1000.);
#867=VECTOR('',#9299,1000.);
#868=VECTOR('',#9300,1000.);
#869=VECTOR('',#9301,1000.);
#870=VECTOR('',#9308,1000.);
#871=VECTOR('',#9315,1000.);
#872=VECTOR('',#9322,1000.);
#873=VECTOR('',#9325,1000.);
#874=VECTOR('',#9326,1000.);
#875=VECTOR('',#9327,1000.);
#876=VECTOR('',#9334,1000.);
#877=VECTOR('',#9341,1000.);
#878=VECTOR('',#9348,1000.);
#879=VECTOR('',#9351,1000.);
#880=VECTOR('',#9352,1000.);
#881=VECTOR('',#9353,1000.);
#882=VECTOR('',#9360,1000.);
#883=VECTOR('',#9367,1000.);
#884=VECTOR('',#9374,1000.);
#885=VECTOR('',#9377,1000.);
#886=VECTOR('',#9378,1000.);
#887=VECTOR('',#9379,1000.);
#888=VECTOR('',#9386,1000.);
#889=VECTOR('',#9393,1000.);
#890=VECTOR('',#9400,1000.);
#891=VECTOR('',#9403,1000.);
#892=VECTOR('',#9404,1000.);
#893=VECTOR('',#9405,1000.);
#894=VECTOR('',#9412,1000.);
#895=VECTOR('',#9419,1000.);
#896=VECTOR('',#9426,1000.);
#897=VECTOR('',#9429,1000.);
#898=VECTOR('',#9430,1000.);
#899=VECTOR('',#9431,1000.);
#900=VECTOR('',#9438,1000.);
#901=VECTOR('',#9445,1000.);
#902=VECTOR('',#9452,1000.);
#903=VECTOR('',#9455,1000.);
#904=VECTOR('',#9456,1000.);
#905=VECTOR('',#9457,1000.);
#906=VECTOR('',#9464,1000.);
#907=VECTOR('',#9471,1000.);
#908=VECTOR('',#9478,1000.);
#909=VECTOR('',#9481,1000.);
#910=VECTOR('',#9482,1000.);
#911=VECTOR('',#9483,1000.);
#912=VECTOR('',#9490,1000.);
#913=VECTOR('',#9497,1000.);
#914=VECTOR('',#9504,1000.);
#915=VECTOR('',#9507,1000.);
#916=VECTOR('',#9508,1000.);
#917=VECTOR('',#9509,1000.);
#918=VECTOR('',#9516,1000.);
#919=VECTOR('',#9523,1000.);
#920=VECTOR('',#9530,1000.);
#921=VECTOR('',#9533,1000.);
#922=VECTOR('',#9534,1000.);
#923=VECTOR('',#9535,1000.);
#924=VECTOR('',#9542,1000.);
#925=VECTOR('',#9549,1000.);
#926=VECTOR('',#9556,1000.);
#927=VECTOR('',#9559,1000.);
#928=VECTOR('',#9560,1000.);
#929=VECTOR('',#9561,1000.);
#930=VECTOR('',#9568,1000.);
#931=VECTOR('',#9575,1000.);
#932=VECTOR('',#9582,1000.);
#933=VECTOR('',#9585,1000.);
#934=VECTOR('',#9586,1000.);
#935=VECTOR('',#9587,1000.);
#936=VECTOR('',#9594,1000.);
#937=VECTOR('',#9601,1000.);
#938=VECTOR('',#9608,1000.);
#939=VECTOR('',#9611,1000.);
#940=VECTOR('',#9612,1000.);
#941=VECTOR('',#9613,1000.);
#942=VECTOR('',#9620,1000.);
#943=VECTOR('',#9627,1000.);
#944=VECTOR('',#9634,1000.);
#945=VECTOR('',#9637,1000.);
#946=VECTOR('',#9638,1000.);
#947=VECTOR('',#9639,1000.);
#948=VECTOR('',#9646,1000.);
#949=VECTOR('',#9653,1000.);
#950=VECTOR('',#9660,1000.);
#951=VECTOR('',#9663,1000.);
#952=VECTOR('',#9664,1000.);
#953=VECTOR('',#9665,1000.);
#954=VECTOR('',#9672,1000.);
#955=VECTOR('',#9679,1000.);
#956=VECTOR('',#9686,1000.);
#957=VECTOR('',#9689,1000.);
#958=VECTOR('',#9690,1000.);
#959=VECTOR('',#9691,1000.);
#960=VECTOR('',#9698,1000.);
#961=VECTOR('',#9705,1000.);
#962=VECTOR('',#9712,1000.);
#963=VECTOR('',#9715,1000.);
#964=VECTOR('',#9716,1000.);
#965=VECTOR('',#9717,1000.);
#966=VECTOR('',#9724,1000.);
#967=VECTOR('',#9731,1000.);
#968=VECTOR('',#9738,1000.);
#969=VECTOR('',#9741,1000.);
#970=VECTOR('',#9742,1000.);
#971=VECTOR('',#9743,1000.);
#972=VECTOR('',#9750,1000.);
#973=VECTOR('',#9757,1000.);
#974=VECTOR('',#9764,1000.);
#975=VECTOR('',#9767,1000.);
#976=VECTOR('',#9768,1000.);
#977=VECTOR('',#9769,1000.);
#978=VECTOR('',#9776,1000.);
#979=VECTOR('',#9783,1000.);
#980=VECTOR('',#9790,1000.);
#981=VECTOR('',#9793,1000.);
#982=VECTOR('',#9794,1000.);
#983=VECTOR('',#9795,1000.);
#984=VECTOR('',#9802,1000.);
#985=VECTOR('',#9809,1000.);
#986=VECTOR('',#9816,1000.);
#987=VECTOR('',#9819,1000.);
#988=VECTOR('',#9820,1000.);
#989=VECTOR('',#9821,1000.);
#990=VECTOR('',#9828,1000.);
#991=VECTOR('',#9835,1000.);
#992=VECTOR('',#9842,1000.);
#993=VECTOR('',#9845,1000.);
#994=VECTOR('',#9846,1000.);
#995=VECTOR('',#9847,1000.);
#996=VECTOR('',#9854,1000.);
#997=VECTOR('',#9861,1000.);
#998=VECTOR('',#9868,1000.);
#999=VECTOR('',#9871,1000.);
#1000=VECTOR('',#9872,1000.);
#1001=VECTOR('',#9873,1000.);
#1002=VECTOR('',#9880,1000.);
#1003=VECTOR('',#9887,1000.);
#1004=VECTOR('',#9894,1000.);
#1005=VECTOR('',#9897,1000.);
#1006=VECTOR('',#9898,1000.);
#1007=VECTOR('',#9899,1000.);
#1008=VECTOR('',#9906,1000.);
#1009=VECTOR('',#9913,1000.);
#1010=VECTOR('',#9920,1000.);
#1011=VECTOR('',#9923,1000.);
#1012=VECTOR('',#9924,1000.);
#1013=VECTOR('',#9925,1000.);
#1014=VECTOR('',#9932,1000.);
#1015=VECTOR('',#9939,1000.);
#1016=VECTOR('',#9946,1000.);
#1017=VECTOR('',#9949,1000.);
#1018=VECTOR('',#9950,1000.);
#1019=VECTOR('',#9951,1000.);
#1020=VECTOR('',#9958,1000.);
#1021=VECTOR('',#9965,1000.);
#1022=VECTOR('',#9972,1000.);
#1023=VECTOR('',#9975,1000.);
#1024=VECTOR('',#9976,1000.);
#1025=VECTOR('',#9977,1000.);
#1026=VECTOR('',#9984,1000.);
#1027=VECTOR('',#9991,1000.);
#1028=VECTOR('',#9998,1000.);
#1029=VECTOR('',#10001,1000.);
#1030=VECTOR('',#10002,1000.);
#1031=VECTOR('',#10003,1000.);
#1032=VECTOR('',#10010,1000.);
#1033=VECTOR('',#10017,1000.);
#1034=VECTOR('',#10024,1000.);
#1035=VECTOR('',#10027,1000.);
#1036=VECTOR('',#10028,1000.);
#1037=VECTOR('',#10029,1000.);
#1038=VECTOR('',#10036,1000.);
#1039=VECTOR('',#10043,1000.);
#1040=VECTOR('',#10050,1000.);
#1041=VECTOR('',#10053,1000.);
#1042=VECTOR('',#10054,1000.);
#1043=VECTOR('',#10055,1000.);
#1044=VECTOR('',#10062,1000.);
#1045=VECTOR('',#10069,1000.);
#1046=VECTOR('',#10076,1000.);
#1047=VECTOR('',#10079,1000.);
#1048=VECTOR('',#10080,1000.);
#1049=VECTOR('',#10081,1000.);
#1050=VECTOR('',#10088,1000.);
#1051=VECTOR('',#10095,1000.);
#1052=VECTOR('',#10102,1000.);
#1053=VECTOR('',#10105,1000.);
#1054=VECTOR('',#10106,1000.);
#1055=VECTOR('',#10107,1000.);
#1056=VECTOR('',#10114,1000.);
#1057=VECTOR('',#10121,1000.);
#1058=VECTOR('',#10128,1000.);
#1059=VECTOR('',#10131,1000.);
#1060=VECTOR('',#10132,1000.);
#1061=VECTOR('',#10133,1000.);
#1062=VECTOR('',#10140,1000.);
#1063=VECTOR('',#10147,1000.);
#1064=VECTOR('',#10154,1000.);
#1065=VECTOR('',#10157,1000.);
#1066=VECTOR('',#10158,1000.);
#1067=VECTOR('',#10159,1000.);
#1068=VECTOR('',#10166,1000.);
#1069=VECTOR('',#10173,1000.);
#1070=VECTOR('',#10180,1000.);
#1071=VECTOR('',#10183,1000.);
#1072=VECTOR('',#10184,1000.);
#1073=VECTOR('',#10185,1000.);
#1074=VECTOR('',#10192,1000.);
#1075=VECTOR('',#10199,1000.);
#1076=VECTOR('',#10206,1000.);
#1077=VECTOR('',#10209,1000.);
#1078=VECTOR('',#10210,1000.);
#1079=VECTOR('',#10211,1000.);
#1080=VECTOR('',#10218,1000.);
#1081=VECTOR('',#10225,1000.);
#1082=VECTOR('',#10232,1000.);
#1083=VECTOR('',#10235,1000.);
#1084=VECTOR('',#10236,1000.);
#1085=VECTOR('',#10237,1000.);
#1086=VECTOR('',#10244,1000.);
#1087=VECTOR('',#10251,1000.);
#1088=VECTOR('',#10258,1000.);
#1089=VECTOR('',#10261,1000.);
#1090=VECTOR('',#10262,1000.);
#1091=VECTOR('',#10263,1000.);
#1092=VECTOR('',#10270,1000.);
#1093=VECTOR('',#10277,1000.);
#1094=VECTOR('',#10284,1000.);
#1095=VECTOR('',#10287,1000.);
#1096=VECTOR('',#10288,1000.);
#1097=VECTOR('',#10289,1000.);
#1098=VECTOR('',#10296,1000.);
#1099=VECTOR('',#10303,1000.);
#1100=VECTOR('',#10310,1000.);
#1101=VECTOR('',#10313,1000.);
#1102=VECTOR('',#10314,1000.);
#1103=VECTOR('',#10315,1000.);
#1104=VECTOR('',#10322,1000.);
#1105=VECTOR('',#10329,1000.);
#1106=VECTOR('',#10336,1000.);
#1107=VECTOR('',#10339,1000.);
#1108=VECTOR('',#10340,1000.);
#1109=VECTOR('',#10341,1000.);
#1110=VECTOR('',#10348,1000.);
#1111=VECTOR('',#10355,1000.);
#1112=VECTOR('',#10362,1000.);
#1113=VECTOR('',#10365,1000.);
#1114=VECTOR('',#10366,1000.);
#1115=VECTOR('',#10367,1000.);
#1116=VECTOR('',#10374,1000.);
#1117=VECTOR('',#10381,1000.);
#1118=VECTOR('',#10388,1000.);
#1119=VECTOR('',#10391,1000.);
#1120=VECTOR('',#10392,1000.);
#1121=VECTOR('',#10393,1000.);
#1122=VECTOR('',#10400,1000.);
#1123=VECTOR('',#10407,1000.);
#1124=VECTOR('',#10414,1000.);
#1125=VECTOR('',#10417,1000.);
#1126=VECTOR('',#10418,1000.);
#1127=VECTOR('',#10419,1000.);
#1128=VECTOR('',#10426,1000.);
#1129=VECTOR('',#10433,1000.);
#1130=VECTOR('',#10440,1000.);
#1131=VECTOR('',#10443,1000.);
#1132=VECTOR('',#10444,1000.);
#1133=VECTOR('',#10445,1000.);
#1134=VECTOR('',#10452,1000.);
#1135=VECTOR('',#10459,1000.);
#1136=VECTOR('',#10466,1000.);
#1137=VECTOR('',#10469,1000.);
#1138=VECTOR('',#10470,1000.);
#1139=VECTOR('',#10471,1000.);
#1140=VECTOR('',#10478,1000.);
#1141=VECTOR('',#10485,1000.);
#1142=VECTOR('',#10492,1000.);
#1143=VECTOR('',#10495,1000.);
#1144=VECTOR('',#10496,1000.);
#1145=VECTOR('',#10497,1000.);
#1146=VECTOR('',#10504,1000.);
#1147=VECTOR('',#10511,1000.);
#1148=VECTOR('',#10518,1000.);
#1149=VECTOR('',#10521,1000.);
#1150=VECTOR('',#10522,1000.);
#1151=VECTOR('',#10523,1000.);
#1152=VECTOR('',#10530,1000.);
#1153=VECTOR('',#10537,1000.);
#1154=VECTOR('',#10544,1000.);
#1155=VECTOR('',#10547,1000.);
#1156=VECTOR('',#10548,1000.);
#1157=VECTOR('',#10549,1000.);
#1158=VECTOR('',#10556,1000.);
#1159=VECTOR('',#10563,1000.);
#1160=VECTOR('',#10570,1000.);
#1161=VECTOR('',#10573,1000.);
#1162=VECTOR('',#10574,1000.);
#1163=VECTOR('',#10575,1000.);
#1164=VECTOR('',#10582,1000.);
#1165=VECTOR('',#10589,1000.);
#1166=VECTOR('',#10596,1000.);
#1167=VECTOR('',#10599,1000.);
#1168=VECTOR('',#10600,1000.);
#1169=VECTOR('',#10601,1000.);
#1170=VECTOR('',#10608,1000.);
#1171=VECTOR('',#10615,1000.);
#1172=VECTOR('',#10622,1000.);
#1173=VECTOR('',#10625,1000.);
#1174=VECTOR('',#10626,1000.);
#1175=VECTOR('',#10627,1000.);
#1176=VECTOR('',#10634,1000.);
#1177=VECTOR('',#10641,1000.);
#1178=VECTOR('',#10648,1000.);
#1179=VECTOR('',#10651,1000.);
#1180=VECTOR('',#10652,1000.);
#1181=VECTOR('',#10653,1000.);
#1182=VECTOR('',#10660,1000.);
#1183=VECTOR('',#10667,1000.);
#1184=VECTOR('',#10674,1000.);
#1185=VECTOR('',#10677,1000.);
#1186=VECTOR('',#10678,1000.);
#1187=VECTOR('',#10679,1000.);
#1188=VECTOR('',#10686,1000.);
#1189=VECTOR('',#10693,1000.);
#1190=VECTOR('',#10700,1000.);
#1191=VECTOR('',#10703,1000.);
#1192=VECTOR('',#10704,1000.);
#1193=VECTOR('',#10705,1000.);
#1194=VECTOR('',#10712,1000.);
#1195=VECTOR('',#10719,1000.);
#1196=VECTOR('',#10726,1000.);
#1197=VECTOR('',#10729,1000.);
#1198=VECTOR('',#10730,1000.);
#1199=VECTOR('',#10731,1000.);
#1200=VECTOR('',#10738,1000.);
#1201=VECTOR('',#10745,1000.);
#1202=VECTOR('',#10752,1000.);
#1203=VECTOR('',#10755,1000.);
#1204=VECTOR('',#10756,1000.);
#1205=VECTOR('',#10757,1000.);
#1206=VECTOR('',#10764,1000.);
#1207=VECTOR('',#10771,1000.);
#1208=VECTOR('',#10778,1000.);
#1209=VECTOR('',#10781,1000.);
#1210=VECTOR('',#10782,1000.);
#1211=VECTOR('',#10783,1000.);
#1212=VECTOR('',#10790,1000.);
#1213=VECTOR('',#10797,1000.);
#1214=VECTOR('',#10804,1000.);
#1215=VECTOR('',#10807,1000.);
#1216=VECTOR('',#10808,1000.);
#1217=VECTOR('',#10809,1000.);
#1218=VECTOR('',#10816,1000.);
#1219=VECTOR('',#10823,1000.);
#1220=VECTOR('',#10830,1000.);
#1221=VECTOR('',#10833,1000.);
#1222=VECTOR('',#10834,1000.);
#1223=VECTOR('',#10835,1000.);
#1224=VECTOR('',#10842,1000.);
#1225=VECTOR('',#10849,1000.);
#1226=VECTOR('',#10856,1000.);
#1227=VECTOR('',#10859,1000.);
#1228=VECTOR('',#10860,1000.);
#1229=VECTOR('',#10861,1000.);
#1230=VECTOR('',#10868,1000.);
#1231=VECTOR('',#10875,1000.);
#1232=VECTOR('',#10882,1000.);
#1233=VECTOR('',#10885,1000.);
#1234=VECTOR('',#10886,1000.);
#1235=VECTOR('',#10887,1000.);
#1236=VECTOR('',#10894,1000.);
#1237=VECTOR('',#10901,1000.);
#1238=VECTOR('',#10908,1000.);
#1239=VECTOR('',#10911,1000.);
#1240=VECTOR('',#10912,1000.);
#1241=VECTOR('',#10913,1000.);
#1242=VECTOR('',#10920,1000.);
#1243=VECTOR('',#10927,1000.);
#1244=VECTOR('',#10934,1000.);
#1245=VECTOR('',#10937,1000.);
#1246=VECTOR('',#10938,1000.);
#1247=VECTOR('',#10939,1000.);
#1248=VECTOR('',#10946,1000.);
#1249=VECTOR('',#10953,1000.);
#1250=VECTOR('',#10960,1000.);
#1251=VECTOR('',#10963,1000.);
#1252=VECTOR('',#10964,1000.);
#1253=VECTOR('',#10965,1000.);
#1254=VECTOR('',#10972,1000.);
#1255=VECTOR('',#10979,1000.);
#1256=VECTOR('',#10986,1000.);
#1257=VECTOR('',#10989,1000.);
#1258=VECTOR('',#10990,1000.);
#1259=VECTOR('',#10991,1000.);
#1260=VECTOR('',#10998,1000.);
#1261=VECTOR('',#11005,1000.);
#1262=VECTOR('',#11012,1000.);
#1263=VECTOR('',#11015,1000.);
#1264=VECTOR('',#11016,1000.);
#1265=VECTOR('',#11017,1000.);
#1266=VECTOR('',#11024,1000.);
#1267=VECTOR('',#11031,1000.);
#1268=VECTOR('',#11038,1000.);
#1269=VECTOR('',#11041,1000.);
#1270=VECTOR('',#11042,1000.);
#1271=VECTOR('',#11043,1000.);
#1272=VECTOR('',#11050,1000.);
#1273=VECTOR('',#11057,1000.);
#1274=VECTOR('',#11064,1000.);
#1275=VECTOR('',#11067,1000.);
#1276=VECTOR('',#11068,1000.);
#1277=VECTOR('',#11069,1000.);
#1278=VECTOR('',#11076,1000.);
#1279=VECTOR('',#11083,1000.);
#1280=VECTOR('',#11090,1000.);
#1281=VECTOR('',#11093,1000.);
#1282=VECTOR('',#11094,1000.);
#1283=VECTOR('',#11095,1000.);
#1284=VECTOR('',#11102,1000.);
#1285=VECTOR('',#11109,1000.);
#1286=VECTOR('',#11116,1000.);
#1287=VECTOR('',#11119,1000.);
#1288=VECTOR('',#11120,1000.);
#1289=VECTOR('',#11123,1000.);
#1290=VECTOR('',#11124,1000.);
#1291=VECTOR('',#11127,1000.);
#1292=VECTOR('',#11130,1000.);
#1293=VECTOR('',#11131,1000.);
#1294=VECTOR('',#11132,1000.);
#1295=VECTOR('',#11141,1000.);
#1296=VECTOR('',#11142,1000.);
#1297=VECTOR('',#11149,1000.);
#1298=VECTOR('',#11152,1000.);
#1299=ORIENTED_EDGE('',*,*,#3639,.F.);
#1300=ORIENTED_EDGE('',*,*,#3640,.F.);
#1301=ORIENTED_EDGE('',*,*,#3641,.T.);
#1302=ORIENTED_EDGE('',*,*,#3642,.T.);
#1303=ORIENTED_EDGE('',*,*,#3643,.F.);
#1304=ORIENTED_EDGE('',*,*,#3642,.F.);
#1305=ORIENTED_EDGE('',*,*,#3644,.T.);
#1306=ORIENTED_EDGE('',*,*,#3645,.T.);
#1307=ORIENTED_EDGE('',*,*,#3646,.F.);
#1308=ORIENTED_EDGE('',*,*,#3645,.F.);
#1309=ORIENTED_EDGE('',*,*,#3647,.T.);
#1310=ORIENTED_EDGE('',*,*,#3648,.T.);
#1311=ORIENTED_EDGE('',*,*,#3649,.F.);
#1312=ORIENTED_EDGE('',*,*,#3648,.F.);
#1313=ORIENTED_EDGE('',*,*,#3650,.T.);
#1314=ORIENTED_EDGE('',*,*,#3651,.T.);
#1315=ORIENTED_EDGE('',*,*,#3652,.T.);
#1316=ORIENTED_EDGE('',*,*,#3651,.F.);
#1317=ORIENTED_EDGE('',*,*,#3653,.F.);
#1318=ORIENTED_EDGE('',*,*,#3654,.T.);
#1319=ORIENTED_EDGE('',*,*,#3655,.F.);
#1320=ORIENTED_EDGE('',*,*,#3654,.F.);
#1321=ORIENTED_EDGE('',*,*,#3656,.T.);
#1322=ORIENTED_EDGE('',*,*,#3657,.T.);
#1323=ORIENTED_EDGE('',*,*,#3658,.T.);
#1324=ORIENTED_EDGE('',*,*,#3657,.F.);
#1325=ORIENTED_EDGE('',*,*,#3659,.F.);
#1326=ORIENTED_EDGE('',*,*,#3660,.T.);
#1327=ORIENTED_EDGE('',*,*,#3661,.F.);
#1328=ORIENTED_EDGE('',*,*,#3660,.F.);
#1329=ORIENTED_EDGE('',*,*,#3662,.T.);
#1330=ORIENTED_EDGE('',*,*,#3663,.T.);
#1331=ORIENTED_EDGE('',*,*,#3664,.F.);
#1332=ORIENTED_EDGE('',*,*,#3663,.F.);
#1333=ORIENTED_EDGE('',*,*,#3665,.T.);
#1334=ORIENTED_EDGE('',*,*,#3666,.T.);
#1335=ORIENTED_EDGE('',*,*,#3667,.F.);
#1336=ORIENTED_EDGE('',*,*,#3666,.F.);
#1337=ORIENTED_EDGE('',*,*,#3668,.T.);
#1338=ORIENTED_EDGE('',*,*,#3669,.T.);
#1339=ORIENTED_EDGE('',*,*,#3670,.F.);
#1340=ORIENTED_EDGE('',*,*,#3669,.F.);
#1341=ORIENTED_EDGE('',*,*,#3671,.T.);
#1342=ORIENTED_EDGE('',*,*,#3672,.T.);
#1343=ORIENTED_EDGE('',*,*,#3673,.F.);
#1344=ORIENTED_EDGE('',*,*,#3672,.F.);
#1345=ORIENTED_EDGE('',*,*,#3674,.T.);
#1346=ORIENTED_EDGE('',*,*,#3675,.T.);
#1347=ORIENTED_EDGE('',*,*,#3676,.T.);
#1348=ORIENTED_EDGE('',*,*,#3675,.F.);
#1349=ORIENTED_EDGE('',*,*,#3677,.F.);
#1350=ORIENTED_EDGE('',*,*,#3678,.T.);
#1351=ORIENTED_EDGE('',*,*,#3679,.F.);
#1352=ORIENTED_EDGE('',*,*,#3678,.F.);
#1353=ORIENTED_EDGE('',*,*,#3680,.T.);
#1354=ORIENTED_EDGE('',*,*,#3681,.T.);
#1355=ORIENTED_EDGE('',*,*,#3682,.T.);
#1356=ORIENTED_EDGE('',*,*,#3681,.F.);
#1357=ORIENTED_EDGE('',*,*,#3683,.F.);
#1358=ORIENTED_EDGE('',*,*,#3684,.T.);
#1359=ORIENTED_EDGE('',*,*,#3685,.F.);
#1360=ORIENTED_EDGE('',*,*,#3684,.F.);
#1361=ORIENTED_EDGE('',*,*,#3686,.T.);
#1362=ORIENTED_EDGE('',*,*,#3687,.T.);
#1363=ORIENTED_EDGE('',*,*,#3688,.F.);
#1364=ORIENTED_EDGE('',*,*,#3687,.F.);
#1365=ORIENTED_EDGE('',*,*,#3689,.T.);
#1366=ORIENTED_EDGE('',*,*,#3690,.T.);
#1367=ORIENTED_EDGE('',*,*,#3691,.F.);
#1368=ORIENTED_EDGE('',*,*,#3690,.F.);
#1369=ORIENTED_EDGE('',*,*,#3692,.T.);
#1370=ORIENTED_EDGE('',*,*,#3693,.T.);
#1371=ORIENTED_EDGE('',*,*,#3694,.F.);
#1372=ORIENTED_EDGE('',*,*,#3693,.F.);
#1373=ORIENTED_EDGE('',*,*,#3695,.T.);
#1374=ORIENTED_EDGE('',*,*,#3696,.T.);
#1375=ORIENTED_EDGE('',*,*,#3697,.F.);
#1376=ORIENTED_EDGE('',*,*,#3696,.F.);
#1377=ORIENTED_EDGE('',*,*,#3698,.T.);
#1378=ORIENTED_EDGE('',*,*,#3699,.T.);
#1379=ORIENTED_EDGE('',*,*,#3700,.T.);
#1380=ORIENTED_EDGE('',*,*,#3699,.F.);
#1381=ORIENTED_EDGE('',*,*,#3701,.F.);
#1382=ORIENTED_EDGE('',*,*,#3702,.T.);
#1383=ORIENTED_EDGE('',*,*,#3703,.F.);
#1384=ORIENTED_EDGE('',*,*,#3702,.F.);
#1385=ORIENTED_EDGE('',*,*,#3704,.T.);
#1386=ORIENTED_EDGE('',*,*,#3705,.T.);
#1387=ORIENTED_EDGE('',*,*,#3706,.T.);
#1388=ORIENTED_EDGE('',*,*,#3705,.F.);
#1389=ORIENTED_EDGE('',*,*,#3707,.F.);
#1390=ORIENTED_EDGE('',*,*,#3708,.T.);
#1391=ORIENTED_EDGE('',*,*,#3709,.F.);
#1392=ORIENTED_EDGE('',*,*,#3708,.F.);
#1393=ORIENTED_EDGE('',*,*,#3710,.T.);
#1394=ORIENTED_EDGE('',*,*,#3711,.T.);
#1395=ORIENTED_EDGE('',*,*,#3712,.F.);
#1396=ORIENTED_EDGE('',*,*,#3711,.F.);
#1397=ORIENTED_EDGE('',*,*,#3713,.T.);
#1398=ORIENTED_EDGE('',*,*,#3714,.T.);
#1399=ORIENTED_EDGE('',*,*,#3715,.F.);
#1400=ORIENTED_EDGE('',*,*,#3714,.F.);
#1401=ORIENTED_EDGE('',*,*,#3716,.T.);
#1402=ORIENTED_EDGE('',*,*,#3717,.T.);
#1403=ORIENTED_EDGE('',*,*,#3718,.F.);
#1404=ORIENTED_EDGE('',*,*,#3717,.F.);
#1405=ORIENTED_EDGE('',*,*,#3719,.T.);
#1406=ORIENTED_EDGE('',*,*,#3720,.T.);
#1407=ORIENTED_EDGE('',*,*,#3721,.F.);
#1408=ORIENTED_EDGE('',*,*,#3720,.F.);
#1409=ORIENTED_EDGE('',*,*,#3722,.T.);
#1410=ORIENTED_EDGE('',*,*,#3723,.T.);
#1411=ORIENTED_EDGE('',*,*,#3724,.T.);
#1412=ORIENTED_EDGE('',*,*,#3723,.F.);
#1413=ORIENTED_EDGE('',*,*,#3725,.F.);
#1414=ORIENTED_EDGE('',*,*,#3726,.T.);
#1415=ORIENTED_EDGE('',*,*,#3727,.F.);
#1416=ORIENTED_EDGE('',*,*,#3726,.F.);
#1417=ORIENTED_EDGE('',*,*,#3728,.T.);
#1418=ORIENTED_EDGE('',*,*,#3729,.T.);
#1419=ORIENTED_EDGE('',*,*,#3730,.T.);
#1420=ORIENTED_EDGE('',*,*,#3729,.F.);
#1421=ORIENTED_EDGE('',*,*,#3731,.F.);
#1422=ORIENTED_EDGE('',*,*,#3732,.T.);
#1423=ORIENTED_EDGE('',*,*,#3733,.F.);
#1424=ORIENTED_EDGE('',*,*,#3732,.F.);
#1425=ORIENTED_EDGE('',*,*,#3734,.T.);
#1426=ORIENTED_EDGE('',*,*,#3735,.T.);
#1427=ORIENTED_EDGE('',*,*,#3736,.F.);
#1428=ORIENTED_EDGE('',*,*,#3735,.F.);
#1429=ORIENTED_EDGE('',*,*,#3737,.T.);
#1430=ORIENTED_EDGE('',*,*,#3738,.T.);
#1431=ORIENTED_EDGE('',*,*,#3739,.F.);
#1432=ORIENTED_EDGE('',*,*,#3738,.F.);
#1433=ORIENTED_EDGE('',*,*,#3740,.T.);
#1434=ORIENTED_EDGE('',*,*,#3741,.T.);
#1435=ORIENTED_EDGE('',*,*,#3742,.F.);
#1436=ORIENTED_EDGE('',*,*,#3741,.F.);
#1437=ORIENTED_EDGE('',*,*,#3743,.T.);
#1438=ORIENTED_EDGE('',*,*,#3744,.T.);
#1439=ORIENTED_EDGE('',*,*,#3745,.F.);
#1440=ORIENTED_EDGE('',*,*,#3744,.F.);
#1441=ORIENTED_EDGE('',*,*,#3746,.T.);
#1442=ORIENTED_EDGE('',*,*,#3747,.T.);
#1443=ORIENTED_EDGE('',*,*,#3748,.T.);
#1444=ORIENTED_EDGE('',*,*,#3747,.F.);
#1445=ORIENTED_EDGE('',*,*,#3749,.F.);
#1446=ORIENTED_EDGE('',*,*,#3750,.T.);
#1447=ORIENTED_EDGE('',*,*,#3751,.F.);
#1448=ORIENTED_EDGE('',*,*,#3750,.F.);
#1449=ORIENTED_EDGE('',*,*,#3752,.T.);
#1450=ORIENTED_EDGE('',*,*,#3753,.T.);
#1451=ORIENTED_EDGE('',*,*,#3754,.T.);
#1452=ORIENTED_EDGE('',*,*,#3753,.F.);
#1453=ORIENTED_EDGE('',*,*,#3755,.F.);
#1454=ORIENTED_EDGE('',*,*,#3756,.T.);
#1455=ORIENTED_EDGE('',*,*,#3757,.F.);
#1456=ORIENTED_EDGE('',*,*,#3756,.F.);
#1457=ORIENTED_EDGE('',*,*,#3758,.T.);
#1458=ORIENTED_EDGE('',*,*,#3759,.T.);
#1459=ORIENTED_EDGE('',*,*,#3760,.F.);
#1460=ORIENTED_EDGE('',*,*,#3759,.F.);
#1461=ORIENTED_EDGE('',*,*,#3761,.T.);
#1462=ORIENTED_EDGE('',*,*,#3762,.T.);
#1463=ORIENTED_EDGE('',*,*,#3763,.F.);
#1464=ORIENTED_EDGE('',*,*,#3762,.F.);
#1465=ORIENTED_EDGE('',*,*,#3764,.T.);
#1466=ORIENTED_EDGE('',*,*,#3765,.T.);
#1467=ORIENTED_EDGE('',*,*,#3766,.F.);
#1468=ORIENTED_EDGE('',*,*,#3765,.F.);
#1469=ORIENTED_EDGE('',*,*,#3767,.T.);
#1470=ORIENTED_EDGE('',*,*,#3768,.T.);
#1471=ORIENTED_EDGE('',*,*,#3769,.F.);
#1472=ORIENTED_EDGE('',*,*,#3768,.F.);
#1473=ORIENTED_EDGE('',*,*,#3770,.T.);
#1474=ORIENTED_EDGE('',*,*,#3771,.T.);
#1475=ORIENTED_EDGE('',*,*,#3772,.T.);
#1476=ORIENTED_EDGE('',*,*,#3771,.F.);
#1477=ORIENTED_EDGE('',*,*,#3773,.F.);
#1478=ORIENTED_EDGE('',*,*,#3774,.T.);
#1479=ORIENTED_EDGE('',*,*,#3775,.F.);
#1480=ORIENTED_EDGE('',*,*,#3774,.F.);
#1481=ORIENTED_EDGE('',*,*,#3776,.T.);
#1482=ORIENTED_EDGE('',*,*,#3777,.T.);
#1483=ORIENTED_EDGE('',*,*,#3778,.T.);
#1484=ORIENTED_EDGE('',*,*,#3777,.F.);
#1485=ORIENTED_EDGE('',*,*,#3779,.F.);
#1486=ORIENTED_EDGE('',*,*,#3780,.T.);
#1487=ORIENTED_EDGE('',*,*,#3781,.F.);
#1488=ORIENTED_EDGE('',*,*,#3780,.F.);
#1489=ORIENTED_EDGE('',*,*,#3782,.T.);
#1490=ORIENTED_EDGE('',*,*,#3783,.T.);
#1491=ORIENTED_EDGE('',*,*,#3784,.F.);
#1492=ORIENTED_EDGE('',*,*,#3783,.F.);
#1493=ORIENTED_EDGE('',*,*,#3785,.T.);
#1494=ORIENTED_EDGE('',*,*,#3786,.T.);
#1495=ORIENTED_EDGE('',*,*,#3787,.F.);
#1496=ORIENTED_EDGE('',*,*,#3786,.F.);
#1497=ORIENTED_EDGE('',*,*,#3788,.T.);
#1498=ORIENTED_EDGE('',*,*,#3789,.T.);
#1499=ORIENTED_EDGE('',*,*,#3790,.F.);
#1500=ORIENTED_EDGE('',*,*,#3789,.F.);
#1501=ORIENTED_EDGE('',*,*,#3791,.T.);
#1502=ORIENTED_EDGE('',*,*,#3792,.T.);
#1503=ORIENTED_EDGE('',*,*,#3793,.F.);
#1504=ORIENTED_EDGE('',*,*,#3792,.F.);
#1505=ORIENTED_EDGE('',*,*,#3794,.T.);
#1506=ORIENTED_EDGE('',*,*,#3795,.T.);
#1507=ORIENTED_EDGE('',*,*,#3796,.T.);
#1508=ORIENTED_EDGE('',*,*,#3795,.F.);
#1509=ORIENTED_EDGE('',*,*,#3797,.F.);
#1510=ORIENTED_EDGE('',*,*,#3798,.T.);
#1511=ORIENTED_EDGE('',*,*,#3799,.F.);
#1512=ORIENTED_EDGE('',*,*,#3798,.F.);
#1513=ORIENTED_EDGE('',*,*,#3800,.T.);
#1514=ORIENTED_EDGE('',*,*,#3801,.T.);
#1515=ORIENTED_EDGE('',*,*,#3802,.T.);
#1516=ORIENTED_EDGE('',*,*,#3801,.F.);
#1517=ORIENTED_EDGE('',*,*,#3803,.F.);
#1518=ORIENTED_EDGE('',*,*,#3804,.T.);
#1519=ORIENTED_EDGE('',*,*,#3805,.F.);
#1520=ORIENTED_EDGE('',*,*,#3804,.F.);
#1521=ORIENTED_EDGE('',*,*,#3806,.T.);
#1522=ORIENTED_EDGE('',*,*,#3807,.T.);
#1523=ORIENTED_EDGE('',*,*,#3808,.F.);
#1524=ORIENTED_EDGE('',*,*,#3807,.F.);
#1525=ORIENTED_EDGE('',*,*,#3809,.T.);
#1526=ORIENTED_EDGE('',*,*,#3810,.T.);
#1527=ORIENTED_EDGE('',*,*,#3811,.F.);
#1528=ORIENTED_EDGE('',*,*,#3810,.F.);
#1529=ORIENTED_EDGE('',*,*,#3812,.T.);
#1530=ORIENTED_EDGE('',*,*,#3813,.T.);
#1531=ORIENTED_EDGE('',*,*,#3814,.F.);
#1532=ORIENTED_EDGE('',*,*,#3813,.F.);
#1533=ORIENTED_EDGE('',*,*,#3815,.T.);
#1534=ORIENTED_EDGE('',*,*,#3816,.T.);
#1535=ORIENTED_EDGE('',*,*,#3817,.F.);
#1536=ORIENTED_EDGE('',*,*,#3816,.F.);
#1537=ORIENTED_EDGE('',*,*,#3818,.T.);
#1538=ORIENTED_EDGE('',*,*,#3819,.T.);
#1539=ORIENTED_EDGE('',*,*,#3820,.T.);
#1540=ORIENTED_EDGE('',*,*,#3819,.F.);
#1541=ORIENTED_EDGE('',*,*,#3821,.F.);
#1542=ORIENTED_EDGE('',*,*,#3822,.T.);
#1543=ORIENTED_EDGE('',*,*,#3823,.F.);
#1544=ORIENTED_EDGE('',*,*,#3822,.F.);
#1545=ORIENTED_EDGE('',*,*,#3824,.T.);
#1546=ORIENTED_EDGE('',*,*,#3825,.T.);
#1547=ORIENTED_EDGE('',*,*,#3826,.T.);
#1548=ORIENTED_EDGE('',*,*,#3825,.F.);
#1549=ORIENTED_EDGE('',*,*,#3827,.F.);
#1550=ORIENTED_EDGE('',*,*,#3828,.T.);
#1551=ORIENTED_EDGE('',*,*,#3829,.F.);
#1552=ORIENTED_EDGE('',*,*,#3828,.F.);
#1553=ORIENTED_EDGE('',*,*,#3830,.T.);
#1554=ORIENTED_EDGE('',*,*,#3831,.T.);
#1555=ORIENTED_EDGE('',*,*,#3832,.F.);
#1556=ORIENTED_EDGE('',*,*,#3831,.F.);
#1557=ORIENTED_EDGE('',*,*,#3833,.T.);
#1558=ORIENTED_EDGE('',*,*,#3834,.T.);
#1559=ORIENTED_EDGE('',*,*,#3835,.F.);
#1560=ORIENTED_EDGE('',*,*,#3834,.F.);
#1561=ORIENTED_EDGE('',*,*,#3836,.T.);
#1562=ORIENTED_EDGE('',*,*,#3837,.T.);
#1563=ORIENTED_EDGE('',*,*,#3838,.F.);
#1564=ORIENTED_EDGE('',*,*,#3837,.F.);
#1565=ORIENTED_EDGE('',*,*,#3839,.T.);
#1566=ORIENTED_EDGE('',*,*,#3840,.T.);
#1567=ORIENTED_EDGE('',*,*,#3841,.F.);
#1568=ORIENTED_EDGE('',*,*,#3840,.F.);
#1569=ORIENTED_EDGE('',*,*,#3842,.T.);
#1570=ORIENTED_EDGE('',*,*,#3843,.T.);
#1571=ORIENTED_EDGE('',*,*,#3844,.T.);
#1572=ORIENTED_EDGE('',*,*,#3843,.F.);
#1573=ORIENTED_EDGE('',*,*,#3845,.F.);
#1574=ORIENTED_EDGE('',*,*,#3846,.T.);
#1575=ORIENTED_EDGE('',*,*,#3847,.F.);
#1576=ORIENTED_EDGE('',*,*,#3846,.F.);
#1577=ORIENTED_EDGE('',*,*,#3848,.T.);
#1578=ORIENTED_EDGE('',*,*,#3849,.T.);
#1579=ORIENTED_EDGE('',*,*,#3850,.T.);
#1580=ORIENTED_EDGE('',*,*,#3849,.F.);
#1581=ORIENTED_EDGE('',*,*,#3851,.F.);
#1582=ORIENTED_EDGE('',*,*,#3852,.T.);
#1583=ORIENTED_EDGE('',*,*,#3853,.F.);
#1584=ORIENTED_EDGE('',*,*,#3852,.F.);
#1585=ORIENTED_EDGE('',*,*,#3854,.T.);
#1586=ORIENTED_EDGE('',*,*,#3855,.T.);
#1587=ORIENTED_EDGE('',*,*,#3856,.F.);
#1588=ORIENTED_EDGE('',*,*,#3855,.F.);
#1589=ORIENTED_EDGE('',*,*,#3857,.T.);
#1590=ORIENTED_EDGE('',*,*,#3858,.T.);
#1591=ORIENTED_EDGE('',*,*,#3859,.F.);
#1592=ORIENTED_EDGE('',*,*,#3858,.F.);
#1593=ORIENTED_EDGE('',*,*,#3860,.T.);
#1594=ORIENTED_EDGE('',*,*,#3861,.T.);
#1595=ORIENTED_EDGE('',*,*,#3862,.F.);
#1596=ORIENTED_EDGE('',*,*,#3861,.F.);
#1597=ORIENTED_EDGE('',*,*,#3863,.T.);
#1598=ORIENTED_EDGE('',*,*,#3864,.T.);
#1599=ORIENTED_EDGE('',*,*,#3865,.F.);
#1600=ORIENTED_EDGE('',*,*,#3864,.F.);
#1601=ORIENTED_EDGE('',*,*,#3866,.T.);
#1602=ORIENTED_EDGE('',*,*,#3867,.T.);
#1603=ORIENTED_EDGE('',*,*,#3868,.T.);
#1604=ORIENTED_EDGE('',*,*,#3867,.F.);
#1605=ORIENTED_EDGE('',*,*,#3869,.F.);
#1606=ORIENTED_EDGE('',*,*,#3870,.T.);
#1607=ORIENTED_EDGE('',*,*,#3871,.F.);
#1608=ORIENTED_EDGE('',*,*,#3870,.F.);
#1609=ORIENTED_EDGE('',*,*,#3872,.T.);
#1610=ORIENTED_EDGE('',*,*,#3873,.T.);
#1611=ORIENTED_EDGE('',*,*,#3874,.T.);
#1612=ORIENTED_EDGE('',*,*,#3873,.F.);
#1613=ORIENTED_EDGE('',*,*,#3875,.F.);
#1614=ORIENTED_EDGE('',*,*,#3876,.T.);
#1615=ORIENTED_EDGE('',*,*,#3877,.F.);
#1616=ORIENTED_EDGE('',*,*,#3876,.F.);
#1617=ORIENTED_EDGE('',*,*,#3878,.T.);
#1618=ORIENTED_EDGE('',*,*,#3879,.T.);
#1619=ORIENTED_EDGE('',*,*,#3880,.F.);
#1620=ORIENTED_EDGE('',*,*,#3879,.F.);
#1621=ORIENTED_EDGE('',*,*,#3881,.T.);
#1622=ORIENTED_EDGE('',*,*,#3882,.T.);
#1623=ORIENTED_EDGE('',*,*,#3883,.F.);
#1624=ORIENTED_EDGE('',*,*,#3882,.F.);
#1625=ORIENTED_EDGE('',*,*,#3884,.T.);
#1626=ORIENTED_EDGE('',*,*,#3885,.T.);
#1627=ORIENTED_EDGE('',*,*,#3886,.F.);
#1628=ORIENTED_EDGE('',*,*,#3885,.F.);
#1629=ORIENTED_EDGE('',*,*,#3887,.T.);
#1630=ORIENTED_EDGE('',*,*,#3888,.T.);
#1631=ORIENTED_EDGE('',*,*,#3889,.F.);
#1632=ORIENTED_EDGE('',*,*,#3888,.F.);
#1633=ORIENTED_EDGE('',*,*,#3890,.T.);
#1634=ORIENTED_EDGE('',*,*,#3891,.T.);
#1635=ORIENTED_EDGE('',*,*,#3892,.T.);
#1636=ORIENTED_EDGE('',*,*,#3891,.F.);
#1637=ORIENTED_EDGE('',*,*,#3893,.F.);
#1638=ORIENTED_EDGE('',*,*,#3894,.T.);
#1639=ORIENTED_EDGE('',*,*,#3895,.F.);
#1640=ORIENTED_EDGE('',*,*,#3894,.F.);
#1641=ORIENTED_EDGE('',*,*,#3896,.T.);
#1642=ORIENTED_EDGE('',*,*,#3897,.T.);
#1643=ORIENTED_EDGE('',*,*,#3898,.T.);
#1644=ORIENTED_EDGE('',*,*,#3897,.F.);
#1645=ORIENTED_EDGE('',*,*,#3899,.F.);
#1646=ORIENTED_EDGE('',*,*,#3900,.T.);
#1647=ORIENTED_EDGE('',*,*,#3901,.F.);
#1648=ORIENTED_EDGE('',*,*,#3900,.F.);
#1649=ORIENTED_EDGE('',*,*,#3902,.T.);
#1650=ORIENTED_EDGE('',*,*,#3903,.T.);
#1651=ORIENTED_EDGE('',*,*,#3904,.F.);
#1652=ORIENTED_EDGE('',*,*,#3903,.F.);
#1653=ORIENTED_EDGE('',*,*,#3905,.T.);
#1654=ORIENTED_EDGE('',*,*,#3906,.T.);
#1655=ORIENTED_EDGE('',*,*,#3907,.F.);
#1656=ORIENTED_EDGE('',*,*,#3906,.F.);
#1657=ORIENTED_EDGE('',*,*,#3908,.T.);
#1658=ORIENTED_EDGE('',*,*,#3909,.T.);
#1659=ORIENTED_EDGE('',*,*,#3910,.F.);
#1660=ORIENTED_EDGE('',*,*,#3909,.F.);
#1661=ORIENTED_EDGE('',*,*,#3911,.T.);
#1662=ORIENTED_EDGE('',*,*,#3912,.T.);
#1663=ORIENTED_EDGE('',*,*,#3913,.F.);
#1664=ORIENTED_EDGE('',*,*,#3912,.F.);
#1665=ORIENTED_EDGE('',*,*,#3914,.T.);
#1666=ORIENTED_EDGE('',*,*,#3915,.T.);
#1667=ORIENTED_EDGE('',*,*,#3916,.T.);
#1668=ORIENTED_EDGE('',*,*,#3915,.F.);
#1669=ORIENTED_EDGE('',*,*,#3917,.F.);
#1670=ORIENTED_EDGE('',*,*,#3918,.T.);
#1671=ORIENTED_EDGE('',*,*,#3919,.F.);
#1672=ORIENTED_EDGE('',*,*,#3918,.F.);
#1673=ORIENTED_EDGE('',*,*,#3920,.T.);
#1674=ORIENTED_EDGE('',*,*,#3921,.T.);
#1675=ORIENTED_EDGE('',*,*,#3922,.T.);
#1676=ORIENTED_EDGE('',*,*,#3921,.F.);
#1677=ORIENTED_EDGE('',*,*,#3923,.F.);
#1678=ORIENTED_EDGE('',*,*,#3924,.T.);
#1679=ORIENTED_EDGE('',*,*,#3925,.F.);
#1680=ORIENTED_EDGE('',*,*,#3924,.F.);
#1681=ORIENTED_EDGE('',*,*,#3926,.T.);
#1682=ORIENTED_EDGE('',*,*,#3927,.T.);
#1683=ORIENTED_EDGE('',*,*,#3928,.F.);
#1684=ORIENTED_EDGE('',*,*,#3927,.F.);
#1685=ORIENTED_EDGE('',*,*,#3929,.T.);
#1686=ORIENTED_EDGE('',*,*,#3930,.T.);
#1687=ORIENTED_EDGE('',*,*,#3931,.F.);
#1688=ORIENTED_EDGE('',*,*,#3930,.F.);
#1689=ORIENTED_EDGE('',*,*,#3932,.T.);
#1690=ORIENTED_EDGE('',*,*,#3933,.T.);
#1691=ORIENTED_EDGE('',*,*,#3934,.F.);
#1692=ORIENTED_EDGE('',*,*,#3933,.F.);
#1693=ORIENTED_EDGE('',*,*,#3935,.T.);
#1694=ORIENTED_EDGE('',*,*,#3936,.T.);
#1695=ORIENTED_EDGE('',*,*,#3937,.F.);
#1696=ORIENTED_EDGE('',*,*,#3936,.F.);
#1697=ORIENTED_EDGE('',*,*,#3938,.T.);
#1698=ORIENTED_EDGE('',*,*,#3939,.T.);
#1699=ORIENTED_EDGE('',*,*,#3940,.T.);
#1700=ORIENTED_EDGE('',*,*,#3939,.F.);
#1701=ORIENTED_EDGE('',*,*,#3941,.F.);
#1702=ORIENTED_EDGE('',*,*,#3942,.T.);
#1703=ORIENTED_EDGE('',*,*,#3943,.F.);
#1704=ORIENTED_EDGE('',*,*,#3942,.F.);
#1705=ORIENTED_EDGE('',*,*,#3944,.T.);
#1706=ORIENTED_EDGE('',*,*,#3945,.T.);
#1707=ORIENTED_EDGE('',*,*,#3946,.T.);
#1708=ORIENTED_EDGE('',*,*,#3945,.F.);
#1709=ORIENTED_EDGE('',*,*,#3947,.F.);
#1710=ORIENTED_EDGE('',*,*,#3948,.T.);
#1711=ORIENTED_EDGE('',*,*,#3949,.F.);
#1712=ORIENTED_EDGE('',*,*,#3948,.F.);
#1713=ORIENTED_EDGE('',*,*,#3950,.T.);
#1714=ORIENTED_EDGE('',*,*,#3951,.T.);
#1715=ORIENTED_EDGE('',*,*,#3952,.F.);
#1716=ORIENTED_EDGE('',*,*,#3951,.F.);
#1717=ORIENTED_EDGE('',*,*,#3953,.T.);
#1718=ORIENTED_EDGE('',*,*,#3954,.T.);
#1719=ORIENTED_EDGE('',*,*,#3955,.F.);
#1720=ORIENTED_EDGE('',*,*,#3954,.F.);
#1721=ORIENTED_EDGE('',*,*,#3956,.T.);
#1722=ORIENTED_EDGE('',*,*,#3957,.T.);
#1723=ORIENTED_EDGE('',*,*,#3958,.F.);
#1724=ORIENTED_EDGE('',*,*,#3957,.F.);
#1725=ORIENTED_EDGE('',*,*,#3959,.T.);
#1726=ORIENTED_EDGE('',*,*,#3960,.T.);
#1727=ORIENTED_EDGE('',*,*,#3961,.F.);
#1728=ORIENTED_EDGE('',*,*,#3960,.F.);
#1729=ORIENTED_EDGE('',*,*,#3962,.T.);
#1730=ORIENTED_EDGE('',*,*,#3963,.T.);
#1731=ORIENTED_EDGE('',*,*,#3964,.T.);
#1732=ORIENTED_EDGE('',*,*,#3963,.F.);
#1733=ORIENTED_EDGE('',*,*,#3965,.F.);
#1734=ORIENTED_EDGE('',*,*,#3966,.T.);
#1735=ORIENTED_EDGE('',*,*,#3967,.F.);
#1736=ORIENTED_EDGE('',*,*,#3966,.F.);
#1737=ORIENTED_EDGE('',*,*,#3968,.T.);
#1738=ORIENTED_EDGE('',*,*,#3969,.T.);
#1739=ORIENTED_EDGE('',*,*,#3970,.T.);
#1740=ORIENTED_EDGE('',*,*,#3969,.F.);
#1741=ORIENTED_EDGE('',*,*,#3971,.F.);
#1742=ORIENTED_EDGE('',*,*,#3972,.T.);
#1743=ORIENTED_EDGE('',*,*,#3973,.F.);
#1744=ORIENTED_EDGE('',*,*,#3972,.F.);
#1745=ORIENTED_EDGE('',*,*,#3974,.T.);
#1746=ORIENTED_EDGE('',*,*,#3975,.T.);
#1747=ORIENTED_EDGE('',*,*,#3976,.F.);
#1748=ORIENTED_EDGE('',*,*,#3975,.F.);
#1749=ORIENTED_EDGE('',*,*,#3977,.T.);
#1750=ORIENTED_EDGE('',*,*,#3978,.T.);
#1751=ORIENTED_EDGE('',*,*,#3979,.F.);
#1752=ORIENTED_EDGE('',*,*,#3978,.F.);
#1753=ORIENTED_EDGE('',*,*,#3980,.T.);
#1754=ORIENTED_EDGE('',*,*,#3981,.T.);
#1755=ORIENTED_EDGE('',*,*,#3982,.F.);
#1756=ORIENTED_EDGE('',*,*,#3981,.F.);
#1757=ORIENTED_EDGE('',*,*,#3983,.T.);
#1758=ORIENTED_EDGE('',*,*,#3984,.T.);
#1759=ORIENTED_EDGE('',*,*,#3985,.F.);
#1760=ORIENTED_EDGE('',*,*,#3984,.F.);
#1761=ORIENTED_EDGE('',*,*,#3986,.T.);
#1762=ORIENTED_EDGE('',*,*,#3987,.T.);
#1763=ORIENTED_EDGE('',*,*,#3988,.T.);
#1764=ORIENTED_EDGE('',*,*,#3987,.F.);
#1765=ORIENTED_EDGE('',*,*,#3989,.F.);
#1766=ORIENTED_EDGE('',*,*,#3990,.T.);
#1767=ORIENTED_EDGE('',*,*,#3991,.F.);
#1768=ORIENTED_EDGE('',*,*,#3990,.F.);
#1769=ORIENTED_EDGE('',*,*,#3992,.T.);
#1770=ORIENTED_EDGE('',*,*,#3993,.T.);
#1771=ORIENTED_EDGE('',*,*,#3994,.T.);
#1772=ORIENTED_EDGE('',*,*,#3993,.F.);
#1773=ORIENTED_EDGE('',*,*,#3995,.F.);
#1774=ORIENTED_EDGE('',*,*,#3996,.T.);
#1775=ORIENTED_EDGE('',*,*,#3997,.F.);
#1776=ORIENTED_EDGE('',*,*,#3996,.F.);
#1777=ORIENTED_EDGE('',*,*,#3998,.T.);
#1778=ORIENTED_EDGE('',*,*,#3999,.T.);
#1779=ORIENTED_EDGE('',*,*,#4000,.F.);
#1780=ORIENTED_EDGE('',*,*,#3999,.F.);
#1781=ORIENTED_EDGE('',*,*,#4001,.T.);
#1782=ORIENTED_EDGE('',*,*,#4002,.T.);
#1783=ORIENTED_EDGE('',*,*,#4003,.F.);
#1784=ORIENTED_EDGE('',*,*,#4002,.F.);
#1785=ORIENTED_EDGE('',*,*,#4004,.T.);
#1786=ORIENTED_EDGE('',*,*,#4005,.T.);
#1787=ORIENTED_EDGE('',*,*,#4006,.F.);
#1788=ORIENTED_EDGE('',*,*,#4005,.F.);
#1789=ORIENTED_EDGE('',*,*,#4007,.T.);
#1790=ORIENTED_EDGE('',*,*,#4008,.T.);
#1791=ORIENTED_EDGE('',*,*,#4009,.F.);
#1792=ORIENTED_EDGE('',*,*,#4008,.F.);
#1793=ORIENTED_EDGE('',*,*,#4010,.T.);
#1794=ORIENTED_EDGE('',*,*,#4011,.T.);
#1795=ORIENTED_EDGE('',*,*,#4012,.T.);
#1796=ORIENTED_EDGE('',*,*,#4011,.F.);
#1797=ORIENTED_EDGE('',*,*,#4013,.F.);
#1798=ORIENTED_EDGE('',*,*,#4014,.T.);
#1799=ORIENTED_EDGE('',*,*,#4015,.F.);
#1800=ORIENTED_EDGE('',*,*,#4014,.F.);
#1801=ORIENTED_EDGE('',*,*,#4016,.T.);
#1802=ORIENTED_EDGE('',*,*,#4017,.T.);
#1803=ORIENTED_EDGE('',*,*,#4018,.T.);
#1804=ORIENTED_EDGE('',*,*,#4017,.F.);
#1805=ORIENTED_EDGE('',*,*,#4019,.F.);
#1806=ORIENTED_EDGE('',*,*,#4020,.T.);
#1807=ORIENTED_EDGE('',*,*,#4021,.F.);
#1808=ORIENTED_EDGE('',*,*,#4020,.F.);
#1809=ORIENTED_EDGE('',*,*,#4022,.T.);
#1810=ORIENTED_EDGE('',*,*,#4023,.T.);
#1811=ORIENTED_EDGE('',*,*,#4024,.F.);
#1812=ORIENTED_EDGE('',*,*,#4023,.F.);
#1813=ORIENTED_EDGE('',*,*,#4025,.T.);
#1814=ORIENTED_EDGE('',*,*,#4026,.T.);
#1815=ORIENTED_EDGE('',*,*,#4027,.F.);
#1816=ORIENTED_EDGE('',*,*,#4026,.F.);
#1817=ORIENTED_EDGE('',*,*,#4028,.T.);
#1818=ORIENTED_EDGE('',*,*,#4029,.T.);
#1819=ORIENTED_EDGE('',*,*,#4030,.F.);
#1820=ORIENTED_EDGE('',*,*,#4029,.F.);
#1821=ORIENTED_EDGE('',*,*,#4031,.T.);
#1822=ORIENTED_EDGE('',*,*,#4032,.T.);
#1823=ORIENTED_EDGE('',*,*,#4033,.F.);
#1824=ORIENTED_EDGE('',*,*,#4032,.F.);
#1825=ORIENTED_EDGE('',*,*,#4034,.T.);
#1826=ORIENTED_EDGE('',*,*,#4035,.T.);
#1827=ORIENTED_EDGE('',*,*,#4036,.T.);
#1828=ORIENTED_EDGE('',*,*,#4035,.F.);
#1829=ORIENTED_EDGE('',*,*,#4037,.F.);
#1830=ORIENTED_EDGE('',*,*,#4038,.T.);
#1831=ORIENTED_EDGE('',*,*,#4039,.F.);
#1832=ORIENTED_EDGE('',*,*,#4038,.F.);
#1833=ORIENTED_EDGE('',*,*,#4040,.T.);
#1834=ORIENTED_EDGE('',*,*,#4041,.T.);
#1835=ORIENTED_EDGE('',*,*,#4042,.T.);
#1836=ORIENTED_EDGE('',*,*,#4041,.F.);
#1837=ORIENTED_EDGE('',*,*,#4043,.F.);
#1838=ORIENTED_EDGE('',*,*,#4044,.T.);
#1839=ORIENTED_EDGE('',*,*,#4045,.F.);
#1840=ORIENTED_EDGE('',*,*,#4044,.F.);
#1841=ORIENTED_EDGE('',*,*,#4046,.T.);
#1842=ORIENTED_EDGE('',*,*,#4047,.T.);
#1843=ORIENTED_EDGE('',*,*,#4048,.F.);
#1844=ORIENTED_EDGE('',*,*,#4047,.F.);
#1845=ORIENTED_EDGE('',*,*,#4049,.T.);
#1846=ORIENTED_EDGE('',*,*,#4050,.T.);
#1847=ORIENTED_EDGE('',*,*,#4051,.F.);
#1848=ORIENTED_EDGE('',*,*,#4050,.F.);
#1849=ORIENTED_EDGE('',*,*,#4052,.T.);
#1850=ORIENTED_EDGE('',*,*,#4053,.T.);
#1851=ORIENTED_EDGE('',*,*,#4054,.F.);
#1852=ORIENTED_EDGE('',*,*,#4053,.F.);
#1853=ORIENTED_EDGE('',*,*,#4055,.T.);
#1854=ORIENTED_EDGE('',*,*,#4056,.T.);
#1855=ORIENTED_EDGE('',*,*,#4057,.F.);
#1856=ORIENTED_EDGE('',*,*,#4056,.F.);
#1857=ORIENTED_EDGE('',*,*,#4058,.T.);
#1858=ORIENTED_EDGE('',*,*,#4059,.T.);
#1859=ORIENTED_EDGE('',*,*,#4060,.T.);
#1860=ORIENTED_EDGE('',*,*,#4059,.F.);
#1861=ORIENTED_EDGE('',*,*,#4061,.F.);
#1862=ORIENTED_EDGE('',*,*,#4062,.T.);
#1863=ORIENTED_EDGE('',*,*,#4063,.F.);
#1864=ORIENTED_EDGE('',*,*,#4062,.F.);
#1865=ORIENTED_EDGE('',*,*,#4064,.T.);
#1866=ORIENTED_EDGE('',*,*,#4065,.T.);
#1867=ORIENTED_EDGE('',*,*,#4066,.T.);
#1868=ORIENTED_EDGE('',*,*,#4065,.F.);
#1869=ORIENTED_EDGE('',*,*,#4067,.F.);
#1870=ORIENTED_EDGE('',*,*,#4068,.T.);
#1871=ORIENTED_EDGE('',*,*,#4069,.F.);
#1872=ORIENTED_EDGE('',*,*,#4068,.F.);
#1873=ORIENTED_EDGE('',*,*,#4070,.T.);
#1874=ORIENTED_EDGE('',*,*,#4071,.T.);
#1875=ORIENTED_EDGE('',*,*,#4072,.F.);
#1876=ORIENTED_EDGE('',*,*,#4071,.F.);
#1877=ORIENTED_EDGE('',*,*,#4073,.T.);
#1878=ORIENTED_EDGE('',*,*,#4074,.T.);
#1879=ORIENTED_EDGE('',*,*,#4075,.F.);
#1880=ORIENTED_EDGE('',*,*,#4074,.F.);
#1881=ORIENTED_EDGE('',*,*,#4076,.T.);
#1882=ORIENTED_EDGE('',*,*,#4077,.T.);
#1883=ORIENTED_EDGE('',*,*,#4078,.F.);
#1884=ORIENTED_EDGE('',*,*,#4077,.F.);
#1885=ORIENTED_EDGE('',*,*,#4079,.T.);
#1886=ORIENTED_EDGE('',*,*,#4080,.T.);
#1887=ORIENTED_EDGE('',*,*,#4081,.F.);
#1888=ORIENTED_EDGE('',*,*,#4080,.F.);
#1889=ORIENTED_EDGE('',*,*,#4082,.T.);
#1890=ORIENTED_EDGE('',*,*,#4083,.T.);
#1891=ORIENTED_EDGE('',*,*,#4084,.T.);
#1892=ORIENTED_EDGE('',*,*,#4083,.F.);
#1893=ORIENTED_EDGE('',*,*,#4085,.F.);
#1894=ORIENTED_EDGE('',*,*,#4086,.T.);
#1895=ORIENTED_EDGE('',*,*,#4087,.F.);
#1896=ORIENTED_EDGE('',*,*,#4086,.F.);
#1897=ORIENTED_EDGE('',*,*,#4088,.T.);
#1898=ORIENTED_EDGE('',*,*,#4089,.T.);
#1899=ORIENTED_EDGE('',*,*,#4090,.T.);
#1900=ORIENTED_EDGE('',*,*,#4089,.F.);
#1901=ORIENTED_EDGE('',*,*,#4091,.F.);
#1902=ORIENTED_EDGE('',*,*,#4092,.T.);
#1903=ORIENTED_EDGE('',*,*,#4093,.F.);
#1904=ORIENTED_EDGE('',*,*,#4092,.F.);
#1905=ORIENTED_EDGE('',*,*,#4094,.T.);
#1906=ORIENTED_EDGE('',*,*,#4095,.T.);
#1907=ORIENTED_EDGE('',*,*,#4096,.F.);
#1908=ORIENTED_EDGE('',*,*,#4095,.F.);
#1909=ORIENTED_EDGE('',*,*,#4097,.T.);
#1910=ORIENTED_EDGE('',*,*,#4098,.T.);
#1911=ORIENTED_EDGE('',*,*,#4099,.F.);
#1912=ORIENTED_EDGE('',*,*,#4098,.F.);
#1913=ORIENTED_EDGE('',*,*,#4100,.T.);
#1914=ORIENTED_EDGE('',*,*,#4101,.T.);
#1915=ORIENTED_EDGE('',*,*,#4102,.F.);
#1916=ORIENTED_EDGE('',*,*,#4101,.F.);
#1917=ORIENTED_EDGE('',*,*,#4103,.T.);
#1918=ORIENTED_EDGE('',*,*,#4104,.T.);
#1919=ORIENTED_EDGE('',*,*,#4105,.F.);
#1920=ORIENTED_EDGE('',*,*,#4104,.F.);
#1921=ORIENTED_EDGE('',*,*,#4106,.T.);
#1922=ORIENTED_EDGE('',*,*,#4107,.T.);
#1923=ORIENTED_EDGE('',*,*,#4108,.T.);
#1924=ORIENTED_EDGE('',*,*,#4107,.F.);
#1925=ORIENTED_EDGE('',*,*,#4109,.F.);
#1926=ORIENTED_EDGE('',*,*,#4110,.T.);
#1927=ORIENTED_EDGE('',*,*,#4111,.F.);
#1928=ORIENTED_EDGE('',*,*,#4110,.F.);
#1929=ORIENTED_EDGE('',*,*,#4112,.T.);
#1930=ORIENTED_EDGE('',*,*,#4113,.T.);
#1931=ORIENTED_EDGE('',*,*,#4114,.T.);
#1932=ORIENTED_EDGE('',*,*,#4113,.F.);
#1933=ORIENTED_EDGE('',*,*,#4115,.F.);
#1934=ORIENTED_EDGE('',*,*,#4116,.T.);
#1935=ORIENTED_EDGE('',*,*,#4117,.F.);
#1936=ORIENTED_EDGE('',*,*,#4116,.F.);
#1937=ORIENTED_EDGE('',*,*,#4118,.T.);
#1938=ORIENTED_EDGE('',*,*,#4119,.T.);
#1939=ORIENTED_EDGE('',*,*,#4120,.F.);
#1940=ORIENTED_EDGE('',*,*,#4119,.F.);
#1941=ORIENTED_EDGE('',*,*,#4121,.T.);
#1942=ORIENTED_EDGE('',*,*,#4122,.T.);
#1943=ORIENTED_EDGE('',*,*,#4123,.F.);
#1944=ORIENTED_EDGE('',*,*,#4122,.F.);
#1945=ORIENTED_EDGE('',*,*,#4124,.T.);
#1946=ORIENTED_EDGE('',*,*,#4125,.T.);
#1947=ORIENTED_EDGE('',*,*,#4126,.F.);
#1948=ORIENTED_EDGE('',*,*,#4125,.F.);
#1949=ORIENTED_EDGE('',*,*,#4127,.T.);
#1950=ORIENTED_EDGE('',*,*,#4128,.T.);
#1951=ORIENTED_EDGE('',*,*,#4129,.F.);
#1952=ORIENTED_EDGE('',*,*,#4128,.F.);
#1953=ORIENTED_EDGE('',*,*,#4130,.T.);
#1954=ORIENTED_EDGE('',*,*,#4131,.T.);
#1955=ORIENTED_EDGE('',*,*,#4132,.T.);
#1956=ORIENTED_EDGE('',*,*,#4131,.F.);
#1957=ORIENTED_EDGE('',*,*,#4133,.F.);
#1958=ORIENTED_EDGE('',*,*,#4134,.T.);
#1959=ORIENTED_EDGE('',*,*,#4135,.F.);
#1960=ORIENTED_EDGE('',*,*,#4134,.F.);
#1961=ORIENTED_EDGE('',*,*,#4136,.T.);
#1962=ORIENTED_EDGE('',*,*,#4137,.T.);
#1963=ORIENTED_EDGE('',*,*,#4138,.T.);
#1964=ORIENTED_EDGE('',*,*,#4137,.F.);
#1965=ORIENTED_EDGE('',*,*,#4139,.F.);
#1966=ORIENTED_EDGE('',*,*,#4140,.T.);
#1967=ORIENTED_EDGE('',*,*,#4141,.F.);
#1968=ORIENTED_EDGE('',*,*,#4140,.F.);
#1969=ORIENTED_EDGE('',*,*,#4142,.T.);
#1970=ORIENTED_EDGE('',*,*,#4143,.T.);
#1971=ORIENTED_EDGE('',*,*,#4144,.F.);
#1972=ORIENTED_EDGE('',*,*,#4143,.F.);
#1973=ORIENTED_EDGE('',*,*,#4145,.T.);
#1974=ORIENTED_EDGE('',*,*,#4146,.T.);
#1975=ORIENTED_EDGE('',*,*,#4147,.F.);
#1976=ORIENTED_EDGE('',*,*,#4146,.F.);
#1977=ORIENTED_EDGE('',*,*,#4148,.T.);
#1978=ORIENTED_EDGE('',*,*,#4149,.T.);
#1979=ORIENTED_EDGE('',*,*,#4150,.F.);
#1980=ORIENTED_EDGE('',*,*,#4149,.F.);
#1981=ORIENTED_EDGE('',*,*,#4151,.T.);
#1982=ORIENTED_EDGE('',*,*,#4152,.T.);
#1983=ORIENTED_EDGE('',*,*,#4153,.F.);
#1984=ORIENTED_EDGE('',*,*,#4152,.F.);
#1985=ORIENTED_EDGE('',*,*,#4154,.T.);
#1986=ORIENTED_EDGE('',*,*,#4155,.T.);
#1987=ORIENTED_EDGE('',*,*,#4156,.T.);
#1988=ORIENTED_EDGE('',*,*,#4155,.F.);
#1989=ORIENTED_EDGE('',*,*,#4157,.F.);
#1990=ORIENTED_EDGE('',*,*,#4158,.T.);
#1991=ORIENTED_EDGE('',*,*,#4159,.F.);
#1992=ORIENTED_EDGE('',*,*,#4158,.F.);
#1993=ORIENTED_EDGE('',*,*,#4160,.T.);
#1994=ORIENTED_EDGE('',*,*,#4161,.T.);
#1995=ORIENTED_EDGE('',*,*,#4162,.T.);
#1996=ORIENTED_EDGE('',*,*,#4161,.F.);
#1997=ORIENTED_EDGE('',*,*,#4163,.F.);
#1998=ORIENTED_EDGE('',*,*,#4164,.T.);
#1999=ORIENTED_EDGE('',*,*,#4165,.F.);
#2000=ORIENTED_EDGE('',*,*,#4164,.F.);
#2001=ORIENTED_EDGE('',*,*,#4166,.T.);
#2002=ORIENTED_EDGE('',*,*,#4167,.T.);
#2003=ORIENTED_EDGE('',*,*,#4168,.F.);
#2004=ORIENTED_EDGE('',*,*,#4167,.F.);
#2005=ORIENTED_EDGE('',*,*,#4169,.T.);
#2006=ORIENTED_EDGE('',*,*,#4170,.T.);
#2007=ORIENTED_EDGE('',*,*,#4171,.F.);
#2008=ORIENTED_EDGE('',*,*,#4170,.F.);
#2009=ORIENTED_EDGE('',*,*,#4172,.T.);
#2010=ORIENTED_EDGE('',*,*,#4173,.T.);
#2011=ORIENTED_EDGE('',*,*,#4174,.F.);
#2012=ORIENTED_EDGE('',*,*,#4173,.F.);
#2013=ORIENTED_EDGE('',*,*,#4175,.T.);
#2014=ORIENTED_EDGE('',*,*,#4176,.T.);
#2015=ORIENTED_EDGE('',*,*,#4177,.F.);
#2016=ORIENTED_EDGE('',*,*,#4176,.F.);
#2017=ORIENTED_EDGE('',*,*,#4178,.T.);
#2018=ORIENTED_EDGE('',*,*,#4179,.T.);
#2019=ORIENTED_EDGE('',*,*,#4180,.T.);
#2020=ORIENTED_EDGE('',*,*,#4179,.F.);
#2021=ORIENTED_EDGE('',*,*,#4181,.F.);
#2022=ORIENTED_EDGE('',*,*,#4182,.T.);
#2023=ORIENTED_EDGE('',*,*,#4183,.F.);
#2024=ORIENTED_EDGE('',*,*,#4182,.F.);
#2025=ORIENTED_EDGE('',*,*,#4184,.T.);
#2026=ORIENTED_EDGE('',*,*,#4185,.T.);
#2027=ORIENTED_EDGE('',*,*,#4186,.T.);
#2028=ORIENTED_EDGE('',*,*,#4185,.F.);
#2029=ORIENTED_EDGE('',*,*,#4187,.F.);
#2030=ORIENTED_EDGE('',*,*,#4188,.T.);
#2031=ORIENTED_EDGE('',*,*,#4189,.F.);
#2032=ORIENTED_EDGE('',*,*,#4188,.F.);
#2033=ORIENTED_EDGE('',*,*,#4190,.T.);
#2034=ORIENTED_EDGE('',*,*,#4191,.T.);
#2035=ORIENTED_EDGE('',*,*,#4192,.F.);
#2036=ORIENTED_EDGE('',*,*,#4191,.F.);
#2037=ORIENTED_EDGE('',*,*,#4193,.T.);
#2038=ORIENTED_EDGE('',*,*,#4194,.T.);
#2039=ORIENTED_EDGE('',*,*,#4195,.F.);
#2040=ORIENTED_EDGE('',*,*,#4194,.F.);
#2041=ORIENTED_EDGE('',*,*,#4196,.T.);
#2042=ORIENTED_EDGE('',*,*,#4197,.T.);
#2043=ORIENTED_EDGE('',*,*,#4198,.F.);
#2044=ORIENTED_EDGE('',*,*,#4197,.F.);
#2045=ORIENTED_EDGE('',*,*,#4199,.T.);
#2046=ORIENTED_EDGE('',*,*,#4200,.T.);
#2047=ORIENTED_EDGE('',*,*,#4201,.F.);
#2048=ORIENTED_EDGE('',*,*,#4200,.F.);
#2049=ORIENTED_EDGE('',*,*,#4202,.T.);
#2050=ORIENTED_EDGE('',*,*,#4203,.T.);
#2051=ORIENTED_EDGE('',*,*,#4204,.T.);
#2052=ORIENTED_EDGE('',*,*,#4203,.F.);
#2053=ORIENTED_EDGE('',*,*,#4205,.F.);
#2054=ORIENTED_EDGE('',*,*,#4206,.T.);
#2055=ORIENTED_EDGE('',*,*,#4207,.F.);
#2056=ORIENTED_EDGE('',*,*,#4206,.F.);
#2057=ORIENTED_EDGE('',*,*,#4208,.T.);
#2058=ORIENTED_EDGE('',*,*,#4209,.T.);
#2059=ORIENTED_EDGE('',*,*,#4210,.T.);
#2060=ORIENTED_EDGE('',*,*,#4209,.F.);
#2061=ORIENTED_EDGE('',*,*,#4211,.F.);
#2062=ORIENTED_EDGE('',*,*,#4212,.T.);
#2063=ORIENTED_EDGE('',*,*,#4213,.F.);
#2064=ORIENTED_EDGE('',*,*,#4212,.F.);
#2065=ORIENTED_EDGE('',*,*,#4214,.T.);
#2066=ORIENTED_EDGE('',*,*,#4215,.T.);
#2067=ORIENTED_EDGE('',*,*,#4216,.F.);
#2068=ORIENTED_EDGE('',*,*,#4215,.F.);
#2069=ORIENTED_EDGE('',*,*,#4217,.T.);
#2070=ORIENTED_EDGE('',*,*,#4218,.T.);
#2071=ORIENTED_EDGE('',*,*,#4219,.F.);
#2072=ORIENTED_EDGE('',*,*,#4218,.F.);
#2073=ORIENTED_EDGE('',*,*,#4220,.T.);
#2074=ORIENTED_EDGE('',*,*,#4221,.T.);
#2075=ORIENTED_EDGE('',*,*,#4222,.F.);
#2076=ORIENTED_EDGE('',*,*,#4221,.F.);
#2077=ORIENTED_EDGE('',*,*,#4223,.T.);
#2078=ORIENTED_EDGE('',*,*,#4224,.T.);
#2079=ORIENTED_EDGE('',*,*,#4225,.F.);
#2080=ORIENTED_EDGE('',*,*,#4224,.F.);
#2081=ORIENTED_EDGE('',*,*,#4226,.T.);
#2082=ORIENTED_EDGE('',*,*,#4227,.T.);
#2083=ORIENTED_EDGE('',*,*,#4228,.T.);
#2084=ORIENTED_EDGE('',*,*,#4227,.F.);
#2085=ORIENTED_EDGE('',*,*,#4229,.F.);
#2086=ORIENTED_EDGE('',*,*,#4230,.T.);
#2087=ORIENTED_EDGE('',*,*,#4231,.F.);
#2088=ORIENTED_EDGE('',*,*,#4230,.F.);
#2089=ORIENTED_EDGE('',*,*,#4232,.T.);
#2090=ORIENTED_EDGE('',*,*,#4233,.T.);
#2091=ORIENTED_EDGE('',*,*,#4234,.T.);
#2092=ORIENTED_EDGE('',*,*,#4233,.F.);
#2093=ORIENTED_EDGE('',*,*,#4235,.F.);
#2094=ORIENTED_EDGE('',*,*,#4236,.T.);
#2095=ORIENTED_EDGE('',*,*,#4237,.F.);
#2096=ORIENTED_EDGE('',*,*,#4236,.F.);
#2097=ORIENTED_EDGE('',*,*,#4238,.T.);
#2098=ORIENTED_EDGE('',*,*,#4239,.T.);
#2099=ORIENTED_EDGE('',*,*,#4240,.F.);
#2100=ORIENTED_EDGE('',*,*,#4239,.F.);
#2101=ORIENTED_EDGE('',*,*,#4241,.T.);
#2102=ORIENTED_EDGE('',*,*,#4242,.T.);
#2103=ORIENTED_EDGE('',*,*,#4243,.F.);
#2104=ORIENTED_EDGE('',*,*,#4242,.F.);
#2105=ORIENTED_EDGE('',*,*,#4244,.T.);
#2106=ORIENTED_EDGE('',*,*,#4245,.T.);
#2107=ORIENTED_EDGE('',*,*,#4246,.F.);
#2108=ORIENTED_EDGE('',*,*,#4245,.F.);
#2109=ORIENTED_EDGE('',*,*,#4247,.T.);
#2110=ORIENTED_EDGE('',*,*,#4248,.T.);
#2111=ORIENTED_EDGE('',*,*,#4249,.F.);
#2112=ORIENTED_EDGE('',*,*,#4248,.F.);
#2113=ORIENTED_EDGE('',*,*,#4250,.T.);
#2114=ORIENTED_EDGE('',*,*,#4251,.T.);
#2115=ORIENTED_EDGE('',*,*,#4252,.T.);
#2116=ORIENTED_EDGE('',*,*,#4251,.F.);
#2117=ORIENTED_EDGE('',*,*,#4253,.F.);
#2118=ORIENTED_EDGE('',*,*,#4254,.T.);
#2119=ORIENTED_EDGE('',*,*,#4255,.F.);
#2120=ORIENTED_EDGE('',*,*,#4254,.F.);
#2121=ORIENTED_EDGE('',*,*,#4256,.T.);
#2122=ORIENTED_EDGE('',*,*,#4257,.T.);
#2123=ORIENTED_EDGE('',*,*,#4258,.T.);
#2124=ORIENTED_EDGE('',*,*,#4257,.F.);
#2125=ORIENTED_EDGE('',*,*,#4259,.F.);
#2126=ORIENTED_EDGE('',*,*,#4260,.T.);
#2127=ORIENTED_EDGE('',*,*,#4261,.F.);
#2128=ORIENTED_EDGE('',*,*,#4260,.F.);
#2129=ORIENTED_EDGE('',*,*,#4262,.T.);
#2130=ORIENTED_EDGE('',*,*,#4263,.T.);
#2131=ORIENTED_EDGE('',*,*,#4264,.F.);
#2132=ORIENTED_EDGE('',*,*,#4263,.F.);
#2133=ORIENTED_EDGE('',*,*,#4265,.T.);
#2134=ORIENTED_EDGE('',*,*,#4266,.T.);
#2135=ORIENTED_EDGE('',*,*,#4267,.F.);
#2136=ORIENTED_EDGE('',*,*,#4266,.F.);
#2137=ORIENTED_EDGE('',*,*,#4268,.T.);
#2138=ORIENTED_EDGE('',*,*,#4269,.T.);
#2139=ORIENTED_EDGE('',*,*,#4270,.F.);
#2140=ORIENTED_EDGE('',*,*,#4269,.F.);
#2141=ORIENTED_EDGE('',*,*,#4271,.T.);
#2142=ORIENTED_EDGE('',*,*,#4272,.T.);
#2143=ORIENTED_EDGE('',*,*,#4273,.F.);
#2144=ORIENTED_EDGE('',*,*,#4272,.F.);
#2145=ORIENTED_EDGE('',*,*,#4274,.T.);
#2146=ORIENTED_EDGE('',*,*,#4275,.T.);
#2147=ORIENTED_EDGE('',*,*,#4276,.T.);
#2148=ORIENTED_EDGE('',*,*,#4275,.F.);
#2149=ORIENTED_EDGE('',*,*,#4277,.F.);
#2150=ORIENTED_EDGE('',*,*,#4278,.T.);
#2151=ORIENTED_EDGE('',*,*,#4279,.F.);
#2152=ORIENTED_EDGE('',*,*,#4278,.F.);
#2153=ORIENTED_EDGE('',*,*,#4280,.T.);
#2154=ORIENTED_EDGE('',*,*,#4281,.T.);
#2155=ORIENTED_EDGE('',*,*,#4282,.T.);
#2156=ORIENTED_EDGE('',*,*,#4281,.F.);
#2157=ORIENTED_EDGE('',*,*,#4283,.F.);
#2158=ORIENTED_EDGE('',*,*,#4284,.T.);
#2159=ORIENTED_EDGE('',*,*,#4285,.F.);
#2160=ORIENTED_EDGE('',*,*,#4284,.F.);
#2161=ORIENTED_EDGE('',*,*,#4286,.T.);
#2162=ORIENTED_EDGE('',*,*,#4287,.T.);
#2163=ORIENTED_EDGE('',*,*,#4288,.F.);
#2164=ORIENTED_EDGE('',*,*,#4287,.F.);
#2165=ORIENTED_EDGE('',*,*,#4289,.T.);
#2166=ORIENTED_EDGE('',*,*,#4290,.T.);
#2167=ORIENTED_EDGE('',*,*,#4291,.F.);
#2168=ORIENTED_EDGE('',*,*,#4290,.F.);
#2169=ORIENTED_EDGE('',*,*,#4292,.T.);
#2170=ORIENTED_EDGE('',*,*,#4293,.T.);
#2171=ORIENTED_EDGE('',*,*,#4294,.F.);
#2172=ORIENTED_EDGE('',*,*,#4293,.F.);
#2173=ORIENTED_EDGE('',*,*,#4295,.T.);
#2174=ORIENTED_EDGE('',*,*,#4296,.T.);
#2175=ORIENTED_EDGE('',*,*,#4297,.F.);
#2176=ORIENTED_EDGE('',*,*,#4296,.F.);
#2177=ORIENTED_EDGE('',*,*,#4298,.T.);
#2178=ORIENTED_EDGE('',*,*,#4299,.T.);
#2179=ORIENTED_EDGE('',*,*,#4300,.T.);
#2180=ORIENTED_EDGE('',*,*,#4299,.F.);
#2181=ORIENTED_EDGE('',*,*,#4301,.F.);
#2182=ORIENTED_EDGE('',*,*,#4302,.T.);
#2183=ORIENTED_EDGE('',*,*,#4303,.F.);
#2184=ORIENTED_EDGE('',*,*,#4302,.F.);
#2185=ORIENTED_EDGE('',*,*,#4304,.T.);
#2186=ORIENTED_EDGE('',*,*,#4305,.T.);
#2187=ORIENTED_EDGE('',*,*,#4306,.T.);
#2188=ORIENTED_EDGE('',*,*,#4305,.F.);
#2189=ORIENTED_EDGE('',*,*,#4307,.F.);
#2190=ORIENTED_EDGE('',*,*,#4308,.T.);
#2191=ORIENTED_EDGE('',*,*,#4309,.F.);
#2192=ORIENTED_EDGE('',*,*,#4308,.F.);
#2193=ORIENTED_EDGE('',*,*,#4310,.T.);
#2194=ORIENTED_EDGE('',*,*,#4311,.T.);
#2195=ORIENTED_EDGE('',*,*,#4312,.F.);
#2196=ORIENTED_EDGE('',*,*,#4311,.F.);
#2197=ORIENTED_EDGE('',*,*,#4313,.T.);
#2198=ORIENTED_EDGE('',*,*,#4314,.T.);
#2199=ORIENTED_EDGE('',*,*,#4315,.F.);
#2200=ORIENTED_EDGE('',*,*,#4314,.F.);
#2201=ORIENTED_EDGE('',*,*,#4316,.T.);
#2202=ORIENTED_EDGE('',*,*,#4317,.T.);
#2203=ORIENTED_EDGE('',*,*,#4318,.F.);
#2204=ORIENTED_EDGE('',*,*,#4317,.F.);
#2205=ORIENTED_EDGE('',*,*,#4319,.T.);
#2206=ORIENTED_EDGE('',*,*,#4320,.T.);
#2207=ORIENTED_EDGE('',*,*,#4321,.F.);
#2208=ORIENTED_EDGE('',*,*,#4320,.F.);
#2209=ORIENTED_EDGE('',*,*,#4322,.T.);
#2210=ORIENTED_EDGE('',*,*,#4323,.T.);
#2211=ORIENTED_EDGE('',*,*,#4324,.T.);
#2212=ORIENTED_EDGE('',*,*,#4323,.F.);
#2213=ORIENTED_EDGE('',*,*,#4325,.F.);
#2214=ORIENTED_EDGE('',*,*,#4326,.T.);
#2215=ORIENTED_EDGE('',*,*,#4327,.F.);
#2216=ORIENTED_EDGE('',*,*,#4326,.F.);
#2217=ORIENTED_EDGE('',*,*,#4328,.T.);
#2218=ORIENTED_EDGE('',*,*,#4329,.T.);
#2219=ORIENTED_EDGE('',*,*,#4330,.T.);
#2220=ORIENTED_EDGE('',*,*,#4329,.F.);
#2221=ORIENTED_EDGE('',*,*,#4331,.F.);
#2222=ORIENTED_EDGE('',*,*,#4332,.T.);
#2223=ORIENTED_EDGE('',*,*,#4333,.F.);
#2224=ORIENTED_EDGE('',*,*,#4332,.F.);
#2225=ORIENTED_EDGE('',*,*,#4334,.T.);
#2226=ORIENTED_EDGE('',*,*,#4335,.T.);
#2227=ORIENTED_EDGE('',*,*,#4336,.F.);
#2228=ORIENTED_EDGE('',*,*,#4335,.F.);
#2229=ORIENTED_EDGE('',*,*,#4337,.T.);
#2230=ORIENTED_EDGE('',*,*,#4338,.T.);
#2231=ORIENTED_EDGE('',*,*,#4339,.F.);
#2232=ORIENTED_EDGE('',*,*,#4338,.F.);
#2233=ORIENTED_EDGE('',*,*,#4340,.T.);
#2234=ORIENTED_EDGE('',*,*,#4341,.T.);
#2235=ORIENTED_EDGE('',*,*,#4342,.F.);
#2236=ORIENTED_EDGE('',*,*,#4341,.F.);
#2237=ORIENTED_EDGE('',*,*,#4343,.T.);
#2238=ORIENTED_EDGE('',*,*,#4344,.T.);
#2239=ORIENTED_EDGE('',*,*,#4345,.F.);
#2240=ORIENTED_EDGE('',*,*,#4344,.F.);
#2241=ORIENTED_EDGE('',*,*,#4346,.T.);
#2242=ORIENTED_EDGE('',*,*,#4347,.T.);
#2243=ORIENTED_EDGE('',*,*,#4348,.T.);
#2244=ORIENTED_EDGE('',*,*,#4347,.F.);
#2245=ORIENTED_EDGE('',*,*,#4349,.F.);
#2246=ORIENTED_EDGE('',*,*,#4350,.T.);
#2247=ORIENTED_EDGE('',*,*,#4351,.F.);
#2248=ORIENTED_EDGE('',*,*,#4350,.F.);
#2249=ORIENTED_EDGE('',*,*,#4352,.T.);
#2250=ORIENTED_EDGE('',*,*,#4353,.T.);
#2251=ORIENTED_EDGE('',*,*,#4354,.T.);
#2252=ORIENTED_EDGE('',*,*,#4353,.F.);
#2253=ORIENTED_EDGE('',*,*,#4355,.F.);
#2254=ORIENTED_EDGE('',*,*,#4356,.T.);
#2255=ORIENTED_EDGE('',*,*,#4357,.F.);
#2256=ORIENTED_EDGE('',*,*,#4356,.F.);
#2257=ORIENTED_EDGE('',*,*,#4358,.T.);
#2258=ORIENTED_EDGE('',*,*,#4359,.T.);
#2259=ORIENTED_EDGE('',*,*,#4360,.F.);
#2260=ORIENTED_EDGE('',*,*,#4359,.F.);
#2261=ORIENTED_EDGE('',*,*,#4361,.T.);
#2262=ORIENTED_EDGE('',*,*,#4362,.T.);
#2263=ORIENTED_EDGE('',*,*,#4363,.F.);
#2264=ORIENTED_EDGE('',*,*,#4362,.F.);
#2265=ORIENTED_EDGE('',*,*,#4364,.T.);
#2266=ORIENTED_EDGE('',*,*,#4365,.T.);
#2267=ORIENTED_EDGE('',*,*,#4366,.F.);
#2268=ORIENTED_EDGE('',*,*,#4365,.F.);
#2269=ORIENTED_EDGE('',*,*,#4367,.T.);
#2270=ORIENTED_EDGE('',*,*,#4368,.T.);
#2271=ORIENTED_EDGE('',*,*,#4369,.F.);
#2272=ORIENTED_EDGE('',*,*,#4368,.F.);
#2273=ORIENTED_EDGE('',*,*,#4370,.T.);
#2274=ORIENTED_EDGE('',*,*,#4371,.T.);
#2275=ORIENTED_EDGE('',*,*,#4372,.T.);
#2276=ORIENTED_EDGE('',*,*,#4371,.F.);
#2277=ORIENTED_EDGE('',*,*,#4373,.F.);
#2278=ORIENTED_EDGE('',*,*,#4374,.T.);
#2279=ORIENTED_EDGE('',*,*,#4375,.F.);
#2280=ORIENTED_EDGE('',*,*,#4374,.F.);
#2281=ORIENTED_EDGE('',*,*,#4376,.T.);
#2282=ORIENTED_EDGE('',*,*,#4377,.T.);
#2283=ORIENTED_EDGE('',*,*,#4378,.T.);
#2284=ORIENTED_EDGE('',*,*,#4377,.F.);
#2285=ORIENTED_EDGE('',*,*,#4379,.F.);
#2286=ORIENTED_EDGE('',*,*,#4380,.T.);
#2287=ORIENTED_EDGE('',*,*,#4381,.F.);
#2288=ORIENTED_EDGE('',*,*,#4380,.F.);
#2289=ORIENTED_EDGE('',*,*,#4382,.T.);
#2290=ORIENTED_EDGE('',*,*,#4383,.T.);
#2291=ORIENTED_EDGE('',*,*,#4384,.F.);
#2292=ORIENTED_EDGE('',*,*,#4383,.F.);
#2293=ORIENTED_EDGE('',*,*,#4385,.T.);
#2294=ORIENTED_EDGE('',*,*,#4386,.T.);
#2295=ORIENTED_EDGE('',*,*,#4387,.F.);
#2296=ORIENTED_EDGE('',*,*,#4386,.F.);
#2297=ORIENTED_EDGE('',*,*,#4388,.T.);
#2298=ORIENTED_EDGE('',*,*,#4389,.T.);
#2299=ORIENTED_EDGE('',*,*,#4390,.F.);
#2300=ORIENTED_EDGE('',*,*,#4389,.F.);
#2301=ORIENTED_EDGE('',*,*,#4391,.T.);
#2302=ORIENTED_EDGE('',*,*,#4392,.T.);
#2303=ORIENTED_EDGE('',*,*,#4393,.F.);
#2304=ORIENTED_EDGE('',*,*,#4392,.F.);
#2305=ORIENTED_EDGE('',*,*,#4394,.T.);
#2306=ORIENTED_EDGE('',*,*,#4395,.T.);
#2307=ORIENTED_EDGE('',*,*,#4396,.T.);
#2308=ORIENTED_EDGE('',*,*,#4395,.F.);
#2309=ORIENTED_EDGE('',*,*,#4397,.F.);
#2310=ORIENTED_EDGE('',*,*,#4398,.T.);
#2311=ORIENTED_EDGE('',*,*,#4399,.F.);
#2312=ORIENTED_EDGE('',*,*,#4398,.F.);
#2313=ORIENTED_EDGE('',*,*,#4400,.T.);
#2314=ORIENTED_EDGE('',*,*,#4401,.T.);
#2315=ORIENTED_EDGE('',*,*,#4402,.T.);
#2316=ORIENTED_EDGE('',*,*,#4401,.F.);
#2317=ORIENTED_EDGE('',*,*,#4403,.F.);
#2318=ORIENTED_EDGE('',*,*,#4404,.T.);
#2319=ORIENTED_EDGE('',*,*,#4405,.F.);
#2320=ORIENTED_EDGE('',*,*,#4404,.F.);
#2321=ORIENTED_EDGE('',*,*,#4406,.T.);
#2322=ORIENTED_EDGE('',*,*,#4407,.T.);
#2323=ORIENTED_EDGE('',*,*,#4408,.F.);
#2324=ORIENTED_EDGE('',*,*,#4407,.F.);
#2325=ORIENTED_EDGE('',*,*,#4409,.T.);
#2326=ORIENTED_EDGE('',*,*,#4410,.T.);
#2327=ORIENTED_EDGE('',*,*,#4411,.F.);
#2328=ORIENTED_EDGE('',*,*,#4410,.F.);
#2329=ORIENTED_EDGE('',*,*,#4412,.T.);
#2330=ORIENTED_EDGE('',*,*,#4413,.T.);
#2331=ORIENTED_EDGE('',*,*,#4414,.F.);
#2332=ORIENTED_EDGE('',*,*,#4413,.F.);
#2333=ORIENTED_EDGE('',*,*,#4415,.T.);
#2334=ORIENTED_EDGE('',*,*,#4416,.T.);
#2335=ORIENTED_EDGE('',*,*,#4417,.F.);
#2336=ORIENTED_EDGE('',*,*,#4416,.F.);
#2337=ORIENTED_EDGE('',*,*,#4418,.T.);
#2338=ORIENTED_EDGE('',*,*,#4419,.T.);
#2339=ORIENTED_EDGE('',*,*,#4420,.T.);
#2340=ORIENTED_EDGE('',*,*,#4419,.F.);
#2341=ORIENTED_EDGE('',*,*,#4421,.F.);
#2342=ORIENTED_EDGE('',*,*,#4422,.T.);
#2343=ORIENTED_EDGE('',*,*,#4423,.F.);
#2344=ORIENTED_EDGE('',*,*,#4422,.F.);
#2345=ORIENTED_EDGE('',*,*,#4424,.T.);
#2346=ORIENTED_EDGE('',*,*,#4425,.T.);
#2347=ORIENTED_EDGE('',*,*,#4426,.T.);
#2348=ORIENTED_EDGE('',*,*,#4425,.F.);
#2349=ORIENTED_EDGE('',*,*,#4427,.F.);
#2350=ORIENTED_EDGE('',*,*,#4428,.T.);
#2351=ORIENTED_EDGE('',*,*,#4429,.F.);
#2352=ORIENTED_EDGE('',*,*,#4428,.F.);
#2353=ORIENTED_EDGE('',*,*,#4430,.T.);
#2354=ORIENTED_EDGE('',*,*,#4431,.T.);
#2355=ORIENTED_EDGE('',*,*,#4432,.F.);
#2356=ORIENTED_EDGE('',*,*,#4431,.F.);
#2357=ORIENTED_EDGE('',*,*,#4433,.T.);
#2358=ORIENTED_EDGE('',*,*,#4434,.T.);
#2359=ORIENTED_EDGE('',*,*,#4435,.F.);
#2360=ORIENTED_EDGE('',*,*,#4434,.F.);
#2361=ORIENTED_EDGE('',*,*,#4436,.T.);
#2362=ORIENTED_EDGE('',*,*,#4437,.T.);
#2363=ORIENTED_EDGE('',*,*,#4438,.F.);
#2364=ORIENTED_EDGE('',*,*,#4437,.F.);
#2365=ORIENTED_EDGE('',*,*,#4439,.T.);
#2366=ORIENTED_EDGE('',*,*,#4440,.T.);
#2367=ORIENTED_EDGE('',*,*,#4441,.F.);
#2368=ORIENTED_EDGE('',*,*,#4440,.F.);
#2369=ORIENTED_EDGE('',*,*,#4442,.T.);
#2370=ORIENTED_EDGE('',*,*,#4443,.T.);
#2371=ORIENTED_EDGE('',*,*,#4444,.T.);
#2372=ORIENTED_EDGE('',*,*,#4443,.F.);
#2373=ORIENTED_EDGE('',*,*,#4445,.F.);
#2374=ORIENTED_EDGE('',*,*,#4446,.T.);
#2375=ORIENTED_EDGE('',*,*,#4447,.F.);
#2376=ORIENTED_EDGE('',*,*,#4446,.F.);
#2377=ORIENTED_EDGE('',*,*,#4448,.T.);
#2378=ORIENTED_EDGE('',*,*,#4449,.T.);
#2379=ORIENTED_EDGE('',*,*,#4450,.T.);
#2380=ORIENTED_EDGE('',*,*,#4449,.F.);
#2381=ORIENTED_EDGE('',*,*,#4451,.F.);
#2382=ORIENTED_EDGE('',*,*,#4452,.T.);
#2383=ORIENTED_EDGE('',*,*,#4453,.F.);
#2384=ORIENTED_EDGE('',*,*,#4452,.F.);
#2385=ORIENTED_EDGE('',*,*,#4454,.T.);
#2386=ORIENTED_EDGE('',*,*,#4455,.T.);
#2387=ORIENTED_EDGE('',*,*,#4456,.F.);
#2388=ORIENTED_EDGE('',*,*,#4455,.F.);
#2389=ORIENTED_EDGE('',*,*,#4457,.T.);
#2390=ORIENTED_EDGE('',*,*,#4458,.T.);
#2391=ORIENTED_EDGE('',*,*,#4459,.F.);
#2392=ORIENTED_EDGE('',*,*,#4458,.F.);
#2393=ORIENTED_EDGE('',*,*,#4460,.T.);
#2394=ORIENTED_EDGE('',*,*,#4461,.T.);
#2395=ORIENTED_EDGE('',*,*,#4462,.F.);
#2396=ORIENTED_EDGE('',*,*,#4461,.F.);
#2397=ORIENTED_EDGE('',*,*,#4463,.T.);
#2398=ORIENTED_EDGE('',*,*,#4464,.T.);
#2399=ORIENTED_EDGE('',*,*,#4465,.F.);
#2400=ORIENTED_EDGE('',*,*,#4464,.F.);
#2401=ORIENTED_EDGE('',*,*,#4466,.T.);
#2402=ORIENTED_EDGE('',*,*,#4467,.T.);
#2403=ORIENTED_EDGE('',*,*,#4468,.T.);
#2404=ORIENTED_EDGE('',*,*,#4467,.F.);
#2405=ORIENTED_EDGE('',*,*,#4469,.F.);
#2406=ORIENTED_EDGE('',*,*,#4470,.T.);
#2407=ORIENTED_EDGE('',*,*,#4471,.F.);
#2408=ORIENTED_EDGE('',*,*,#4470,.F.);
#2409=ORIENTED_EDGE('',*,*,#4472,.T.);
#2410=ORIENTED_EDGE('',*,*,#4473,.T.);
#2411=ORIENTED_EDGE('',*,*,#4474,.T.);
#2412=ORIENTED_EDGE('',*,*,#4473,.F.);
#2413=ORIENTED_EDGE('',*,*,#4475,.F.);
#2414=ORIENTED_EDGE('',*,*,#4476,.T.);
#2415=ORIENTED_EDGE('',*,*,#4477,.F.);
#2416=ORIENTED_EDGE('',*,*,#4476,.F.);
#2417=ORIENTED_EDGE('',*,*,#4478,.T.);
#2418=ORIENTED_EDGE('',*,*,#4479,.T.);
#2419=ORIENTED_EDGE('',*,*,#4480,.F.);
#2420=ORIENTED_EDGE('',*,*,#4479,.F.);
#2421=ORIENTED_EDGE('',*,*,#4481,.T.);
#2422=ORIENTED_EDGE('',*,*,#4482,.T.);
#2423=ORIENTED_EDGE('',*,*,#4483,.F.);
#2424=ORIENTED_EDGE('',*,*,#4482,.F.);
#2425=ORIENTED_EDGE('',*,*,#4484,.T.);
#2426=ORIENTED_EDGE('',*,*,#4485,.T.);
#2427=ORIENTED_EDGE('',*,*,#4486,.F.);
#2428=ORIENTED_EDGE('',*,*,#4485,.F.);
#2429=ORIENTED_EDGE('',*,*,#4487,.T.);
#2430=ORIENTED_EDGE('',*,*,#4488,.T.);
#2431=ORIENTED_EDGE('',*,*,#4489,.F.);
#2432=ORIENTED_EDGE('',*,*,#4488,.F.);
#2433=ORIENTED_EDGE('',*,*,#4490,.T.);
#2434=ORIENTED_EDGE('',*,*,#4491,.T.);
#2435=ORIENTED_EDGE('',*,*,#4492,.T.);
#2436=ORIENTED_EDGE('',*,*,#4491,.F.);
#2437=ORIENTED_EDGE('',*,*,#4493,.F.);
#2438=ORIENTED_EDGE('',*,*,#4494,.T.);
#2439=ORIENTED_EDGE('',*,*,#4495,.F.);
#2440=ORIENTED_EDGE('',*,*,#4494,.F.);
#2441=ORIENTED_EDGE('',*,*,#4496,.T.);
#2442=ORIENTED_EDGE('',*,*,#4497,.T.);
#2443=ORIENTED_EDGE('',*,*,#4498,.T.);
#2444=ORIENTED_EDGE('',*,*,#4497,.F.);
#2445=ORIENTED_EDGE('',*,*,#4499,.F.);
#2446=ORIENTED_EDGE('',*,*,#4500,.T.);
#2447=ORIENTED_EDGE('',*,*,#4501,.F.);
#2448=ORIENTED_EDGE('',*,*,#4500,.F.);
#2449=ORIENTED_EDGE('',*,*,#4502,.T.);
#2450=ORIENTED_EDGE('',*,*,#4503,.T.);
#2451=ORIENTED_EDGE('',*,*,#4504,.F.);
#2452=ORIENTED_EDGE('',*,*,#4503,.F.);
#2453=ORIENTED_EDGE('',*,*,#4505,.T.);
#2454=ORIENTED_EDGE('',*,*,#4506,.T.);
#2455=ORIENTED_EDGE('',*,*,#4507,.F.);
#2456=ORIENTED_EDGE('',*,*,#4506,.F.);
#2457=ORIENTED_EDGE('',*,*,#4508,.T.);
#2458=ORIENTED_EDGE('',*,*,#4509,.T.);
#2459=ORIENTED_EDGE('',*,*,#4510,.F.);
#2460=ORIENTED_EDGE('',*,*,#4509,.F.);
#2461=ORIENTED_EDGE('',*,*,#4511,.T.);
#2462=ORIENTED_EDGE('',*,*,#4512,.T.);
#2463=ORIENTED_EDGE('',*,*,#4513,.F.);
#2464=ORIENTED_EDGE('',*,*,#4512,.F.);
#2465=ORIENTED_EDGE('',*,*,#4514,.T.);
#2466=ORIENTED_EDGE('',*,*,#4515,.T.);
#2467=ORIENTED_EDGE('',*,*,#4516,.T.);
#2468=ORIENTED_EDGE('',*,*,#4515,.F.);
#2469=ORIENTED_EDGE('',*,*,#4517,.F.);
#2470=ORIENTED_EDGE('',*,*,#4518,.T.);
#2471=ORIENTED_EDGE('',*,*,#4519,.F.);
#2472=ORIENTED_EDGE('',*,*,#4518,.F.);
#2473=ORIENTED_EDGE('',*,*,#4520,.T.);
#2474=ORIENTED_EDGE('',*,*,#4521,.T.);
#2475=ORIENTED_EDGE('',*,*,#4522,.T.);
#2476=ORIENTED_EDGE('',*,*,#4521,.F.);
#2477=ORIENTED_EDGE('',*,*,#4523,.F.);
#2478=ORIENTED_EDGE('',*,*,#4524,.T.);
#2479=ORIENTED_EDGE('',*,*,#4525,.F.);
#2480=ORIENTED_EDGE('',*,*,#4524,.F.);
#2481=ORIENTED_EDGE('',*,*,#4526,.T.);
#2482=ORIENTED_EDGE('',*,*,#4527,.T.);
#2483=ORIENTED_EDGE('',*,*,#4528,.F.);
#2484=ORIENTED_EDGE('',*,*,#4527,.F.);
#2485=ORIENTED_EDGE('',*,*,#4529,.T.);
#2486=ORIENTED_EDGE('',*,*,#4530,.T.);
#2487=ORIENTED_EDGE('',*,*,#4531,.F.);
#2488=ORIENTED_EDGE('',*,*,#4530,.F.);
#2489=ORIENTED_EDGE('',*,*,#4532,.T.);
#2490=ORIENTED_EDGE('',*,*,#4533,.T.);
#2491=ORIENTED_EDGE('',*,*,#4534,.F.);
#2492=ORIENTED_EDGE('',*,*,#4533,.F.);
#2493=ORIENTED_EDGE('',*,*,#4535,.T.);
#2494=ORIENTED_EDGE('',*,*,#4536,.T.);
#2495=ORIENTED_EDGE('',*,*,#4537,.F.);
#2496=ORIENTED_EDGE('',*,*,#4536,.F.);
#2497=ORIENTED_EDGE('',*,*,#4538,.T.);
#2498=ORIENTED_EDGE('',*,*,#4539,.T.);
#2499=ORIENTED_EDGE('',*,*,#4540,.T.);
#2500=ORIENTED_EDGE('',*,*,#4539,.F.);
#2501=ORIENTED_EDGE('',*,*,#4541,.F.);
#2502=ORIENTED_EDGE('',*,*,#4542,.T.);
#2503=ORIENTED_EDGE('',*,*,#4543,.F.);
#2504=ORIENTED_EDGE('',*,*,#4542,.F.);
#2505=ORIENTED_EDGE('',*,*,#4544,.T.);
#2506=ORIENTED_EDGE('',*,*,#4545,.T.);
#2507=ORIENTED_EDGE('',*,*,#4546,.T.);
#2508=ORIENTED_EDGE('',*,*,#4545,.F.);
#2509=ORIENTED_EDGE('',*,*,#4547,.F.);
#2510=ORIENTED_EDGE('',*,*,#4548,.T.);
#2511=ORIENTED_EDGE('',*,*,#4549,.F.);
#2512=ORIENTED_EDGE('',*,*,#4548,.F.);
#2513=ORIENTED_EDGE('',*,*,#4550,.T.);
#2514=ORIENTED_EDGE('',*,*,#4551,.T.);
#2515=ORIENTED_EDGE('',*,*,#4552,.F.);
#2516=ORIENTED_EDGE('',*,*,#4551,.F.);
#2517=ORIENTED_EDGE('',*,*,#4553,.T.);
#2518=ORIENTED_EDGE('',*,*,#4554,.T.);
#2519=ORIENTED_EDGE('',*,*,#4555,.F.);
#2520=ORIENTED_EDGE('',*,*,#4554,.F.);
#2521=ORIENTED_EDGE('',*,*,#4556,.T.);
#2522=ORIENTED_EDGE('',*,*,#4557,.T.);
#2523=ORIENTED_EDGE('',*,*,#4558,.F.);
#2524=ORIENTED_EDGE('',*,*,#4557,.F.);
#2525=ORIENTED_EDGE('',*,*,#4559,.T.);
#2526=ORIENTED_EDGE('',*,*,#4560,.T.);
#2527=ORIENTED_EDGE('',*,*,#4561,.F.);
#2528=ORIENTED_EDGE('',*,*,#4560,.F.);
#2529=ORIENTED_EDGE('',*,*,#4562,.T.);
#2530=ORIENTED_EDGE('',*,*,#4563,.T.);
#2531=ORIENTED_EDGE('',*,*,#4564,.T.);
#2532=ORIENTED_EDGE('',*,*,#4563,.F.);
#2533=ORIENTED_EDGE('',*,*,#4565,.F.);
#2534=ORIENTED_EDGE('',*,*,#4566,.T.);
#2535=ORIENTED_EDGE('',*,*,#4567,.F.);
#2536=ORIENTED_EDGE('',*,*,#4566,.F.);
#2537=ORIENTED_EDGE('',*,*,#4568,.T.);
#2538=ORIENTED_EDGE('',*,*,#4569,.T.);
#2539=ORIENTED_EDGE('',*,*,#4570,.T.);
#2540=ORIENTED_EDGE('',*,*,#4569,.F.);
#2541=ORIENTED_EDGE('',*,*,#4571,.F.);
#2542=ORIENTED_EDGE('',*,*,#4572,.T.);
#2543=ORIENTED_EDGE('',*,*,#4573,.F.);
#2544=ORIENTED_EDGE('',*,*,#4572,.F.);
#2545=ORIENTED_EDGE('',*,*,#4574,.T.);
#2546=ORIENTED_EDGE('',*,*,#4575,.T.);
#2547=ORIENTED_EDGE('',*,*,#4576,.F.);
#2548=ORIENTED_EDGE('',*,*,#4575,.F.);
#2549=ORIENTED_EDGE('',*,*,#4577,.T.);
#2550=ORIENTED_EDGE('',*,*,#4578,.T.);
#2551=ORIENTED_EDGE('',*,*,#4579,.F.);
#2552=ORIENTED_EDGE('',*,*,#4578,.F.);
#2553=ORIENTED_EDGE('',*,*,#4580,.T.);
#2554=ORIENTED_EDGE('',*,*,#4581,.T.);
#2555=ORIENTED_EDGE('',*,*,#4582,.F.);
#2556=ORIENTED_EDGE('',*,*,#4581,.F.);
#2557=ORIENTED_EDGE('',*,*,#4583,.T.);
#2558=ORIENTED_EDGE('',*,*,#4584,.T.);
#2559=ORIENTED_EDGE('',*,*,#4585,.F.);
#2560=ORIENTED_EDGE('',*,*,#4584,.F.);
#2561=ORIENTED_EDGE('',*,*,#4586,.T.);
#2562=ORIENTED_EDGE('',*,*,#4587,.T.);
#2563=ORIENTED_EDGE('',*,*,#4588,.T.);
#2564=ORIENTED_EDGE('',*,*,#4587,.F.);
#2565=ORIENTED_EDGE('',*,*,#4589,.F.);
#2566=ORIENTED_EDGE('',*,*,#4590,.T.);
#2567=ORIENTED_EDGE('',*,*,#4591,.F.);
#2568=ORIENTED_EDGE('',*,*,#4590,.F.);
#2569=ORIENTED_EDGE('',*,*,#4592,.T.);
#2570=ORIENTED_EDGE('',*,*,#4593,.T.);
#2571=ORIENTED_EDGE('',*,*,#4594,.T.);
#2572=ORIENTED_EDGE('',*,*,#4593,.F.);
#2573=ORIENTED_EDGE('',*,*,#4595,.F.);
#2574=ORIENTED_EDGE('',*,*,#4596,.T.);
#2575=ORIENTED_EDGE('',*,*,#4597,.F.);
#2576=ORIENTED_EDGE('',*,*,#4596,.F.);
#2577=ORIENTED_EDGE('',*,*,#4598,.T.);
#2578=ORIENTED_EDGE('',*,*,#4599,.T.);
#2579=ORIENTED_EDGE('',*,*,#4600,.F.);
#2580=ORIENTED_EDGE('',*,*,#4599,.F.);
#2581=ORIENTED_EDGE('',*,*,#4601,.T.);
#2582=ORIENTED_EDGE('',*,*,#4602,.T.);
#2583=ORIENTED_EDGE('',*,*,#4603,.F.);
#2584=ORIENTED_EDGE('',*,*,#4602,.F.);
#2585=ORIENTED_EDGE('',*,*,#4604,.T.);
#2586=ORIENTED_EDGE('',*,*,#4605,.T.);
#2587=ORIENTED_EDGE('',*,*,#4606,.F.);
#2588=ORIENTED_EDGE('',*,*,#4605,.F.);
#2589=ORIENTED_EDGE('',*,*,#4607,.T.);
#2590=ORIENTED_EDGE('',*,*,#4608,.T.);
#2591=ORIENTED_EDGE('',*,*,#4609,.F.);
#2592=ORIENTED_EDGE('',*,*,#4608,.F.);
#2593=ORIENTED_EDGE('',*,*,#4610,.T.);
#2594=ORIENTED_EDGE('',*,*,#4611,.T.);
#2595=ORIENTED_EDGE('',*,*,#4612,.T.);
#2596=ORIENTED_EDGE('',*,*,#4611,.F.);
#2597=ORIENTED_EDGE('',*,*,#4613,.F.);
#2598=ORIENTED_EDGE('',*,*,#4614,.T.);
#2599=ORIENTED_EDGE('',*,*,#4615,.F.);
#2600=ORIENTED_EDGE('',*,*,#4614,.F.);
#2601=ORIENTED_EDGE('',*,*,#4616,.T.);
#2602=ORIENTED_EDGE('',*,*,#4617,.T.);
#2603=ORIENTED_EDGE('',*,*,#4618,.T.);
#2604=ORIENTED_EDGE('',*,*,#4617,.F.);
#2605=ORIENTED_EDGE('',*,*,#4619,.F.);
#2606=ORIENTED_EDGE('',*,*,#4620,.T.);
#2607=ORIENTED_EDGE('',*,*,#4621,.F.);
#2608=ORIENTED_EDGE('',*,*,#4620,.F.);
#2609=ORIENTED_EDGE('',*,*,#4622,.T.);
#2610=ORIENTED_EDGE('',*,*,#4623,.T.);
#2611=ORIENTED_EDGE('',*,*,#4624,.F.);
#2612=ORIENTED_EDGE('',*,*,#4623,.F.);
#2613=ORIENTED_EDGE('',*,*,#4625,.T.);
#2614=ORIENTED_EDGE('',*,*,#4626,.T.);
#2615=ORIENTED_EDGE('',*,*,#4627,.F.);
#2616=ORIENTED_EDGE('',*,*,#4626,.F.);
#2617=ORIENTED_EDGE('',*,*,#4628,.T.);
#2618=ORIENTED_EDGE('',*,*,#4629,.T.);
#2619=ORIENTED_EDGE('',*,*,#4630,.F.);
#2620=ORIENTED_EDGE('',*,*,#4629,.F.);
#2621=ORIENTED_EDGE('',*,*,#4631,.T.);
#2622=ORIENTED_EDGE('',*,*,#4632,.T.);
#2623=ORIENTED_EDGE('',*,*,#4633,.F.);
#2624=ORIENTED_EDGE('',*,*,#4632,.F.);
#2625=ORIENTED_EDGE('',*,*,#4634,.T.);
#2626=ORIENTED_EDGE('',*,*,#4635,.T.);
#2627=ORIENTED_EDGE('',*,*,#4636,.T.);
#2628=ORIENTED_EDGE('',*,*,#4635,.F.);
#2629=ORIENTED_EDGE('',*,*,#4637,.F.);
#2630=ORIENTED_EDGE('',*,*,#4638,.T.);
#2631=ORIENTED_EDGE('',*,*,#4639,.F.);
#2632=ORIENTED_EDGE('',*,*,#4638,.F.);
#2633=ORIENTED_EDGE('',*,*,#4640,.T.);
#2634=ORIENTED_EDGE('',*,*,#4641,.T.);
#2635=ORIENTED_EDGE('',*,*,#4642,.T.);
#2636=ORIENTED_EDGE('',*,*,#4641,.F.);
#2637=ORIENTED_EDGE('',*,*,#4643,.F.);
#2638=ORIENTED_EDGE('',*,*,#4644,.T.);
#2639=ORIENTED_EDGE('',*,*,#4645,.F.);
#2640=ORIENTED_EDGE('',*,*,#4644,.F.);
#2641=ORIENTED_EDGE('',*,*,#4646,.T.);
#2642=ORIENTED_EDGE('',*,*,#4647,.T.);
#2643=ORIENTED_EDGE('',*,*,#4648,.F.);
#2644=ORIENTED_EDGE('',*,*,#4647,.F.);
#2645=ORIENTED_EDGE('',*,*,#4649,.T.);
#2646=ORIENTED_EDGE('',*,*,#4650,.T.);
#2647=ORIENTED_EDGE('',*,*,#4651,.F.);
#2648=ORIENTED_EDGE('',*,*,#4650,.F.);
#2649=ORIENTED_EDGE('',*,*,#4652,.T.);
#2650=ORIENTED_EDGE('',*,*,#4653,.T.);
#2651=ORIENTED_EDGE('',*,*,#4654,.F.);
#2652=ORIENTED_EDGE('',*,*,#4653,.F.);
#2653=ORIENTED_EDGE('',*,*,#4655,.T.);
#2654=ORIENTED_EDGE('',*,*,#4656,.T.);
#2655=ORIENTED_EDGE('',*,*,#4657,.F.);
#2656=ORIENTED_EDGE('',*,*,#4656,.F.);
#2657=ORIENTED_EDGE('',*,*,#4658,.T.);
#2658=ORIENTED_EDGE('',*,*,#4659,.T.);
#2659=ORIENTED_EDGE('',*,*,#4660,.T.);
#2660=ORIENTED_EDGE('',*,*,#4659,.F.);
#2661=ORIENTED_EDGE('',*,*,#4661,.F.);
#2662=ORIENTED_EDGE('',*,*,#4662,.T.);
#2663=ORIENTED_EDGE('',*,*,#4663,.F.);
#2664=ORIENTED_EDGE('',*,*,#4662,.F.);
#2665=ORIENTED_EDGE('',*,*,#4664,.T.);
#2666=ORIENTED_EDGE('',*,*,#4665,.T.);
#2667=ORIENTED_EDGE('',*,*,#4666,.T.);
#2668=ORIENTED_EDGE('',*,*,#4665,.F.);
#2669=ORIENTED_EDGE('',*,*,#4667,.F.);
#2670=ORIENTED_EDGE('',*,*,#4668,.T.);
#2671=ORIENTED_EDGE('',*,*,#4669,.F.);
#2672=ORIENTED_EDGE('',*,*,#4668,.F.);
#2673=ORIENTED_EDGE('',*,*,#4670,.T.);
#2674=ORIENTED_EDGE('',*,*,#4671,.T.);
#2675=ORIENTED_EDGE('',*,*,#4672,.F.);
#2676=ORIENTED_EDGE('',*,*,#4671,.F.);
#2677=ORIENTED_EDGE('',*,*,#4673,.T.);
#2678=ORIENTED_EDGE('',*,*,#4674,.T.);
#2679=ORIENTED_EDGE('',*,*,#4675,.F.);
#2680=ORIENTED_EDGE('',*,*,#4674,.F.);
#2681=ORIENTED_EDGE('',*,*,#4676,.T.);
#2682=ORIENTED_EDGE('',*,*,#4677,.T.);
#2683=ORIENTED_EDGE('',*,*,#4678,.F.);
#2684=ORIENTED_EDGE('',*,*,#4677,.F.);
#2685=ORIENTED_EDGE('',*,*,#4679,.T.);
#2686=ORIENTED_EDGE('',*,*,#4680,.T.);
#2687=ORIENTED_EDGE('',*,*,#4681,.F.);
#2688=ORIENTED_EDGE('',*,*,#4680,.F.);
#2689=ORIENTED_EDGE('',*,*,#4682,.T.);
#2690=ORIENTED_EDGE('',*,*,#4683,.T.);
#2691=ORIENTED_EDGE('',*,*,#4684,.T.);
#2692=ORIENTED_EDGE('',*,*,#4683,.F.);
#2693=ORIENTED_EDGE('',*,*,#4685,.F.);
#2694=ORIENTED_EDGE('',*,*,#4686,.T.);
#2695=ORIENTED_EDGE('',*,*,#4687,.F.);
#2696=ORIENTED_EDGE('',*,*,#4686,.F.);
#2697=ORIENTED_EDGE('',*,*,#4688,.T.);
#2698=ORIENTED_EDGE('',*,*,#4689,.T.);
#2699=ORIENTED_EDGE('',*,*,#4690,.T.);
#2700=ORIENTED_EDGE('',*,*,#4689,.F.);
#2701=ORIENTED_EDGE('',*,*,#4691,.F.);
#2702=ORIENTED_EDGE('',*,*,#4692,.T.);
#2703=ORIENTED_EDGE('',*,*,#4693,.F.);
#2704=ORIENTED_EDGE('',*,*,#4692,.F.);
#2705=ORIENTED_EDGE('',*,*,#4694,.T.);
#2706=ORIENTED_EDGE('',*,*,#4695,.T.);
#2707=ORIENTED_EDGE('',*,*,#4696,.F.);
#2708=ORIENTED_EDGE('',*,*,#4695,.F.);
#2709=ORIENTED_EDGE('',*,*,#4697,.T.);
#2710=ORIENTED_EDGE('',*,*,#4698,.T.);
#2711=ORIENTED_EDGE('',*,*,#4699,.F.);
#2712=ORIENTED_EDGE('',*,*,#4698,.F.);
#2713=ORIENTED_EDGE('',*,*,#4700,.T.);
#2714=ORIENTED_EDGE('',*,*,#4701,.T.);
#2715=ORIENTED_EDGE('',*,*,#4702,.F.);
#2716=ORIENTED_EDGE('',*,*,#4701,.F.);
#2717=ORIENTED_EDGE('',*,*,#4703,.T.);
#2718=ORIENTED_EDGE('',*,*,#4704,.T.);
#2719=ORIENTED_EDGE('',*,*,#4705,.F.);
#2720=ORIENTED_EDGE('',*,*,#4704,.F.);
#2721=ORIENTED_EDGE('',*,*,#4706,.T.);
#2722=ORIENTED_EDGE('',*,*,#4707,.T.);
#2723=ORIENTED_EDGE('',*,*,#4708,.T.);
#2724=ORIENTED_EDGE('',*,*,#4707,.F.);
#2725=ORIENTED_EDGE('',*,*,#4709,.F.);
#2726=ORIENTED_EDGE('',*,*,#4710,.T.);
#2727=ORIENTED_EDGE('',*,*,#4711,.F.);
#2728=ORIENTED_EDGE('',*,*,#4710,.F.);
#2729=ORIENTED_EDGE('',*,*,#4712,.T.);
#2730=ORIENTED_EDGE('',*,*,#4713,.T.);
#2731=ORIENTED_EDGE('',*,*,#4714,.T.);
#2732=ORIENTED_EDGE('',*,*,#4713,.F.);
#2733=ORIENTED_EDGE('',*,*,#4715,.F.);
#2734=ORIENTED_EDGE('',*,*,#4716,.T.);
#2735=ORIENTED_EDGE('',*,*,#4717,.F.);
#2736=ORIENTED_EDGE('',*,*,#4716,.F.);
#2737=ORIENTED_EDGE('',*,*,#4718,.T.);
#2738=ORIENTED_EDGE('',*,*,#4719,.T.);
#2739=ORIENTED_EDGE('',*,*,#4720,.F.);
#2740=ORIENTED_EDGE('',*,*,#4719,.F.);
#2741=ORIENTED_EDGE('',*,*,#4721,.T.);
#2742=ORIENTED_EDGE('',*,*,#4722,.T.);
#2743=ORIENTED_EDGE('',*,*,#4723,.F.);
#2744=ORIENTED_EDGE('',*,*,#4722,.F.);
#2745=ORIENTED_EDGE('',*,*,#4724,.T.);
#2746=ORIENTED_EDGE('',*,*,#4725,.T.);
#2747=ORIENTED_EDGE('',*,*,#4726,.F.);
#2748=ORIENTED_EDGE('',*,*,#4725,.F.);
#2749=ORIENTED_EDGE('',*,*,#4727,.T.);
#2750=ORIENTED_EDGE('',*,*,#4728,.T.);
#2751=ORIENTED_EDGE('',*,*,#4729,.F.);
#2752=ORIENTED_EDGE('',*,*,#4728,.F.);
#2753=ORIENTED_EDGE('',*,*,#4730,.T.);
#2754=ORIENTED_EDGE('',*,*,#4731,.T.);
#2755=ORIENTED_EDGE('',*,*,#4732,.T.);
#2756=ORIENTED_EDGE('',*,*,#4731,.F.);
#2757=ORIENTED_EDGE('',*,*,#4733,.F.);
#2758=ORIENTED_EDGE('',*,*,#4734,.T.);
#2759=ORIENTED_EDGE('',*,*,#4735,.F.);
#2760=ORIENTED_EDGE('',*,*,#4734,.F.);
#2761=ORIENTED_EDGE('',*,*,#4736,.T.);
#2762=ORIENTED_EDGE('',*,*,#4737,.T.);
#2763=ORIENTED_EDGE('',*,*,#4738,.T.);
#2764=ORIENTED_EDGE('',*,*,#4737,.F.);
#2765=ORIENTED_EDGE('',*,*,#4739,.F.);
#2766=ORIENTED_EDGE('',*,*,#4740,.T.);
#2767=ORIENTED_EDGE('',*,*,#4741,.F.);
#2768=ORIENTED_EDGE('',*,*,#4740,.F.);
#2769=ORIENTED_EDGE('',*,*,#4742,.T.);
#2770=ORIENTED_EDGE('',*,*,#4743,.T.);
#2771=ORIENTED_EDGE('',*,*,#4744,.F.);
#2772=ORIENTED_EDGE('',*,*,#4743,.F.);
#2773=ORIENTED_EDGE('',*,*,#4745,.T.);
#2774=ORIENTED_EDGE('',*,*,#4746,.T.);
#2775=ORIENTED_EDGE('',*,*,#4747,.F.);
#2776=ORIENTED_EDGE('',*,*,#4746,.F.);
#2777=ORIENTED_EDGE('',*,*,#4748,.T.);
#2778=ORIENTED_EDGE('',*,*,#4749,.T.);
#2779=ORIENTED_EDGE('',*,*,#4750,.F.);
#2780=ORIENTED_EDGE('',*,*,#4749,.F.);
#2781=ORIENTED_EDGE('',*,*,#4751,.T.);
#2782=ORIENTED_EDGE('',*,*,#4752,.T.);
#2783=ORIENTED_EDGE('',*,*,#4753,.F.);
#2784=ORIENTED_EDGE('',*,*,#4752,.F.);
#2785=ORIENTED_EDGE('',*,*,#4754,.T.);
#2786=ORIENTED_EDGE('',*,*,#4755,.T.);
#2787=ORIENTED_EDGE('',*,*,#4756,.T.);
#2788=ORIENTED_EDGE('',*,*,#4755,.F.);
#2789=ORIENTED_EDGE('',*,*,#4757,.F.);
#2790=ORIENTED_EDGE('',*,*,#4758,.T.);
#2791=ORIENTED_EDGE('',*,*,#4759,.F.);
#2792=ORIENTED_EDGE('',*,*,#4758,.F.);
#2793=ORIENTED_EDGE('',*,*,#4760,.T.);
#2794=ORIENTED_EDGE('',*,*,#4761,.T.);
#2795=ORIENTED_EDGE('',*,*,#4762,.T.);
#2796=ORIENTED_EDGE('',*,*,#4761,.F.);
#2797=ORIENTED_EDGE('',*,*,#4763,.F.);
#2798=ORIENTED_EDGE('',*,*,#4764,.T.);
#2799=ORIENTED_EDGE('',*,*,#4765,.F.);
#2800=ORIENTED_EDGE('',*,*,#4764,.F.);
#2801=ORIENTED_EDGE('',*,*,#4766,.T.);
#2802=ORIENTED_EDGE('',*,*,#4767,.T.);
#2803=ORIENTED_EDGE('',*,*,#4768,.F.);
#2804=ORIENTED_EDGE('',*,*,#4767,.F.);
#2805=ORIENTED_EDGE('',*,*,#4769,.T.);
#2806=ORIENTED_EDGE('',*,*,#4770,.T.);
#2807=ORIENTED_EDGE('',*,*,#4771,.F.);
#2808=ORIENTED_EDGE('',*,*,#4770,.F.);
#2809=ORIENTED_EDGE('',*,*,#4772,.T.);
#2810=ORIENTED_EDGE('',*,*,#4773,.T.);
#2811=ORIENTED_EDGE('',*,*,#4774,.F.);
#2812=ORIENTED_EDGE('',*,*,#4773,.F.);
#2813=ORIENTED_EDGE('',*,*,#4775,.T.);
#2814=ORIENTED_EDGE('',*,*,#4776,.T.);
#2815=ORIENTED_EDGE('',*,*,#4777,.F.);
#2816=ORIENTED_EDGE('',*,*,#4776,.F.);
#2817=ORIENTED_EDGE('',*,*,#4778,.T.);
#2818=ORIENTED_EDGE('',*,*,#4779,.T.);
#2819=ORIENTED_EDGE('',*,*,#4780,.T.);
#2820=ORIENTED_EDGE('',*,*,#4779,.F.);
#2821=ORIENTED_EDGE('',*,*,#4781,.F.);
#2822=ORIENTED_EDGE('',*,*,#4782,.T.);
#2823=ORIENTED_EDGE('',*,*,#4783,.F.);
#2824=ORIENTED_EDGE('',*,*,#4782,.F.);
#2825=ORIENTED_EDGE('',*,*,#4784,.T.);
#2826=ORIENTED_EDGE('',*,*,#4785,.T.);
#2827=ORIENTED_EDGE('',*,*,#4786,.T.);
#2828=ORIENTED_EDGE('',*,*,#4785,.F.);
#2829=ORIENTED_EDGE('',*,*,#4787,.F.);
#2830=ORIENTED_EDGE('',*,*,#4788,.T.);
#2831=ORIENTED_EDGE('',*,*,#4789,.F.);
#2832=ORIENTED_EDGE('',*,*,#4788,.F.);
#2833=ORIENTED_EDGE('',*,*,#4790,.T.);
#2834=ORIENTED_EDGE('',*,*,#3640,.T.);
#2835=ORIENTED_EDGE('',*,*,#4791,.T.);
#2836=ORIENTED_EDGE('',*,*,#4792,.T.);
#2837=ORIENTED_EDGE('',*,*,#4793,.F.);
#2838=ORIENTED_EDGE('',*,*,#4794,.T.);
#2839=ORIENTED_EDGE('',*,*,#3641,.F.);
#2840=ORIENTED_EDGE('',*,*,#4790,.F.);
#2841=ORIENTED_EDGE('',*,*,#4787,.T.);
#2842=ORIENTED_EDGE('',*,*,#4784,.F.);
#2843=ORIENTED_EDGE('',*,*,#4781,.T.);
#2844=ORIENTED_EDGE('',*,*,#4778,.F.);
#2845=ORIENTED_EDGE('',*,*,#4775,.F.);
#2846=ORIENTED_EDGE('',*,*,#4772,.F.);
#2847=ORIENTED_EDGE('',*,*,#4769,.F.);
#2848=ORIENTED_EDGE('',*,*,#4766,.F.);
#2849=ORIENTED_EDGE('',*,*,#4763,.T.);
#2850=ORIENTED_EDGE('',*,*,#4760,.F.);
#2851=ORIENTED_EDGE('',*,*,#4757,.T.);
#2852=ORIENTED_EDGE('',*,*,#4754,.F.);
#2853=ORIENTED_EDGE('',*,*,#4751,.F.);
#2854=ORIENTED_EDGE('',*,*,#4748,.F.);
#2855=ORIENTED_EDGE('',*,*,#4745,.F.);
#2856=ORIENTED_EDGE('',*,*,#4742,.F.);
#2857=ORIENTED_EDGE('',*,*,#4739,.T.);
#2858=ORIENTED_EDGE('',*,*,#4736,.F.);
#2859=ORIENTED_EDGE('',*,*,#4733,.T.);
#2860=ORIENTED_EDGE('',*,*,#4730,.F.);
#2861=ORIENTED_EDGE('',*,*,#4727,.F.);
#2862=ORIENTED_EDGE('',*,*,#4724,.F.);
#2863=ORIENTED_EDGE('',*,*,#4721,.F.);
#2864=ORIENTED_EDGE('',*,*,#4718,.F.);
#2865=ORIENTED_EDGE('',*,*,#4715,.T.);
#2866=ORIENTED_EDGE('',*,*,#4712,.F.);
#2867=ORIENTED_EDGE('',*,*,#4709,.T.);
#2868=ORIENTED_EDGE('',*,*,#4706,.F.);
#2869=ORIENTED_EDGE('',*,*,#4703,.F.);
#2870=ORIENTED_EDGE('',*,*,#4700,.F.);
#2871=ORIENTED_EDGE('',*,*,#4697,.F.);
#2872=ORIENTED_EDGE('',*,*,#4694,.F.);
#2873=ORIENTED_EDGE('',*,*,#4691,.T.);
#2874=ORIENTED_EDGE('',*,*,#4688,.F.);
#2875=ORIENTED_EDGE('',*,*,#4685,.T.);
#2876=ORIENTED_EDGE('',*,*,#4682,.F.);
#2877=ORIENTED_EDGE('',*,*,#4679,.F.);
#2878=ORIENTED_EDGE('',*,*,#4676,.F.);
#2879=ORIENTED_EDGE('',*,*,#4673,.F.);
#2880=ORIENTED_EDGE('',*,*,#4670,.F.);
#2881=ORIENTED_EDGE('',*,*,#4667,.T.);
#2882=ORIENTED_EDGE('',*,*,#4664,.F.);
#2883=ORIENTED_EDGE('',*,*,#4661,.T.);
#2884=ORIENTED_EDGE('',*,*,#4658,.F.);
#2885=ORIENTED_EDGE('',*,*,#4655,.F.);
#2886=ORIENTED_EDGE('',*,*,#4652,.F.);
#2887=ORIENTED_EDGE('',*,*,#4649,.F.);
#2888=ORIENTED_EDGE('',*,*,#4646,.F.);
#2889=ORIENTED_EDGE('',*,*,#4643,.T.);
#2890=ORIENTED_EDGE('',*,*,#4640,.F.);
#2891=ORIENTED_EDGE('',*,*,#4637,.T.);
#2892=ORIENTED_EDGE('',*,*,#4634,.F.);
#2893=ORIENTED_EDGE('',*,*,#4631,.F.);
#2894=ORIENTED_EDGE('',*,*,#4628,.F.);
#2895=ORIENTED_EDGE('',*,*,#4625,.F.);
#2896=ORIENTED_EDGE('',*,*,#4622,.F.);
#2897=ORIENTED_EDGE('',*,*,#4619,.T.);
#2898=ORIENTED_EDGE('',*,*,#4616,.F.);
#2899=ORIENTED_EDGE('',*,*,#4613,.T.);
#2900=ORIENTED_EDGE('',*,*,#4610,.F.);
#2901=ORIENTED_EDGE('',*,*,#4607,.F.);
#2902=ORIENTED_EDGE('',*,*,#4604,.F.);
#2903=ORIENTED_EDGE('',*,*,#4601,.F.);
#2904=ORIENTED_EDGE('',*,*,#4598,.F.);
#2905=ORIENTED_EDGE('',*,*,#4595,.T.);
#2906=ORIENTED_EDGE('',*,*,#4592,.F.);
#2907=ORIENTED_EDGE('',*,*,#4589,.T.);
#2908=ORIENTED_EDGE('',*,*,#4586,.F.);
#2909=ORIENTED_EDGE('',*,*,#4583,.F.);
#2910=ORIENTED_EDGE('',*,*,#4580,.F.);
#2911=ORIENTED_EDGE('',*,*,#4577,.F.);
#2912=ORIENTED_EDGE('',*,*,#4574,.F.);
#2913=ORIENTED_EDGE('',*,*,#4571,.T.);
#2914=ORIENTED_EDGE('',*,*,#4568,.F.);
#2915=ORIENTED_EDGE('',*,*,#4565,.T.);
#2916=ORIENTED_EDGE('',*,*,#4562,.F.);
#2917=ORIENTED_EDGE('',*,*,#4559,.F.);
#2918=ORIENTED_EDGE('',*,*,#4556,.F.);
#2919=ORIENTED_EDGE('',*,*,#4553,.F.);
#2920=ORIENTED_EDGE('',*,*,#4550,.F.);
#2921=ORIENTED_EDGE('',*,*,#4547,.T.);
#2922=ORIENTED_EDGE('',*,*,#4544,.F.);
#2923=ORIENTED_EDGE('',*,*,#4541,.T.);
#2924=ORIENTED_EDGE('',*,*,#4538,.F.);
#2925=ORIENTED_EDGE('',*,*,#4535,.F.);
#2926=ORIENTED_EDGE('',*,*,#4532,.F.);
#2927=ORIENTED_EDGE('',*,*,#4529,.F.);
#2928=ORIENTED_EDGE('',*,*,#4526,.F.);
#2929=ORIENTED_EDGE('',*,*,#4523,.T.);
#2930=ORIENTED_EDGE('',*,*,#4520,.F.);
#2931=ORIENTED_EDGE('',*,*,#4517,.T.);
#2932=ORIENTED_EDGE('',*,*,#4514,.F.);
#2933=ORIENTED_EDGE('',*,*,#4511,.F.);
#2934=ORIENTED_EDGE('',*,*,#4508,.F.);
#2935=ORIENTED_EDGE('',*,*,#4505,.F.);
#2936=ORIENTED_EDGE('',*,*,#4502,.F.);
#2937=ORIENTED_EDGE('',*,*,#4499,.T.);
#2938=ORIENTED_EDGE('',*,*,#4496,.F.);
#2939=ORIENTED_EDGE('',*,*,#4493,.T.);
#2940=ORIENTED_EDGE('',*,*,#4490,.F.);
#2941=ORIENTED_EDGE('',*,*,#4487,.F.);
#2942=ORIENTED_EDGE('',*,*,#4484,.F.);
#2943=ORIENTED_EDGE('',*,*,#4481,.F.);
#2944=ORIENTED_EDGE('',*,*,#4478,.F.);
#2945=ORIENTED_EDGE('',*,*,#4475,.T.);
#2946=ORIENTED_EDGE('',*,*,#4472,.F.);
#2947=ORIENTED_EDGE('',*,*,#4469,.T.);
#2948=ORIENTED_EDGE('',*,*,#4466,.F.);
#2949=ORIENTED_EDGE('',*,*,#4463,.F.);
#2950=ORIENTED_EDGE('',*,*,#4460,.F.);
#2951=ORIENTED_EDGE('',*,*,#4457,.F.);
#2952=ORIENTED_EDGE('',*,*,#4454,.F.);
#2953=ORIENTED_EDGE('',*,*,#4451,.T.);
#2954=ORIENTED_EDGE('',*,*,#4448,.F.);
#2955=ORIENTED_EDGE('',*,*,#4445,.T.);
#2956=ORIENTED_EDGE('',*,*,#4442,.F.);
#2957=ORIENTED_EDGE('',*,*,#4439,.F.);
#2958=ORIENTED_EDGE('',*,*,#4436,.F.);
#2959=ORIENTED_EDGE('',*,*,#4433,.F.);
#2960=ORIENTED_EDGE('',*,*,#4430,.F.);
#2961=ORIENTED_EDGE('',*,*,#4427,.T.);
#2962=ORIENTED_EDGE('',*,*,#4424,.F.);
#2963=ORIENTED_EDGE('',*,*,#4421,.T.);
#2964=ORIENTED_EDGE('',*,*,#4418,.F.);
#2965=ORIENTED_EDGE('',*,*,#4415,.F.);
#2966=ORIENTED_EDGE('',*,*,#4412,.F.);
#2967=ORIENTED_EDGE('',*,*,#4409,.F.);
#2968=ORIENTED_EDGE('',*,*,#4406,.F.);
#2969=ORIENTED_EDGE('',*,*,#4403,.T.);
#2970=ORIENTED_EDGE('',*,*,#4400,.F.);
#2971=ORIENTED_EDGE('',*,*,#4397,.T.);
#2972=ORIENTED_EDGE('',*,*,#4394,.F.);
#2973=ORIENTED_EDGE('',*,*,#4391,.F.);
#2974=ORIENTED_EDGE('',*,*,#4388,.F.);
#2975=ORIENTED_EDGE('',*,*,#4385,.F.);
#2976=ORIENTED_EDGE('',*,*,#4382,.F.);
#2977=ORIENTED_EDGE('',*,*,#4379,.T.);
#2978=ORIENTED_EDGE('',*,*,#4376,.F.);
#2979=ORIENTED_EDGE('',*,*,#4373,.T.);
#2980=ORIENTED_EDGE('',*,*,#4370,.F.);
#2981=ORIENTED_EDGE('',*,*,#4367,.F.);
#2982=ORIENTED_EDGE('',*,*,#4364,.F.);
#2983=ORIENTED_EDGE('',*,*,#4361,.F.);
#2984=ORIENTED_EDGE('',*,*,#4358,.F.);
#2985=ORIENTED_EDGE('',*,*,#4355,.T.);
#2986=ORIENTED_EDGE('',*,*,#4352,.F.);
#2987=ORIENTED_EDGE('',*,*,#4349,.T.);
#2988=ORIENTED_EDGE('',*,*,#4346,.F.);
#2989=ORIENTED_EDGE('',*,*,#4343,.F.);
#2990=ORIENTED_EDGE('',*,*,#4340,.F.);
#2991=ORIENTED_EDGE('',*,*,#4337,.F.);
#2992=ORIENTED_EDGE('',*,*,#4334,.F.);
#2993=ORIENTED_EDGE('',*,*,#4331,.T.);
#2994=ORIENTED_EDGE('',*,*,#4328,.F.);
#2995=ORIENTED_EDGE('',*,*,#4325,.T.);
#2996=ORIENTED_EDGE('',*,*,#4322,.F.);
#2997=ORIENTED_EDGE('',*,*,#4319,.F.);
#2998=ORIENTED_EDGE('',*,*,#4316,.F.);
#2999=ORIENTED_EDGE('',*,*,#4313,.F.);
#3000=ORIENTED_EDGE('',*,*,#4310,.F.);
#3001=ORIENTED_EDGE('',*,*,#4307,.T.);
#3002=ORIENTED_EDGE('',*,*,#4304,.F.);
#3003=ORIENTED_EDGE('',*,*,#4301,.T.);
#3004=ORIENTED_EDGE('',*,*,#4298,.F.);
#3005=ORIENTED_EDGE('',*,*,#4295,.F.);
#3006=ORIENTED_EDGE('',*,*,#4292,.F.);
#3007=ORIENTED_EDGE('',*,*,#4289,.F.);
#3008=ORIENTED_EDGE('',*,*,#4286,.F.);
#3009=ORIENTED_EDGE('',*,*,#4283,.T.);
#3010=ORIENTED_EDGE('',*,*,#4280,.F.);
#3011=ORIENTED_EDGE('',*,*,#4277,.T.);
#3012=ORIENTED_EDGE('',*,*,#4274,.F.);
#3013=ORIENTED_EDGE('',*,*,#4271,.F.);
#3014=ORIENTED_EDGE('',*,*,#4268,.F.);
#3015=ORIENTED_EDGE('',*,*,#4265,.F.);
#3016=ORIENTED_EDGE('',*,*,#4262,.F.);
#3017=ORIENTED_EDGE('',*,*,#4259,.T.);
#3018=ORIENTED_EDGE('',*,*,#4256,.F.);
#3019=ORIENTED_EDGE('',*,*,#4253,.T.);
#3020=ORIENTED_EDGE('',*,*,#4250,.F.);
#3021=ORIENTED_EDGE('',*,*,#4247,.F.);
#3022=ORIENTED_EDGE('',*,*,#4244,.F.);
#3023=ORIENTED_EDGE('',*,*,#4241,.F.);
#3024=ORIENTED_EDGE('',*,*,#4238,.F.);
#3025=ORIENTED_EDGE('',*,*,#4235,.T.);
#3026=ORIENTED_EDGE('',*,*,#4232,.F.);
#3027=ORIENTED_EDGE('',*,*,#4229,.T.);
#3028=ORIENTED_EDGE('',*,*,#4226,.F.);
#3029=ORIENTED_EDGE('',*,*,#4223,.F.);
#3030=ORIENTED_EDGE('',*,*,#4220,.F.);
#3031=ORIENTED_EDGE('',*,*,#4217,.F.);
#3032=ORIENTED_EDGE('',*,*,#4214,.F.);
#3033=ORIENTED_EDGE('',*,*,#4211,.T.);
#3034=ORIENTED_EDGE('',*,*,#4208,.F.);
#3035=ORIENTED_EDGE('',*,*,#4205,.T.);
#3036=ORIENTED_EDGE('',*,*,#4202,.F.);
#3037=ORIENTED_EDGE('',*,*,#4199,.F.);
#3038=ORIENTED_EDGE('',*,*,#4196,.F.);
#3039=ORIENTED_EDGE('',*,*,#4193,.F.);
#3040=ORIENTED_EDGE('',*,*,#4190,.F.);
#3041=ORIENTED_EDGE('',*,*,#4187,.T.);
#3042=ORIENTED_EDGE('',*,*,#4184,.F.);
#3043=ORIENTED_EDGE('',*,*,#4181,.T.);
#3044=ORIENTED_EDGE('',*,*,#4178,.F.);
#3045=ORIENTED_EDGE('',*,*,#4175,.F.);
#3046=ORIENTED_EDGE('',*,*,#4172,.F.);
#3047=ORIENTED_EDGE('',*,*,#4169,.F.);
#3048=ORIENTED_EDGE('',*,*,#4166,.F.);
#3049=ORIENTED_EDGE('',*,*,#4163,.T.);
#3050=ORIENTED_EDGE('',*,*,#4160,.F.);
#3051=ORIENTED_EDGE('',*,*,#4157,.T.);
#3052=ORIENTED_EDGE('',*,*,#4154,.F.);
#3053=ORIENTED_EDGE('',*,*,#4151,.F.);
#3054=ORIENTED_EDGE('',*,*,#4148,.F.);
#3055=ORIENTED_EDGE('',*,*,#4145,.F.);
#3056=ORIENTED_EDGE('',*,*,#4142,.F.);
#3057=ORIENTED_EDGE('',*,*,#4139,.T.);
#3058=ORIENTED_EDGE('',*,*,#4136,.F.);
#3059=ORIENTED_EDGE('',*,*,#4133,.T.);
#3060=ORIENTED_EDGE('',*,*,#4130,.F.);
#3061=ORIENTED_EDGE('',*,*,#4127,.F.);
#3062=ORIENTED_EDGE('',*,*,#4124,.F.);
#3063=ORIENTED_EDGE('',*,*,#4121,.F.);
#3064=ORIENTED_EDGE('',*,*,#4118,.F.);
#3065=ORIENTED_EDGE('',*,*,#4115,.T.);
#3066=ORIENTED_EDGE('',*,*,#4112,.F.);
#3067=ORIENTED_EDGE('',*,*,#4109,.T.);
#3068=ORIENTED_EDGE('',*,*,#4106,.F.);
#3069=ORIENTED_EDGE('',*,*,#4103,.F.);
#3070=ORIENTED_EDGE('',*,*,#4100,.F.);
#3071=ORIENTED_EDGE('',*,*,#4097,.F.);
#3072=ORIENTED_EDGE('',*,*,#4094,.F.);
#3073=ORIENTED_EDGE('',*,*,#4091,.T.);
#3074=ORIENTED_EDGE('',*,*,#4088,.F.);
#3075=ORIENTED_EDGE('',*,*,#4085,.T.);
#3076=ORIENTED_EDGE('',*,*,#4082,.F.);
#3077=ORIENTED_EDGE('',*,*,#4079,.F.);
#3078=ORIENTED_EDGE('',*,*,#4076,.F.);
#3079=ORIENTED_EDGE('',*,*,#4073,.F.);
#3080=ORIENTED_EDGE('',*,*,#4070,.F.);
#3081=ORIENTED_EDGE('',*,*,#4067,.T.);
#3082=ORIENTED_EDGE('',*,*,#4064,.F.);
#3083=ORIENTED_EDGE('',*,*,#4061,.T.);
#3084=ORIENTED_EDGE('',*,*,#4058,.F.);
#3085=ORIENTED_EDGE('',*,*,#4055,.F.);
#3086=ORIENTED_EDGE('',*,*,#4052,.F.);
#3087=ORIENTED_EDGE('',*,*,#4049,.F.);
#3088=ORIENTED_EDGE('',*,*,#4046,.F.);
#3089=ORIENTED_EDGE('',*,*,#4043,.T.);
#3090=ORIENTED_EDGE('',*,*,#4040,.F.);
#3091=ORIENTED_EDGE('',*,*,#4037,.T.);
#3092=ORIENTED_EDGE('',*,*,#4034,.F.);
#3093=ORIENTED_EDGE('',*,*,#4031,.F.);
#3094=ORIENTED_EDGE('',*,*,#4028,.F.);
#3095=ORIENTED_EDGE('',*,*,#4025,.F.);
#3096=ORIENTED_EDGE('',*,*,#4022,.F.);
#3097=ORIENTED_EDGE('',*,*,#4019,.T.);
#3098=ORIENTED_EDGE('',*,*,#4016,.F.);
#3099=ORIENTED_EDGE('',*,*,#4013,.T.);
#3100=ORIENTED_EDGE('',*,*,#4010,.F.);
#3101=ORIENTED_EDGE('',*,*,#4007,.F.);
#3102=ORIENTED_EDGE('',*,*,#4004,.F.);
#3103=ORIENTED_EDGE('',*,*,#4001,.F.);
#3104=ORIENTED_EDGE('',*,*,#3998,.F.);
#3105=ORIENTED_EDGE('',*,*,#3995,.T.);
#3106=ORIENTED_EDGE('',*,*,#3992,.F.);
#3107=ORIENTED_EDGE('',*,*,#3989,.T.);
#3108=ORIENTED_EDGE('',*,*,#3986,.F.);
#3109=ORIENTED_EDGE('',*,*,#3983,.F.);
#3110=ORIENTED_EDGE('',*,*,#3980,.F.);
#3111=ORIENTED_EDGE('',*,*,#3977,.F.);
#3112=ORIENTED_EDGE('',*,*,#3974,.F.);
#3113=ORIENTED_EDGE('',*,*,#3971,.T.);
#3114=ORIENTED_EDGE('',*,*,#3968,.F.);
#3115=ORIENTED_EDGE('',*,*,#3965,.T.);
#3116=ORIENTED_EDGE('',*,*,#3962,.F.);
#3117=ORIENTED_EDGE('',*,*,#3959,.F.);
#3118=ORIENTED_EDGE('',*,*,#3956,.F.);
#3119=ORIENTED_EDGE('',*,*,#3953,.F.);
#3120=ORIENTED_EDGE('',*,*,#3950,.F.);
#3121=ORIENTED_EDGE('',*,*,#3947,.T.);
#3122=ORIENTED_EDGE('',*,*,#3944,.F.);
#3123=ORIENTED_EDGE('',*,*,#3941,.T.);
#3124=ORIENTED_EDGE('',*,*,#3938,.F.);
#3125=ORIENTED_EDGE('',*,*,#3935,.F.);
#3126=ORIENTED_EDGE('',*,*,#3932,.F.);
#3127=ORIENTED_EDGE('',*,*,#3929,.F.);
#3128=ORIENTED_EDGE('',*,*,#3926,.F.);
#3129=ORIENTED_EDGE('',*,*,#3923,.T.);
#3130=ORIENTED_EDGE('',*,*,#3920,.F.);
#3131=ORIENTED_EDGE('',*,*,#3917,.T.);
#3132=ORIENTED_EDGE('',*,*,#3914,.F.);
#3133=ORIENTED_EDGE('',*,*,#3911,.F.);
#3134=ORIENTED_EDGE('',*,*,#3908,.F.);
#3135=ORIENTED_EDGE('',*,*,#3905,.F.);
#3136=ORIENTED_EDGE('',*,*,#3902,.F.);
#3137=ORIENTED_EDGE('',*,*,#3899,.T.);
#3138=ORIENTED_EDGE('',*,*,#3896,.F.);
#3139=ORIENTED_EDGE('',*,*,#3893,.T.);
#3140=ORIENTED_EDGE('',*,*,#3890,.F.);
#3141=ORIENTED_EDGE('',*,*,#3887,.F.);
#3142=ORIENTED_EDGE('',*,*,#3884,.F.);
#3143=ORIENTED_EDGE('',*,*,#3881,.F.);
#3144=ORIENTED_EDGE('',*,*,#3878,.F.);
#3145=ORIENTED_EDGE('',*,*,#3875,.T.);
#3146=ORIENTED_EDGE('',*,*,#3872,.F.);
#3147=ORIENTED_EDGE('',*,*,#3869,.T.);
#3148=ORIENTED_EDGE('',*,*,#3866,.F.);
#3149=ORIENTED_EDGE('',*,*,#3863,.F.);
#3150=ORIENTED_EDGE('',*,*,#3860,.F.);
#3151=ORIENTED_EDGE('',*,*,#3857,.F.);
#3152=ORIENTED_EDGE('',*,*,#3854,.F.);
#3153=ORIENTED_EDGE('',*,*,#3851,.T.);
#3154=ORIENTED_EDGE('',*,*,#3848,.F.);
#3155=ORIENTED_EDGE('',*,*,#3845,.T.);
#3156=ORIENTED_EDGE('',*,*,#3842,.F.);
#3157=ORIENTED_EDGE('',*,*,#3839,.F.);
#3158=ORIENTED_EDGE('',*,*,#3836,.F.);
#3159=ORIENTED_EDGE('',*,*,#3833,.F.);
#3160=ORIENTED_EDGE('',*,*,#3830,.F.);
#3161=ORIENTED_EDGE('',*,*,#3827,.T.);
#3162=ORIENTED_EDGE('',*,*,#3824,.F.);
#3163=ORIENTED_EDGE('',*,*,#3821,.T.);
#3164=ORIENTED_EDGE('',*,*,#3818,.F.);
#3165=ORIENTED_EDGE('',*,*,#3815,.F.);
#3166=ORIENTED_EDGE('',*,*,#3812,.F.);
#3167=ORIENTED_EDGE('',*,*,#3809,.F.);
#3168=ORIENTED_EDGE('',*,*,#3806,.F.);
#3169=ORIENTED_EDGE('',*,*,#3803,.T.);
#3170=ORIENTED_EDGE('',*,*,#3800,.F.);
#3171=ORIENTED_EDGE('',*,*,#3797,.T.);
#3172=ORIENTED_EDGE('',*,*,#3794,.F.);
#3173=ORIENTED_EDGE('',*,*,#3791,.F.);
#3174=ORIENTED_EDGE('',*,*,#3788,.F.);
#3175=ORIENTED_EDGE('',*,*,#3785,.F.);
#3176=ORIENTED_EDGE('',*,*,#3782,.F.);
#3177=ORIENTED_EDGE('',*,*,#3779,.T.);
#3178=ORIENTED_EDGE('',*,*,#3776,.F.);
#3179=ORIENTED_EDGE('',*,*,#3773,.T.);
#3180=ORIENTED_EDGE('',*,*,#3770,.F.);
#3181=ORIENTED_EDGE('',*,*,#3767,.F.);
#3182=ORIENTED_EDGE('',*,*,#3764,.F.);
#3183=ORIENTED_EDGE('',*,*,#3761,.F.);
#3184=ORIENTED_EDGE('',*,*,#3758,.F.);
#3185=ORIENTED_EDGE('',*,*,#3755,.T.);
#3186=ORIENTED_EDGE('',*,*,#3752,.F.);
#3187=ORIENTED_EDGE('',*,*,#3749,.T.);
#3188=ORIENTED_EDGE('',*,*,#3746,.F.);
#3189=ORIENTED_EDGE('',*,*,#3743,.F.);
#3190=ORIENTED_EDGE('',*,*,#3740,.F.);
#3191=ORIENTED_EDGE('',*,*,#3737,.F.);
#3192=ORIENTED_EDGE('',*,*,#3734,.F.);
#3193=ORIENTED_EDGE('',*,*,#3731,.T.);
#3194=ORIENTED_EDGE('',*,*,#3728,.F.);
#3195=ORIENTED_EDGE('',*,*,#3725,.T.);
#3196=ORIENTED_EDGE('',*,*,#3722,.F.);
#3197=ORIENTED_EDGE('',*,*,#3719,.F.);
#3198=ORIENTED_EDGE('',*,*,#3716,.F.);
#3199=ORIENTED_EDGE('',*,*,#3713,.F.);
#3200=ORIENTED_EDGE('',*,*,#3710,.F.);
#3201=ORIENTED_EDGE('',*,*,#3707,.T.);
#3202=ORIENTED_EDGE('',*,*,#3704,.F.);
#3203=ORIENTED_EDGE('',*,*,#3701,.T.);
#3204=ORIENTED_EDGE('',*,*,#3698,.F.);
#3205=ORIENTED_EDGE('',*,*,#3695,.F.);
#3206=ORIENTED_EDGE('',*,*,#3692,.F.);
#3207=ORIENTED_EDGE('',*,*,#3689,.F.);
#3208=ORIENTED_EDGE('',*,*,#3686,.F.);
#3209=ORIENTED_EDGE('',*,*,#3683,.T.);
#3210=ORIENTED_EDGE('',*,*,#3680,.F.);
#3211=ORIENTED_EDGE('',*,*,#3677,.T.);
#3212=ORIENTED_EDGE('',*,*,#3674,.F.);
#3213=ORIENTED_EDGE('',*,*,#3671,.F.);
#3214=ORIENTED_EDGE('',*,*,#3668,.F.);
#3215=ORIENTED_EDGE('',*,*,#3665,.F.);
#3216=ORIENTED_EDGE('',*,*,#3662,.F.);
#3217=ORIENTED_EDGE('',*,*,#3659,.T.);
#3218=ORIENTED_EDGE('',*,*,#3656,.F.);
#3219=ORIENTED_EDGE('',*,*,#3653,.T.);
#3220=ORIENTED_EDGE('',*,*,#3650,.F.);
#3221=ORIENTED_EDGE('',*,*,#3647,.F.);
#3222=ORIENTED_EDGE('',*,*,#3644,.F.);
#3223=ORIENTED_EDGE('',*,*,#4795,.F.);
#3224=ORIENTED_EDGE('',*,*,#4796,.F.);
#3225=ORIENTED_EDGE('',*,*,#4797,.F.);
#3226=ORIENTED_EDGE('',*,*,#4798,.T.);
#3227=ORIENTED_EDGE('',*,*,#3639,.T.);
#3228=ORIENTED_EDGE('',*,*,#3643,.T.);
#3229=ORIENTED_EDGE('',*,*,#3646,.T.);
#3230=ORIENTED_EDGE('',*,*,#3649,.T.);
#3231=ORIENTED_EDGE('',*,*,#3652,.F.);
#3232=ORIENTED_EDGE('',*,*,#3655,.T.);
#3233=ORIENTED_EDGE('',*,*,#3658,.F.);
#3234=ORIENTED_EDGE('',*,*,#3661,.T.);
#3235=ORIENTED_EDGE('',*,*,#3664,.T.);
#3236=ORIENTED_EDGE('',*,*,#3667,.T.);
#3237=ORIENTED_EDGE('',*,*,#3670,.T.);
#3238=ORIENTED_EDGE('',*,*,#3673,.T.);
#3239=ORIENTED_EDGE('',*,*,#3676,.F.);
#3240=ORIENTED_EDGE('',*,*,#3679,.T.);
#3241=ORIENTED_EDGE('',*,*,#3682,.F.);
#3242=ORIENTED_EDGE('',*,*,#3685,.T.);
#3243=ORIENTED_EDGE('',*,*,#3688,.T.);
#3244=ORIENTED_EDGE('',*,*,#3691,.T.);
#3245=ORIENTED_EDGE('',*,*,#3694,.T.);
#3246=ORIENTED_EDGE('',*,*,#3697,.T.);
#3247=ORIENTED_EDGE('',*,*,#3700,.F.);
#3248=ORIENTED_EDGE('',*,*,#3703,.T.);
#3249=ORIENTED_EDGE('',*,*,#3706,.F.);
#3250=ORIENTED_EDGE('',*,*,#3709,.T.);
#3251=ORIENTED_EDGE('',*,*,#3712,.T.);
#3252=ORIENTED_EDGE('',*,*,#3715,.T.);
#3253=ORIENTED_EDGE('',*,*,#3718,.T.);
#3254=ORIENTED_EDGE('',*,*,#3721,.T.);
#3255=ORIENTED_EDGE('',*,*,#3724,.F.);
#3256=ORIENTED_EDGE('',*,*,#3727,.T.);
#3257=ORIENTED_EDGE('',*,*,#3730,.F.);
#3258=ORIENTED_EDGE('',*,*,#3733,.T.);
#3259=ORIENTED_EDGE('',*,*,#3736,.T.);
#3260=ORIENTED_EDGE('',*,*,#3739,.T.);
#3261=ORIENTED_EDGE('',*,*,#3742,.T.);
#3262=ORIENTED_EDGE('',*,*,#3745,.T.);
#3263=ORIENTED_EDGE('',*,*,#3748,.F.);
#3264=ORIENTED_EDGE('',*,*,#3751,.T.);
#3265=ORIENTED_EDGE('',*,*,#3754,.F.);
#3266=ORIENTED_EDGE('',*,*,#3757,.T.);
#3267=ORIENTED_EDGE('',*,*,#3760,.T.);
#3268=ORIENTED_EDGE('',*,*,#3763,.T.);
#3269=ORIENTED_EDGE('',*,*,#3766,.T.);
#3270=ORIENTED_EDGE('',*,*,#3769,.T.);
#3271=ORIENTED_EDGE('',*,*,#3772,.F.);
#3272=ORIENTED_EDGE('',*,*,#3775,.T.);
#3273=ORIENTED_EDGE('',*,*,#3778,.F.);
#3274=ORIENTED_EDGE('',*,*,#3781,.T.);
#3275=ORIENTED_EDGE('',*,*,#3784,.T.);
#3276=ORIENTED_EDGE('',*,*,#3787,.T.);
#3277=ORIENTED_EDGE('',*,*,#3790,.T.);
#3278=ORIENTED_EDGE('',*,*,#3793,.T.);
#3279=ORIENTED_EDGE('',*,*,#3796,.F.);
#3280=ORIENTED_EDGE('',*,*,#3799,.T.);
#3281=ORIENTED_EDGE('',*,*,#3802,.F.);
#3282=ORIENTED_EDGE('',*,*,#3805,.T.);
#3283=ORIENTED_EDGE('',*,*,#3808,.T.);
#3284=ORIENTED_EDGE('',*,*,#3811,.T.);
#3285=ORIENTED_EDGE('',*,*,#3814,.T.);
#3286=ORIENTED_EDGE('',*,*,#3817,.T.);
#3287=ORIENTED_EDGE('',*,*,#3820,.F.);
#3288=ORIENTED_EDGE('',*,*,#3823,.T.);
#3289=ORIENTED_EDGE('',*,*,#3826,.F.);
#3290=ORIENTED_EDGE('',*,*,#3829,.T.);
#3291=ORIENTED_EDGE('',*,*,#3832,.T.);
#3292=ORIENTED_EDGE('',*,*,#3835,.T.);
#3293=ORIENTED_EDGE('',*,*,#3838,.T.);
#3294=ORIENTED_EDGE('',*,*,#3841,.T.);
#3295=ORIENTED_EDGE('',*,*,#3844,.F.);
#3296=ORIENTED_EDGE('',*,*,#3847,.T.);
#3297=ORIENTED_EDGE('',*,*,#3850,.F.);
#3298=ORIENTED_EDGE('',*,*,#3853,.T.);
#3299=ORIENTED_EDGE('',*,*,#3856,.T.);
#3300=ORIENTED_EDGE('',*,*,#3859,.T.);
#3301=ORIENTED_EDGE('',*,*,#3862,.T.);
#3302=ORIENTED_EDGE('',*,*,#3865,.T.);
#3303=ORIENTED_EDGE('',*,*,#3868,.F.);
#3304=ORIENTED_EDGE('',*,*,#3871,.T.);
#3305=ORIENTED_EDGE('',*,*,#3874,.F.);
#3306=ORIENTED_EDGE('',*,*,#3877,.T.);
#3307=ORIENTED_EDGE('',*,*,#3880,.T.);
#3308=ORIENTED_EDGE('',*,*,#3883,.T.);
#3309=ORIENTED_EDGE('',*,*,#3886,.T.);
#3310=ORIENTED_EDGE('',*,*,#3889,.T.);
#3311=ORIENTED_EDGE('',*,*,#3892,.F.);
#3312=ORIENTED_EDGE('',*,*,#3895,.T.);
#3313=ORIENTED_EDGE('',*,*,#3898,.F.);
#3314=ORIENTED_EDGE('',*,*,#3901,.T.);
#3315=ORIENTED_EDGE('',*,*,#3904,.T.);
#3316=ORIENTED_EDGE('',*,*,#3907,.T.);
#3317=ORIENTED_EDGE('',*,*,#3910,.T.);
#3318=ORIENTED_EDGE('',*,*,#3913,.T.);
#3319=ORIENTED_EDGE('',*,*,#3916,.F.);
#3320=ORIENTED_EDGE('',*,*,#3919,.T.);
#3321=ORIENTED_EDGE('',*,*,#3922,.F.);
#3322=ORIENTED_EDGE('',*,*,#3925,.T.);
#3323=ORIENTED_EDGE('',*,*,#3928,.T.);
#3324=ORIENTED_EDGE('',*,*,#3931,.T.);
#3325=ORIENTED_EDGE('',*,*,#3934,.T.);
#3326=ORIENTED_EDGE('',*,*,#3937,.T.);
#3327=ORIENTED_EDGE('',*,*,#3940,.F.);
#3328=ORIENTED_EDGE('',*,*,#3943,.T.);
#3329=ORIENTED_EDGE('',*,*,#3946,.F.);
#3330=ORIENTED_EDGE('',*,*,#3949,.T.);
#3331=ORIENTED_EDGE('',*,*,#3952,.T.);
#3332=ORIENTED_EDGE('',*,*,#3955,.T.);
#3333=ORIENTED_EDGE('',*,*,#3958,.T.);
#3334=ORIENTED_EDGE('',*,*,#3961,.T.);
#3335=ORIENTED_EDGE('',*,*,#3964,.F.);
#3336=ORIENTED_EDGE('',*,*,#3967,.T.);
#3337=ORIENTED_EDGE('',*,*,#3970,.F.);
#3338=ORIENTED_EDGE('',*,*,#3973,.T.);
#3339=ORIENTED_EDGE('',*,*,#3976,.T.);
#3340=ORIENTED_EDGE('',*,*,#3979,.T.);
#3341=ORIENTED_EDGE('',*,*,#3982,.T.);
#3342=ORIENTED_EDGE('',*,*,#3985,.T.);
#3343=ORIENTED_EDGE('',*,*,#3988,.F.);
#3344=ORIENTED_EDGE('',*,*,#3991,.T.);
#3345=ORIENTED_EDGE('',*,*,#3994,.F.);
#3346=ORIENTED_EDGE('',*,*,#3997,.T.);
#3347=ORIENTED_EDGE('',*,*,#4000,.T.);
#3348=ORIENTED_EDGE('',*,*,#4003,.T.);
#3349=ORIENTED_EDGE('',*,*,#4006,.T.);
#3350=ORIENTED_EDGE('',*,*,#4009,.T.);
#3351=ORIENTED_EDGE('',*,*,#4012,.F.);
#3352=ORIENTED_EDGE('',*,*,#4015,.T.);
#3353=ORIENTED_EDGE('',*,*,#4018,.F.);
#3354=ORIENTED_EDGE('',*,*,#4021,.T.);
#3355=ORIENTED_EDGE('',*,*,#4024,.T.);
#3356=ORIENTED_EDGE('',*,*,#4027,.T.);
#3357=ORIENTED_EDGE('',*,*,#4030,.T.);
#3358=ORIENTED_EDGE('',*,*,#4033,.T.);
#3359=ORIENTED_EDGE('',*,*,#4036,.F.);
#3360=ORIENTED_EDGE('',*,*,#4039,.T.);
#3361=ORIENTED_EDGE('',*,*,#4042,.F.);
#3362=ORIENTED_EDGE('',*,*,#4045,.T.);
#3363=ORIENTED_EDGE('',*,*,#4048,.T.);
#3364=ORIENTED_EDGE('',*,*,#4051,.T.);
#3365=ORIENTED_EDGE('',*,*,#4054,.T.);
#3366=ORIENTED_EDGE('',*,*,#4057,.T.);
#3367=ORIENTED_EDGE('',*,*,#4060,.F.);
#3368=ORIENTED_EDGE('',*,*,#4063,.T.);
#3369=ORIENTED_EDGE('',*,*,#4066,.F.);
#3370=ORIENTED_EDGE('',*,*,#4069,.T.);
#3371=ORIENTED_EDGE('',*,*,#4072,.T.);
#3372=ORIENTED_EDGE('',*,*,#4075,.T.);
#3373=ORIENTED_EDGE('',*,*,#4078,.T.);
#3374=ORIENTED_EDGE('',*,*,#4081,.T.);
#3375=ORIENTED_EDGE('',*,*,#4084,.F.);
#3376=ORIENTED_EDGE('',*,*,#4087,.T.);
#3377=ORIENTED_EDGE('',*,*,#4090,.F.);
#3378=ORIENTED_EDGE('',*,*,#4093,.T.);
#3379=ORIENTED_EDGE('',*,*,#4096,.T.);
#3380=ORIENTED_EDGE('',*,*,#4099,.T.);
#3381=ORIENTED_EDGE('',*,*,#4102,.T.);
#3382=ORIENTED_EDGE('',*,*,#4105,.T.);
#3383=ORIENTED_EDGE('',*,*,#4108,.F.);
#3384=ORIENTED_EDGE('',*,*,#4111,.T.);
#3385=ORIENTED_EDGE('',*,*,#4114,.F.);
#3386=ORIENTED_EDGE('',*,*,#4117,.T.);
#3387=ORIENTED_EDGE('',*,*,#4120,.T.);
#3388=ORIENTED_EDGE('',*,*,#4123,.T.);
#3389=ORIENTED_EDGE('',*,*,#4126,.T.);
#3390=ORIENTED_EDGE('',*,*,#4129,.T.);
#3391=ORIENTED_EDGE('',*,*,#4132,.F.);
#3392=ORIENTED_EDGE('',*,*,#4135,.T.);
#3393=ORIENTED_EDGE('',*,*,#4138,.F.);
#3394=ORIENTED_EDGE('',*,*,#4141,.T.);
#3395=ORIENTED_EDGE('',*,*,#4144,.T.);
#3396=ORIENTED_EDGE('',*,*,#4147,.T.);
#3397=ORIENTED_EDGE('',*,*,#4150,.T.);
#3398=ORIENTED_EDGE('',*,*,#4153,.T.);
#3399=ORIENTED_EDGE('',*,*,#4156,.F.);
#3400=ORIENTED_EDGE('',*,*,#4159,.T.);
#3401=ORIENTED_EDGE('',*,*,#4162,.F.);
#3402=ORIENTED_EDGE('',*,*,#4165,.T.);
#3403=ORIENTED_EDGE('',*,*,#4168,.T.);
#3404=ORIENTED_EDGE('',*,*,#4171,.T.);
#3405=ORIENTED_EDGE('',*,*,#4174,.T.);
#3406=ORIENTED_EDGE('',*,*,#4177,.T.);
#3407=ORIENTED_EDGE('',*,*,#4180,.F.);
#3408=ORIENTED_EDGE('',*,*,#4183,.T.);
#3409=ORIENTED_EDGE('',*,*,#4186,.F.);
#3410=ORIENTED_EDGE('',*,*,#4189,.T.);
#3411=ORIENTED_EDGE('',*,*,#4192,.T.);
#3412=ORIENTED_EDGE('',*,*,#4195,.T.);
#3413=ORIENTED_EDGE('',*,*,#4198,.T.);
#3414=ORIENTED_EDGE('',*,*,#4201,.T.);
#3415=ORIENTED_EDGE('',*,*,#4204,.F.);
#3416=ORIENTED_EDGE('',*,*,#4207,.T.);
#3417=ORIENTED_EDGE('',*,*,#4210,.F.);
#3418=ORIENTED_EDGE('',*,*,#4213,.T.);
#3419=ORIENTED_EDGE('',*,*,#4216,.T.);
#3420=ORIENTED_EDGE('',*,*,#4219,.T.);
#3421=ORIENTED_EDGE('',*,*,#4222,.T.);
#3422=ORIENTED_EDGE('',*,*,#4225,.T.);
#3423=ORIENTED_EDGE('',*,*,#4228,.F.);
#3424=ORIENTED_EDGE('',*,*,#4231,.T.);
#3425=ORIENTED_EDGE('',*,*,#4234,.F.);
#3426=ORIENTED_EDGE('',*,*,#4237,.T.);
#3427=ORIENTED_EDGE('',*,*,#4240,.T.);
#3428=ORIENTED_EDGE('',*,*,#4243,.T.);
#3429=ORIENTED_EDGE('',*,*,#4246,.T.);
#3430=ORIENTED_EDGE('',*,*,#4249,.T.);
#3431=ORIENTED_EDGE('',*,*,#4252,.F.);
#3432=ORIENTED_EDGE('',*,*,#4255,.T.);
#3433=ORIENTED_EDGE('',*,*,#4258,.F.);
#3434=ORIENTED_EDGE('',*,*,#4261,.T.);
#3435=ORIENTED_EDGE('',*,*,#4264,.T.);
#3436=ORIENTED_EDGE('',*,*,#4267,.T.);
#3437=ORIENTED_EDGE('',*,*,#4270,.T.);
#3438=ORIENTED_EDGE('',*,*,#4273,.T.);
#3439=ORIENTED_EDGE('',*,*,#4276,.F.);
#3440=ORIENTED_EDGE('',*,*,#4279,.T.);
#3441=ORIENTED_EDGE('',*,*,#4282,.F.);
#3442=ORIENTED_EDGE('',*,*,#4285,.T.);
#3443=ORIENTED_EDGE('',*,*,#4288,.T.);
#3444=ORIENTED_EDGE('',*,*,#4291,.T.);
#3445=ORIENTED_EDGE('',*,*,#4294,.T.);
#3446=ORIENTED_EDGE('',*,*,#4297,.T.);
#3447=ORIENTED_EDGE('',*,*,#4300,.F.);
#3448=ORIENTED_EDGE('',*,*,#4303,.T.);
#3449=ORIENTED_EDGE('',*,*,#4306,.F.);
#3450=ORIENTED_EDGE('',*,*,#4309,.T.);
#3451=ORIENTED_EDGE('',*,*,#4312,.T.);
#3452=ORIENTED_EDGE('',*,*,#4315,.T.);
#3453=ORIENTED_EDGE('',*,*,#4318,.T.);
#3454=ORIENTED_EDGE('',*,*,#4321,.T.);
#3455=ORIENTED_EDGE('',*,*,#4324,.F.);
#3456=ORIENTED_EDGE('',*,*,#4327,.T.);
#3457=ORIENTED_EDGE('',*,*,#4330,.F.);
#3458=ORIENTED_EDGE('',*,*,#4333,.T.);
#3459=ORIENTED_EDGE('',*,*,#4336,.T.);
#3460=ORIENTED_EDGE('',*,*,#4339,.T.);
#3461=ORIENTED_EDGE('',*,*,#4342,.T.);
#3462=ORIENTED_EDGE('',*,*,#4345,.T.);
#3463=ORIENTED_EDGE('',*,*,#4348,.F.);
#3464=ORIENTED_EDGE('',*,*,#4351,.T.);
#3465=ORIENTED_EDGE('',*,*,#4354,.F.);
#3466=ORIENTED_EDGE('',*,*,#4357,.T.);
#3467=ORIENTED_EDGE('',*,*,#4360,.T.);
#3468=ORIENTED_EDGE('',*,*,#4363,.T.);
#3469=ORIENTED_EDGE('',*,*,#4366,.T.);
#3470=ORIENTED_EDGE('',*,*,#4369,.T.);
#3471=ORIENTED_EDGE('',*,*,#4372,.F.);
#3472=ORIENTED_EDGE('',*,*,#4375,.T.);
#3473=ORIENTED_EDGE('',*,*,#4378,.F.);
#3474=ORIENTED_EDGE('',*,*,#4381,.T.);
#3475=ORIENTED_EDGE('',*,*,#4384,.T.);
#3476=ORIENTED_EDGE('',*,*,#4387,.T.);
#3477=ORIENTED_EDGE('',*,*,#4390,.T.);
#3478=ORIENTED_EDGE('',*,*,#4393,.T.);
#3479=ORIENTED_EDGE('',*,*,#4396,.F.);
#3480=ORIENTED_EDGE('',*,*,#4399,.T.);
#3481=ORIENTED_EDGE('',*,*,#4402,.F.);
#3482=ORIENTED_EDGE('',*,*,#4405,.T.);
#3483=ORIENTED_EDGE('',*,*,#4408,.T.);
#3484=ORIENTED_EDGE('',*,*,#4411,.T.);
#3485=ORIENTED_EDGE('',*,*,#4414,.T.);
#3486=ORIENTED_EDGE('',*,*,#4417,.T.);
#3487=ORIENTED_EDGE('',*,*,#4420,.F.);
#3488=ORIENTED_EDGE('',*,*,#4423,.T.);
#3489=ORIENTED_EDGE('',*,*,#4426,.F.);
#3490=ORIENTED_EDGE('',*,*,#4429,.T.);
#3491=ORIENTED_EDGE('',*,*,#4432,.T.);
#3492=ORIENTED_EDGE('',*,*,#4435,.T.);
#3493=ORIENTED_EDGE('',*,*,#4438,.T.);
#3494=ORIENTED_EDGE('',*,*,#4441,.T.);
#3495=ORIENTED_EDGE('',*,*,#4444,.F.);
#3496=ORIENTED_EDGE('',*,*,#4447,.T.);
#3497=ORIENTED_EDGE('',*,*,#4450,.F.);
#3498=ORIENTED_EDGE('',*,*,#4453,.T.);
#3499=ORIENTED_EDGE('',*,*,#4456,.T.);
#3500=ORIENTED_EDGE('',*,*,#4459,.T.);
#3501=ORIENTED_EDGE('',*,*,#4462,.T.);
#3502=ORIENTED_EDGE('',*,*,#4465,.T.);
#3503=ORIENTED_EDGE('',*,*,#4468,.F.);
#3504=ORIENTED_EDGE('',*,*,#4471,.T.);
#3505=ORIENTED_EDGE('',*,*,#4474,.F.);
#3506=ORIENTED_EDGE('',*,*,#4477,.T.);
#3507=ORIENTED_EDGE('',*,*,#4480,.T.);
#3508=ORIENTED_EDGE('',*,*,#4483,.T.);
#3509=ORIENTED_EDGE('',*,*,#4486,.T.);
#3510=ORIENTED_EDGE('',*,*,#4489,.T.);
#3511=ORIENTED_EDGE('',*,*,#4492,.F.);
#3512=ORIENTED_EDGE('',*,*,#4495,.T.);
#3513=ORIENTED_EDGE('',*,*,#4498,.F.);
#3514=ORIENTED_EDGE('',*,*,#4501,.T.);
#3515=ORIENTED_EDGE('',*,*,#4504,.T.);
#3516=ORIENTED_EDGE('',*,*,#4507,.T.);
#3517=ORIENTED_EDGE('',*,*,#4510,.T.);
#3518=ORIENTED_EDGE('',*,*,#4513,.T.);
#3519=ORIENTED_EDGE('',*,*,#4516,.F.);
#3520=ORIENTED_EDGE('',*,*,#4519,.T.);
#3521=ORIENTED_EDGE('',*,*,#4522,.F.);
#3522=ORIENTED_EDGE('',*,*,#4525,.T.);
#3523=ORIENTED_EDGE('',*,*,#4528,.T.);
#3524=ORIENTED_EDGE('',*,*,#4531,.T.);
#3525=ORIENTED_EDGE('',*,*,#4534,.T.);
#3526=ORIENTED_EDGE('',*,*,#4537,.T.);
#3527=ORIENTED_EDGE('',*,*,#4540,.F.);
#3528=ORIENTED_EDGE('',*,*,#4543,.T.);
#3529=ORIENTED_EDGE('',*,*,#4546,.F.);
#3530=ORIENTED_EDGE('',*,*,#4549,.T.);
#3531=ORIENTED_EDGE('',*,*,#4552,.T.);
#3532=ORIENTED_EDGE('',*,*,#4555,.T.);
#3533=ORIENTED_EDGE('',*,*,#4558,.T.);
#3534=ORIENTED_EDGE('',*,*,#4561,.T.);
#3535=ORIENTED_EDGE('',*,*,#4564,.F.);
#3536=ORIENTED_EDGE('',*,*,#4567,.T.);
#3537=ORIENTED_EDGE('',*,*,#4570,.F.);
#3538=ORIENTED_EDGE('',*,*,#4573,.T.);
#3539=ORIENTED_EDGE('',*,*,#4576,.T.);
#3540=ORIENTED_EDGE('',*,*,#4579,.T.);
#3541=ORIENTED_EDGE('',*,*,#4582,.T.);
#3542=ORIENTED_EDGE('',*,*,#4585,.T.);
#3543=ORIENTED_EDGE('',*,*,#4588,.F.);
#3544=ORIENTED_EDGE('',*,*,#4591,.T.);
#3545=ORIENTED_EDGE('',*,*,#4594,.F.);
#3546=ORIENTED_EDGE('',*,*,#4597,.T.);
#3547=ORIENTED_EDGE('',*,*,#4600,.T.);
#3548=ORIENTED_EDGE('',*,*,#4603,.T.);
#3549=ORIENTED_EDGE('',*,*,#4606,.T.);
#3550=ORIENTED_EDGE('',*,*,#4609,.T.);
#3551=ORIENTED_EDGE('',*,*,#4612,.F.);
#3552=ORIENTED_EDGE('',*,*,#4615,.T.);
#3553=ORIENTED_EDGE('',*,*,#4618,.F.);
#3554=ORIENTED_EDGE('',*,*,#4621,.T.);
#3555=ORIENTED_EDGE('',*,*,#4624,.T.);
#3556=ORIENTED_EDGE('',*,*,#4627,.T.);
#3557=ORIENTED_EDGE('',*,*,#4630,.T.);
#3558=ORIENTED_EDGE('',*,*,#4633,.T.);
#3559=ORIENTED_EDGE('',*,*,#4636,.F.);
#3560=ORIENTED_EDGE('',*,*,#4639,.T.);
#3561=ORIENTED_EDGE('',*,*,#4642,.F.);
#3562=ORIENTED_EDGE('',*,*,#4645,.T.);
#3563=ORIENTED_EDGE('',*,*,#4648,.T.);
#3564=ORIENTED_EDGE('',*,*,#4651,.T.);
#3565=ORIENTED_EDGE('',*,*,#4654,.T.);
#3566=ORIENTED_EDGE('',*,*,#4657,.T.);
#3567=ORIENTED_EDGE('',*,*,#4660,.F.);
#3568=ORIENTED_EDGE('',*,*,#4663,.T.);
#3569=ORIENTED_EDGE('',*,*,#4666,.F.);
#3570=ORIENTED_EDGE('',*,*,#4669,.T.);
#3571=ORIENTED_EDGE('',*,*,#4672,.T.);
#3572=ORIENTED_EDGE('',*,*,#4675,.T.);
#3573=ORIENTED_EDGE('',*,*,#4678,.T.);
#3574=ORIENTED_EDGE('',*,*,#4681,.T.);
#3575=ORIENTED_EDGE('',*,*,#4684,.F.);
#3576=ORIENTED_EDGE('',*,*,#4687,.T.);
#3577=ORIENTED_EDGE('',*,*,#4690,.F.);
#3578=ORIENTED_EDGE('',*,*,#4693,.T.);
#3579=ORIENTED_EDGE('',*,*,#4696,.T.);
#3580=ORIENTED_EDGE('',*,*,#4699,.T.);
#3581=ORIENTED_EDGE('',*,*,#4702,.T.);
#3582=ORIENTED_EDGE('',*,*,#4705,.T.);
#3583=ORIENTED_EDGE('',*,*,#4708,.F.);
#3584=ORIENTED_EDGE('',*,*,#4711,.T.);
#3585=ORIENTED_EDGE('',*,*,#4714,.F.);
#3586=ORIENTED_EDGE('',*,*,#4717,.T.);
#3587=ORIENTED_EDGE('',*,*,#4720,.T.);
#3588=ORIENTED_EDGE('',*,*,#4723,.T.);
#3589=ORIENTED_EDGE('',*,*,#4726,.T.);
#3590=ORIENTED_EDGE('',*,*,#4729,.T.);
#3591=ORIENTED_EDGE('',*,*,#4732,.F.);
#3592=ORIENTED_EDGE('',*,*,#4735,.T.);
#3593=ORIENTED_EDGE('',*,*,#4738,.F.);
#3594=ORIENTED_EDGE('',*,*,#4741,.T.);
#3595=ORIENTED_EDGE('',*,*,#4744,.T.);
#3596=ORIENTED_EDGE('',*,*,#4747,.T.);
#3597=ORIENTED_EDGE('',*,*,#4750,.T.);
#3598=ORIENTED_EDGE('',*,*,#4753,.T.);
#3599=ORIENTED_EDGE('',*,*,#4756,.F.);
#3600=ORIENTED_EDGE('',*,*,#4759,.T.);
#3601=ORIENTED_EDGE('',*,*,#4762,.F.);
#3602=ORIENTED_EDGE('',*,*,#4765,.T.);
#3603=ORIENTED_EDGE('',*,*,#4768,.T.);
#3604=ORIENTED_EDGE('',*,*,#4771,.T.);
#3605=ORIENTED_EDGE('',*,*,#4774,.T.);
#3606=ORIENTED_EDGE('',*,*,#4777,.T.);
#3607=ORIENTED_EDGE('',*,*,#4780,.F.);
#3608=ORIENTED_EDGE('',*,*,#4783,.T.);
#3609=ORIENTED_EDGE('',*,*,#4786,.F.);
#3610=ORIENTED_EDGE('',*,*,#4789,.T.);
#3611=ORIENTED_EDGE('',*,*,#4799,.F.);
#3612=ORIENTED_EDGE('',*,*,#4798,.F.);
#3613=ORIENTED_EDGE('',*,*,#4800,.F.);
#3614=ORIENTED_EDGE('',*,*,#4801,.T.);
#3615=ORIENTED_EDGE('',*,*,#4802,.F.);
#3616=ORIENTED_EDGE('',*,*,#4801,.F.);
#3617=ORIENTED_EDGE('',*,*,#4803,.F.);
#3618=ORIENTED_EDGE('',*,*,#4804,.T.);
#3619=ORIENTED_EDGE('',*,*,#4805,.F.);
#3620=ORIENTED_EDGE('',*,*,#4804,.F.);
#3621=ORIENTED_EDGE('',*,*,#4806,.F.);
#3622=ORIENTED_EDGE('',*,*,#4793,.T.);
#3623=ORIENTED_EDGE('',*,*,#4799,.T.);
#3624=ORIENTED_EDGE('',*,*,#4802,.T.);
#3625=ORIENTED_EDGE('',*,*,#4805,.T.);
#3626=ORIENTED_EDGE('',*,*,#4792,.F.);
#3627=ORIENTED_EDGE('',*,*,#4807,.T.);
#3628=ORIENTED_EDGE('',*,*,#4795,.T.);
#3629=ORIENTED_EDGE('',*,*,#4800,.T.);
#3630=ORIENTED_EDGE('',*,*,#4797,.T.);
#3631=ORIENTED_EDGE('',*,*,#4808,.F.);
#3632=ORIENTED_EDGE('',*,*,#4794,.F.);
#3633=ORIENTED_EDGE('',*,*,#4806,.T.);
#3634=ORIENTED_EDGE('',*,*,#4803,.T.);
#3635=ORIENTED_EDGE('',*,*,#4796,.T.);
#3636=ORIENTED_EDGE('',*,*,#4807,.F.);
#3637=ORIENTED_EDGE('',*,*,#4791,.F.);
#3638=ORIENTED_EDGE('',*,*,#4808,.T.);
#3639=EDGE_CURVE('',#4809,#4810,#5589,.T.);
#3640=EDGE_CURVE('',#4811,#4809,#127,.T.);
#3641=EDGE_CURVE('',#4811,#4812,#5590,.T.);
#3642=EDGE_CURVE('',#4812,#4810,#128,.T.);
#3643=EDGE_CURVE('',#4810,#4813,#5591,.T.);
#3644=EDGE_CURVE('',#4812,#4814,#5592,.T.);
#3645=EDGE_CURVE('',#4814,#4813,#129,.T.);
#3646=EDGE_CURVE('',#4813,#4815,#5593,.T.);
#3647=EDGE_CURVE('',#4814,#4816,#5594,.T.);
#3648=EDGE_CURVE('',#4816,#4815,#130,.T.);
#3649=EDGE_CURVE('',#4815,#4817,#131,.T.);
#3650=EDGE_CURVE('',#4816,#4818,#132,.T.);
#3651=EDGE_CURVE('',#4818,#4817,#133,.T.);
#3652=EDGE_CURVE('',#4819,#4817,#5595,.T.);
#3653=EDGE_CURVE('',#4820,#4818,#5596,.T.);
#3654=EDGE_CURVE('',#4820,#4819,#134,.T.);
#3655=EDGE_CURVE('',#4819,#4821,#5597,.T.);
#3656=EDGE_CURVE('',#4820,#4822,#5598,.T.);
#3657=EDGE_CURVE('',#4822,#4821,#135,.T.);
#3658=EDGE_CURVE('',#4823,#4821,#5599,.T.);
#3659=EDGE_CURVE('',#4824,#4822,#5600,.T.);
#3660=EDGE_CURVE('',#4824,#4823,#136,.T.);
#3661=EDGE_CURVE('',#4823,#4825,#137,.T.);
#3662=EDGE_CURVE('',#4824,#4826,#138,.T.);
#3663=EDGE_CURVE('',#4826,#4825,#139,.T.);
#3664=EDGE_CURVE('',#4825,#4827,#5601,.T.);
#3665=EDGE_CURVE('',#4826,#4828,#5602,.T.);
#3666=EDGE_CURVE('',#4828,#4827,#140,.T.);
#3667=EDGE_CURVE('',#4827,#4829,#5603,.T.);
#3668=EDGE_CURVE('',#4828,#4830,#5604,.T.);
#3669=EDGE_CURVE('',#4830,#4829,#141,.T.);
#3670=EDGE_CURVE('',#4829,#4831,#5605,.T.);
#3671=EDGE_CURVE('',#4830,#4832,#5606,.T.);
#3672=EDGE_CURVE('',#4832,#4831,#142,.T.);
#3673=EDGE_CURVE('',#4831,#4833,#143,.T.);
#3674=EDGE_CURVE('',#4832,#4834,#144,.T.);
#3675=EDGE_CURVE('',#4834,#4833,#145,.T.);
#3676=EDGE_CURVE('',#4835,#4833,#5607,.T.);
#3677=EDGE_CURVE('',#4836,#4834,#5608,.T.);
#3678=EDGE_CURVE('',#4836,#4835,#146,.T.);
#3679=EDGE_CURVE('',#4835,#4837,#5609,.T.);
#3680=EDGE_CURVE('',#4836,#4838,#5610,.T.);
#3681=EDGE_CURVE('',#4838,#4837,#147,.T.);
#3682=EDGE_CURVE('',#4839,#4837,#5611,.T.);
#3683=EDGE_CURVE('',#4840,#4838,#5612,.T.);
#3684=EDGE_CURVE('',#4840,#4839,#148,.T.);
#3685=EDGE_CURVE('',#4839,#4841,#149,.T.);
#3686=EDGE_CURVE('',#4840,#4842,#150,.T.);
#3687=EDGE_CURVE('',#4842,#4841,#151,.T.);
#3688=EDGE_CURVE('',#4841,#4843,#5613,.T.);
#3689=EDGE_CURVE('',#4842,#4844,#5614,.T.);
#3690=EDGE_CURVE('',#4844,#4843,#152,.T.);
#3691=EDGE_CURVE('',#4843,#4845,#5615,.T.);
#3692=EDGE_CURVE('',#4844,#4846,#5616,.T.);
#3693=EDGE_CURVE('',#4846,#4845,#153,.T.);
#3694=EDGE_CURVE('',#4845,#4847,#5617,.T.);
#3695=EDGE_CURVE('',#4846,#4848,#5618,.T.);
#3696=EDGE_CURVE('',#4848,#4847,#154,.T.);
#3697=EDGE_CURVE('',#4847,#4849,#155,.T.);
#3698=EDGE_CURVE('',#4848,#4850,#156,.T.);
#3699=EDGE_CURVE('',#4850,#4849,#157,.T.);
#3700=EDGE_CURVE('',#4851,#4849,#5619,.T.);
#3701=EDGE_CURVE('',#4852,#4850,#5620,.T.);
#3702=EDGE_CURVE('',#4852,#4851,#158,.T.);
#3703=EDGE_CURVE('',#4851,#4853,#5621,.T.);
#3704=EDGE_CURVE('',#4852,#4854,#5622,.T.);
#3705=EDGE_CURVE('',#4854,#4853,#159,.T.);
#3706=EDGE_CURVE('',#4855,#4853,#5623,.T.);
#3707=EDGE_CURVE('',#4856,#4854,#5624,.T.);
#3708=EDGE_CURVE('',#4856,#4855,#160,.T.);
#3709=EDGE_CURVE('',#4855,#4857,#161,.T.);
#3710=EDGE_CURVE('',#4856,#4858,#162,.T.);
#3711=EDGE_CURVE('',#4858,#4857,#163,.T.);
#3712=EDGE_CURVE('',#4857,#4859,#5625,.T.);
#3713=EDGE_CURVE('',#4858,#4860,#5626,.T.);
#3714=EDGE_CURVE('',#4860,#4859,#164,.T.);
#3715=EDGE_CURVE('',#4859,#4861,#5627,.T.);
#3716=EDGE_CURVE('',#4860,#4862,#5628,.T.);
#3717=EDGE_CURVE('',#4862,#4861,#165,.T.);
#3718=EDGE_CURVE('',#4861,#4863,#5629,.T.);
#3719=EDGE_CURVE('',#4862,#4864,#5630,.T.);
#3720=EDGE_CURVE('',#4864,#4863,#166,.T.);
#3721=EDGE_CURVE('',#4863,#4865,#167,.T.);
#3722=EDGE_CURVE('',#4864,#4866,#168,.T.);
#3723=EDGE_CURVE('',#4866,#4865,#169,.T.);
#3724=EDGE_CURVE('',#4867,#4865,#5631,.T.);
#3725=EDGE_CURVE('',#4868,#4866,#5632,.T.);
#3726=EDGE_CURVE('',#4868,#4867,#170,.T.);
#3727=EDGE_CURVE('',#4867,#4869,#5633,.T.);
#3728=EDGE_CURVE('',#4868,#4870,#5634,.T.);
#3729=EDGE_CURVE('',#4870,#4869,#171,.T.);
#3730=EDGE_CURVE('',#4871,#4869,#5635,.T.);
#3731=EDGE_CURVE('',#4872,#4870,#5636,.T.);
#3732=EDGE_CURVE('',#4872,#4871,#172,.T.);
#3733=EDGE_CURVE('',#4871,#4873,#173,.T.);
#3734=EDGE_CURVE('',#4872,#4874,#174,.T.);
#3735=EDGE_CURVE('',#4874,#4873,#175,.T.);
#3736=EDGE_CURVE('',#4873,#4875,#5637,.T.);
#3737=EDGE_CURVE('',#4874,#4876,#5638,.T.);
#3738=EDGE_CURVE('',#4876,#4875,#176,.T.);
#3739=EDGE_CURVE('',#4875,#4877,#5639,.T.);
#3740=EDGE_CURVE('',#4876,#4878,#5640,.T.);
#3741=EDGE_CURVE('',#4878,#4877,#177,.T.);
#3742=EDGE_CURVE('',#4877,#4879,#5641,.T.);
#3743=EDGE_CURVE('',#4878,#4880,#5642,.T.);
#3744=EDGE_CURVE('',#4880,#4879,#178,.T.);
#3745=EDGE_CURVE('',#4879,#4881,#179,.T.);
#3746=EDGE_CURVE('',#4880,#4882,#180,.T.);
#3747=EDGE_CURVE('',#4882,#4881,#181,.T.);
#3748=EDGE_CURVE('',#4883,#4881,#5643,.T.);
#3749=EDGE_CURVE('',#4884,#4882,#5644,.T.);
#3750=EDGE_CURVE('',#4884,#4883,#182,.T.);
#3751=EDGE_CURVE('',#4883,#4885,#5645,.T.);
#3752=EDGE_CURVE('',#4884,#4886,#5646,.T.);
#3753=EDGE_CURVE('',#4886,#4885,#183,.T.);
#3754=EDGE_CURVE('',#4887,#4885,#5647,.T.);
#3755=EDGE_CURVE('',#4888,#4886,#5648,.T.);
#3756=EDGE_CURVE('',#4888,#4887,#184,.T.);
#3757=EDGE_CURVE('',#4887,#4889,#185,.T.);
#3758=EDGE_CURVE('',#4888,#4890,#186,.T.);
#3759=EDGE_CURVE('',#4890,#4889,#187,.T.);
#3760=EDGE_CURVE('',#4889,#4891,#5649,.T.);
#3761=EDGE_CURVE('',#4890,#4892,#5650,.T.);
#3762=EDGE_CURVE('',#4892,#4891,#188,.T.);
#3763=EDGE_CURVE('',#4891,#4893,#5651,.T.);
#3764=EDGE_CURVE('',#4892,#4894,#5652,.T.);
#3765=EDGE_CURVE('',#4894,#4893,#189,.T.);
#3766=EDGE_CURVE('',#4893,#4895,#5653,.T.);
#3767=EDGE_CURVE('',#4894,#4896,#5654,.T.);
#3768=EDGE_CURVE('',#4896,#4895,#190,.T.);
#3769=EDGE_CURVE('',#4895,#4897,#191,.T.);
#3770=EDGE_CURVE('',#4896,#4898,#192,.T.);
#3771=EDGE_CURVE('',#4898,#4897,#193,.T.);
#3772=EDGE_CURVE('',#4899,#4897,#5655,.T.);
#3773=EDGE_CURVE('',#4900,#4898,#5656,.T.);
#3774=EDGE_CURVE('',#4900,#4899,#194,.T.);
#3775=EDGE_CURVE('',#4899,#4901,#5657,.T.);
#3776=EDGE_CURVE('',#4900,#4902,#5658,.T.);
#3777=EDGE_CURVE('',#4902,#4901,#195,.T.);
#3778=EDGE_CURVE('',#4903,#4901,#5659,.T.);
#3779=EDGE_CURVE('',#4904,#4902,#5660,.T.);
#3780=EDGE_CURVE('',#4904,#4903,#196,.T.);
#3781=EDGE_CURVE('',#4903,#4905,#197,.T.);
#3782=EDGE_CURVE('',#4904,#4906,#198,.T.);
#3783=EDGE_CURVE('',#4906,#4905,#199,.T.);
#3784=EDGE_CURVE('',#4905,#4907,#5661,.T.);
#3785=EDGE_CURVE('',#4906,#4908,#5662,.T.);
#3786=EDGE_CURVE('',#4908,#4907,#200,.T.);
#3787=EDGE_CURVE('',#4907,#4909,#5663,.T.);
#3788=EDGE_CURVE('',#4908,#4910,#5664,.T.);
#3789=EDGE_CURVE('',#4910,#4909,#201,.T.);
#3790=EDGE_CURVE('',#4909,#4911,#5665,.T.);
#3791=EDGE_CURVE('',#4910,#4912,#5666,.T.);
#3792=EDGE_CURVE('',#4912,#4911,#202,.T.);
#3793=EDGE_CURVE('',#4911,#4913,#203,.T.);
#3794=EDGE_CURVE('',#4912,#4914,#204,.T.);
#3795=EDGE_CURVE('',#4914,#4913,#205,.T.);
#3796=EDGE_CURVE('',#4915,#4913,#5667,.T.);
#3797=EDGE_CURVE('',#4916,#4914,#5668,.T.);
#3798=EDGE_CURVE('',#4916,#4915,#206,.T.);
#3799=EDGE_CURVE('',#4915,#4917,#5669,.T.);
#3800=EDGE_CURVE('',#4916,#4918,#5670,.T.);
#3801=EDGE_CURVE('',#4918,#4917,#207,.T.);
#3802=EDGE_CURVE('',#4919,#4917,#5671,.T.);
#3803=EDGE_CURVE('',#4920,#4918,#5672,.T.);
#3804=EDGE_CURVE('',#4920,#4919,#208,.T.);
#3805=EDGE_CURVE('',#4919,#4921,#209,.T.);
#3806=EDGE_CURVE('',#4920,#4922,#210,.T.);
#3807=EDGE_CURVE('',#4922,#4921,#211,.T.);
#3808=EDGE_CURVE('',#4921,#4923,#5673,.T.);
#3809=EDGE_CURVE('',#4922,#4924,#5674,.T.);
#3810=EDGE_CURVE('',#4924,#4923,#212,.T.);
#3811=EDGE_CURVE('',#4923,#4925,#5675,.T.);
#3812=EDGE_CURVE('',#4924,#4926,#5676,.T.);
#3813=EDGE_CURVE('',#4926,#4925,#213,.T.);
#3814=EDGE_CURVE('',#4925,#4927,#5677,.T.);
#3815=EDGE_CURVE('',#4926,#4928,#5678,.T.);
#3816=EDGE_CURVE('',#4928,#4927,#214,.T.);
#3817=EDGE_CURVE('',#4927,#4929,#215,.T.);
#3818=EDGE_CURVE('',#4928,#4930,#216,.T.);
#3819=EDGE_CURVE('',#4930,#4929,#217,.T.);
#3820=EDGE_CURVE('',#4931,#4929,#5679,.T.);
#3821=EDGE_CURVE('',#4932,#4930,#5680,.T.);
#3822=EDGE_CURVE('',#4932,#4931,#218,.T.);
#3823=EDGE_CURVE('',#4931,#4933,#5681,.T.);
#3824=EDGE_CURVE('',#4932,#4934,#5682,.T.);
#3825=EDGE_CURVE('',#4934,#4933,#219,.T.);
#3826=EDGE_CURVE('',#4935,#4933,#5683,.T.);
#3827=EDGE_CURVE('',#4936,#4934,#5684,.T.);
#3828=EDGE_CURVE('',#4936,#4935,#220,.T.);
#3829=EDGE_CURVE('',#4935,#4937,#221,.T.);
#3830=EDGE_CURVE('',#4936,#4938,#222,.T.);
#3831=EDGE_CURVE('',#4938,#4937,#223,.T.);
#3832=EDGE_CURVE('',#4937,#4939,#5685,.T.);
#3833=EDGE_CURVE('',#4938,#4940,#5686,.T.);
#3834=EDGE_CURVE('',#4940,#4939,#224,.T.);
#3835=EDGE_CURVE('',#4939,#4941,#5687,.T.);
#3836=EDGE_CURVE('',#4940,#4942,#5688,.T.);
#3837=EDGE_CURVE('',#4942,#4941,#225,.T.);
#3838=EDGE_CURVE('',#4941,#4943,#5689,.T.);
#3839=EDGE_CURVE('',#4942,#4944,#5690,.T.);
#3840=EDGE_CURVE('',#4944,#4943,#226,.T.);
#3841=EDGE_CURVE('',#4943,#4945,#227,.T.);
#3842=EDGE_CURVE('',#4944,#4946,#228,.T.);
#3843=EDGE_CURVE('',#4946,#4945,#229,.T.);
#3844=EDGE_CURVE('',#4947,#4945,#5691,.T.);
#3845=EDGE_CURVE('',#4948,#4946,#5692,.T.);
#3846=EDGE_CURVE('',#4948,#4947,#230,.T.);
#3847=EDGE_CURVE('',#4947,#4949,#5693,.T.);
#3848=EDGE_CURVE('',#4948,#4950,#5694,.T.);
#3849=EDGE_CURVE('',#4950,#4949,#231,.T.);
#3850=EDGE_CURVE('',#4951,#4949,#5695,.T.);
#3851=EDGE_CURVE('',#4952,#4950,#5696,.T.);
#3852=EDGE_CURVE('',#4952,#4951,#232,.T.);
#3853=EDGE_CURVE('',#4951,#4953,#233,.T.);
#3854=EDGE_CURVE('',#4952,#4954,#234,.T.);
#3855=EDGE_CURVE('',#4954,#4953,#235,.T.);
#3856=EDGE_CURVE('',#4953,#4955,#5697,.T.);
#3857=EDGE_CURVE('',#4954,#4956,#5698,.T.);
#3858=EDGE_CURVE('',#4956,#4955,#236,.T.);
#3859=EDGE_CURVE('',#4955,#4957,#5699,.T.);
#3860=EDGE_CURVE('',#4956,#4958,#5700,.T.);
#3861=EDGE_CURVE('',#4958,#4957,#237,.T.);
#3862=EDGE_CURVE('',#4957,#4959,#5701,.T.);
#3863=EDGE_CURVE('',#4958,#4960,#5702,.T.);
#3864=EDGE_CURVE('',#4960,#4959,#238,.T.);
#3865=EDGE_CURVE('',#4959,#4961,#239,.T.);
#3866=EDGE_CURVE('',#4960,#4962,#240,.T.);
#3867=EDGE_CURVE('',#4962,#4961,#241,.T.);
#3868=EDGE_CURVE('',#4963,#4961,#5703,.T.);
#3869=EDGE_CURVE('',#4964,#4962,#5704,.T.);
#3870=EDGE_CURVE('',#4964,#4963,#242,.T.);
#3871=EDGE_CURVE('',#4963,#4965,#5705,.T.);
#3872=EDGE_CURVE('',#4964,#4966,#5706,.T.);
#3873=EDGE_CURVE('',#4966,#4965,#243,.T.);
#3874=EDGE_CURVE('',#4967,#4965,#5707,.T.);
#3875=EDGE_CURVE('',#4968,#4966,#5708,.T.);
#3876=EDGE_CURVE('',#4968,#4967,#244,.T.);
#3877=EDGE_CURVE('',#4967,#4969,#245,.T.);
#3878=EDGE_CURVE('',#4968,#4970,#246,.T.);
#3879=EDGE_CURVE('',#4970,#4969,#247,.T.);
#3880=EDGE_CURVE('',#4969,#4971,#5709,.T.);
#3881=EDGE_CURVE('',#4970,#4972,#5710,.T.);
#3882=EDGE_CURVE('',#4972,#4971,#248,.T.);
#3883=EDGE_CURVE('',#4971,#4973,#5711,.T.);
#3884=EDGE_CURVE('',#4972,#4974,#5712,.T.);
#3885=EDGE_CURVE('',#4974,#4973,#249,.T.);
#3886=EDGE_CURVE('',#4973,#4975,#5713,.T.);
#3887=EDGE_CURVE('',#4974,#4976,#5714,.T.);
#3888=EDGE_CURVE('',#4976,#4975,#250,.T.);
#3889=EDGE_CURVE('',#4975,#4977,#251,.T.);
#3890=EDGE_CURVE('',#4976,#4978,#252,.T.);
#3891=EDGE_CURVE('',#4978,#4977,#253,.T.);
#3892=EDGE_CURVE('',#4979,#4977,#5715,.T.);
#3893=EDGE_CURVE('',#4980,#4978,#5716,.T.);
#3894=EDGE_CURVE('',#4980,#4979,#254,.T.);
#3895=EDGE_CURVE('',#4979,#4981,#5717,.T.);
#3896=EDGE_CURVE('',#4980,#4982,#5718,.T.);
#3897=EDGE_CURVE('',#4982,#4981,#255,.T.);
#3898=EDGE_CURVE('',#4983,#4981,#5719,.T.);
#3899=EDGE_CURVE('',#4984,#4982,#5720,.T.);
#3900=EDGE_CURVE('',#4984,#4983,#256,.T.);
#3901=EDGE_CURVE('',#4983,#4985,#257,.T.);
#3902=EDGE_CURVE('',#4984,#4986,#258,.T.);
#3903=EDGE_CURVE('',#4986,#4985,#259,.T.);
#3904=EDGE_CURVE('',#4985,#4987,#5721,.T.);
#3905=EDGE_CURVE('',#4986,#4988,#5722,.T.);
#3906=EDGE_CURVE('',#4988,#4987,#260,.T.);
#3907=EDGE_CURVE('',#4987,#4989,#5723,.T.);
#3908=EDGE_CURVE('',#4988,#4990,#5724,.T.);
#3909=EDGE_CURVE('',#4990,#4989,#261,.T.);
#3910=EDGE_CURVE('',#4989,#4991,#5725,.T.);
#3911=EDGE_CURVE('',#4990,#4992,#5726,.T.);
#3912=EDGE_CURVE('',#4992,#4991,#262,.T.);
#3913=EDGE_CURVE('',#4991,#4993,#263,.T.);
#3914=EDGE_CURVE('',#4992,#4994,#264,.T.);
#3915=EDGE_CURVE('',#4994,#4993,#265,.T.);
#3916=EDGE_CURVE('',#4995,#4993,#5727,.T.);
#3917=EDGE_CURVE('',#4996,#4994,#5728,.T.);
#3918=EDGE_CURVE('',#4996,#4995,#266,.T.);
#3919=EDGE_CURVE('',#4995,#4997,#5729,.T.);
#3920=EDGE_CURVE('',#4996,#4998,#5730,.T.);
#3921=EDGE_CURVE('',#4998,#4997,#267,.T.);
#3922=EDGE_CURVE('',#4999,#4997,#5731,.T.);
#3923=EDGE_CURVE('',#5000,#4998,#5732,.T.);
#3924=EDGE_CURVE('',#5000,#4999,#268,.T.);
#3925=EDGE_CURVE('',#4999,#5001,#269,.T.);
#3926=EDGE_CURVE('',#5000,#5002,#270,.T.);
#3927=EDGE_CURVE('',#5002,#5001,#271,.T.);
#3928=EDGE_CURVE('',#5001,#5003,#5733,.T.);
#3929=EDGE_CURVE('',#5002,#5004,#5734,.T.);
#3930=EDGE_CURVE('',#5004,#5003,#272,.T.);
#3931=EDGE_CURVE('',#5003,#5005,#5735,.T.);
#3932=EDGE_CURVE('',#5004,#5006,#5736,.T.);
#3933=EDGE_CURVE('',#5006,#5005,#273,.T.);
#3934=EDGE_CURVE('',#5005,#5007,#5737,.T.);
#3935=EDGE_CURVE('',#5006,#5008,#5738,.T.);
#3936=EDGE_CURVE('',#5008,#5007,#274,.T.);
#3937=EDGE_CURVE('',#5007,#5009,#275,.T.);
#3938=EDGE_CURVE('',#5008,#5010,#276,.T.);
#3939=EDGE_CURVE('',#5010,#5009,#277,.T.);
#3940=EDGE_CURVE('',#5011,#5009,#5739,.T.);
#3941=EDGE_CURVE('',#5012,#5010,#5740,.T.);
#3942=EDGE_CURVE('',#5012,#5011,#278,.T.);
#3943=EDGE_CURVE('',#5011,#5013,#5741,.T.);
#3944=EDGE_CURVE('',#5012,#5014,#5742,.T.);
#3945=EDGE_CURVE('',#5014,#5013,#279,.T.);
#3946=EDGE_CURVE('',#5015,#5013,#5743,.T.);
#3947=EDGE_CURVE('',#5016,#5014,#5744,.T.);
#3948=EDGE_CURVE('',#5016,#5015,#280,.T.);
#3949=EDGE_CURVE('',#5015,#5017,#281,.T.);
#3950=EDGE_CURVE('',#5016,#5018,#282,.T.);
#3951=EDGE_CURVE('',#5018,#5017,#283,.T.);
#3952=EDGE_CURVE('',#5017,#5019,#5745,.T.);
#3953=EDGE_CURVE('',#5018,#5020,#5746,.T.);
#3954=EDGE_CURVE('',#5020,#5019,#284,.T.);
#3955=EDGE_CURVE('',#5019,#5021,#5747,.T.);
#3956=EDGE_CURVE('',#5020,#5022,#5748,.T.);
#3957=EDGE_CURVE('',#5022,#5021,#285,.T.);
#3958=EDGE_CURVE('',#5021,#5023,#5749,.T.);
#3959=EDGE_CURVE('',#5022,#5024,#5750,.T.);
#3960=EDGE_CURVE('',#5024,#5023,#286,.T.);
#3961=EDGE_CURVE('',#5023,#5025,#287,.T.);
#3962=EDGE_CURVE('',#5024,#5026,#288,.T.);
#3963=EDGE_CURVE('',#5026,#5025,#289,.T.);
#3964=EDGE_CURVE('',#5027,#5025,#5751,.T.);
#3965=EDGE_CURVE('',#5028,#5026,#5752,.T.);
#3966=EDGE_CURVE('',#5028,#5027,#290,.T.);
#3967=EDGE_CURVE('',#5027,#5029,#5753,.T.);
#3968=EDGE_CURVE('',#5028,#5030,#5754,.T.);
#3969=EDGE_CURVE('',#5030,#5029,#291,.T.);
#3970=EDGE_CURVE('',#5031,#5029,#5755,.T.);
#3971=EDGE_CURVE('',#5032,#5030,#5756,.T.);
#3972=EDGE_CURVE('',#5032,#5031,#292,.T.);
#3973=EDGE_CURVE('',#5031,#5033,#293,.T.);
#3974=EDGE_CURVE('',#5032,#5034,#294,.T.);
#3975=EDGE_CURVE('',#5034,#5033,#295,.T.);
#3976=EDGE_CURVE('',#5033,#5035,#5757,.T.);
#3977=EDGE_CURVE('',#5034,#5036,#5758,.T.);
#3978=EDGE_CURVE('',#5036,#5035,#296,.T.);
#3979=EDGE_CURVE('',#5035,#5037,#5759,.T.);
#3980=EDGE_CURVE('',#5036,#5038,#5760,.T.);
#3981=EDGE_CURVE('',#5038,#5037,#297,.T.);
#3982=EDGE_CURVE('',#5037,#5039,#5761,.T.);
#3983=EDGE_CURVE('',#5038,#5040,#5762,.T.);
#3984=EDGE_CURVE('',#5040,#5039,#298,.T.);
#3985=EDGE_CURVE('',#5039,#5041,#299,.T.);
#3986=EDGE_CURVE('',#5040,#5042,#300,.T.);
#3987=EDGE_CURVE('',#5042,#5041,#301,.T.);
#3988=EDGE_CURVE('',#5043,#5041,#5763,.T.);
#3989=EDGE_CURVE('',#5044,#5042,#5764,.T.);
#3990=EDGE_CURVE('',#5044,#5043,#302,.T.);
#3991=EDGE_CURVE('',#5043,#5045,#5765,.T.);
#3992=EDGE_CURVE('',#5044,#5046,#5766,.T.);
#3993=EDGE_CURVE('',#5046,#5045,#303,.T.);
#3994=EDGE_CURVE('',#5047,#5045,#5767,.T.);
#3995=EDGE_CURVE('',#5048,#5046,#5768,.T.);
#3996=EDGE_CURVE('',#5048,#5047,#304,.T.);
#3997=EDGE_CURVE('',#5047,#5049,#305,.T.);
#3998=EDGE_CURVE('',#5048,#5050,#306,.T.);
#3999=EDGE_CURVE('',#5050,#5049,#307,.T.);
#4000=EDGE_CURVE('',#5049,#5051,#5769,.T.);
#4001=EDGE_CURVE('',#5050,#5052,#5770,.T.);
#4002=EDGE_CURVE('',#5052,#5051,#308,.T.);
#4003=EDGE_CURVE('',#5051,#5053,#5771,.T.);
#4004=EDGE_CURVE('',#5052,#5054,#5772,.T.);
#4005=EDGE_CURVE('',#5054,#5053,#309,.T.);
#4006=EDGE_CURVE('',#5053,#5055,#5773,.T.);
#4007=EDGE_CURVE('',#5054,#5056,#5774,.T.);
#4008=EDGE_CURVE('',#5056,#5055,#310,.T.);
#4009=EDGE_CURVE('',#5055,#5057,#311,.T.);
#4010=EDGE_CURVE('',#5056,#5058,#312,.T.);
#4011=EDGE_CURVE('',#5058,#5057,#313,.T.);
#4012=EDGE_CURVE('',#5059,#5057,#5775,.T.);
#4013=EDGE_CURVE('',#5060,#5058,#5776,.T.);
#4014=EDGE_CURVE('',#5060,#5059,#314,.T.);
#4015=EDGE_CURVE('',#5059,#5061,#5777,.T.);
#4016=EDGE_CURVE('',#5060,#5062,#5778,.T.);
#4017=EDGE_CURVE('',#5062,#5061,#315,.T.);
#4018=EDGE_CURVE('',#5063,#5061,#5779,.T.);
#4019=EDGE_CURVE('',#5064,#5062,#5780,.T.);
#4020=EDGE_CURVE('',#5064,#5063,#316,.T.);
#4021=EDGE_CURVE('',#5063,#5065,#317,.T.);
#4022=EDGE_CURVE('',#5064,#5066,#318,.T.);
#4023=EDGE_CURVE('',#5066,#5065,#319,.T.);
#4024=EDGE_CURVE('',#5065,#5067,#5781,.T.);
#4025=EDGE_CURVE('',#5066,#5068,#5782,.T.);
#4026=EDGE_CURVE('',#5068,#5067,#320,.T.);
#4027=EDGE_CURVE('',#5067,#5069,#5783,.T.);
#4028=EDGE_CURVE('',#5068,#5070,#5784,.T.);
#4029=EDGE_CURVE('',#5070,#5069,#321,.T.);
#4030=EDGE_CURVE('',#5069,#5071,#5785,.T.);
#4031=EDGE_CURVE('',#5070,#5072,#5786,.T.);
#4032=EDGE_CURVE('',#5072,#5071,#322,.T.);
#4033=EDGE_CURVE('',#5071,#5073,#323,.T.);
#4034=EDGE_CURVE('',#5072,#5074,#324,.T.);
#4035=EDGE_CURVE('',#5074,#5073,#325,.T.);
#4036=EDGE_CURVE('',#5075,#5073,#5787,.T.);
#4037=EDGE_CURVE('',#5076,#5074,#5788,.T.);
#4038=EDGE_CURVE('',#5076,#5075,#326,.T.);
#4039=EDGE_CURVE('',#5075,#5077,#5789,.T.);
#4040=EDGE_CURVE('',#5076,#5078,#5790,.T.);
#4041=EDGE_CURVE('',#5078,#5077,#327,.T.);
#4042=EDGE_CURVE('',#5079,#5077,#5791,.T.);
#4043=EDGE_CURVE('',#5080,#5078,#5792,.T.);
#4044=EDGE_CURVE('',#5080,#5079,#328,.T.);
#4045=EDGE_CURVE('',#5079,#5081,#329,.T.);
#4046=EDGE_CURVE('',#5080,#5082,#330,.T.);
#4047=EDGE_CURVE('',#5082,#5081,#331,.T.);
#4048=EDGE_CURVE('',#5081,#5083,#5793,.T.);
#4049=EDGE_CURVE('',#5082,#5084,#5794,.T.);
#4050=EDGE_CURVE('',#5084,#5083,#332,.T.);
#4051=EDGE_CURVE('',#5083,#5085,#5795,.T.);
#4052=EDGE_CURVE('',#5084,#5086,#5796,.T.);
#4053=EDGE_CURVE('',#5086,#5085,#333,.T.);
#4054=EDGE_CURVE('',#5085,#5087,#5797,.T.);
#4055=EDGE_CURVE('',#5086,#5088,#5798,.T.);
#4056=EDGE_CURVE('',#5088,#5087,#334,.T.);
#4057=EDGE_CURVE('',#5087,#5089,#335,.T.);
#4058=EDGE_CURVE('',#5088,#5090,#336,.T.);
#4059=EDGE_CURVE('',#5090,#5089,#337,.T.);
#4060=EDGE_CURVE('',#5091,#5089,#5799,.T.);
#4061=EDGE_CURVE('',#5092,#5090,#5800,.T.);
#4062=EDGE_CURVE('',#5092,#5091,#338,.T.);
#4063=EDGE_CURVE('',#5091,#5093,#5801,.T.);
#4064=EDGE_CURVE('',#5092,#5094,#5802,.T.);
#4065=EDGE_CURVE('',#5094,#5093,#339,.T.);
#4066=EDGE_CURVE('',#5095,#5093,#5803,.T.);
#4067=EDGE_CURVE('',#5096,#5094,#5804,.T.);
#4068=EDGE_CURVE('',#5096,#5095,#340,.T.);
#4069=EDGE_CURVE('',#5095,#5097,#341,.T.);
#4070=EDGE_CURVE('',#5096,#5098,#342,.T.);
#4071=EDGE_CURVE('',#5098,#5097,#343,.T.);
#4072=EDGE_CURVE('',#5097,#5099,#5805,.T.);
#4073=EDGE_CURVE('',#5098,#5100,#5806,.T.);
#4074=EDGE_CURVE('',#5100,#5099,#344,.T.);
#4075=EDGE_CURVE('',#5099,#5101,#5807,.T.);
#4076=EDGE_CURVE('',#5100,#5102,#5808,.T.);
#4077=EDGE_CURVE('',#5102,#5101,#345,.T.);
#4078=EDGE_CURVE('',#5101,#5103,#5809,.T.);
#4079=EDGE_CURVE('',#5102,#5104,#5810,.T.);
#4080=EDGE_CURVE('',#5104,#5103,#346,.T.);
#4081=EDGE_CURVE('',#5103,#5105,#347,.T.);
#4082=EDGE_CURVE('',#5104,#5106,#348,.T.);
#4083=EDGE_CURVE('',#5106,#5105,#349,.T.);
#4084=EDGE_CURVE('',#5107,#5105,#5811,.T.);
#4085=EDGE_CURVE('',#5108,#5106,#5812,.T.);
#4086=EDGE_CURVE('',#5108,#5107,#350,.T.);
#4087=EDGE_CURVE('',#5107,#5109,#5813,.T.);
#4088=EDGE_CURVE('',#5108,#5110,#5814,.T.);
#4089=EDGE_CURVE('',#5110,#5109,#351,.T.);
#4090=EDGE_CURVE('',#5111,#5109,#5815,.T.);
#4091=EDGE_CURVE('',#5112,#5110,#5816,.T.);
#4092=EDGE_CURVE('',#5112,#5111,#352,.T.);
#4093=EDGE_CURVE('',#5111,#5113,#353,.T.);
#4094=EDGE_CURVE('',#5112,#5114,#354,.T.);
#4095=EDGE_CURVE('',#5114,#5113,#355,.T.);
#4096=EDGE_CURVE('',#5113,#5115,#5817,.T.);
#4097=EDGE_CURVE('',#5114,#5116,#5818,.T.);
#4098=EDGE_CURVE('',#5116,#5115,#356,.T.);
#4099=EDGE_CURVE('',#5115,#5117,#5819,.T.);
#4100=EDGE_CURVE('',#5116,#5118,#5820,.T.);
#4101=EDGE_CURVE('',#5118,#5117,#357,.T.);
#4102=EDGE_CURVE('',#5117,#5119,#5821,.T.);
#4103=EDGE_CURVE('',#5118,#5120,#5822,.T.);
#4104=EDGE_CURVE('',#5120,#5119,#358,.T.);
#4105=EDGE_CURVE('',#5119,#5121,#359,.T.);
#4106=EDGE_CURVE('',#5120,#5122,#360,.T.);
#4107=EDGE_CURVE('',#5122,#5121,#361,.T.);
#4108=EDGE_CURVE('',#5123,#5121,#5823,.T.);
#4109=EDGE_CURVE('',#5124,#5122,#5824,.T.);
#4110=EDGE_CURVE('',#5124,#5123,#362,.T.);
#4111=EDGE_CURVE('',#5123,#5125,#5825,.T.);
#4112=EDGE_CURVE('',#5124,#5126,#5826,.T.);
#4113=EDGE_CURVE('',#5126,#5125,#363,.T.);
#4114=EDGE_CURVE('',#5127,#5125,#5827,.T.);
#4115=EDGE_CURVE('',#5128,#5126,#5828,.T.);
#4116=EDGE_CURVE('',#5128,#5127,#364,.T.);
#4117=EDGE_CURVE('',#5127,#5129,#365,.T.);
#4118=EDGE_CURVE('',#5128,#5130,#366,.T.);
#4119=EDGE_CURVE('',#5130,#5129,#367,.T.);
#4120=EDGE_CURVE('',#5129,#5131,#5829,.T.);
#4121=EDGE_CURVE('',#5130,#5132,#5830,.T.);
#4122=EDGE_CURVE('',#5132,#5131,#368,.T.);
#4123=EDGE_CURVE('',#5131,#5133,#5831,.T.);
#4124=EDGE_CURVE('',#5132,#5134,#5832,.T.);
#4125=EDGE_CURVE('',#5134,#5133,#369,.T.);
#4126=EDGE_CURVE('',#5133,#5135,#5833,.T.);
#4127=EDGE_CURVE('',#5134,#5136,#5834,.T.);
#4128=EDGE_CURVE('',#5136,#5135,#370,.T.);
#4129=EDGE_CURVE('',#5135,#5137,#371,.T.);
#4130=EDGE_CURVE('',#5136,#5138,#372,.T.);
#4131=EDGE_CURVE('',#5138,#5137,#373,.T.);
#4132=EDGE_CURVE('',#5139,#5137,#5835,.T.);
#4133=EDGE_CURVE('',#5140,#5138,#5836,.T.);
#4134=EDGE_CURVE('',#5140,#5139,#374,.T.);
#4135=EDGE_CURVE('',#5139,#5141,#5837,.T.);
#4136=EDGE_CURVE('',#5140,#5142,#5838,.T.);
#4137=EDGE_CURVE('',#5142,#5141,#375,.T.);
#4138=EDGE_CURVE('',#5143,#5141,#5839,.T.);
#4139=EDGE_CURVE('',#5144,#5142,#5840,.T.);
#4140=EDGE_CURVE('',#5144,#5143,#376,.T.);
#4141=EDGE_CURVE('',#5143,#5145,#377,.T.);
#4142=EDGE_CURVE('',#5144,#5146,#378,.T.);
#4143=EDGE_CURVE('',#5146,#5145,#379,.T.);
#4144=EDGE_CURVE('',#5145,#5147,#5841,.T.);
#4145=EDGE_CURVE('',#5146,#5148,#5842,.T.);
#4146=EDGE_CURVE('',#5148,#5147,#380,.T.);
#4147=EDGE_CURVE('',#5147,#5149,#5843,.T.);
#4148=EDGE_CURVE('',#5148,#5150,#5844,.T.);
#4149=EDGE_CURVE('',#5150,#5149,#381,.T.);
#4150=EDGE_CURVE('',#5149,#5151,#5845,.T.);
#4151=EDGE_CURVE('',#5150,#5152,#5846,.T.);
#4152=EDGE_CURVE('',#5152,#5151,#382,.T.);
#4153=EDGE_CURVE('',#5151,#5153,#383,.T.);
#4154=EDGE_CURVE('',#5152,#5154,#384,.T.);
#4155=EDGE_CURVE('',#5154,#5153,#385,.T.);
#4156=EDGE_CURVE('',#5155,#5153,#5847,.T.);
#4157=EDGE_CURVE('',#5156,#5154,#5848,.T.);
#4158=EDGE_CURVE('',#5156,#5155,#386,.T.);
#4159=EDGE_CURVE('',#5155,#5157,#5849,.T.);
#4160=EDGE_CURVE('',#5156,#5158,#5850,.T.);
#4161=EDGE_CURVE('',#5158,#5157,#387,.T.);
#4162=EDGE_CURVE('',#5159,#5157,#5851,.T.);
#4163=EDGE_CURVE('',#5160,#5158,#5852,.T.);
#4164=EDGE_CURVE('',#5160,#5159,#388,.T.);
#4165=EDGE_CURVE('',#5159,#5161,#389,.T.);
#4166=EDGE_CURVE('',#5160,#5162,#390,.T.);
#4167=EDGE_CURVE('',#5162,#5161,#391,.T.);
#4168=EDGE_CURVE('',#5161,#5163,#5853,.T.);
#4169=EDGE_CURVE('',#5162,#5164,#5854,.T.);
#4170=EDGE_CURVE('',#5164,#5163,#392,.T.);
#4171=EDGE_CURVE('',#5163,#5165,#5855,.T.);
#4172=EDGE_CURVE('',#5164,#5166,#5856,.T.);
#4173=EDGE_CURVE('',#5166,#5165,#393,.T.);
#4174=EDGE_CURVE('',#5165,#5167,#5857,.T.);
#4175=EDGE_CURVE('',#5166,#5168,#5858,.T.);
#4176=EDGE_CURVE('',#5168,#5167,#394,.T.);
#4177=EDGE_CURVE('',#5167,#5169,#395,.T.);
#4178=EDGE_CURVE('',#5168,#5170,#396,.T.);
#4179=EDGE_CURVE('',#5170,#5169,#397,.T.);
#4180=EDGE_CURVE('',#5171,#5169,#5859,.T.);
#4181=EDGE_CURVE('',#5172,#5170,#5860,.T.);
#4182=EDGE_CURVE('',#5172,#5171,#398,.T.);
#4183=EDGE_CURVE('',#5171,#5173,#5861,.T.);
#4184=EDGE_CURVE('',#5172,#5174,#5862,.T.);
#4185=EDGE_CURVE('',#5174,#5173,#399,.T.);
#4186=EDGE_CURVE('',#5175,#5173,#5863,.T.);
#4187=EDGE_CURVE('',#5176,#5174,#5864,.T.);
#4188=EDGE_CURVE('',#5176,#5175,#400,.T.);
#4189=EDGE_CURVE('',#5175,#5177,#401,.T.);
#4190=EDGE_CURVE('',#5176,#5178,#402,.T.);
#4191=EDGE_CURVE('',#5178,#5177,#403,.T.);
#4192=EDGE_CURVE('',#5177,#5179,#5865,.T.);
#4193=EDGE_CURVE('',#5178,#5180,#5866,.T.);
#4194=EDGE_CURVE('',#5180,#5179,#404,.T.);
#4195=EDGE_CURVE('',#5179,#5181,#5867,.T.);
#4196=EDGE_CURVE('',#5180,#5182,#5868,.T.);
#4197=EDGE_CURVE('',#5182,#5181,#405,.T.);
#4198=EDGE_CURVE('',#5181,#5183,#5869,.T.);
#4199=EDGE_CURVE('',#5182,#5184,#5870,.T.);
#4200=EDGE_CURVE('',#5184,#5183,#406,.T.);
#4201=EDGE_CURVE('',#5183,#5185,#407,.T.);
#4202=EDGE_CURVE('',#5184,#5186,#408,.T.);
#4203=EDGE_CURVE('',#5186,#5185,#409,.T.);
#4204=EDGE_CURVE('',#5187,#5185,#5871,.T.);
#4205=EDGE_CURVE('',#5188,#5186,#5872,.T.);
#4206=EDGE_CURVE('',#5188,#5187,#410,.T.);
#4207=EDGE_CURVE('',#5187,#5189,#5873,.T.);
#4208=EDGE_CURVE('',#5188,#5190,#5874,.T.);
#4209=EDGE_CURVE('',#5190,#5189,#411,.T.);
#4210=EDGE_CURVE('',#5191,#5189,#5875,.T.);
#4211=EDGE_CURVE('',#5192,#5190,#5876,.T.);
#4212=EDGE_CURVE('',#5192,#5191,#412,.T.);
#4213=EDGE_CURVE('',#5191,#5193,#413,.T.);
#4214=EDGE_CURVE('',#5192,#5194,#414,.T.);
#4215=EDGE_CURVE('',#5194,#5193,#415,.T.);
#4216=EDGE_CURVE('',#5193,#5195,#5877,.T.);
#4217=EDGE_CURVE('',#5194,#5196,#5878,.T.);
#4218=EDGE_CURVE('',#5196,#5195,#416,.T.);
#4219=EDGE_CURVE('',#5195,#5197,#5879,.T.);
#4220=EDGE_CURVE('',#5196,#5198,#5880,.T.);
#4221=EDGE_CURVE('',#5198,#5197,#417,.T.);
#4222=EDGE_CURVE('',#5197,#5199,#5881,.T.);
#4223=EDGE_CURVE('',#5198,#5200,#5882,.T.);
#4224=EDGE_CURVE('',#5200,#5199,#418,.T.);
#4225=EDGE_CURVE('',#5199,#5201,#419,.T.);
#4226=EDGE_CURVE('',#5200,#5202,#420,.T.);
#4227=EDGE_CURVE('',#5202,#5201,#421,.T.);
#4228=EDGE_CURVE('',#5203,#5201,#5883,.T.);
#4229=EDGE_CURVE('',#5204,#5202,#5884,.T.);
#4230=EDGE_CURVE('',#5204,#5203,#422,.T.);
#4231=EDGE_CURVE('',#5203,#5205,#5885,.T.);
#4232=EDGE_CURVE('',#5204,#5206,#5886,.T.);
#4233=EDGE_CURVE('',#5206,#5205,#423,.T.);
#4234=EDGE_CURVE('',#5207,#5205,#5887,.T.);
#4235=EDGE_CURVE('',#5208,#5206,#5888,.T.);
#4236=EDGE_CURVE('',#5208,#5207,#424,.T.);
#4237=EDGE_CURVE('',#5207,#5209,#425,.T.);
#4238=EDGE_CURVE('',#5208,#5210,#426,.T.);
#4239=EDGE_CURVE('',#5210,#5209,#427,.T.);
#4240=EDGE_CURVE('',#5209,#5211,#5889,.T.);
#4241=EDGE_CURVE('',#5210,#5212,#5890,.T.);
#4242=EDGE_CURVE('',#5212,#5211,#428,.T.);
#4243=EDGE_CURVE('',#5211,#5213,#5891,.T.);
#4244=EDGE_CURVE('',#5212,#5214,#5892,.T.);
#4245=EDGE_CURVE('',#5214,#5213,#429,.T.);
#4246=EDGE_CURVE('',#5213,#5215,#5893,.T.);
#4247=EDGE_CURVE('',#5214,#5216,#5894,.T.);
#4248=EDGE_CURVE('',#5216,#5215,#430,.T.);
#4249=EDGE_CURVE('',#5215,#5217,#431,.T.);
#4250=EDGE_CURVE('',#5216,#5218,#432,.T.);
#4251=EDGE_CURVE('',#5218,#5217,#433,.T.);
#4252=EDGE_CURVE('',#5219,#5217,#5895,.T.);
#4253=EDGE_CURVE('',#5220,#5218,#5896,.T.);
#4254=EDGE_CURVE('',#5220,#5219,#434,.T.);
#4255=EDGE_CURVE('',#5219,#5221,#5897,.T.);
#4256=EDGE_CURVE('',#5220,#5222,#5898,.T.);
#4257=EDGE_CURVE('',#5222,#5221,#435,.T.);
#4258=EDGE_CURVE('',#5223,#5221,#5899,.T.);
#4259=EDGE_CURVE('',#5224,#5222,#5900,.T.);
#4260=EDGE_CURVE('',#5224,#5223,#436,.T.);
#4261=EDGE_CURVE('',#5223,#5225,#437,.T.);
#4262=EDGE_CURVE('',#5224,#5226,#438,.T.);
#4263=EDGE_CURVE('',#5226,#5225,#439,.T.);
#4264=EDGE_CURVE('',#5225,#5227,#5901,.T.);
#4265=EDGE_CURVE('',#5226,#5228,#5902,.T.);
#4266=EDGE_CURVE('',#5228,#5227,#440,.T.);
#4267=EDGE_CURVE('',#5227,#5229,#5903,.T.);
#4268=EDGE_CURVE('',#5228,#5230,#5904,.T.);
#4269=EDGE_CURVE('',#5230,#5229,#441,.T.);
#4270=EDGE_CURVE('',#5229,#5231,#5905,.T.);
#4271=EDGE_CURVE('',#5230,#5232,#5906,.T.);
#4272=EDGE_CURVE('',#5232,#5231,#442,.T.);
#4273=EDGE_CURVE('',#5231,#5233,#443,.T.);
#4274=EDGE_CURVE('',#5232,#5234,#444,.T.);
#4275=EDGE_CURVE('',#5234,#5233,#445,.T.);
#4276=EDGE_CURVE('',#5235,#5233,#5907,.T.);
#4277=EDGE_CURVE('',#5236,#5234,#5908,.T.);
#4278=EDGE_CURVE('',#5236,#5235,#446,.T.);
#4279=EDGE_CURVE('',#5235,#5237,#5909,.T.);
#4280=EDGE_CURVE('',#5236,#5238,#5910,.T.);
#4281=EDGE_CURVE('',#5238,#5237,#447,.T.);
#4282=EDGE_CURVE('',#5239,#5237,#5911,.T.);
#4283=EDGE_CURVE('',#5240,#5238,#5912,.T.);
#4284=EDGE_CURVE('',#5240,#5239,#448,.T.);
#4285=EDGE_CURVE('',#5239,#5241,#449,.T.);
#4286=EDGE_CURVE('',#5240,#5242,#450,.T.);
#4287=EDGE_CURVE('',#5242,#5241,#451,.T.);
#4288=EDGE_CURVE('',#5241,#5243,#5913,.T.);
#4289=EDGE_CURVE('',#5242,#5244,#5914,.T.);
#4290=EDGE_CURVE('',#5244,#5243,#452,.T.);
#4291=EDGE_CURVE('',#5243,#5245,#5915,.T.);
#4292=EDGE_CURVE('',#5244,#5246,#5916,.T.);
#4293=EDGE_CURVE('',#5246,#5245,#453,.T.);
#4294=EDGE_CURVE('',#5245,#5247,#5917,.T.);
#4295=EDGE_CURVE('',#5246,#5248,#5918,.T.);
#4296=EDGE_CURVE('',#5248,#5247,#454,.T.);
#4297=EDGE_CURVE('',#5247,#5249,#455,.T.);
#4298=EDGE_CURVE('',#5248,#5250,#456,.T.);
#4299=EDGE_CURVE('',#5250,#5249,#457,.T.);
#4300=EDGE_CURVE('',#5251,#5249,#5919,.T.);
#4301=EDGE_CURVE('',#5252,#5250,#5920,.T.);
#4302=EDGE_CURVE('',#5252,#5251,#458,.T.);
#4303=EDGE_CURVE('',#5251,#5253,#5921,.T.);
#4304=EDGE_CURVE('',#5252,#5254,#5922,.T.);
#4305=EDGE_CURVE('',#5254,#5253,#459,.T.);
#4306=EDGE_CURVE('',#5255,#5253,#5923,.T.);
#4307=EDGE_CURVE('',#5256,#5254,#5924,.T.);
#4308=EDGE_CURVE('',#5256,#5255,#460,.T.);
#4309=EDGE_CURVE('',#5255,#5257,#461,.T.);
#4310=EDGE_CURVE('',#5256,#5258,#462,.T.);
#4311=EDGE_CURVE('',#5258,#5257,#463,.T.);
#4312=EDGE_CURVE('',#5257,#5259,#5925,.T.);
#4313=EDGE_CURVE('',#5258,#5260,#5926,.T.);
#4314=EDGE_CURVE('',#5260,#5259,#464,.T.);
#4315=EDGE_CURVE('',#5259,#5261,#5927,.T.);
#4316=EDGE_CURVE('',#5260,#5262,#5928,.T.);
#4317=EDGE_CURVE('',#5262,#5261,#465,.T.);
#4318=EDGE_CURVE('',#5261,#5263,#5929,.T.);
#4319=EDGE_CURVE('',#5262,#5264,#5930,.T.);
#4320=EDGE_CURVE('',#5264,#5263,#466,.T.);
#4321=EDGE_CURVE('',#5263,#5265,#467,.T.);
#4322=EDGE_CURVE('',#5264,#5266,#468,.T.);
#4323=EDGE_CURVE('',#5266,#5265,#469,.T.);
#4324=EDGE_CURVE('',#5267,#5265,#5931,.T.);
#4325=EDGE_CURVE('',#5268,#5266,#5932,.T.);
#4326=EDGE_CURVE('',#5268,#5267,#470,.T.);
#4327=EDGE_CURVE('',#5267,#5269,#5933,.T.);
#4328=EDGE_CURVE('',#5268,#5270,#5934,.T.);
#4329=EDGE_CURVE('',#5270,#5269,#471,.T.);
#4330=EDGE_CURVE('',#5271,#5269,#5935,.T.);
#4331=EDGE_CURVE('',#5272,#5270,#5936,.T.);
#4332=EDGE_CURVE('',#5272,#5271,#472,.T.);
#4333=EDGE_CURVE('',#5271,#5273,#473,.T.);
#4334=EDGE_CURVE('',#5272,#5274,#474,.T.);
#4335=EDGE_CURVE('',#5274,#5273,#475,.T.);
#4336=EDGE_CURVE('',#5273,#5275,#5937,.T.);
#4337=EDGE_CURVE('',#5274,#5276,#5938,.T.);
#4338=EDGE_CURVE('',#5276,#5275,#476,.T.);
#4339=EDGE_CURVE('',#5275,#5277,#5939,.T.);
#4340=EDGE_CURVE('',#5276,#5278,#5940,.T.);
#4341=EDGE_CURVE('',#5278,#5277,#477,.T.);
#4342=EDGE_CURVE('',#5277,#5279,#5941,.T.);
#4343=EDGE_CURVE('',#5278,#5280,#5942,.T.);
#4344=EDGE_CURVE('',#5280,#5279,#478,.T.);
#4345=EDGE_CURVE('',#5279,#5281,#479,.T.);
#4346=EDGE_CURVE('',#5280,#5282,#480,.T.);
#4347=EDGE_CURVE('',#5282,#5281,#481,.T.);
#4348=EDGE_CURVE('',#5283,#5281,#5943,.T.);
#4349=EDGE_CURVE('',#5284,#5282,#5944,.T.);
#4350=EDGE_CURVE('',#5284,#5283,#482,.T.);
#4351=EDGE_CURVE('',#5283,#5285,#5945,.T.);
#4352=EDGE_CURVE('',#5284,#5286,#5946,.T.);
#4353=EDGE_CURVE('',#5286,#5285,#483,.T.);
#4354=EDGE_CURVE('',#5287,#5285,#5947,.T.);
#4355=EDGE_CURVE('',#5288,#5286,#5948,.T.);
#4356=EDGE_CURVE('',#5288,#5287,#484,.T.);
#4357=EDGE_CURVE('',#5287,#5289,#485,.T.);
#4358=EDGE_CURVE('',#5288,#5290,#486,.T.);
#4359=EDGE_CURVE('',#5290,#5289,#487,.T.);
#4360=EDGE_CURVE('',#5289,#5291,#5949,.T.);
#4361=EDGE_CURVE('',#5290,#5292,#5950,.T.);
#4362=EDGE_CURVE('',#5292,#5291,#488,.T.);
#4363=EDGE_CURVE('',#5291,#5293,#5951,.T.);
#4364=EDGE_CURVE('',#5292,#5294,#5952,.T.);
#4365=EDGE_CURVE('',#5294,#5293,#489,.T.);
#4366=EDGE_CURVE('',#5293,#5295,#5953,.T.);
#4367=EDGE_CURVE('',#5294,#5296,#5954,.T.);
#4368=EDGE_CURVE('',#5296,#5295,#490,.T.);
#4369=EDGE_CURVE('',#5295,#5297,#491,.T.);
#4370=EDGE_CURVE('',#5296,#5298,#492,.T.);
#4371=EDGE_CURVE('',#5298,#5297,#493,.T.);
#4372=EDGE_CURVE('',#5299,#5297,#5955,.T.);
#4373=EDGE_CURVE('',#5300,#5298,#5956,.T.);
#4374=EDGE_CURVE('',#5300,#5299,#494,.T.);
#4375=EDGE_CURVE('',#5299,#5301,#5957,.T.);
#4376=EDGE_CURVE('',#5300,#5302,#5958,.T.);
#4377=EDGE_CURVE('',#5302,#5301,#495,.T.);
#4378=EDGE_CURVE('',#5303,#5301,#5959,.T.);
#4379=EDGE_CURVE('',#5304,#5302,#5960,.T.);
#4380=EDGE_CURVE('',#5304,#5303,#496,.T.);
#4381=EDGE_CURVE('',#5303,#5305,#497,.T.);
#4382=EDGE_CURVE('',#5304,#5306,#498,.T.);
#4383=EDGE_CURVE('',#5306,#5305,#499,.T.);
#4384=EDGE_CURVE('',#5305,#5307,#5961,.T.);
#4385=EDGE_CURVE('',#5306,#5308,#5962,.T.);
#4386=EDGE_CURVE('',#5308,#5307,#500,.T.);
#4387=EDGE_CURVE('',#5307,#5309,#5963,.T.);
#4388=EDGE_CURVE('',#5308,#5310,#5964,.T.);
#4389=EDGE_CURVE('',#5310,#5309,#501,.T.);
#4390=EDGE_CURVE('',#5309,#5311,#5965,.T.);
#4391=EDGE_CURVE('',#5310,#5312,#5966,.T.);
#4392=EDGE_CURVE('',#5312,#5311,#502,.T.);
#4393=EDGE_CURVE('',#5311,#5313,#503,.T.);
#4394=EDGE_CURVE('',#5312,#5314,#504,.T.);
#4395=EDGE_CURVE('',#5314,#5313,#505,.T.);
#4396=EDGE_CURVE('',#5315,#5313,#5967,.T.);
#4397=EDGE_CURVE('',#5316,#5314,#5968,.T.);
#4398=EDGE_CURVE('',#5316,#5315,#506,.T.);
#4399=EDGE_CURVE('',#5315,#5317,#5969,.T.);
#4400=EDGE_CURVE('',#5316,#5318,#5970,.T.);
#4401=EDGE_CURVE('',#5318,#5317,#507,.T.);
#4402=EDGE_CURVE('',#5319,#5317,#5971,.T.);
#4403=EDGE_CURVE('',#5320,#5318,#5972,.T.);
#4404=EDGE_CURVE('',#5320,#5319,#508,.T.);
#4405=EDGE_CURVE('',#5319,#5321,#509,.T.);
#4406=EDGE_CURVE('',#5320,#5322,#510,.T.);
#4407=EDGE_CURVE('',#5322,#5321,#511,.T.);
#4408=EDGE_CURVE('',#5321,#5323,#5973,.T.);
#4409=EDGE_CURVE('',#5322,#5324,#5974,.T.);
#4410=EDGE_CURVE('',#5324,#5323,#512,.T.);
#4411=EDGE_CURVE('',#5323,#5325,#5975,.T.);
#4412=EDGE_CURVE('',#5324,#5326,#5976,.T.);
#4413=EDGE_CURVE('',#5326,#5325,#513,.T.);
#4414=EDGE_CURVE('',#5325,#5327,#5977,.T.);
#4415=EDGE_CURVE('',#5326,#5328,#5978,.T.);
#4416=EDGE_CURVE('',#5328,#5327,#514,.T.);
#4417=EDGE_CURVE('',#5327,#5329,#515,.T.);
#4418=EDGE_CURVE('',#5328,#5330,#516,.T.);
#4419=EDGE_CURVE('',#5330,#5329,#517,.T.);
#4420=EDGE_CURVE('',#5331,#5329,#5979,.T.);
#4421=EDGE_CURVE('',#5332,#5330,#5980,.T.);
#4422=EDGE_CURVE('',#5332,#5331,#518,.T.);
#4423=EDGE_CURVE('',#5331,#5333,#5981,.T.);
#4424=EDGE_CURVE('',#5332,#5334,#5982,.T.);
#4425=EDGE_CURVE('',#5334,#5333,#519,.T.);
#4426=EDGE_CURVE('',#5335,#5333,#5983,.T.);
#4427=EDGE_CURVE('',#5336,#5334,#5984,.T.);
#4428=EDGE_CURVE('',#5336,#5335,#520,.T.);
#4429=EDGE_CURVE('',#5335,#5337,#521,.T.);
#4430=EDGE_CURVE('',#5336,#5338,#522,.T.);
#4431=EDGE_CURVE('',#5338,#5337,#523,.T.);
#4432=EDGE_CURVE('',#5337,#5339,#5985,.T.);
#4433=EDGE_CURVE('',#5338,#5340,#5986,.T.);
#4434=EDGE_CURVE('',#5340,#5339,#524,.T.);
#4435=EDGE_CURVE('',#5339,#5341,#5987,.T.);
#4436=EDGE_CURVE('',#5340,#5342,#5988,.T.);
#4437=EDGE_CURVE('',#5342,#5341,#525,.T.);
#4438=EDGE_CURVE('',#5341,#5343,#5989,.T.);
#4439=EDGE_CURVE('',#5342,#5344,#5990,.T.);
#4440=EDGE_CURVE('',#5344,#5343,#526,.T.);
#4441=EDGE_CURVE('',#5343,#5345,#527,.T.);
#4442=EDGE_CURVE('',#5344,#5346,#528,.T.);
#4443=EDGE_CURVE('',#5346,#5345,#529,.T.);
#4444=EDGE_CURVE('',#5347,#5345,#5991,.T.);
#4445=EDGE_CURVE('',#5348,#5346,#5992,.T.);
#4446=EDGE_CURVE('',#5348,#5347,#530,.T.);
#4447=EDGE_CURVE('',#5347,#5349,#5993,.T.);
#4448=EDGE_CURVE('',#5348,#5350,#5994,.T.);
#4449=EDGE_CURVE('',#5350,#5349,#531,.T.);
#4450=EDGE_CURVE('',#5351,#5349,#5995,.T.);
#4451=EDGE_CURVE('',#5352,#5350,#5996,.T.);
#4452=EDGE_CURVE('',#5352,#5351,#532,.T.);
#4453=EDGE_CURVE('',#5351,#5353,#533,.T.);
#4454=EDGE_CURVE('',#5352,#5354,#534,.T.);
#4455=EDGE_CURVE('',#5354,#5353,#535,.T.);
#4456=EDGE_CURVE('',#5353,#5355,#5997,.T.);
#4457=EDGE_CURVE('',#5354,#5356,#5998,.T.);
#4458=EDGE_CURVE('',#5356,#5355,#536,.T.);
#4459=EDGE_CURVE('',#5355,#5357,#5999,.T.);
#4460=EDGE_CURVE('',#5356,#5358,#6000,.T.);
#4461=EDGE_CURVE('',#5358,#5357,#537,.T.);
#4462=EDGE_CURVE('',#5357,#5359,#6001,.T.);
#4463=EDGE_CURVE('',#5358,#5360,#6002,.T.);
#4464=EDGE_CURVE('',#5360,#5359,#538,.T.);
#4465=EDGE_CURVE('',#5359,#5361,#539,.T.);
#4466=EDGE_CURVE('',#5360,#5362,#540,.T.);
#4467=EDGE_CURVE('',#5362,#5361,#541,.T.);
#4468=EDGE_CURVE('',#5363,#5361,#6003,.T.);
#4469=EDGE_CURVE('',#5364,#5362,#6004,.T.);
#4470=EDGE_CURVE('',#5364,#5363,#542,.T.);
#4471=EDGE_CURVE('',#5363,#5365,#6005,.T.);
#4472=EDGE_CURVE('',#5364,#5366,#6006,.T.);
#4473=EDGE_CURVE('',#5366,#5365,#543,.T.);
#4474=EDGE_CURVE('',#5367,#5365,#6007,.T.);
#4475=EDGE_CURVE('',#5368,#5366,#6008,.T.);
#4476=EDGE_CURVE('',#5368,#5367,#544,.T.);
#4477=EDGE_CURVE('',#5367,#5369,#545,.T.);
#4478=EDGE_CURVE('',#5368,#5370,#546,.T.);
#4479=EDGE_CURVE('',#5370,#5369,#547,.T.);
#4480=EDGE_CURVE('',#5369,#5371,#6009,.T.);
#4481=EDGE_CURVE('',#5370,#5372,#6010,.T.);
#4482=EDGE_CURVE('',#5372,#5371,#548,.T.);
#4483=EDGE_CURVE('',#5371,#5373,#6011,.T.);
#4484=EDGE_CURVE('',#5372,#5374,#6012,.T.);
#4485=EDGE_CURVE('',#5374,#5373,#549,.T.);
#4486=EDGE_CURVE('',#5373,#5375,#6013,.T.);
#4487=EDGE_CURVE('',#5374,#5376,#6014,.T.);
#4488=EDGE_CURVE('',#5376,#5375,#550,.T.);
#4489=EDGE_CURVE('',#5375,#5377,#551,.T.);
#4490=EDGE_CURVE('',#5376,#5378,#552,.T.);
#4491=EDGE_CURVE('',#5378,#5377,#553,.T.);
#4492=EDGE_CURVE('',#5379,#5377,#6015,.T.);
#4493=EDGE_CURVE('',#5380,#5378,#6016,.T.);
#4494=EDGE_CURVE('',#5380,#5379,#554,.T.);
#4495=EDGE_CURVE('',#5379,#5381,#6017,.T.);
#4496=EDGE_CURVE('',#5380,#5382,#6018,.T.);
#4497=EDGE_CURVE('',#5382,#5381,#555,.T.);
#4498=EDGE_CURVE('',#5383,#5381,#6019,.T.);
#4499=EDGE_CURVE('',#5384,#5382,#6020,.T.);
#4500=EDGE_CURVE('',#5384,#5383,#556,.T.);
#4501=EDGE_CURVE('',#5383,#5385,#557,.T.);
#4502=EDGE_CURVE('',#5384,#5386,#558,.T.);
#4503=EDGE_CURVE('',#5386,#5385,#559,.T.);
#4504=EDGE_CURVE('',#5385,#5387,#6021,.T.);
#4505=EDGE_CURVE('',#5386,#5388,#6022,.T.);
#4506=EDGE_CURVE('',#5388,#5387,#560,.T.);
#4507=EDGE_CURVE('',#5387,#5389,#6023,.T.);
#4508=EDGE_CURVE('',#5388,#5390,#6024,.T.);
#4509=EDGE_CURVE('',#5390,#5389,#561,.T.);
#4510=EDGE_CURVE('',#5389,#5391,#6025,.T.);
#4511=EDGE_CURVE('',#5390,#5392,#6026,.T.);
#4512=EDGE_CURVE('',#5392,#5391,#562,.T.);
#4513=EDGE_CURVE('',#5391,#5393,#563,.T.);
#4514=EDGE_CURVE('',#5392,#5394,#564,.T.);
#4515=EDGE_CURVE('',#5394,#5393,#565,.T.);
#4516=EDGE_CURVE('',#5395,#5393,#6027,.T.);
#4517=EDGE_CURVE('',#5396,#5394,#6028,.T.);
#4518=EDGE_CURVE('',#5396,#5395,#566,.T.);
#4519=EDGE_CURVE('',#5395,#5397,#6029,.T.);
#4520=EDGE_CURVE('',#5396,#5398,#6030,.T.);
#4521=EDGE_CURVE('',#5398,#5397,#567,.T.);
#4522=EDGE_CURVE('',#5399,#5397,#6031,.T.);
#4523=EDGE_CURVE('',#5400,#5398,#6032,.T.);
#4524=EDGE_CURVE('',#5400,#5399,#568,.T.);
#4525=EDGE_CURVE('',#5399,#5401,#569,.T.);
#4526=EDGE_CURVE('',#5400,#5402,#570,.T.);
#4527=EDGE_CURVE('',#5402,#5401,#571,.T.);
#4528=EDGE_CURVE('',#5401,#5403,#6033,.T.);
#4529=EDGE_CURVE('',#5402,#5404,#6034,.T.);
#4530=EDGE_CURVE('',#5404,#5403,#572,.T.);
#4531=EDGE_CURVE('',#5403,#5405,#6035,.T.);
#4532=EDGE_CURVE('',#5404,#5406,#6036,.T.);
#4533=EDGE_CURVE('',#5406,#5405,#573,.T.);
#4534=EDGE_CURVE('',#5405,#5407,#6037,.T.);
#4535=EDGE_CURVE('',#5406,#5408,#6038,.T.);
#4536=EDGE_CURVE('',#5408,#5407,#574,.T.);
#4537=EDGE_CURVE('',#5407,#5409,#575,.T.);
#4538=EDGE_CURVE('',#5408,#5410,#576,.T.);
#4539=EDGE_CURVE('',#5410,#5409,#577,.T.);
#4540=EDGE_CURVE('',#5411,#5409,#6039,.T.);
#4541=EDGE_CURVE('',#5412,#5410,#6040,.T.);
#4542=EDGE_CURVE('',#5412,#5411,#578,.T.);
#4543=EDGE_CURVE('',#5411,#5413,#6041,.T.);
#4544=EDGE_CURVE('',#5412,#5414,#6042,.T.);
#4545=EDGE_CURVE('',#5414,#5413,#579,.T.);
#4546=EDGE_CURVE('',#5415,#5413,#6043,.T.);
#4547=EDGE_CURVE('',#5416,#5414,#6044,.T.);
#4548=EDGE_CURVE('',#5416,#5415,#580,.T.);
#4549=EDGE_CURVE('',#5415,#5417,#581,.T.);
#4550=EDGE_CURVE('',#5416,#5418,#582,.T.);
#4551=EDGE_CURVE('',#5418,#5417,#583,.T.);
#4552=EDGE_CURVE('',#5417,#5419,#6045,.T.);
#4553=EDGE_CURVE('',#5418,#5420,#6046,.T.);
#4554=EDGE_CURVE('',#5420,#5419,#584,.T.);
#4555=EDGE_CURVE('',#5419,#5421,#6047,.T.);
#4556=EDGE_CURVE('',#5420,#5422,#6048,.T.);
#4557=EDGE_CURVE('',#5422,#5421,#585,.T.);
#4558=EDGE_CURVE('',#5421,#5423,#6049,.T.);
#4559=EDGE_CURVE('',#5422,#5424,#6050,.T.);
#4560=EDGE_CURVE('',#5424,#5423,#586,.T.);
#4561=EDGE_CURVE('',#5423,#5425,#587,.T.);
#4562=EDGE_CURVE('',#5424,#5426,#588,.T.);
#4563=EDGE_CURVE('',#5426,#5425,#589,.T.);
#4564=EDGE_CURVE('',#5427,#5425,#6051,.T.);
#4565=EDGE_CURVE('',#5428,#5426,#6052,.T.);
#4566=EDGE_CURVE('',#5428,#5427,#590,.T.);
#4567=EDGE_CURVE('',#5427,#5429,#6053,.T.);
#4568=EDGE_CURVE('',#5428,#5430,#6054,.T.);
#4569=EDGE_CURVE('',#5430,#5429,#591,.T.);
#4570=EDGE_CURVE('',#5431,#5429,#6055,.T.);
#4571=EDGE_CURVE('',#5432,#5430,#6056,.T.);
#4572=EDGE_CURVE('',#5432,#5431,#592,.T.);
#4573=EDGE_CURVE('',#5431,#5433,#593,.T.);
#4574=EDGE_CURVE('',#5432,#5434,#594,.T.);
#4575=EDGE_CURVE('',#5434,#5433,#595,.T.);
#4576=EDGE_CURVE('',#5433,#5435,#6057,.T.);
#4577=EDGE_CURVE('',#5434,#5436,#6058,.T.);
#4578=EDGE_CURVE('',#5436,#5435,#596,.T.);
#4579=EDGE_CURVE('',#5435,#5437,#6059,.T.);
#4580=EDGE_CURVE('',#5436,#5438,#6060,.T.);
#4581=EDGE_CURVE('',#5438,#5437,#597,.T.);
#4582=EDGE_CURVE('',#5437,#5439,#6061,.T.);
#4583=EDGE_CURVE('',#5438,#5440,#6062,.T.);
#4584=EDGE_CURVE('',#5440,#5439,#598,.T.);
#4585=EDGE_CURVE('',#5439,#5441,#599,.T.);
#4586=EDGE_CURVE('',#5440,#5442,#600,.T.);
#4587=EDGE_CURVE('',#5442,#5441,#601,.T.);
#4588=EDGE_CURVE('',#5443,#5441,#6063,.T.);
#4589=EDGE_CURVE('',#5444,#5442,#6064,.T.);
#4590=EDGE_CURVE('',#5444,#5443,#602,.T.);
#4591=EDGE_CURVE('',#5443,#5445,#6065,.T.);
#4592=EDGE_CURVE('',#5444,#5446,#6066,.T.);
#4593=EDGE_CURVE('',#5446,#5445,#603,.T.);
#4594=EDGE_CURVE('',#5447,#5445,#6067,.T.);
#4595=EDGE_CURVE('',#5448,#5446,#6068,.T.);
#4596=EDGE_CURVE('',#5448,#5447,#604,.T.);
#4597=EDGE_CURVE('',#5447,#5449,#605,.T.);
#4598=EDGE_CURVE('',#5448,#5450,#606,.T.);
#4599=EDGE_CURVE('',#5450,#5449,#607,.T.);
#4600=EDGE_CURVE('',#5449,#5451,#6069,.T.);
#4601=EDGE_CURVE('',#5450,#5452,#6070,.T.);
#4602=EDGE_CURVE('',#5452,#5451,#608,.T.);
#4603=EDGE_CURVE('',#5451,#5453,#6071,.T.);
#4604=EDGE_CURVE('',#5452,#5454,#6072,.T.);
#4605=EDGE_CURVE('',#5454,#5453,#609,.T.);
#4606=EDGE_CURVE('',#5453,#5455,#6073,.T.);
#4607=EDGE_CURVE('',#5454,#5456,#6074,.T.);
#4608=EDGE_CURVE('',#5456,#5455,#610,.T.);
#4609=EDGE_CURVE('',#5455,#5457,#611,.T.);
#4610=EDGE_CURVE('',#5456,#5458,#612,.T.);
#4611=EDGE_CURVE('',#5458,#5457,#613,.T.);
#4612=EDGE_CURVE('',#5459,#5457,#6075,.T.);
#4613=EDGE_CURVE('',#5460,#5458,#6076,.T.);
#4614=EDGE_CURVE('',#5460,#5459,#614,.T.);
#4615=EDGE_CURVE('',#5459,#5461,#6077,.T.);
#4616=EDGE_CURVE('',#5460,#5462,#6078,.T.);
#4617=EDGE_CURVE('',#5462,#5461,#615,.T.);
#4618=EDGE_CURVE('',#5463,#5461,#6079,.T.);
#4619=EDGE_CURVE('',#5464,#5462,#6080,.T.);
#4620=EDGE_CURVE('',#5464,#5463,#616,.T.);
#4621=EDGE_CURVE('',#5463,#5465,#617,.T.);
#4622=EDGE_CURVE('',#5464,#5466,#618,.T.);
#4623=EDGE_CURVE('',#5466,#5465,#619,.T.);
#4624=EDGE_CURVE('',#5465,#5467,#6081,.T.);
#4625=EDGE_CURVE('',#5466,#5468,#6082,.T.);
#4626=EDGE_CURVE('',#5468,#5467,#620,.T.);
#4627=EDGE_CURVE('',#5467,#5469,#6083,.T.);
#4628=EDGE_CURVE('',#5468,#5470,#6084,.T.);
#4629=EDGE_CURVE('',#5470,#5469,#621,.T.);
#4630=EDGE_CURVE('',#5469,#5471,#6085,.T.);
#4631=EDGE_CURVE('',#5470,#5472,#6086,.T.);
#4632=EDGE_CURVE('',#5472,#5471,#622,.T.);
#4633=EDGE_CURVE('',#5471,#5473,#623,.T.);
#4634=EDGE_CURVE('',#5472,#5474,#624,.T.);
#4635=EDGE_CURVE('',#5474,#5473,#625,.T.);
#4636=EDGE_CURVE('',#5475,#5473,#6087,.T.);
#4637=EDGE_CURVE('',#5476,#5474,#6088,.T.);
#4638=EDGE_CURVE('',#5476,#5475,#626,.T.);
#4639=EDGE_CURVE('',#5475,#5477,#6089,.T.);
#4640=EDGE_CURVE('',#5476,#5478,#6090,.T.);
#4641=EDGE_CURVE('',#5478,#5477,#627,.T.);
#4642=EDGE_CURVE('',#5479,#5477,#6091,.T.);
#4643=EDGE_CURVE('',#5480,#5478,#6092,.T.);
#4644=EDGE_CURVE('',#5480,#5479,#628,.T.);
#4645=EDGE_CURVE('',#5479,#5481,#629,.T.);
#4646=EDGE_CURVE('',#5480,#5482,#630,.T.);
#4647=EDGE_CURVE('',#5482,#5481,#631,.T.);
#4648=EDGE_CURVE('',#5481,#5483,#6093,.T.);
#4649=EDGE_CURVE('',#5482,#5484,#6094,.T.);
#4650=EDGE_CURVE('',#5484,#5483,#632,.T.);
#4651=EDGE_CURVE('',#5483,#5485,#6095,.T.);
#4652=EDGE_CURVE('',#5484,#5486,#6096,.T.);
#4653=EDGE_CURVE('',#5486,#5485,#633,.T.);
#4654=EDGE_CURVE('',#5485,#5487,#6097,.T.);
#4655=EDGE_CURVE('',#5486,#5488,#6098,.T.);
#4656=EDGE_CURVE('',#5488,#5487,#634,.T.);
#4657=EDGE_CURVE('',#5487,#5489,#635,.T.);
#4658=EDGE_CURVE('',#5488,#5490,#636,.T.);
#4659=EDGE_CURVE('',#5490,#5489,#637,.T.);
#4660=EDGE_CURVE('',#5491,#5489,#6099,.T.);
#4661=EDGE_CURVE('',#5492,#5490,#6100,.T.);
#4662=EDGE_CURVE('',#5492,#5491,#638,.T.);
#4663=EDGE_CURVE('',#5491,#5493,#6101,.T.);
#4664=EDGE_CURVE('',#5492,#5494,#6102,.T.);
#4665=EDGE_CURVE('',#5494,#5493,#639,.T.);
#4666=EDGE_CURVE('',#5495,#5493,#6103,.T.);
#4667=EDGE_CURVE('',#5496,#5494,#6104,.T.);
#4668=EDGE_CURVE('',#5496,#5495,#640,.T.);
#4669=EDGE_CURVE('',#5495,#5497,#641,.T.);
#4670=EDGE_CURVE('',#5496,#5498,#642,.T.);
#4671=EDGE_CURVE('',#5498,#5497,#643,.T.);
#4672=EDGE_CURVE('',#5497,#5499,#6105,.T.);
#4673=EDGE_CURVE('',#5498,#5500,#6106,.T.);
#4674=EDGE_CURVE('',#5500,#5499,#644,.T.);
#4675=EDGE_CURVE('',#5499,#5501,#6107,.T.);
#4676=EDGE_CURVE('',#5500,#5502,#6108,.T.);
#4677=EDGE_CURVE('',#5502,#5501,#645,.T.);
#4678=EDGE_CURVE('',#5501,#5503,#6109,.T.);
#4679=EDGE_CURVE('',#5502,#5504,#6110,.T.);
#4680=EDGE_CURVE('',#5504,#5503,#646,.T.);
#4681=EDGE_CURVE('',#5503,#5505,#647,.T.);
#4682=EDGE_CURVE('',#5504,#5506,#648,.T.);
#4683=EDGE_CURVE('',#5506,#5505,#649,.T.);
#4684=EDGE_CURVE('',#5507,#5505,#6111,.T.);
#4685=EDGE_CURVE('',#5508,#5506,#6112,.T.);
#4686=EDGE_CURVE('',#5508,#5507,#650,.T.);
#4687=EDGE_CURVE('',#5507,#5509,#6113,.T.);
#4688=EDGE_CURVE('',#5508,#5510,#6114,.T.);
#4689=EDGE_CURVE('',#5510,#5509,#651,.T.);
#4690=EDGE_CURVE('',#5511,#5509,#6115,.T.);
#4691=EDGE_CURVE('',#5512,#5510,#6116,.T.);
#4692=EDGE_CURVE('',#5512,#5511,#652,.T.);
#4693=EDGE_CURVE('',#5511,#5513,#653,.T.);
#4694=EDGE_CURVE('',#5512,#5514,#654,.T.);
#4695=EDGE_CURVE('',#5514,#5513,#655,.T.);
#4696=EDGE_CURVE('',#5513,#5515,#6117,.T.);
#4697=EDGE_CURVE('',#5514,#5516,#6118,.T.);
#4698=EDGE_CURVE('',#5516,#5515,#656,.T.);
#4699=EDGE_CURVE('',#5515,#5517,#6119,.T.);
#4700=EDGE_CURVE('',#5516,#5518,#6120,.T.);
#4701=EDGE_CURVE('',#5518,#5517,#657,.T.);
#4702=EDGE_CURVE('',#5517,#5519,#6121,.T.);
#4703=EDGE_CURVE('',#5518,#5520,#6122,.T.);
#4704=EDGE_CURVE('',#5520,#5519,#658,.T.);
#4705=EDGE_CURVE('',#5519,#5521,#659,.T.);
#4706=EDGE_CURVE('',#5520,#5522,#660,.T.);
#4707=EDGE_CURVE('',#5522,#5521,#661,.T.);
#4708=EDGE_CURVE('',#5523,#5521,#6123,.T.);
#4709=EDGE_CURVE('',#5524,#5522,#6124,.T.);
#4710=EDGE_CURVE('',#5524,#5523,#662,.T.);
#4711=EDGE_CURVE('',#5523,#5525,#6125,.T.);
#4712=EDGE_CURVE('',#5524,#5526,#6126,.T.);
#4713=EDGE_CURVE('',#5526,#5525,#663,.T.);
#4714=EDGE_CURVE('',#5527,#5525,#6127,.T.);
#4715=EDGE_CURVE('',#5528,#5526,#6128,.T.);
#4716=EDGE_CURVE('',#5528,#5527,#664,.T.);
#4717=EDGE_CURVE('',#5527,#5529,#665,.T.);
#4718=EDGE_CURVE('',#5528,#5530,#666,.T.);
#4719=EDGE_CURVE('',#5530,#5529,#667,.T.);
#4720=EDGE_CURVE('',#5529,#5531,#6129,.T.);
#4721=EDGE_CURVE('',#5530,#5532,#6130,.T.);
#4722=EDGE_CURVE('',#5532,#5531,#668,.T.);
#4723=EDGE_CURVE('',#5531,#5533,#6131,.T.);
#4724=EDGE_CURVE('',#5532,#5534,#6132,.T.);
#4725=EDGE_CURVE('',#5534,#5533,#669,.T.);
#4726=EDGE_CURVE('',#5533,#5535,#6133,.T.);
#4727=EDGE_CURVE('',#5534,#5536,#6134,.T.);
#4728=EDGE_CURVE('',#5536,#5535,#670,.T.);
#4729=EDGE_CURVE('',#5535,#5537,#671,.T.);
#4730=EDGE_CURVE('',#5536,#5538,#672,.T.);
#4731=EDGE_CURVE('',#5538,#5537,#673,.T.);
#4732=EDGE_CURVE('',#5539,#5537,#6135,.T.);
#4733=EDGE_CURVE('',#5540,#5538,#6136,.T.);
#4734=EDGE_CURVE('',#5540,#5539,#674,.T.);
#4735=EDGE_CURVE('',#5539,#5541,#6137,.T.);
#4736=EDGE_CURVE('',#5540,#5542,#6138,.T.);
#4737=EDGE_CURVE('',#5542,#5541,#675,.T.);
#4738=EDGE_CURVE('',#5543,#5541,#6139,.T.);
#4739=EDGE_CURVE('',#5544,#5542,#6140,.T.);
#4740=EDGE_CURVE('',#5544,#5543,#676,.T.);
#4741=EDGE_CURVE('',#5543,#5545,#677,.T.);
#4742=EDGE_CURVE('',#5544,#5546,#678,.T.);
#4743=EDGE_CURVE('',#5546,#5545,#679,.T.);
#4744=EDGE_CURVE('',#5545,#5547,#6141,.T.);
#4745=EDGE_CURVE('',#5546,#5548,#6142,.T.);
#4746=EDGE_CURVE('',#5548,#5547,#680,.T.);
#4747=EDGE_CURVE('',#5547,#5549,#6143,.T.);
#4748=EDGE_CURVE('',#5548,#5550,#6144,.T.);
#4749=EDGE_CURVE('',#5550,#5549,#681,.T.);
#4750=EDGE_CURVE('',#5549,#5551,#6145,.T.);
#4751=EDGE_CURVE('',#5550,#5552,#6146,.T.);
#4752=EDGE_CURVE('',#5552,#5551,#682,.T.);
#4753=EDGE_CURVE('',#5551,#5553,#683,.T.);
#4754=EDGE_CURVE('',#5552,#5554,#684,.T.);
#4755=EDGE_CURVE('',#5554,#5553,#685,.T.);
#4756=EDGE_CURVE('',#5555,#5553,#6147,.T.);
#4757=EDGE_CURVE('',#5556,#5554,#6148,.T.);
#4758=EDGE_CURVE('',#5556,#5555,#686,.T.);
#4759=EDGE_CURVE('',#5555,#5557,#6149,.T.);
#4760=EDGE_CURVE('',#5556,#5558,#6150,.T.);
#4761=EDGE_CURVE('',#5558,#5557,#687,.T.);
#4762=EDGE_CURVE('',#5559,#5557,#6151,.T.);
#4763=EDGE_CURVE('',#5560,#5558,#6152,.T.);
#4764=EDGE_CURVE('',#5560,#5559,#688,.T.);
#4765=EDGE_CURVE('',#5559,#5561,#689,.T.);
#4766=EDGE_CURVE('',#5560,#5562,#690,.T.);
#4767=EDGE_CURVE('',#5562,#5561,#691,.T.);
#4768=EDGE_CURVE('',#5561,#5563,#6153,.T.);
#4769=EDGE_CURVE('',#5562,#5564,#6154,.T.);
#4770=EDGE_CURVE('',#5564,#5563,#692,.T.);
#4771=EDGE_CURVE('',#5563,#5565,#6155,.T.);
#4772=EDGE_CURVE('',#5564,#5566,#6156,.T.);
#4773=EDGE_CURVE('',#5566,#5565,#693,.T.);
#4774=EDGE_CURVE('',#5565,#5567,#6157,.T.);
#4775=EDGE_CURVE('',#5566,#5568,#6158,.T.);
#4776=EDGE_CURVE('',#5568,#5567,#694,.T.);
#4777=EDGE_CURVE('',#5567,#5569,#695,.T.);
#4778=EDGE_CURVE('',#5568,#5570,#696,.T.);
#4779=EDGE_CURVE('',#5570,#5569,#697,.T.);
#4780=EDGE_CURVE('',#5571,#5569,#6159,.T.);
#4781=EDGE_CURVE('',#5572,#5570,#6160,.T.);
#4782=EDGE_CURVE('',#5572,#5571,#698,.T.);
#4783=EDGE_CURVE('',#5571,#5573,#6161,.T.);
#4784=EDGE_CURVE('',#5572,#5574,#6162,.T.);
#4785=EDGE_CURVE('',#5574,#5573,#699,.T.);
#4786=EDGE_CURVE('',#5575,#5573,#6163,.T.);
#4787=EDGE_CURVE('',#5576,#5574,#6164,.T.);
#4788=EDGE_CURVE('',#5576,#5575,#700,.T.);
#4789=EDGE_CURVE('',#5575,#4809,#701,.T.);
#4790=EDGE_CURVE('',#5576,#4811,#702,.T.);
#4791=EDGE_CURVE('',#5577,#5578,#703,.T.);
#4792=EDGE_CURVE('',#5578,#5579,#704,.T.);
#4793=EDGE_CURVE('',#5580,#5579,#6165,.T.);
#4794=EDGE_CURVE('',#5580,#5577,#705,.T.);
#4795=EDGE_CURVE('',#5581,#5582,#706,.T.);
#4796=EDGE_CURVE('',#5583,#5581,#707,.T.);
#4797=EDGE_CURVE('',#5584,#5583,#708,.T.);
#4798=EDGE_CURVE('',#5584,#5582,#6166,.T.);
#4799=EDGE_CURVE('',#5582,#5585,#20,.T.);
#4800=EDGE_CURVE('',#5586,#5584,#21,.T.);
#4801=EDGE_CURVE('',#5586,#5585,#6167,.T.);
#4802=EDGE_CURVE('',#5585,#5587,#709,.T.);
#4803=EDGE_CURVE('',#5588,#5586,#710,.F.);
#4804=EDGE_CURVE('',#5588,#5587,#6168,.T.);
#4805=EDGE_CURVE('',#5587,#5579,#22,.T.);
#4806=EDGE_CURVE('',#5580,#5588,#23,.T.);
#4807=EDGE_CURVE('',#5578,#5581,#711,.T.);
#4808=EDGE_CURVE('',#5577,#5583,#712,.T.);
#4809=VERTEX_POINT('',#11158);
#4810=VERTEX_POINT('',#11159);
#4811=VERTEX_POINT('',#11161);
#4812=VERTEX_POINT('',#11163);
#4813=VERTEX_POINT('',#11167);
#4814=VERTEX_POINT('',#11169);
#4815=VERTEX_POINT('',#11173);
#4816=VERTEX_POINT('',#11175);
#4817=VERTEX_POINT('',#11179);
#4818=VERTEX_POINT('',#11181);
#4819=VERTEX_POINT('',#11185);
#4820=VERTEX_POINT('',#11187);
#4821=VERTEX_POINT('',#11191);
#4822=VERTEX_POINT('',#11193);
#4823=VERTEX_POINT('',#11197);
#4824=VERTEX_POINT('',#11199);
#4825=VERTEX_POINT('',#11203);
#4826=VERTEX_POINT('',#11205);
#4827=VERTEX_POINT('',#11209);
#4828=VERTEX_POINT('',#11211);
#4829=VERTEX_POINT('',#11215);
#4830=VERTEX_POINT('',#11217);
#4831=VERTEX_POINT('',#11221);
#4832=VERTEX_POINT('',#11223);
#4833=VERTEX_POINT('',#11227);
#4834=VERTEX_POINT('',#11229);
#4835=VERTEX_POINT('',#11233);
#4836=VERTEX_POINT('',#11235);
#4837=VERTEX_POINT('',#11239);
#4838=VERTEX_POINT('',#11241);
#4839=VERTEX_POINT('',#11245);
#4840=VERTEX_POINT('',#11247);
#4841=VERTEX_POINT('',#11251);
#4842=VERTEX_POINT('',#11253);
#4843=VERTEX_POINT('',#11257);
#4844=VERTEX_POINT('',#11259);
#4845=VERTEX_POINT('',#11263);
#4846=VERTEX_POINT('',#11265);
#4847=VERTEX_POINT('',#11269);
#4848=VERTEX_POINT('',#11271);
#4849=VERTEX_POINT('',#11275);
#4850=VERTEX_POINT('',#11277);
#4851=VERTEX_POINT('',#11281);
#4852=VERTEX_POINT('',#11283);
#4853=VERTEX_POINT('',#11287);
#4854=VERTEX_POINT('',#11289);
#4855=VERTEX_POINT('',#11293);
#4856=VERTEX_POINT('',#11295);
#4857=VERTEX_POINT('',#11299);
#4858=VERTEX_POINT('',#11301);
#4859=VERTEX_POINT('',#11305);
#4860=VERTEX_POINT('',#11307);
#4861=VERTEX_POINT('',#11311);
#4862=VERTEX_POINT('',#11313);
#4863=VERTEX_POINT('',#11317);
#4864=VERTEX_POINT('',#11319);
#4865=VERTEX_POINT('',#11323);
#4866=VERTEX_POINT('',#11325);
#4867=VERTEX_POINT('',#11329);
#4868=VERTEX_POINT('',#11331);
#4869=VERTEX_POINT('',#11335);
#4870=VERTEX_POINT('',#11337);
#4871=VERTEX_POINT('',#11341);
#4872=VERTEX_POINT('',#11343);
#4873=VERTEX_POINT('',#11347);
#4874=VERTEX_POINT('',#11349);
#4875=VERTEX_POINT('',#11353);
#4876=VERTEX_POINT('',#11355);
#4877=VERTEX_POINT('',#11359);
#4878=VERTEX_POINT('',#11361);
#4879=VERTEX_POINT('',#11365);
#4880=VERTEX_POINT('',#11367);
#4881=VERTEX_POINT('',#11371);
#4882=VERTEX_POINT('',#11373);
#4883=VERTEX_POINT('',#11377);
#4884=VERTEX_POINT('',#11379);
#4885=VERTEX_POINT('',#11383);
#4886=VERTEX_POINT('',#11385);
#4887=VERTEX_POINT('',#11389);
#4888=VERTEX_POINT('',#11391);
#4889=VERTEX_POINT('',#11395);
#4890=VERTEX_POINT('',#11397);
#4891=VERTEX_POINT('',#11401);
#4892=VERTEX_POINT('',#11403);
#4893=VERTEX_POINT('',#11407);
#4894=VERTEX_POINT('',#11409);
#4895=VERTEX_POINT('',#11413);
#4896=VERTEX_POINT('',#11415);
#4897=VERTEX_POINT('',#11419);
#4898=VERTEX_POINT('',#11421);
#4899=VERTEX_POINT('',#11425);
#4900=VERTEX_POINT('',#11427);
#4901=VERTEX_POINT('',#11431);
#4902=VERTEX_POINT('',#11433);
#4903=VERTEX_POINT('',#11437);
#4904=VERTEX_POINT('',#11439);
#4905=VERTEX_POINT('',#11443);
#4906=VERTEX_POINT('',#11445);
#4907=VERTEX_POINT('',#11449);
#4908=VERTEX_POINT('',#11451);
#4909=VERTEX_POINT('',#11455);
#4910=VERTEX_POINT('',#11457);
#4911=VERTEX_POINT('',#11461);
#4912=VERTEX_POINT('',#11463);
#4913=VERTEX_POINT('',#11467);
#4914=VERTEX_POINT('',#11469);
#4915=VERTEX_POINT('',#11473);
#4916=VERTEX_POINT('',#11475);
#4917=VERTEX_POINT('',#11479);
#4918=VERTEX_POINT('',#11481);
#4919=VERTEX_POINT('',#11485);
#4920=VERTEX_POINT('',#11487);
#4921=VERTEX_POINT('',#11491);
#4922=VERTEX_POINT('',#11493);
#4923=VERTEX_POINT('',#11497);
#4924=VERTEX_POINT('',#11499);
#4925=VERTEX_POINT('',#11503);
#4926=VERTEX_POINT('',#11505);
#4927=VERTEX_POINT('',#11509);
#4928=VERTEX_POINT('',#11511);
#4929=VERTEX_POINT('',#11515);
#4930=VERTEX_POINT('',#11517);
#4931=VERTEX_POINT('',#11521);
#4932=VERTEX_POINT('',#11523);
#4933=VERTEX_POINT('',#11527);
#4934=VERTEX_POINT('',#11529);
#4935=VERTEX_POINT('',#11533);
#4936=VERTEX_POINT('',#11535);
#4937=VERTEX_POINT('',#11539);
#4938=VERTEX_POINT('',#11541);
#4939=VERTEX_POINT('',#11545);
#4940=VERTEX_POINT('',#11547);
#4941=VERTEX_POINT('',#11551);
#4942=VERTEX_POINT('',#11553);
#4943=VERTEX_POINT('',#11557);
#4944=VERTEX_POINT('',#11559);
#4945=VERTEX_POINT('',#11563);
#4946=VERTEX_POINT('',#11565);
#4947=VERTEX_POINT('',#11569);
#4948=VERTEX_POINT('',#11571);
#4949=VERTEX_POINT('',#11575);
#4950=VERTEX_POINT('',#11577);
#4951=VERTEX_POINT('',#11581);
#4952=VERTEX_POINT('',#11583);
#4953=VERTEX_POINT('',#11587);
#4954=VERTEX_POINT('',#11589);
#4955=VERTEX_POINT('',#11593);
#4956=VERTEX_POINT('',#11595);
#4957=VERTEX_POINT('',#11599);
#4958=VERTEX_POINT('',#11601);
#4959=VERTEX_POINT('',#11605);
#4960=VERTEX_POINT('',#11607);
#4961=VERTEX_POINT('',#11611);
#4962=VERTEX_POINT('',#11613);
#4963=VERTEX_POINT('',#11617);
#4964=VERTEX_POINT('',#11619);
#4965=VERTEX_POINT('',#11623);
#4966=VERTEX_POINT('',#11625);
#4967=VERTEX_POINT('',#11629);
#4968=VERTEX_POINT('',#11631);
#4969=VERTEX_POINT('',#11635);
#4970=VERTEX_POINT('',#11637);
#4971=VERTEX_POINT('',#11641);
#4972=VERTEX_POINT('',#11643);
#4973=VERTEX_POINT('',#11647);
#4974=VERTEX_POINT('',#11649);
#4975=VERTEX_POINT('',#11653);
#4976=VERTEX_POINT('',#11655);
#4977=VERTEX_POINT('',#11659);
#4978=VERTEX_POINT('',#11661);
#4979=VERTEX_POINT('',#11665);
#4980=VERTEX_POINT('',#11667);
#4981=VERTEX_POINT('',#11671);
#4982=VERTEX_POINT('',#11673);
#4983=VERTEX_POINT('',#11677);
#4984=VERTEX_POINT('',#11679);
#4985=VERTEX_POINT('',#11683);
#4986=VERTEX_POINT('',#11685);
#4987=VERTEX_POINT('',#11689);
#4988=VERTEX_POINT('',#11691);
#4989=VERTEX_POINT('',#11695);
#4990=VERTEX_POINT('',#11697);
#4991=VERTEX_POINT('',#11701);
#4992=VERTEX_POINT('',#11703);
#4993=VERTEX_POINT('',#11707);
#4994=VERTEX_POINT('',#11709);
#4995=VERTEX_POINT('',#11713);
#4996=VERTEX_POINT('',#11715);
#4997=VERTEX_POINT('',#11719);
#4998=VERTEX_POINT('',#11721);
#4999=VERTEX_POINT('',#11725);
#5000=VERTEX_POINT('',#11727);
#5001=VERTEX_POINT('',#11731);
#5002=VERTEX_POINT('',#11733);
#5003=VERTEX_POINT('',#11737);
#5004=VERTEX_POINT('',#11739);
#5005=VERTEX_POINT('',#11743);
#5006=VERTEX_POINT('',#11745);
#5007=VERTEX_POINT('',#11749);
#5008=VERTEX_POINT('',#11751);
#5009=VERTEX_POINT('',#11755);
#5010=VERTEX_POINT('',#11757);
#5011=VERTEX_POINT('',#11761);
#5012=VERTEX_POINT('',#11763);
#5013=VERTEX_POINT('',#11767);
#5014=VERTEX_POINT('',#11769);
#5015=VERTEX_POINT('',#11773);
#5016=VERTEX_POINT('',#11775);
#5017=VERTEX_POINT('',#11779);
#5018=VERTEX_POINT('',#11781);
#5019=VERTEX_POINT('',#11785);
#5020=VERTEX_POINT('',#11787);
#5021=VERTEX_POINT('',#11791);
#5022=VERTEX_POINT('',#11793);
#5023=VERTEX_POINT('',#11797);
#5024=VERTEX_POINT('',#11799);
#5025=VERTEX_POINT('',#11803);
#5026=VERTEX_POINT('',#11805);
#5027=VERTEX_POINT('',#11809);
#5028=VERTEX_POINT('',#11811);
#5029=VERTEX_POINT('',#11815);
#5030=VERTEX_POINT('',#11817);
#5031=VERTEX_POINT('',#11821);
#5032=VERTEX_POINT('',#11823);
#5033=VERTEX_POINT('',#11827);
#5034=VERTEX_POINT('',#11829);
#5035=VERTEX_POINT('',#11833);
#5036=VERTEX_POINT('',#11835);
#5037=VERTEX_POINT('',#11839);
#5038=VERTEX_POINT('',#11841);
#5039=VERTEX_POINT('',#11845);
#5040=VERTEX_POINT('',#11847);
#5041=VERTEX_POINT('',#11851);
#5042=VERTEX_POINT('',#11853);
#5043=VERTEX_POINT('',#11857);
#5044=VERTEX_POINT('',#11859);
#5045=VERTEX_POINT('',#11863);
#5046=VERTEX_POINT('',#11865);
#5047=VERTEX_POINT('',#11869);
#5048=VERTEX_POINT('',#11871);
#5049=VERTEX_POINT('',#11875);
#5050=VERTEX_POINT('',#11877);
#5051=VERTEX_POINT('',#11881);
#5052=VERTEX_POINT('',#11883);
#5053=VERTEX_POINT('',#11887);
#5054=VERTEX_POINT('',#11889);
#5055=VERTEX_POINT('',#11893);
#5056=VERTEX_POINT('',#11895);
#5057=VERTEX_POINT('',#11899);
#5058=VERTEX_POINT('',#11901);
#5059=VERTEX_POINT('',#11905);
#5060=VERTEX_POINT('',#11907);
#5061=VERTEX_POINT('',#11911);
#5062=VERTEX_POINT('',#11913);
#5063=VERTEX_POINT('',#11917);
#5064=VERTEX_POINT('',#11919);
#5065=VERTEX_POINT('',#11923);
#5066=VERTEX_POINT('',#11925);
#5067=VERTEX_POINT('',#11929);
#5068=VERTEX_POINT('',#11931);
#5069=VERTEX_POINT('',#11935);
#5070=VERTEX_POINT('',#11937);
#5071=VERTEX_POINT('',#11941);
#5072=VERTEX_POINT('',#11943);
#5073=VERTEX_POINT('',#11947);
#5074=VERTEX_POINT('',#11949);
#5075=VERTEX_POINT('',#11953);
#5076=VERTEX_POINT('',#11955);
#5077=VERTEX_POINT('',#11959);
#5078=VERTEX_POINT('',#11961);
#5079=VERTEX_POINT('',#11965);
#5080=VERTEX_POINT('',#11967);
#5081=VERTEX_POINT('',#11971);
#5082=VERTEX_POINT('',#11973);
#5083=VERTEX_POINT('',#11977);
#5084=VERTEX_POINT('',#11979);
#5085=VERTEX_POINT('',#11983);
#5086=VERTEX_POINT('',#11985);
#5087=VERTEX_POINT('',#11989);
#5088=VERTEX_POINT('',#11991);
#5089=VERTEX_POINT('',#11995);
#5090=VERTEX_POINT('',#11997);
#5091=VERTEX_POINT('',#12001);
#5092=VERTEX_POINT('',#12003);
#5093=VERTEX_POINT('',#12007);
#5094=VERTEX_POINT('',#12009);
#5095=VERTEX_POINT('',#12013);
#5096=VERTEX_POINT('',#12015);
#5097=VERTEX_POINT('',#12019);
#5098=VERTEX_POINT('',#12021);
#5099=VERTEX_POINT('',#12025);
#5100=VERTEX_POINT('',#12027);
#5101=VERTEX_POINT('',#12031);
#5102=VERTEX_POINT('',#12033);
#5103=VERTEX_POINT('',#12037);
#5104=VERTEX_POINT('',#12039);
#5105=VERTEX_POINT('',#12043);
#5106=VERTEX_POINT('',#12045);
#5107=VERTEX_POINT('',#12049);
#5108=VERTEX_POINT('',#12051);
#5109=VERTEX_POINT('',#12055);
#5110=VERTEX_POINT('',#12057);
#5111=VERTEX_POINT('',#12061);
#5112=VERTEX_POINT('',#12063);
#5113=VERTEX_POINT('',#12067);
#5114=VERTEX_POINT('',#12069);
#5115=VERTEX_POINT('',#12073);
#5116=VERTEX_POINT('',#12075);
#5117=VERTEX_POINT('',#12079);
#5118=VERTEX_POINT('',#12081);
#5119=VERTEX_POINT('',#12085);
#5120=VERTEX_POINT('',#12087);
#5121=VERTEX_POINT('',#12091);
#5122=VERTEX_POINT('',#12093);
#5123=VERTEX_POINT('',#12097);
#5124=VERTEX_POINT('',#12099);
#5125=VERTEX_POINT('',#12103);
#5126=VERTEX_POINT('',#12105);
#5127=VERTEX_POINT('',#12109);
#5128=VERTEX_POINT('',#12111);
#5129=VERTEX_POINT('',#12115);
#5130=VERTEX_POINT('',#12117);
#5131=VERTEX_POINT('',#12121);
#5132=VERTEX_POINT('',#12123);
#5133=VERTEX_POINT('',#12127);
#5134=VERTEX_POINT('',#12129);
#5135=VERTEX_POINT('',#12133);
#5136=VERTEX_POINT('',#12135);
#5137=VERTEX_POINT('',#12139);
#5138=VERTEX_POINT('',#12141);
#5139=VERTEX_POINT('',#12145);
#5140=VERTEX_POINT('',#12147);
#5141=VERTEX_POINT('',#12151);
#5142=VERTEX_POINT('',#12153);
#5143=VERTEX_POINT('',#12157);
#5144=VERTEX_POINT('',#12159);
#5145=VERTEX_POINT('',#12163);
#5146=VERTEX_POINT('',#12165);
#5147=VERTEX_POINT('',#12169);
#5148=VERTEX_POINT('',#12171);
#5149=VERTEX_POINT('',#12175);
#5150=VERTEX_POINT('',#12177);
#5151=VERTEX_POINT('',#12181);
#5152=VERTEX_POINT('',#12183);
#5153=VERTEX_POINT('',#12187);
#5154=VERTEX_POINT('',#12189);
#5155=VERTEX_POINT('',#12193);
#5156=VERTEX_POINT('',#12195);
#5157=VERTEX_POINT('',#12199);
#5158=VERTEX_POINT('',#12201);
#5159=VERTEX_POINT('',#12205);
#5160=VERTEX_POINT('',#12207);
#5161=VERTEX_POINT('',#12211);
#5162=VERTEX_POINT('',#12213);
#5163=VERTEX_POINT('',#12217);
#5164=VERTEX_POINT('',#12219);
#5165=VERTEX_POINT('',#12223);
#5166=VERTEX_POINT('',#12225);
#5167=VERTEX_POINT('',#12229);
#5168=VERTEX_POINT('',#12231);
#5169=VERTEX_POINT('',#12235);
#5170=VERTEX_POINT('',#12237);
#5171=VERTEX_POINT('',#12241);
#5172=VERTEX_POINT('',#12243);
#5173=VERTEX_POINT('',#12247);
#5174=VERTEX_POINT('',#12249);
#5175=VERTEX_POINT('',#12253);
#5176=VERTEX_POINT('',#12255);
#5177=VERTEX_POINT('',#12259);
#5178=VERTEX_POINT('',#12261);
#5179=VERTEX_POINT('',#12265);
#5180=VERTEX_POINT('',#12267);
#5181=VERTEX_POINT('',#12271);
#5182=VERTEX_POINT('',#12273);
#5183=VERTEX_POINT('',#12277);
#5184=VERTEX_POINT('',#12279);
#5185=VERTEX_POINT('',#12283);
#5186=VERTEX_POINT('',#12285);
#5187=VERTEX_POINT('',#12289);
#5188=VERTEX_POINT('',#12291);
#5189=VERTEX_POINT('',#12295);
#5190=VERTEX_POINT('',#12297);
#5191=VERTEX_POINT('',#12301);
#5192=VERTEX_POINT('',#12303);
#5193=VERTEX_POINT('',#12307);
#5194=VERTEX_POINT('',#12309);
#5195=VERTEX_POINT('',#12313);
#5196=VERTEX_POINT('',#12315);
#5197=VERTEX_POINT('',#12319);
#5198=VERTEX_POINT('',#12321);
#5199=VERTEX_POINT('',#12325);
#5200=VERTEX_POINT('',#12327);
#5201=VERTEX_POINT('',#12331);
#5202=VERTEX_POINT('',#12333);
#5203=VERTEX_POINT('',#12337);
#5204=VERTEX_POINT('',#12339);
#5205=VERTEX_POINT('',#12343);
#5206=VERTEX_POINT('',#12345);
#5207=VERTEX_POINT('',#12349);
#5208=VERTEX_POINT('',#12351);
#5209=VERTEX_POINT('',#12355);
#5210=VERTEX_POINT('',#12357);
#5211=VERTEX_POINT('',#12361);
#5212=VERTEX_POINT('',#12363);
#5213=VERTEX_POINT('',#12367);
#5214=VERTEX_POINT('',#12369);
#5215=VERTEX_POINT('',#12373);
#5216=VERTEX_POINT('',#12375);
#5217=VERTEX_POINT('',#12379);
#5218=VERTEX_POINT('',#12381);
#5219=VERTEX_POINT('',#12385);
#5220=VERTEX_POINT('',#12387);
#5221=VERTEX_POINT('',#12391);
#5222=VERTEX_POINT('',#12393);
#5223=VERTEX_POINT('',#12397);
#5224=VERTEX_POINT('',#12399);
#5225=VERTEX_POINT('',#12403);
#5226=VERTEX_POINT('',#12405);
#5227=VERTEX_POINT('',#12409);
#5228=VERTEX_POINT('',#12411);
#5229=VERTEX_POINT('',#12415);
#5230=VERTEX_POINT('',#12417);
#5231=VERTEX_POINT('',#12421);
#5232=VERTEX_POINT('',#12423);
#5233=VERTEX_POINT('',#12427);
#5234=VERTEX_POINT('',#12429);
#5235=VERTEX_POINT('',#12433);
#5236=VERTEX_POINT('',#12435);
#5237=VERTEX_POINT('',#12439);
#5238=VERTEX_POINT('',#12441);
#5239=VERTEX_POINT('',#12445);
#5240=VERTEX_POINT('',#12447);
#5241=VERTEX_POINT('',#12451);
#5242=VERTEX_POINT('',#12453);
#5243=VERTEX_POINT('',#12457);
#5244=VERTEX_POINT('',#12459);
#5245=VERTEX_POINT('',#12463);
#5246=VERTEX_POINT('',#12465);
#5247=VERTEX_POINT('',#12469);
#5248=VERTEX_POINT('',#12471);
#5249=VERTEX_POINT('',#12475);
#5250=VERTEX_POINT('',#12477);
#5251=VERTEX_POINT('',#12481);
#5252=VERTEX_POINT('',#12483);
#5253=VERTEX_POINT('',#12487);
#5254=VERTEX_POINT('',#12489);
#5255=VERTEX_POINT('',#12493);
#5256=VERTEX_POINT('',#12495);
#5257=VERTEX_POINT('',#12499);
#5258=VERTEX_POINT('',#12501);
#5259=VERTEX_POINT('',#12505);
#5260=VERTEX_POINT('',#12507);
#5261=VERTEX_POINT('',#12511);
#5262=VERTEX_POINT('',#12513);
#5263=VERTEX_POINT('',#12517);
#5264=VERTEX_POINT('',#12519);
#5265=VERTEX_POINT('',#12523);
#5266=VERTEX_POINT('',#12525);
#5267=VERTEX_POINT('',#12529);
#5268=VERTEX_POINT('',#12531);
#5269=VERTEX_POINT('',#12535);
#5270=VERTEX_POINT('',#12537);
#5271=VERTEX_POINT('',#12541);
#5272=VERTEX_POINT('',#12543);
#5273=VERTEX_POINT('',#12547);
#5274=VERTEX_POINT('',#12549);
#5275=VERTEX_POINT('',#12553);
#5276=VERTEX_POINT('',#12555);
#5277=VERTEX_POINT('',#12559);
#5278=VERTEX_POINT('',#12561);
#5279=VERTEX_POINT('',#12565);
#5280=VERTEX_POINT('',#12567);
#5281=VERTEX_POINT('',#12571);
#5282=VERTEX_POINT('',#12573);
#5283=VERTEX_POINT('',#12577);
#5284=VERTEX_POINT('',#12579);
#5285=VERTEX_POINT('',#12583);
#5286=VERTEX_POINT('',#12585);
#5287=VERTEX_POINT('',#12589);
#5288=VERTEX_POINT('',#12591);
#5289=VERTEX_POINT('',#12595);
#5290=VERTEX_POINT('',#12597);
#5291=VERTEX_POINT('',#12601);
#5292=VERTEX_POINT('',#12603);
#5293=VERTEX_POINT('',#12607);
#5294=VERTEX_POINT('',#12609);
#5295=VERTEX_POINT('',#12613);
#5296=VERTEX_POINT('',#12615);
#5297=VERTEX_POINT('',#12619);
#5298=VERTEX_POINT('',#12621);
#5299=VERTEX_POINT('',#12625);
#5300=VERTEX_POINT('',#12627);
#5301=VERTEX_POINT('',#12631);
#5302=VERTEX_POINT('',#12633);
#5303=VERTEX_POINT('',#12637);
#5304=VERTEX_POINT('',#12639);
#5305=VERTEX_POINT('',#12643);
#5306=VERTEX_POINT('',#12645);
#5307=VERTEX_POINT('',#12649);
#5308=VERTEX_POINT('',#12651);
#5309=VERTEX_POINT('',#12655);
#5310=VERTEX_POINT('',#12657);
#5311=VERTEX_POINT('',#12661);
#5312=VERTEX_POINT('',#12663);
#5313=VERTEX_POINT('',#12667);
#5314=VERTEX_POINT('',#12669);
#5315=VERTEX_POINT('',#12673);
#5316=VERTEX_POINT('',#12675);
#5317=VERTEX_POINT('',#12679);
#5318=VERTEX_POINT('',#12681);
#5319=VERTEX_POINT('',#12685);
#5320=VERTEX_POINT('',#12687);
#5321=VERTEX_POINT('',#12691);
#5322=VERTEX_POINT('',#12693);
#5323=VERTEX_POINT('',#12697);
#5324=VERTEX_POINT('',#12699);
#5325=VERTEX_POINT('',#12703);
#5326=VERTEX_POINT('',#12705);
#5327=VERTEX_POINT('',#12709);
#5328=VERTEX_POINT('',#12711);
#5329=VERTEX_POINT('',#12715);
#5330=VERTEX_POINT('',#12717);
#5331=VERTEX_POINT('',#12721);
#5332=VERTEX_POINT('',#12723);
#5333=VERTEX_POINT('',#12727);
#5334=VERTEX_POINT('',#12729);
#5335=VERTEX_POINT('',#12733);
#5336=VERTEX_POINT('',#12735);
#5337=VERTEX_POINT('',#12739);
#5338=VERTEX_POINT('',#12741);
#5339=VERTEX_POINT('',#12745);
#5340=VERTEX_POINT('',#12747);
#5341=VERTEX_POINT('',#12751);
#5342=VERTEX_POINT('',#12753);
#5343=VERTEX_POINT('',#12757);
#5344=VERTEX_POINT('',#12759);
#5345=VERTEX_POINT('',#12763);
#5346=VERTEX_POINT('',#12765);
#5347=VERTEX_POINT('',#12769);
#5348=VERTEX_POINT('',#12771);
#5349=VERTEX_POINT('',#12775);
#5350=VERTEX_POINT('',#12777);
#5351=VERTEX_POINT('',#12781);
#5352=VERTEX_POINT('',#12783);
#5353=VERTEX_POINT('',#12787);
#5354=VERTEX_POINT('',#12789);
#5355=VERTEX_POINT('',#12793);
#5356=VERTEX_POINT('',#12795);
#5357=VERTEX_POINT('',#12799);
#5358=VERTEX_POINT('',#12801);
#5359=VERTEX_POINT('',#12805);
#5360=VERTEX_POINT('',#12807);
#5361=VERTEX_POINT('',#12811);
#5362=VERTEX_POINT('',#12813);
#5363=VERTEX_POINT('',#12817);
#5364=VERTEX_POINT('',#12819);
#5365=VERTEX_POINT('',#12823);
#5366=VERTEX_POINT('',#12825);
#5367=VERTEX_POINT('',#12829);
#5368=VERTEX_POINT('',#12831);
#5369=VERTEX_POINT('',#12835);
#5370=VERTEX_POINT('',#12837);
#5371=VERTEX_POINT('',#12841);
#5372=VERTEX_POINT('',#12843);
#5373=VERTEX_POINT('',#12847);
#5374=VERTEX_POINT('',#12849);
#5375=VERTEX_POINT('',#12853);
#5376=VERTEX_POINT('',#12855);
#5377=VERTEX_POINT('',#12859);
#5378=VERTEX_POINT('',#12861);
#5379=VERTEX_POINT('',#12865);
#5380=VERTEX_POINT('',#12867);
#5381=VERTEX_POINT('',#12871);
#5382=VERTEX_POINT('',#12873);
#5383=VERTEX_POINT('',#12877);
#5384=VERTEX_POINT('',#12879);
#5385=VERTEX_POINT('',#12883);
#5386=VERTEX_POINT('',#12885);
#5387=VERTEX_POINT('',#12889);
#5388=VERTEX_POINT('',#12891);
#5389=VERTEX_POINT('',#12895);
#5390=VERTEX_POINT('',#12897);
#5391=VERTEX_POINT('',#12901);
#5392=VERTEX_POINT('',#12903);
#5393=VERTEX_POINT('',#12907);
#5394=VERTEX_POINT('',#12909);
#5395=VERTEX_POINT('',#12913);
#5396=VERTEX_POINT('',#12915);
#5397=VERTEX_POINT('',#12919);
#5398=VERTEX_POINT('',#12921);
#5399=VERTEX_POINT('',#12925);
#5400=VERTEX_POINT('',#12927);
#5401=VERTEX_POINT('',#12931);
#5402=VERTEX_POINT('',#12933);
#5403=VERTEX_POINT('',#12937);
#5404=VERTEX_POINT('',#12939);
#5405=VERTEX_POINT('',#12943);
#5406=VERTEX_POINT('',#12945);
#5407=VERTEX_POINT('',#12949);
#5408=VERTEX_POINT('',#12951);
#5409=VERTEX_POINT('',#12955);
#5410=VERTEX_POINT('',#12957);
#5411=VERTEX_POINT('',#12961);
#5412=VERTEX_POINT('',#12963);
#5413=VERTEX_POINT('',#12967);
#5414=VERTEX_POINT('',#12969);
#5415=VERTEX_POINT('',#12973);
#5416=VERTEX_POINT('',#12975);
#5417=VERTEX_POINT('',#12979);
#5418=VERTEX_POINT('',#12981);
#5419=VERTEX_POINT('',#12985);
#5420=VERTEX_POINT('',#12987);
#5421=VERTEX_POINT('',#12991);
#5422=VERTEX_POINT('',#12993);
#5423=VERTEX_POINT('',#12997);
#5424=VERTEX_POINT('',#12999);
#5425=VERTEX_POINT('',#13003);
#5426=VERTEX_POINT('',#13005);
#5427=VERTEX_POINT('',#13009);
#5428=VERTEX_POINT('',#13011);
#5429=VERTEX_POINT('',#13015);
#5430=VERTEX_POINT('',#13017);
#5431=VERTEX_POINT('',#13021);
#5432=VERTEX_POINT('',#13023);
#5433=VERTEX_POINT('',#13027);
#5434=VERTEX_POINT('',#13029);
#5435=VERTEX_POINT('',#13033);
#5436=VERTEX_POINT('',#13035);
#5437=VERTEX_POINT('',#13039);
#5438=VERTEX_POINT('',#13041);
#5439=VERTEX_POINT('',#13045);
#5440=VERTEX_POINT('',#13047);
#5441=VERTEX_POINT('',#13051);
#5442=VERTEX_POINT('',#13053);
#5443=VERTEX_POINT('',#13057);
#5444=VERTEX_POINT('',#13059);
#5445=VERTEX_POINT('',#13063);
#5446=VERTEX_POINT('',#13065);
#5447=VERTEX_POINT('',#13069);
#5448=VERTEX_POINT('',#13071);
#5449=VERTEX_POINT('',#13075);
#5450=VERTEX_POINT('',#13077);
#5451=VERTEX_POINT('',#13081);
#5452=VERTEX_POINT('',#13083);
#5453=VERTEX_POINT('',#13087);
#5454=VERTEX_POINT('',#13089);
#5455=VERTEX_POINT('',#13093);
#5456=VERTEX_POINT('',#13095);
#5457=VERTEX_POINT('',#13099);
#5458=VERTEX_POINT('',#13101);
#5459=VERTEX_POINT('',#13105);
#5460=VERTEX_POINT('',#13107);
#5461=VERTEX_POINT('',#13111);
#5462=VERTEX_POINT('',#13113);
#5463=VERTEX_POINT('',#13117);
#5464=VERTEX_POINT('',#13119);
#5465=VERTEX_POINT('',#13123);
#5466=VERTEX_POINT('',#13125);
#5467=VERTEX_POINT('',#13129);
#5468=VERTEX_POINT('',#13131);
#5469=VERTEX_POINT('',#13135);
#5470=VERTEX_POINT('',#13137);
#5471=VERTEX_POINT('',#13141);
#5472=VERTEX_POINT('',#13143);
#5473=VERTEX_POINT('',#13147);
#5474=VERTEX_POINT('',#13149);
#5475=VERTEX_POINT('',#13153);
#5476=VERTEX_POINT('',#13155);
#5477=VERTEX_POINT('',#13159);
#5478=VERTEX_POINT('',#13161);
#5479=VERTEX_POINT('',#13165);
#5480=VERTEX_POINT('',#13167);
#5481=VERTEX_POINT('',#13171);
#5482=VERTEX_POINT('',#13173);
#5483=VERTEX_POINT('',#13177);
#5484=VERTEX_POINT('',#13179);
#5485=VERTEX_POINT('',#13183);
#5486=VERTEX_POINT('',#13185);
#5487=VERTEX_POINT('',#13189);
#5488=VERTEX_POINT('',#13191);
#5489=VERTEX_POINT('',#13195);
#5490=VERTEX_POINT('',#13197);
#5491=VERTEX_POINT('',#13201);
#5492=VERTEX_POINT('',#13203);
#5493=VERTEX_POINT('',#13207);
#5494=VERTEX_POINT('',#13209);
#5495=VERTEX_POINT('',#13213);
#5496=VERTEX_POINT('',#13215);
#5497=VERTEX_POINT('',#13219);
#5498=VERTEX_POINT('',#13221);
#5499=VERTEX_POINT('',#13225);
#5500=VERTEX_POINT('',#13227);
#5501=VERTEX_POINT('',#13231);
#5502=VERTEX_POINT('',#13233);
#5503=VERTEX_POINT('',#13237);
#5504=VERTEX_POINT('',#13239);
#5505=VERTEX_POINT('',#13243);
#5506=VERTEX_POINT('',#13245);
#5507=VERTEX_POINT('',#13249);
#5508=VERTEX_POINT('',#13251);
#5509=VERTEX_POINT('',#13255);
#5510=VERTEX_POINT('',#13257);
#5511=VERTEX_POINT('',#13261);
#5512=VERTEX_POINT('',#13263);
#5513=VERTEX_POINT('',#13267);
#5514=VERTEX_POINT('',#13269);
#5515=VERTEX_POINT('',#13273);
#5516=VERTEX_POINT('',#13275);
#5517=VERTEX_POINT('',#13279);
#5518=VERTEX_POINT('',#13281);
#5519=VERTEX_POINT('',#13285);
#5520=VERTEX_POINT('',#13287);
#5521=VERTEX_POINT('',#13291);
#5522=VERTEX_POINT('',#13293);
#5523=VERTEX_POINT('',#13297);
#5524=VERTEX_POINT('',#13299);
#5525=VERTEX_POINT('',#13303);
#5526=VERTEX_POINT('',#13305);
#5527=VERTEX_POINT('',#13309);
#5528=VERTEX_POINT('',#13311);
#5529=VERTEX_POINT('',#13315);
#5530=VERTEX_POINT('',#13317);
#5531=VERTEX_POINT('',#13321);
#5532=VERTEX_POINT('',#13323);
#5533=VERTEX_POINT('',#13327);
#5534=VERTEX_POINT('',#13329);
#5535=VERTEX_POINT('',#13333);
#5536=VERTEX_POINT('',#13335);
#5537=VERTEX_POINT('',#13339);
#5538=VERTEX_POINT('',#13341);
#5539=VERTEX_POINT('',#13345);
#5540=VERTEX_POINT('',#13347);
#5541=VERTEX_POINT('',#13351);
#5542=VERTEX_POINT('',#13353);
#5543=VERTEX_POINT('',#13357);
#5544=VERTEX_POINT('',#13359);
#5545=VERTEX_POINT('',#13363);
#5546=VERTEX_POINT('',#13365);
#5547=VERTEX_POINT('',#13369);
#5548=VERTEX_POINT('',#13371);
#5549=VERTEX_POINT('',#13375);
#5550=VERTEX_POINT('',#13377);
#5551=VERTEX_POINT('',#13381);
#5552=VERTEX_POINT('',#13383);
#5553=VERTEX_POINT('',#13387);
#5554=VERTEX_POINT('',#13389);
#5555=VERTEX_POINT('',#13393);
#5556=VERTEX_POINT('',#13395);
#5557=VERTEX_POINT('',#13399);
#5558=VERTEX_POINT('',#13401);
#5559=VERTEX_POINT('',#13405);
#5560=VERTEX_POINT('',#13407);
#5561=VERTEX_POINT('',#13411);
#5562=VERTEX_POINT('',#13413);
#5563=VERTEX_POINT('',#13417);
#5564=VERTEX_POINT('',#13419);
#5565=VERTEX_POINT('',#13423);
#5566=VERTEX_POINT('',#13425);
#5567=VERTEX_POINT('',#13429);
#5568=VERTEX_POINT('',#13431);
#5569=VERTEX_POINT('',#13435);
#5570=VERTEX_POINT('',#13437);
#5571=VERTEX_POINT('',#13441);
#5572=VERTEX_POINT('',#13443);
#5573=VERTEX_POINT('',#13447);
#5574=VERTEX_POINT('',#13449);
#5575=VERTEX_POINT('',#13453);
#5576=VERTEX_POINT('',#13455);
#5577=VERTEX_POINT('',#13462);
#5578=VERTEX_POINT('',#13463);
#5579=VERTEX_POINT('',#13465);
#5580=VERTEX_POINT('',#13467);
#5581=VERTEX_POINT('',#13471);
#5582=VERTEX_POINT('',#13472);
#5583=VERTEX_POINT('',#13474);
#5584=VERTEX_POINT('',#13476);
#5585=VERTEX_POINT('',#13483);
#5586=VERTEX_POINT('',#13488);
#5587=VERTEX_POINT('',#13492);
#5588=VERTEX_POINT('',#13494);
#5589=CIRCLE('',#7652,0.499999999999918);
#5590=CIRCLE('',#7653,0.499999999999918);
#5591=CIRCLE('',#7655,74.9999999999497);
#5592=CIRCLE('',#7656,74.9999999999497);
#5593=CIRCLE('',#7658,0.500000000000001);
#5594=CIRCLE('',#7659,0.500000000000001);
#5595=CIRCLE('',#7662,0.749999999999944);
#5596=CIRCLE('',#7663,0.749999999999944);
#5597=CIRCLE('',#7665,68.2499999996496);
#5598=CIRCLE('',#7666,68.2499999996496);
#5599=CIRCLE('',#7668,0.750000000000029);
#5600=CIRCLE('',#7669,0.750000000000029);
#5601=CIRCLE('',#7672,0.50000000000002);
#5602=CIRCLE('',#7673,0.50000000000002);
#5603=CIRCLE('',#7675,75.0000000000133);
#5604=CIRCLE('',#7676,75.0000000000133);
#5605=CIRCLE('',#7678,0.500000000000068);
#5606=CIRCLE('',#7679,0.500000000000068);
#5607=CIRCLE('',#7682,0.750000000000127);
#5608=CIRCLE('',#7683,0.750000000000127);
#5609=CIRCLE('',#7685,68.2499999997669);
#5610=CIRCLE('',#7686,68.2499999997669);
#5611=CIRCLE('',#7688,0.750000000000113);
#5612=CIRCLE('',#7689,0.750000000000113);
#5613=CIRCLE('',#7692,0.500000000000008);
#5614=CIRCLE('',#7693,0.500000000000008);
#5615=CIRCLE('',#7695,75.0000000001119);
#5616=CIRCLE('',#7696,75.0000000001119);
#5617=CIRCLE('',#7698,0.49999999999987);
#5618=CIRCLE('',#7699,0.49999999999987);
#5619=CIRCLE('',#7702,0.749999999999997);
#5620=CIRCLE('',#7703,0.749999999999997);
#5621=CIRCLE('',#7705,68.2500000001107);
#5622=CIRCLE('',#7706,68.2500000001107);
#5623=CIRCLE('',#7708,0.750000000000045);
#5624=CIRCLE('',#7709,0.750000000000045);
#5625=CIRCLE('',#7712,0.499999999999972);
#5626=CIRCLE('',#7713,0.499999999999972);
#5627=CIRCLE('',#7715,74.9999999998201);
#5628=CIRCLE('',#7716,74.9999999998201);
#5629=CIRCLE('',#7718,0.50000000000004);
#5630=CIRCLE('',#7719,0.50000000000004);
#5631=CIRCLE('',#7722,0.750000000000067);
#5632=CIRCLE('',#7723,0.750000000000067);
#5633=CIRCLE('',#7725,68.2499999999914);
#5634=CIRCLE('',#7726,68.2499999999914);
#5635=CIRCLE('',#7728,0.750000000000033);
#5636=CIRCLE('',#7729,0.750000000000033);
#5637=CIRCLE('',#7732,0.500000000000041);
#5638=CIRCLE('',#7733,0.500000000000041);
#5639=CIRCLE('',#7735,74.9999999996768);
#5640=CIRCLE('',#7736,74.9999999996768);
#5641=CIRCLE('',#7738,0.500000000000018);
#5642=CIRCLE('',#7739,0.500000000000018);
#5643=CIRCLE('',#7742,0.750000000000037);
#5644=CIRCLE('',#7743,0.750000000000037);
#5645=CIRCLE('',#7745,68.2499999997772);
#5646=CIRCLE('',#7746,68.2499999997772);
#5647=CIRCLE('',#7748,0.750000000000038);
#5648=CIRCLE('',#7749,0.750000000000038);
#5649=CIRCLE('',#7752,0.499999999999963);
#5650=CIRCLE('',#7753,0.499999999999963);
#5651=CIRCLE('',#7755,75.0000000002744);
#5652=CIRCLE('',#7756,75.0000000002744);
#5653=CIRCLE('',#7758,0.500000000000068);
#5654=CIRCLE('',#7759,0.500000000000068);
#5655=CIRCLE('',#7762,0.749999999999966);
#5656=CIRCLE('',#7763,0.749999999999966);
#5657=CIRCLE('',#7765,68.2500000001477);
#5658=CIRCLE('',#7766,68.2500000001477);
#5659=CIRCLE('',#7768,0.749999999999951);
#5660=CIRCLE('',#7769,0.749999999999951);
#5661=CIRCLE('',#7772,0.499999999999971);
#5662=CIRCLE('',#7773,0.499999999999971);
#5663=CIRCLE('',#7775,74.9999999999443);
#5664=CIRCLE('',#7776,74.9999999999443);
#5665=CIRCLE('',#7778,0.500000000000131);
#5666=CIRCLE('',#7779,0.500000000000131);
#5667=CIRCLE('',#7782,0.749999999999976);
#5668=CIRCLE('',#7783,0.749999999999976);
#5669=CIRCLE('',#7785,68.2499999998849);
#5670=CIRCLE('',#7786,68.2499999998849);
#5671=CIRCLE('',#7788,0.750000000000045);
#5672=CIRCLE('',#7789,0.750000000000045);
#5673=CIRCLE('',#7792,0.499999999999936);
#5674=CIRCLE('',#7793,0.499999999999936);
#5675=CIRCLE('',#7795,75.0000000001283);
#5676=CIRCLE('',#7796,75.0000000001283);
#5677=CIRCLE('',#7798,0.50000000000004);
#5678=CIRCLE('',#7799,0.50000000000004);
#5679=CIRCLE('',#7802,0.750000000000075);
#5680=CIRCLE('',#7803,0.750000000000075);
#5681=CIRCLE('',#7805,68.2499999999744);
#5682=CIRCLE('',#7806,68.2499999999744);
#5683=CIRCLE('',#7808,0.750000000000121);
#5684=CIRCLE('',#7809,0.750000000000121);
#5685=CIRCLE('',#7812,0.500000000000012);
#5686=CIRCLE('',#7813,0.500000000000012);
#5687=CIRCLE('',#7815,75.0000000002027);
#5688=CIRCLE('',#7816,75.0000000002027);
#5689=CIRCLE('',#7818,0.500000000000047);
#5690=CIRCLE('',#7819,0.500000000000047);
#5691=CIRCLE('',#7822,0.750000000000087);
#5692=CIRCLE('',#7823,0.750000000000087);
#5693=CIRCLE('',#7825,68.2499999998159);
#5694=CIRCLE('',#7826,68.2499999998159);
#5695=CIRCLE('',#7828,0.749999999999971);
#5696=CIRCLE('',#7829,0.749999999999971);
#5697=CIRCLE('',#7832,0.500000000000069);
#5698=CIRCLE('',#7833,0.500000000000069);
#5699=CIRCLE('',#7835,74.9999999999231);
#5700=CIRCLE('',#7836,74.9999999999231);
#5701=CIRCLE('',#7838,0.499999999999973);
#5702=CIRCLE('',#7839,0.499999999999973);
#5703=CIRCLE('',#7842,0.750000000000028);
#5704=CIRCLE('',#7843,0.750000000000028);
#5705=CIRCLE('',#7845,68.2500000001147);
#5706=CIRCLE('',#7846,68.2500000001147);
#5707=CIRCLE('',#7848,0.749999999999992);
#5708=CIRCLE('',#7849,0.749999999999992);
#5709=CIRCLE('',#7852,0.500000000000081);
#5710=CIRCLE('',#7853,0.500000000000081);
#5711=CIRCLE('',#7855,75.0000000001653);
#5712=CIRCLE('',#7856,75.0000000001653);
#5713=CIRCLE('',#7858,0.500000000000024);
#5714=CIRCLE('',#7859,0.500000000000024);
#5715=CIRCLE('',#7862,0.750000000000006);
#5716=CIRCLE('',#7863,0.750000000000006);
#5717=CIRCLE('',#7865,68.249999999934);
#5718=CIRCLE('',#7866,68.249999999934);
#5719=CIRCLE('',#7868,0.750000000000032);
#5720=CIRCLE('',#7869,0.750000000000032);
#5721=CIRCLE('',#7872,0.500000000000109);
#5722=CIRCLE('',#7873,0.500000000000109);
#5723=CIRCLE('',#7875,75.0000000002276);
#5724=CIRCLE('',#7876,75.0000000002276);
#5725=CIRCLE('',#7878,0.49999999999997);
#5726=CIRCLE('',#7879,0.49999999999997);
#5727=CIRCLE('',#7882,0.750000000000012);
#5728=CIRCLE('',#7883,0.750000000000012);
#5729=CIRCLE('',#7885,68.2499999996341);
#5730=CIRCLE('',#7886,68.2499999996341);
#5731=CIRCLE('',#7888,0.750000000000043);
#5732=CIRCLE('',#7889,0.750000000000043);
#5733=CIRCLE('',#7892,0.499999999999877);
#5734=CIRCLE('',#7893,0.499999999999877);
#5735=CIRCLE('',#7895,75.0000000001315);
#5736=CIRCLE('',#7896,75.0000000001315);
#5737=CIRCLE('',#7898,0.499999999999996);
#5738=CIRCLE('',#7899,0.499999999999996);
#5739=CIRCLE('',#7902,0.750000000000053);
#5740=CIRCLE('',#7903,0.750000000000053);
#5741=CIRCLE('',#7905,68.2499999999455);
#5742=CIRCLE('',#7906,68.2499999999455);
#5743=CIRCLE('',#7908,0.750000000000101);
#5744=CIRCLE('',#7909,0.750000000000101);
#5745=CIRCLE('',#7912,0.49999999999988);
#5746=CIRCLE('',#7913,0.49999999999988);
#5747=CIRCLE('',#7915,74.9999999997761);
#5748=CIRCLE('',#7916,74.9999999997761);
#5749=CIRCLE('',#7918,0.500000000000005);
#5750=CIRCLE('',#7919,0.500000000000005);
#5751=CIRCLE('',#7922,0.750000000000036);
#5752=CIRCLE('',#7923,0.750000000000036);
#5753=CIRCLE('',#7925,68.250000000007);
#5754=CIRCLE('',#7926,68.250000000007);
#5755=CIRCLE('',#7928,0.750000000000056);
#5756=CIRCLE('',#7929,0.750000000000056);
#5757=CIRCLE('',#7932,0.49999999999993);
#5758=CIRCLE('',#7933,0.49999999999993);
#5759=CIRCLE('',#7935,75.0000000000736);
#5760=CIRCLE('',#7936,75.0000000000736);
#5761=CIRCLE('',#7938,0.500000000000034);
#5762=CIRCLE('',#7939,0.500000000000034);
#5763=CIRCLE('',#7942,0.750000000000035);
#5764=CIRCLE('',#7943,0.750000000000035);
#5765=CIRCLE('',#7945,68.2499999997942);
#5766=CIRCLE('',#7946,68.2499999997942);
#5767=CIRCLE('',#7948,0.750000000000063);
#5768=CIRCLE('',#7949,0.750000000000063);
#5769=CIRCLE('',#7952,0.500000000000047);
#5770=CIRCLE('',#7953,0.500000000000047);
#5771=CIRCLE('',#7955,75.0000000001634);
#5772=CIRCLE('',#7956,75.0000000001634);
#5773=CIRCLE('',#7958,0.499999999999989);
#5774=CIRCLE('',#7959,0.499999999999989);
#5775=CIRCLE('',#7962,0.750000000000044);
#5776=CIRCLE('',#7963,0.750000000000044);
#5777=CIRCLE('',#7965,68.2499999999118);
#5778=CIRCLE('',#7966,68.2499999999118);
#5779=CIRCLE('',#7968,0.750000000000093);
#5780=CIRCLE('',#7969,0.750000000000093);
#5781=CIRCLE('',#7972,0.499999999999976);
#5782=CIRCLE('',#7973,0.499999999999976);
#5783=CIRCLE('',#7975,75.0000000001216);
#5784=CIRCLE('',#7976,75.0000000001216);
#5785=CIRCLE('',#7978,0.500000000000023);
#5786=CIRCLE('',#7979,0.500000000000023);
#5787=CIRCLE('',#7982,0.750000000000059);
#5788=CIRCLE('',#7983,0.750000000000059);
#5789=CIRCLE('',#7985,68.2499999999047);
#5790=CIRCLE('',#7986,68.2499999999047);
#5791=CIRCLE('',#7988,0.750000000000101);
#5792=CIRCLE('',#7989,0.750000000000101);
#5793=CIRCLE('',#7992,0.500000000000038);
#5794=CIRCLE('',#7993,0.500000000000038);
#5795=CIRCLE('',#7995,74.9999999998427);
#5796=CIRCLE('',#7996,74.9999999998427);
#5797=CIRCLE('',#7998,0.49999999999996);
#5798=CIRCLE('',#7999,0.49999999999996);
#5799=CIRCLE('',#8002,0.749999999999989);
#5800=CIRCLE('',#8003,0.749999999999989);
#5801=CIRCLE('',#8005,68.2499999999995);
#5802=CIRCLE('',#8006,68.2499999999995);
#5803=CIRCLE('',#8008,0.749999999999974);
#5804=CIRCLE('',#8009,0.749999999999974);
#5805=CIRCLE('',#8012,0.500000000000016);
#5806=CIRCLE('',#8013,0.500000000000016);
#5807=CIRCLE('',#8015,74.9999999999381);
#5808=CIRCLE('',#8016,74.9999999999381);
#5809=CIRCLE('',#8018,0.499999999999978);
#5810=CIRCLE('',#8019,0.499999999999978);
#5811=CIRCLE('',#8022,0.750000000000018);
#5812=CIRCLE('',#8023,0.750000000000018);
#5813=CIRCLE('',#8025,68.2500000001246);
#5814=CIRCLE('',#8026,68.2500000001246);
#5815=CIRCLE('',#8028,0.750000000000014);
#5816=CIRCLE('',#8029,0.750000000000014);
#5817=CIRCLE('',#8032,0.500000000000011);
#5818=CIRCLE('',#8033,0.500000000000011);
#5819=CIRCLE('',#8035,75.0000000000979);
#5820=CIRCLE('',#8036,75.0000000000979);
#5821=CIRCLE('',#8038,0.500000000000048);
#5822=CIRCLE('',#8039,0.500000000000048);
#5823=CIRCLE('',#8042,0.750000000000084);
#5824=CIRCLE('',#8043,0.750000000000084);
#5825=CIRCLE('',#8045,68.2499999999317);
#5826=CIRCLE('',#8046,68.2499999999317);
#5827=CIRCLE('',#8048,0.749999999999954);
#5828=CIRCLE('',#8049,0.749999999999954);
#5829=CIRCLE('',#8052,0.499999999999991);
#5830=CIRCLE('',#8053,0.499999999999991);
#5831=CIRCLE('',#8055,74.9999999997253);
#5832=CIRCLE('',#8056,74.9999999997253);
#5833=CIRCLE('',#8058,0.500000000000033);
#5834=CIRCLE('',#8059,0.500000000000033);
#5835=CIRCLE('',#8062,0.750000000000052);
#5836=CIRCLE('',#8063,0.750000000000052);
#5837=CIRCLE('',#8065,68.2500000000631);
#5838=CIRCLE('',#8066,68.2500000000631);
#5839=CIRCLE('',#8068,0.750000000000028);
#5840=CIRCLE('',#8069,0.750000000000028);
#5841=CIRCLE('',#8072,0.49999999999996);
#5842=CIRCLE('',#8073,0.49999999999996);
#5843=CIRCLE('',#8075,74.999999999917);
#5844=CIRCLE('',#8076,74.999999999917);
#5845=CIRCLE('',#8078,0.500000000000046);
#5846=CIRCLE('',#8079,0.500000000000046);
#5847=CIRCLE('',#8082,0.750000000000075);
#5848=CIRCLE('',#8083,0.750000000000075);
#5849=CIRCLE('',#8085,68.2499999996912);
#5850=CIRCLE('',#8086,68.2499999996912);
#5851=CIRCLE('',#8088,0.750000000000063);
#5852=CIRCLE('',#8089,0.750000000000063);
#5853=CIRCLE('',#8092,0.500000000000038);
#5854=CIRCLE('',#8093,0.500000000000038);
#5855=CIRCLE('',#8095,74.9999999999724);
#5856=CIRCLE('',#8096,74.9999999999724);
#5857=CIRCLE('',#8098,0.50000000000001);
#5858=CIRCLE('',#8099,0.50000000000001);
#5859=CIRCLE('',#8102,0.750000000000101);
#5860=CIRCLE('',#8103,0.750000000000101);
#5861=CIRCLE('',#8105,68.2499999998155);
#5862=CIRCLE('',#8106,68.2499999998155);
#5863=CIRCLE('',#8108,0.749999999999956);
#5864=CIRCLE('',#8109,0.749999999999956);
#5865=CIRCLE('',#8112,0.499999999999988);
#5866=CIRCLE('',#8113,0.499999999999988);
#5867=CIRCLE('',#8115,75.0000000002052);
#5868=CIRCLE('',#8116,75.0000000002052);
#5869=CIRCLE('',#8118,0.500000000000069);
#5870=CIRCLE('',#8119,0.500000000000069);
#5871=CIRCLE('',#8122,0.750000000000086);
#5872=CIRCLE('',#8123,0.750000000000086);
#5873=CIRCLE('',#8125,68.2499999998475);
#5874=CIRCLE('',#8126,68.2499999998475);
#5875=CIRCLE('',#8128,0.750000000000029);
#5876=CIRCLE('',#8129,0.750000000000029);
#5877=CIRCLE('',#8132,0.499999999999939);
#5878=CIRCLE('',#8133,0.499999999999939);
#5879=CIRCLE('',#8135,75.0000000000732);
#5880=CIRCLE('',#8136,75.0000000000732);
#5881=CIRCLE('',#8138,0.499999999999962);
#5882=CIRCLE('',#8139,0.499999999999962);
#5883=CIRCLE('',#8142,0.749999999999962);
#5884=CIRCLE('',#8143,0.749999999999962);
#5885=CIRCLE('',#8145,68.2499999993971);
#5886=CIRCLE('',#8146,68.2499999993971);
#5887=CIRCLE('',#8148,0.750000000000048);
#5888=CIRCLE('',#8149,0.750000000000048);
#5889=CIRCLE('',#8152,0.500000000000009);
#5890=CIRCLE('',#8153,0.500000000000009);
#5891=CIRCLE('',#8155,75.0000000001809);
#5892=CIRCLE('',#8156,75.0000000001809);
#5893=CIRCLE('',#8158,0.500000000000035);
#5894=CIRCLE('',#8159,0.500000000000035);
#5895=CIRCLE('',#8162,0.750000000000088);
#5896=CIRCLE('',#8163,0.750000000000088);
#5897=CIRCLE('',#8165,68.2499999999583);
#5898=CIRCLE('',#8166,68.2499999999583);
#5899=CIRCLE('',#8168,0.749999999999996);
#5900=CIRCLE('',#8169,0.749999999999996);
#5901=CIRCLE('',#8172,0.499999999999986);
#5902=CIRCLE('',#8173,0.499999999999986);
#5903=CIRCLE('',#8175,74.9999999998483);
#5904=CIRCLE('',#8176,74.9999999998483);
#5905=CIRCLE('',#8178,0.499999999999846);
#5906=CIRCLE('',#8179,0.499999999999846);
#5907=CIRCLE('',#8182,0.749999999999987);
#5908=CIRCLE('',#8183,0.749999999999987);
#5909=CIRCLE('',#8185,68.2499999998582);
#5910=CIRCLE('',#8186,68.2499999998582);
#5911=CIRCLE('',#8188,0.749999999999958);
#5912=CIRCLE('',#8189,0.749999999999958);
#5913=CIRCLE('',#8192,0.499999999999982);
#5914=CIRCLE('',#8193,0.499999999999982);
#5915=CIRCLE('',#8195,74.9999999996265);
#5916=CIRCLE('',#8196,74.9999999996265);
#5917=CIRCLE('',#8198,0.50000000000004);
#5918=CIRCLE('',#8199,0.50000000000004);
#5919=CIRCLE('',#8202,0.750000000000052);
#5920=CIRCLE('',#8203,0.750000000000052);
#5921=CIRCLE('',#8205,68.2499999999969);
#5922=CIRCLE('',#8206,68.2499999999969);
#5923=CIRCLE('',#8208,0.750000000000061);
#5924=CIRCLE('',#8209,0.750000000000061);
#5925=CIRCLE('',#8212,0.500000000000058);
#5926=CIRCLE('',#8213,0.500000000000058);
#5927=CIRCLE('',#8215,75.0000000000316);
#5928=CIRCLE('',#8216,75.0000000000316);
#5929=CIRCLE('',#8218,0.500000000000068);
#5930=CIRCLE('',#8219,0.500000000000068);
#5931=CIRCLE('',#8222,0.750000000000023);
#5932=CIRCLE('',#8223,0.750000000000023);
#5933=CIRCLE('',#8225,68.2500000003062);
#5934=CIRCLE('',#8226,68.2500000003062);
#5935=CIRCLE('',#8228,0.750000000000063);
#5936=CIRCLE('',#8229,0.750000000000063);
#5937=CIRCLE('',#8232,0.499999999999986);
#5938=CIRCLE('',#8233,0.499999999999986);
#5939=CIRCLE('',#8235,75.0000000003781);
#5940=CIRCLE('',#8236,75.0000000003781);
#5941=CIRCLE('',#8238,0.500000000000126);
#5942=CIRCLE('',#8239,0.500000000000126);
#5943=CIRCLE('',#8242,0.749999999999947);
#5944=CIRCLE('',#8243,0.749999999999947);
#5945=CIRCLE('',#8245,68.2500000001445);
#5946=CIRCLE('',#8246,68.2500000001445);
#5947=CIRCLE('',#8248,0.749999999999985);
#5948=CIRCLE('',#8249,0.749999999999985);
#5949=CIRCLE('',#8252,0.499999999999937);
#5950=CIRCLE('',#8253,0.499999999999937);
#5951=CIRCLE('',#8255,75.0000000003809);
#5952=CIRCLE('',#8256,75.0000000003809);
#5953=CIRCLE('',#8258,0.499999999999919);
#5954=CIRCLE('',#8259,0.499999999999919);
#5955=CIRCLE('',#8262,0.75000000000004);
#5956=CIRCLE('',#8263,0.75000000000004);
#5957=CIRCLE('',#8265,68.2499999999565);
#5958=CIRCLE('',#8266,68.2499999999565);
#5959=CIRCLE('',#8268,0.749999999999984);
#5960=CIRCLE('',#8269,0.749999999999984);
#5961=CIRCLE('',#8272,0.499999999999949);
#5962=CIRCLE('',#8273,0.499999999999949);
#5963=CIRCLE('',#8275,74.9999999999978);
#5964=CIRCLE('',#8276,74.9999999999978);
#5965=CIRCLE('',#8278,0.500000000000037);
#5966=CIRCLE('',#8279,0.500000000000037);
#5967=CIRCLE('',#8282,0.750000000000083);
#5968=CIRCLE('',#8283,0.750000000000083);
#5969=CIRCLE('',#8285,68.250000000104);
#5970=CIRCLE('',#8286,68.250000000104);
#5971=CIRCLE('',#8288,0.750000000000099);
#5972=CIRCLE('',#8289,0.750000000000099);
#5973=CIRCLE('',#8292,0.499999999999999);
#5974=CIRCLE('',#8293,0.499999999999999);
#5975=CIRCLE('',#8295,75.0000000004108);
#5976=CIRCLE('',#8296,75.0000000004108);
#5977=CIRCLE('',#8298,0.500000000000103);
#5978=CIRCLE('',#8299,0.500000000000103);
#5979=CIRCLE('',#8302,0.750000000000087);
#5980=CIRCLE('',#8303,0.750000000000087);
#5981=CIRCLE('',#8305,68.2499999997082);
#5982=CIRCLE('',#8306,68.2499999997082);
#5983=CIRCLE('',#8308,0.749999999999969);
#5984=CIRCLE('',#8309,0.749999999999969);
#5985=CIRCLE('',#8312,0.500000000000099);
#5986=CIRCLE('',#8313,0.500000000000099);
#5987=CIRCLE('',#8315,74.999999999985);
#5988=CIRCLE('',#8316,74.999999999985);
#5989=CIRCLE('',#8318,0.499999999999995);
#5990=CIRCLE('',#8319,0.499999999999995);
#5991=CIRCLE('',#8322,0.75000000000005);
#5992=CIRCLE('',#8323,0.75000000000005);
#5993=CIRCLE('',#8325,68.2499999996977);
#5994=CIRCLE('',#8326,68.2499999996977);
#5995=CIRCLE('',#8328,0.750000000000028);
#5996=CIRCLE('',#8329,0.750000000000028);
#5997=CIRCLE('',#8332,0.500000000000039);
#5998=CIRCLE('',#8333,0.500000000000039);
#5999=CIRCLE('',#8335,75.0000000000633);
#6000=CIRCLE('',#8336,75.0000000000633);
#6001=CIRCLE('',#8338,0.500000000000016);
#6002=CIRCLE('',#8339,0.500000000000016);
#6003=CIRCLE('',#8342,0.749999999999992);
#6004=CIRCLE('',#8343,0.749999999999992);
#6005=CIRCLE('',#8345,68.2500000000525);
#6006=CIRCLE('',#8346,68.2500000000525);
#6007=CIRCLE('',#8348,0.749999999999948);
#6008=CIRCLE('',#8349,0.749999999999948);
#6009=CIRCLE('',#8352,0.500000000000125);
#6010=CIRCLE('',#8353,0.500000000000125);
#6011=CIRCLE('',#8355,75.0000000001836);
#6012=CIRCLE('',#8356,75.0000000001836);
#6013=CIRCLE('',#8358,0.499999999999959);
#6014=CIRCLE('',#8359,0.499999999999959);
#6015=CIRCLE('',#8362,0.750000000000003);
#6016=CIRCLE('',#8363,0.750000000000003);
#6017=CIRCLE('',#8365,68.2499999999045);
#6018=CIRCLE('',#8366,68.2499999999045);
#6019=CIRCLE('',#8368,0.750000000000028);
#6020=CIRCLE('',#8369,0.750000000000028);
#6021=CIRCLE('',#8372,0.499999999999922);
#6022=CIRCLE('',#8373,0.499999999999922);
#6023=CIRCLE('',#8375,75.0000000002054);
#6024=CIRCLE('',#8376,75.0000000002054);
#6025=CIRCLE('',#8378,0.50000000000003);
#6026=CIRCLE('',#8379,0.50000000000003);
#6027=CIRCLE('',#8382,0.750000000000009);
#6028=CIRCLE('',#8383,0.750000000000009);
#6029=CIRCLE('',#8385,68.2499999996754);
#6030=CIRCLE('',#8386,68.2499999996754);
#6031=CIRCLE('',#8388,0.750000000000141);
#6032=CIRCLE('',#8389,0.750000000000141);
#6033=CIRCLE('',#8392,0.499999999999902);
#6034=CIRCLE('',#8393,0.499999999999902);
#6035=CIRCLE('',#8395,74.9999999995117);
#6036=CIRCLE('',#8396,74.9999999995117);
#6037=CIRCLE('',#8398,0.499999999999964);
#6038=CIRCLE('',#8399,0.499999999999964);
#6039=CIRCLE('',#8402,0.750000000000042);
#6040=CIRCLE('',#8403,0.750000000000042);
#6041=CIRCLE('',#8405,68.2499999998745);
#6042=CIRCLE('',#8406,68.2499999998745);
#6043=CIRCLE('',#8408,0.750000000000026);
#6044=CIRCLE('',#8409,0.750000000000026);
#6045=CIRCLE('',#8412,0.499999999999903);
#6046=CIRCLE('',#8413,0.499999999999903);
#6047=CIRCLE('',#8415,75.0000000001743);
#6048=CIRCLE('',#8416,75.0000000001743);
#6049=CIRCLE('',#8418,0.499999999999988);
#6050=CIRCLE('',#8419,0.499999999999988);
#6051=CIRCLE('',#8422,0.750000000000005);
#6052=CIRCLE('',#8423,0.750000000000005);
#6053=CIRCLE('',#8425,68.2500000001662);
#6054=CIRCLE('',#8426,68.2500000001662);
#6055=CIRCLE('',#8428,0.750000000000046);
#6056=CIRCLE('',#8429,0.750000000000046);
#6057=CIRCLE('',#8432,0.500000000000012);
#6058=CIRCLE('',#8433,0.500000000000012);
#6059=CIRCLE('',#8435,74.9999999998664);
#6060=CIRCLE('',#8436,74.9999999998664);
#6061=CIRCLE('',#8438,0.500000000000006);
#6062=CIRCLE('',#8439,0.500000000000006);
#6063=CIRCLE('',#8442,0.750000000000051);
#6064=CIRCLE('',#8443,0.750000000000051);
#6065=CIRCLE('',#8445,68.249999999987);
#6066=CIRCLE('',#8446,68.249999999987);
#6067=CIRCLE('',#8448,0.75000000000007);
#6068=CIRCLE('',#8449,0.75000000000007);
#6069=CIRCLE('',#8452,0.500000000000029);
#6070=CIRCLE('',#8453,0.500000000000029);
#6071=CIRCLE('',#8455,74.9999999998844);
#6072=CIRCLE('',#8456,74.9999999998844);
#6073=CIRCLE('',#8458,0.50000000000002);
#6074=CIRCLE('',#8459,0.50000000000002);
#6075=CIRCLE('',#8462,0.750000000000062);
#6076=CIRCLE('',#8463,0.750000000000062);
#6077=CIRCLE('',#8465,68.2499999999381);
#6078=CIRCLE('',#8466,68.2499999999381);
#6079=CIRCLE('',#8468,0.750000000000082);
#6080=CIRCLE('',#8469,0.750000000000082);
#6081=CIRCLE('',#8472,0.500000000000015);
#6082=CIRCLE('',#8473,0.500000000000015);
#6083=CIRCLE('',#8475,74.9999999998873);
#6084=CIRCLE('',#8476,74.9999999998873);
#6085=CIRCLE('',#8478,0.499999999999987);
#6086=CIRCLE('',#8479,0.499999999999987);
#6087=CIRCLE('',#8482,0.750000000000003);
#6088=CIRCLE('',#8483,0.750000000000003);
#6089=CIRCLE('',#8485,68.2499999999693);
#6090=CIRCLE('',#8486,68.2499999999693);
#6091=CIRCLE('',#8488,0.750000000000104);
#6092=CIRCLE('',#8489,0.750000000000104);
#6093=CIRCLE('',#8492,0.500000000000084);
#6094=CIRCLE('',#8493,0.500000000000084);
#6095=CIRCLE('',#8495,74.9999999999925);
#6096=CIRCLE('',#8496,74.9999999999925);
#6097=CIRCLE('',#8498,0.500000000000009);
#6098=CIRCLE('',#8499,0.500000000000009);
#6099=CIRCLE('',#8502,0.750000000000044);
#6100=CIRCLE('',#8503,0.750000000000044);
#6101=CIRCLE('',#8505,68.2500000000668);
#6102=CIRCLE('',#8506,68.2500000000668);
#6103=CIRCLE('',#8508,0.750000000000051);
#6104=CIRCLE('',#8509,0.750000000000051);
#6105=CIRCLE('',#8512,0.499999999999935);
#6106=CIRCLE('',#8513,0.499999999999935);
#6107=CIRCLE('',#8515,74.9999999999067);
#6108=CIRCLE('',#8516,74.9999999999067);
#6109=CIRCLE('',#8518,0.500000000000024);
#6110=CIRCLE('',#8519,0.500000000000024);
#6111=CIRCLE('',#8522,0.749999999999946);
#6112=CIRCLE('',#8523,0.749999999999946);
#6113=CIRCLE('',#8525,68.2500000001202);
#6114=CIRCLE('',#8526,68.2500000001202);
#6115=CIRCLE('',#8528,0.75000000000002);
#6116=CIRCLE('',#8529,0.75000000000002);
#6117=CIRCLE('',#8532,0.500000000000001);
#6118=CIRCLE('',#8533,0.500000000000001);
#6119=CIRCLE('',#8535,75.0000000000055);
#6120=CIRCLE('',#8536,75.0000000000055);
#6121=CIRCLE('',#8538,0.500000000000053);
#6122=CIRCLE('',#8539,0.500000000000053);
#6123=CIRCLE('',#8542,0.750000000000043);
#6124=CIRCLE('',#8543,0.750000000000043);
#6125=CIRCLE('',#8545,68.249999999628);
#6126=CIRCLE('',#8546,68.249999999628);
#6127=CIRCLE('',#8548,0.750000000000011);
#6128=CIRCLE('',#8549,0.750000000000011);
#6129=CIRCLE('',#8552,0.500000000000081);
#6130=CIRCLE('',#8553,0.500000000000081);
#6131=CIRCLE('',#8555,75.0000000002538);
#6132=CIRCLE('',#8556,75.0000000002538);
#6133=CIRCLE('',#8558,0.499999999999977);
#6134=CIRCLE('',#8559,0.499999999999977);
#6135=CIRCLE('',#8562,0.750000000000033);
#6136=CIRCLE('',#8563,0.750000000000033);
#6137=CIRCLE('',#8565,68.2500000004415);
#6138=CIRCLE('',#8566,68.2500000004415);
#6139=CIRCLE('',#8568,0.750000000000033);
#6140=CIRCLE('',#8569,0.750000000000033);
#6141=CIRCLE('',#8572,0.500000000000066);
#6142=CIRCLE('',#8573,0.500000000000066);
#6143=CIRCLE('',#8575,75.0000000001438);
#6144=CIRCLE('',#8576,75.0000000001438);
#6145=CIRCLE('',#8578,0.499999999999947);
#6146=CIRCLE('',#8579,0.499999999999947);
#6147=CIRCLE('',#8582,0.750000000000028);
#6148=CIRCLE('',#8583,0.750000000000028);
#6149=CIRCLE('',#8585,68.2500000002679);
#6150=CIRCLE('',#8586,68.2500000002679);
#6151=CIRCLE('',#8588,0.750000000000054);
#6152=CIRCLE('',#8589,0.750000000000054);
#6153=CIRCLE('',#8592,0.500000000000069);
#6154=CIRCLE('',#8593,0.500000000000069);
#6155=CIRCLE('',#8595,75.0000000000243);
#6156=CIRCLE('',#8596,75.0000000000243);
#6157=CIRCLE('',#8598,0.500000000000044);
#6158=CIRCLE('',#8599,0.500000000000044);
#6159=CIRCLE('',#8602,0.750000000000123);
#6160=CIRCLE('',#8603,0.750000000000123);
#6161=CIRCLE('',#8605,68.2499999996313);
#6162=CIRCLE('',#8606,68.2499999996313);
#6163=CIRCLE('',#8608,0.750000000000013);
#6164=CIRCLE('',#8609,0.750000000000013);
#6165=CIRCLE('',#8612,18.1);
#6166=CIRCLE('',#8614,18.1);
#6167=CIRCLE('',#8616,17.5);
#6168=CIRCLE('',#8618,17.5);
#6169=EDGE_LOOP('',(#1299,#1300,#1301,#1302));
#6170=EDGE_LOOP('',(#1303,#1304,#1305,#1306));
#6171=EDGE_LOOP('',(#1307,#1308,#1309,#1310));
#6172=EDGE_LOOP('',(#1311,#1312,#1313,#1314));
#6173=EDGE_LOOP('',(#1315,#1316,#1317,#1318));
#6174=EDGE_LOOP('',(#1319,#1320,#1321,#1322));
#6175=EDGE_LOOP('',(#1323,#1324,#1325,#1326));
#6176=EDGE_LOOP('',(#1327,#1328,#1329,#1330));
#6177=EDGE_LOOP('',(#1331,#1332,#1333,#1334));
#6178=EDGE_LOOP('',(#1335,#1336,#1337,#1338));
#6179=EDGE_LOOP('',(#1339,#1340,#1341,#1342));
#6180=EDGE_LOOP('',(#1343,#1344,#1345,#1346));
#6181=EDGE_LOOP('',(#1347,#1348,#1349,#1350));
#6182=EDGE_LOOP('',(#1351,#1352,#1353,#1354));
#6183=EDGE_LOOP('',(#1355,#1356,#1357,#1358));
#6184=EDGE_LOOP('',(#1359,#1360,#1361,#1362));
#6185=EDGE_LOOP('',(#1363,#1364,#1365,#1366));
#6186=EDGE_LOOP('',(#1367,#1368,#1369,#1370));
#6187=EDGE_LOOP('',(#1371,#1372,#1373,#1374));
#6188=EDGE_LOOP('',(#1375,#1376,#1377,#1378));
#6189=EDGE_LOOP('',(#1379,#1380,#1381,#1382));
#6190=EDGE_LOOP('',(#1383,#1384,#1385,#1386));
#6191=EDGE_LOOP('',(#1387,#1388,#1389,#1390));
#6192=EDGE_LOOP('',(#1391,#1392,#1393,#1394));
#6193=EDGE_LOOP('',(#1395,#1396,#1397,#1398));
#6194=EDGE_LOOP('',(#1399,#1400,#1401,#1402));
#6195=EDGE_LOOP('',(#1403,#1404,#1405,#1406));
#6196=EDGE_LOOP('',(#1407,#1408,#1409,#1410));
#6197=EDGE_LOOP('',(#1411,#1412,#1413,#1414));
#6198=EDGE_LOOP('',(#1415,#1416,#1417,#1418));
#6199=EDGE_LOOP('',(#1419,#1420,#1421,#1422));
#6200=EDGE_LOOP('',(#1423,#1424,#1425,#1426));
#6201=EDGE_LOOP('',(#1427,#1428,#1429,#1430));
#6202=EDGE_LOOP('',(#1431,#1432,#1433,#1434));
#6203=EDGE_LOOP('',(#1435,#1436,#1437,#1438));
#6204=EDGE_LOOP('',(#1439,#1440,#1441,#1442));
#6205=EDGE_LOOP('',(#1443,#1444,#1445,#1446));
#6206=EDGE_LOOP('',(#1447,#1448,#1449,#1450));
#6207=EDGE_LOOP('',(#1451,#1452,#1453,#1454));
#6208=EDGE_LOOP('',(#1455,#1456,#1457,#1458));
#6209=EDGE_LOOP('',(#1459,#1460,#1461,#1462));
#6210=EDGE_LOOP('',(#1463,#1464,#1465,#1466));
#6211=EDGE_LOOP('',(#1467,#1468,#1469,#1470));
#6212=EDGE_LOOP('',(#1471,#1472,#1473,#1474));
#6213=EDGE_LOOP('',(#1475,#1476,#1477,#1478));
#6214=EDGE_LOOP('',(#1479,#1480,#1481,#1482));
#6215=EDGE_LOOP('',(#1483,#1484,#1485,#1486));
#6216=EDGE_LOOP('',(#1487,#1488,#1489,#1490));
#6217=EDGE_LOOP('',(#1491,#1492,#1493,#1494));
#6218=EDGE_LOOP('',(#1495,#1496,#1497,#1498));
#6219=EDGE_LOOP('',(#1499,#1500,#1501,#1502));
#6220=EDGE_LOOP('',(#1503,#1504,#1505,#1506));
#6221=EDGE_LOOP('',(#1507,#1508,#1509,#1510));
#6222=EDGE_LOOP('',(#1511,#1512,#1513,#1514));
#6223=EDGE_LOOP('',(#1515,#1516,#1517,#1518));
#6224=EDGE_LOOP('',(#1519,#1520,#1521,#1522));
#6225=EDGE_LOOP('',(#1523,#1524,#1525,#1526));
#6226=EDGE_LOOP('',(#1527,#1528,#1529,#1530));
#6227=EDGE_LOOP('',(#1531,#1532,#1533,#1534));
#6228=EDGE_LOOP('',(#1535,#1536,#1537,#1538));
#6229=EDGE_LOOP('',(#1539,#1540,#1541,#1542));
#6230=EDGE_LOOP('',(#1543,#1544,#1545,#1546));
#6231=EDGE_LOOP('',(#1547,#1548,#1549,#1550));
#6232=EDGE_LOOP('',(#1551,#1552,#1553,#1554));
#6233=EDGE_LOOP('',(#1555,#1556,#1557,#1558));
#6234=EDGE_LOOP('',(#1559,#1560,#1561,#1562));
#6235=EDGE_LOOP('',(#1563,#1564,#1565,#1566));
#6236=EDGE_LOOP('',(#1567,#1568,#1569,#1570));
#6237=EDGE_LOOP('',(#1571,#1572,#1573,#1574));
#6238=EDGE_LOOP('',(#1575,#1576,#1577,#1578));
#6239=EDGE_LOOP('',(#1579,#1580,#1581,#1582));
#6240=EDGE_LOOP('',(#1583,#1584,#1585,#1586));
#6241=EDGE_LOOP('',(#1587,#1588,#1589,#1590));
#6242=EDGE_LOOP('',(#1591,#1592,#1593,#1594));
#6243=EDGE_LOOP('',(#1595,#1596,#1597,#1598));
#6244=EDGE_LOOP('',(#1599,#1600,#1601,#1602));
#6245=EDGE_LOOP('',(#1603,#1604,#1605,#1606));
#6246=EDGE_LOOP('',(#1607,#1608,#1609,#1610));
#6247=EDGE_LOOP('',(#1611,#1612,#1613,#1614));
#6248=EDGE_LOOP('',(#1615,#1616,#1617,#1618));
#6249=EDGE_LOOP('',(#1619,#1620,#1621,#1622));
#6250=EDGE_LOOP('',(#1623,#1624,#1625,#1626));
#6251=EDGE_LOOP('',(#1627,#1628,#1629,#1630));
#6252=EDGE_LOOP('',(#1631,#1632,#1633,#1634));
#6253=EDGE_LOOP('',(#1635,#1636,#1637,#1638));
#6254=EDGE_LOOP('',(#1639,#1640,#1641,#1642));
#6255=EDGE_LOOP('',(#1643,#1644,#1645,#1646));
#6256=EDGE_LOOP('',(#1647,#1648,#1649,#1650));
#6257=EDGE_LOOP('',(#1651,#1652,#1653,#1654));
#6258=EDGE_LOOP('',(#1655,#1656,#1657,#1658));
#6259=EDGE_LOOP('',(#1659,#1660,#1661,#1662));
#6260=EDGE_LOOP('',(#1663,#1664,#1665,#1666));
#6261=EDGE_LOOP('',(#1667,#1668,#1669,#1670));
#6262=EDGE_LOOP('',(#1671,#1672,#1673,#1674));
#6263=EDGE_LOOP('',(#1675,#1676,#1677,#1678));
#6264=EDGE_LOOP('',(#1679,#1680,#1681,#1682));
#6265=EDGE_LOOP('',(#1683,#1684,#1685,#1686));
#6266=EDGE_LOOP('',(#1687,#1688,#1689,#1690));
#6267=EDGE_LOOP('',(#1691,#1692,#1693,#1694));
#6268=EDGE_LOOP('',(#1695,#1696,#1697,#1698));
#6269=EDGE_LOOP('',(#1699,#1700,#1701,#1702));
#6270=EDGE_LOOP('',(#1703,#1704,#1705,#1706));
#6271=EDGE_LOOP('',(#1707,#1708,#1709,#1710));
#6272=EDGE_LOOP('',(#1711,#1712,#1713,#1714));
#6273=EDGE_LOOP('',(#1715,#1716,#1717,#1718));
#6274=EDGE_LOOP('',(#1719,#1720,#1721,#1722));
#6275=EDGE_LOOP('',(#1723,#1724,#1725,#1726));
#6276=EDGE_LOOP('',(#1727,#1728,#1729,#1730));
#6277=EDGE_LOOP('',(#1731,#1732,#1733,#1734));
#6278=EDGE_LOOP('',(#1735,#1736,#1737,#1738));
#6279=EDGE_LOOP('',(#1739,#1740,#1741,#1742));
#6280=EDGE_LOOP('',(#1743,#1744,#1745,#1746));
#6281=EDGE_LOOP('',(#1747,#1748,#1749,#1750));
#6282=EDGE_LOOP('',(#1751,#1752,#1753,#1754));
#6283=EDGE_LOOP('',(#1755,#1756,#1757,#1758));
#6284=EDGE_LOOP('',(#1759,#1760,#1761,#1762));
#6285=EDGE_LOOP('',(#1763,#1764,#1765,#1766));
#6286=EDGE_LOOP('',(#1767,#1768,#1769,#1770));
#6287=EDGE_LOOP('',(#1771,#1772,#1773,#1774));
#6288=EDGE_LOOP('',(#1775,#1776,#1777,#1778));
#6289=EDGE_LOOP('',(#1779,#1780,#1781,#1782));
#6290=EDGE_LOOP('',(#1783,#1784,#1785,#1786));
#6291=EDGE_LOOP('',(#1787,#1788,#1789,#1790));
#6292=EDGE_LOOP('',(#1791,#1792,#1793,#1794));
#6293=EDGE_LOOP('',(#1795,#1796,#1797,#1798));
#6294=EDGE_LOOP('',(#1799,#1800,#1801,#1802));
#6295=EDGE_LOOP('',(#1803,#1804,#1805,#1806));
#6296=EDGE_LOOP('',(#1807,#1808,#1809,#1810));
#6297=EDGE_LOOP('',(#1811,#1812,#1813,#1814));
#6298=EDGE_LOOP('',(#1815,#1816,#1817,#1818));
#6299=EDGE_LOOP('',(#1819,#1820,#1821,#1822));
#6300=EDGE_LOOP('',(#1823,#1824,#1825,#1826));
#6301=EDGE_LOOP('',(#1827,#1828,#1829,#1830));
#6302=EDGE_LOOP('',(#1831,#1832,#1833,#1834));
#6303=EDGE_LOOP('',(#1835,#1836,#1837,#1838));
#6304=EDGE_LOOP('',(#1839,#1840,#1841,#1842));
#6305=EDGE_LOOP('',(#1843,#1844,#1845,#1846));
#6306=EDGE_LOOP('',(#1847,#1848,#1849,#1850));
#6307=EDGE_LOOP('',(#1851,#1852,#1853,#1854));
#6308=EDGE_LOOP('',(#1855,#1856,#1857,#1858));
#6309=EDGE_LOOP('',(#1859,#1860,#1861,#1862));
#6310=EDGE_LOOP('',(#1863,#1864,#1865,#1866));
#6311=EDGE_LOOP('',(#1867,#1868,#1869,#1870));
#6312=EDGE_LOOP('',(#1871,#1872,#1873,#1874));
#6313=EDGE_LOOP('',(#1875,#1876,#1877,#1878));
#6314=EDGE_LOOP('',(#1879,#1880,#1881,#1882));
#6315=EDGE_LOOP('',(#1883,#1884,#1885,#1886));
#6316=EDGE_LOOP('',(#1887,#1888,#1889,#1890));
#6317=EDGE_LOOP('',(#1891,#1892,#1893,#1894));
#6318=EDGE_LOOP('',(#1895,#1896,#1897,#1898));
#6319=EDGE_LOOP('',(#1899,#1900,#1901,#1902));
#6320=EDGE_LOOP('',(#1903,#1904,#1905,#1906));
#6321=EDGE_LOOP('',(#1907,#1908,#1909,#1910));
#6322=EDGE_LOOP('',(#1911,#1912,#1913,#1914));
#6323=EDGE_LOOP('',(#1915,#1916,#1917,#1918));
#6324=EDGE_LOOP('',(#1919,#1920,#1921,#1922));
#6325=EDGE_LOOP('',(#1923,#1924,#1925,#1926));
#6326=EDGE_LOOP('',(#1927,#1928,#1929,#1930));
#6327=EDGE_LOOP('',(#1931,#1932,#1933,#1934));
#6328=EDGE_LOOP('',(#1935,#1936,#1937,#1938));
#6329=EDGE_LOOP('',(#1939,#1940,#1941,#1942));
#6330=EDGE_LOOP('',(#1943,#1944,#1945,#1946));
#6331=EDGE_LOOP('',(#1947,#1948,#1949,#1950));
#6332=EDGE_LOOP('',(#1951,#1952,#1953,#1954));
#6333=EDGE_LOOP('',(#1955,#1956,#1957,#1958));
#6334=EDGE_LOOP('',(#1959,#1960,#1961,#1962));
#6335=EDGE_LOOP('',(#1963,#1964,#1965,#1966));
#6336=EDGE_LOOP('',(#1967,#1968,#1969,#1970));
#6337=EDGE_LOOP('',(#1971,#1972,#1973,#1974));
#6338=EDGE_LOOP('',(#1975,#1976,#1977,#1978));
#6339=EDGE_LOOP('',(#1979,#1980,#1981,#1982));
#6340=EDGE_LOOP('',(#1983,#1984,#1985,#1986));
#6341=EDGE_LOOP('',(#1987,#1988,#1989,#1990));
#6342=EDGE_LOOP('',(#1991,#1992,#1993,#1994));
#6343=EDGE_LOOP('',(#1995,#1996,#1997,#1998));
#6344=EDGE_LOOP('',(#1999,#2000,#2001,#2002));
#6345=EDGE_LOOP('',(#2003,#2004,#2005,#2006));
#6346=EDGE_LOOP('',(#2007,#2008,#2009,#2010));
#6347=EDGE_LOOP('',(#2011,#2012,#2013,#2014));
#6348=EDGE_LOOP('',(#2015,#2016,#2017,#2018));
#6349=EDGE_LOOP('',(#2019,#2020,#2021,#2022));
#6350=EDGE_LOOP('',(#2023,#2024,#2025,#2026));
#6351=EDGE_LOOP('',(#2027,#2028,#2029,#2030));
#6352=EDGE_LOOP('',(#2031,#2032,#2033,#2034));
#6353=EDGE_LOOP('',(#2035,#2036,#2037,#2038));
#6354=EDGE_LOOP('',(#2039,#2040,#2041,#2042));
#6355=EDGE_LOOP('',(#2043,#2044,#2045,#2046));
#6356=EDGE_LOOP('',(#2047,#2048,#2049,#2050));
#6357=EDGE_LOOP('',(#2051,#2052,#2053,#2054));
#6358=EDGE_LOOP('',(#2055,#2056,#2057,#2058));
#6359=EDGE_LOOP('',(#2059,#2060,#2061,#2062));
#6360=EDGE_LOOP('',(#2063,#2064,#2065,#2066));
#6361=EDGE_LOOP('',(#2067,#2068,#2069,#2070));
#6362=EDGE_LOOP('',(#2071,#2072,#2073,#2074));
#6363=EDGE_LOOP('',(#2075,#2076,#2077,#2078));
#6364=EDGE_LOOP('',(#2079,#2080,#2081,#2082));
#6365=EDGE_LOOP('',(#2083,#2084,#2085,#2086));
#6366=EDGE_LOOP('',(#2087,#2088,#2089,#2090));
#6367=EDGE_LOOP('',(#2091,#2092,#2093,#2094));
#6368=EDGE_LOOP('',(#2095,#2096,#2097,#2098));
#6369=EDGE_LOOP('',(#2099,#2100,#2101,#2102));
#6370=EDGE_LOOP('',(#2103,#2104,#2105,#2106));
#6371=EDGE_LOOP('',(#2107,#2108,#2109,#2110));
#6372=EDGE_LOOP('',(#2111,#2112,#2113,#2114));
#6373=EDGE_LOOP('',(#2115,#2116,#2117,#2118));
#6374=EDGE_LOOP('',(#2119,#2120,#2121,#2122));
#6375=EDGE_LOOP('',(#2123,#2124,#2125,#2126));
#6376=EDGE_LOOP('',(#2127,#2128,#2129,#2130));
#6377=EDGE_LOOP('',(#2131,#2132,#2133,#2134));
#6378=EDGE_LOOP('',(#2135,#2136,#2137,#2138));
#6379=EDGE_LOOP('',(#2139,#2140,#2141,#2142));
#6380=EDGE_LOOP('',(#2143,#2144,#2145,#2146));
#6381=EDGE_LOOP('',(#2147,#2148,#2149,#2150));
#6382=EDGE_LOOP('',(#2151,#2152,#2153,#2154));
#6383=EDGE_LOOP('',(#2155,#2156,#2157,#2158));
#6384=EDGE_LOOP('',(#2159,#2160,#2161,#2162));
#6385=EDGE_LOOP('',(#2163,#2164,#2165,#2166));
#6386=EDGE_LOOP('',(#2167,#2168,#2169,#2170));
#6387=EDGE_LOOP('',(#2171,#2172,#2173,#2174));
#6388=EDGE_LOOP('',(#2175,#2176,#2177,#2178));
#6389=EDGE_LOOP('',(#2179,#2180,#2181,#2182));
#6390=EDGE_LOOP('',(#2183,#2184,#2185,#2186));
#6391=EDGE_LOOP('',(#2187,#2188,#2189,#2190));
#6392=EDGE_LOOP('',(#2191,#2192,#2193,#2194));
#6393=EDGE_LOOP('',(#2195,#2196,#2197,#2198));
#6394=EDGE_LOOP('',(#2199,#2200,#2201,#2202));
#6395=EDGE_LOOP('',(#2203,#2204,#2205,#2206));
#6396=EDGE_LOOP('',(#2207,#2208,#2209,#2210));
#6397=EDGE_LOOP('',(#2211,#2212,#2213,#2214));
#6398=EDGE_LOOP('',(#2215,#2216,#2217,#2218));
#6399=EDGE_LOOP('',(#2219,#2220,#2221,#2222));
#6400=EDGE_LOOP('',(#2223,#2224,#2225,#2226));
#6401=EDGE_LOOP('',(#2227,#2228,#2229,#2230));
#6402=EDGE_LOOP('',(#2231,#2232,#2233,#2234));
#6403=EDGE_LOOP('',(#2235,#2236,#2237,#2238));
#6404=EDGE_LOOP('',(#2239,#2240,#2241,#2242));
#6405=EDGE_LOOP('',(#2243,#2244,#2245,#2246));
#6406=EDGE_LOOP('',(#2247,#2248,#2249,#2250));
#6407=EDGE_LOOP('',(#2251,#2252,#2253,#2254));
#6408=EDGE_LOOP('',(#2255,#2256,#2257,#2258));
#6409=EDGE_LOOP('',(#2259,#2260,#2261,#2262));
#6410=EDGE_LOOP('',(#2263,#2264,#2265,#2266));
#6411=EDGE_LOOP('',(#2267,#2268,#2269,#2270));
#6412=EDGE_LOOP('',(#2271,#2272,#2273,#2274));
#6413=EDGE_LOOP('',(#2275,#2276,#2277,#2278));
#6414=EDGE_LOOP('',(#2279,#2280,#2281,#2282));
#6415=EDGE_LOOP('',(#2283,#2284,#2285,#2286));
#6416=EDGE_LOOP('',(#2287,#2288,#2289,#2290));
#6417=EDGE_LOOP('',(#2291,#2292,#2293,#2294));
#6418=EDGE_LOOP('',(#2295,#2296,#2297,#2298));
#6419=EDGE_LOOP('',(#2299,#2300,#2301,#2302));
#6420=EDGE_LOOP('',(#2303,#2304,#2305,#2306));
#6421=EDGE_LOOP('',(#2307,#2308,#2309,#2310));
#6422=EDGE_LOOP('',(#2311,#2312,#2313,#2314));
#6423=EDGE_LOOP('',(#2315,#2316,#2317,#2318));
#6424=EDGE_LOOP('',(#2319,#2320,#2321,#2322));
#6425=EDGE_LOOP('',(#2323,#2324,#2325,#2326));
#6426=EDGE_LOOP('',(#2327,#2328,#2329,#2330));
#6427=EDGE_LOOP('',(#2331,#2332,#2333,#2334));
#6428=EDGE_LOOP('',(#2335,#2336,#2337,#2338));
#6429=EDGE_LOOP('',(#2339,#2340,#2341,#2342));
#6430=EDGE_LOOP('',(#2343,#2344,#2345,#2346));
#6431=EDGE_LOOP('',(#2347,#2348,#2349,#2350));
#6432=EDGE_LOOP('',(#2351,#2352,#2353,#2354));
#6433=EDGE_LOOP('',(#2355,#2356,#2357,#2358));
#6434=EDGE_LOOP('',(#2359,#2360,#2361,#2362));
#6435=EDGE_LOOP('',(#2363,#2364,#2365,#2366));
#6436=EDGE_LOOP('',(#2367,#2368,#2369,#2370));
#6437=EDGE_LOOP('',(#2371,#2372,#2373,#2374));
#6438=EDGE_LOOP('',(#2375,#2376,#2377,#2378));
#6439=EDGE_LOOP('',(#2379,#2380,#2381,#2382));
#6440=EDGE_LOOP('',(#2383,#2384,#2385,#2386));
#6441=EDGE_LOOP('',(#2387,#2388,#2389,#2390));
#6442=EDGE_LOOP('',(#2391,#2392,#2393,#2394));
#6443=EDGE_LOOP('',(#2395,#2396,#2397,#2398));
#6444=EDGE_LOOP('',(#2399,#2400,#2401,#2402));
#6445=EDGE_LOOP('',(#2403,#2404,#2405,#2406));
#6446=EDGE_LOOP('',(#2407,#2408,#2409,#2410));
#6447=EDGE_LOOP('',(#2411,#2412,#2413,#2414));
#6448=EDGE_LOOP('',(#2415,#2416,#2417,#2418));
#6449=EDGE_LOOP('',(#2419,#2420,#2421,#2422));
#6450=EDGE_LOOP('',(#2423,#2424,#2425,#2426));
#6451=EDGE_LOOP('',(#2427,#2428,#2429,#2430));
#6452=EDGE_LOOP('',(#2431,#2432,#2433,#2434));
#6453=EDGE_LOOP('',(#2435,#2436,#2437,#2438));
#6454=EDGE_LOOP('',(#2439,#2440,#2441,#2442));
#6455=EDGE_LOOP('',(#2443,#2444,#2445,#2446));
#6456=EDGE_LOOP('',(#2447,#2448,#2449,#2450));
#6457=EDGE_LOOP('',(#2451,#2452,#2453,#2454));
#6458=EDGE_LOOP('',(#2455,#2456,#2457,#2458));
#6459=EDGE_LOOP('',(#2459,#2460,#2461,#2462));
#6460=EDGE_LOOP('',(#2463,#2464,#2465,#2466));
#6461=EDGE_LOOP('',(#2467,#2468,#2469,#2470));
#6462=EDGE_LOOP('',(#2471,#2472,#2473,#2474));
#6463=EDGE_LOOP('',(#2475,#2476,#2477,#2478));
#6464=EDGE_LOOP('',(#2479,#2480,#2481,#2482));
#6465=EDGE_LOOP('',(#2483,#2484,#2485,#2486));
#6466=EDGE_LOOP('',(#2487,#2488,#2489,#2490));
#6467=EDGE_LOOP('',(#2491,#2492,#2493,#2494));
#6468=EDGE_LOOP('',(#2495,#2496,#2497,#2498));
#6469=EDGE_LOOP('',(#2499,#2500,#2501,#2502));
#6470=EDGE_LOOP('',(#2503,#2504,#2505,#2506));
#6471=EDGE_LOOP('',(#2507,#2508,#2509,#2510));
#6472=EDGE_LOOP('',(#2511,#2512,#2513,#2514));
#6473=EDGE_LOOP('',(#2515,#2516,#2517,#2518));
#6474=EDGE_LOOP('',(#2519,#2520,#2521,#2522));
#6475=EDGE_LOOP('',(#2523,#2524,#2525,#2526));
#6476=EDGE_LOOP('',(#2527,#2528,#2529,#2530));
#6477=EDGE_LOOP('',(#2531,#2532,#2533,#2534));
#6478=EDGE_LOOP('',(#2535,#2536,#2537,#2538));
#6479=EDGE_LOOP('',(#2539,#2540,#2541,#2542));
#6480=EDGE_LOOP('',(#2543,#2544,#2545,#2546));
#6481=EDGE_LOOP('',(#2547,#2548,#2549,#2550));
#6482=EDGE_LOOP('',(#2551,#2552,#2553,#2554));
#6483=EDGE_LOOP('',(#2555,#2556,#2557,#2558));
#6484=EDGE_LOOP('',(#2559,#2560,#2561,#2562));
#6485=EDGE_LOOP('',(#2563,#2564,#2565,#2566));
#6486=EDGE_LOOP('',(#2567,#2568,#2569,#2570));
#6487=EDGE_LOOP('',(#2571,#2572,#2573,#2574));
#6488=EDGE_LOOP('',(#2575,#2576,#2577,#2578));
#6489=EDGE_LOOP('',(#2579,#2580,#2581,#2582));
#6490=EDGE_LOOP('',(#2583,#2584,#2585,#2586));
#6491=EDGE_LOOP('',(#2587,#2588,#2589,#2590));
#6492=EDGE_LOOP('',(#2591,#2592,#2593,#2594));
#6493=EDGE_LOOP('',(#2595,#2596,#2597,#2598));
#6494=EDGE_LOOP('',(#2599,#2600,#2601,#2602));
#6495=EDGE_LOOP('',(#2603,#2604,#2605,#2606));
#6496=EDGE_LOOP('',(#2607,#2608,#2609,#2610));
#6497=EDGE_LOOP('',(#2611,#2612,#2613,#2614));
#6498=EDGE_LOOP('',(#2615,#2616,#2617,#2618));
#6499=EDGE_LOOP('',(#2619,#2620,#2621,#2622));
#6500=EDGE_LOOP('',(#2623,#2624,#2625,#2626));
#6501=EDGE_LOOP('',(#2627,#2628,#2629,#2630));
#6502=EDGE_LOOP('',(#2631,#2632,#2633,#2634));
#6503=EDGE_LOOP('',(#2635,#2636,#2637,#2638));
#6504=EDGE_LOOP('',(#2639,#2640,#2641,#2642));
#6505=EDGE_LOOP('',(#2643,#2644,#2645,#2646));
#6506=EDGE_LOOP('',(#2647,#2648,#2649,#2650));
#6507=EDGE_LOOP('',(#2651,#2652,#2653,#2654));
#6508=EDGE_LOOP('',(#2655,#2656,#2657,#2658));
#6509=EDGE_LOOP('',(#2659,#2660,#2661,#2662));
#6510=EDGE_LOOP('',(#2663,#2664,#2665,#2666));
#6511=EDGE_LOOP('',(#2667,#2668,#2669,#2670));
#6512=EDGE_LOOP('',(#2671,#2672,#2673,#2674));
#6513=EDGE_LOOP('',(#2675,#2676,#2677,#2678));
#6514=EDGE_LOOP('',(#2679,#2680,#2681,#2682));
#6515=EDGE_LOOP('',(#2683,#2684,#2685,#2686));
#6516=EDGE_LOOP('',(#2687,#2688,#2689,#2690));
#6517=EDGE_LOOP('',(#2691,#2692,#2693,#2694));
#6518=EDGE_LOOP('',(#2695,#2696,#2697,#2698));
#6519=EDGE_LOOP('',(#2699,#2700,#2701,#2702));
#6520=EDGE_LOOP('',(#2703,#2704,#2705,#2706));
#6521=EDGE_LOOP('',(#2707,#2708,#2709,#2710));
#6522=EDGE_LOOP('',(#2711,#2712,#2713,#2714));
#6523=EDGE_LOOP('',(#2715,#2716,#2717,#2718));
#6524=EDGE_LOOP('',(#2719,#2720,#2721,#2722));
#6525=EDGE_LOOP('',(#2723,#2724,#2725,#2726));
#6526=EDGE_LOOP('',(#2727,#2728,#2729,#2730));
#6527=EDGE_LOOP('',(#2731,#2732,#2733,#2734));
#6528=EDGE_LOOP('',(#2735,#2736,#2737,#2738));
#6529=EDGE_LOOP('',(#2739,#2740,#2741,#2742));
#6530=EDGE_LOOP('',(#2743,#2744,#2745,#2746));
#6531=EDGE_LOOP('',(#2747,#2748,#2749,#2750));
#6532=EDGE_LOOP('',(#2751,#2752,#2753,#2754));
#6533=EDGE_LOOP('',(#2755,#2756,#2757,#2758));
#6534=EDGE_LOOP('',(#2759,#2760,#2761,#2762));
#6535=EDGE_LOOP('',(#2763,#2764,#2765,#2766));
#6536=EDGE_LOOP('',(#2767,#2768,#2769,#2770));
#6537=EDGE_LOOP('',(#2771,#2772,#2773,#2774));
#6538=EDGE_LOOP('',(#2775,#2776,#2777,#2778));
#6539=EDGE_LOOP('',(#2779,#2780,#2781,#2782));
#6540=EDGE_LOOP('',(#2783,#2784,#2785,#2786));
#6541=EDGE_LOOP('',(#2787,#2788,#2789,#2790));
#6542=EDGE_LOOP('',(#2791,#2792,#2793,#2794));
#6543=EDGE_LOOP('',(#2795,#2796,#2797,#2798));
#6544=EDGE_LOOP('',(#2799,#2800,#2801,#2802));
#6545=EDGE_LOOP('',(#2803,#2804,#2805,#2806));
#6546=EDGE_LOOP('',(#2807,#2808,#2809,#2810));
#6547=EDGE_LOOP('',(#2811,#2812,#2813,#2814));
#6548=EDGE_LOOP('',(#2815,#2816,#2817,#2818));
#6549=EDGE_LOOP('',(#2819,#2820,#2821,#2822));
#6550=EDGE_LOOP('',(#2823,#2824,#2825,#2826));
#6551=EDGE_LOOP('',(#2827,#2828,#2829,#2830));
#6552=EDGE_LOOP('',(#2831,#2832,#2833,#2834));
#6553=EDGE_LOOP('',(#2835,#2836,#2837,#2838));
#6554=EDGE_LOOP('',(#2839,#2840,#2841,#2842,#2843,#2844,#2845,#2846,#2847,
#2848,#2849,#2850,#2851,#2852,#2853,#2854,#2855,#2856,#2857,#2858,#2859,
#2860,#2861,#2862,#2863,#2864,#2865,#2866,#2867,#2868,#2869,#2870,#2871,
#2872,#2873,#2874,#2875,#2876,#2877,#2878,#2879,#2880,#2881,#2882,#2883,
#2884,#2885,#2886,#2887,#2888,#2889,#2890,#2891,#2892,#2893,#2894,#2895,
#2896,#2897,#2898,#2899,#2900,#2901,#2902,#2903,#2904,#2905,#2906,#2907,
#2908,#2909,#2910,#2911,#2912,#2913,#2914,#2915,#2916,#2917,#2918,#2919,
#2920,#2921,#2922,#2923,#2924,#2925,#2926,#2927,#2928,#2929,#2930,#2931,
#2932,#2933,#2934,#2935,#2936,#2937,#2938,#2939,#2940,#2941,#2942,#2943,
#2944,#2945,#2946,#2947,#2948,#2949,#2950,#2951,#2952,#2953,#2954,#2955,
#2956,#2957,#2958,#2959,#2960,#2961,#2962,#2963,#2964,#2965,#2966,#2967,
#2968,#2969,#2970,#2971,#2972,#2973,#2974,#2975,#2976,#2977,#2978,#2979,
#2980,#2981,#2982,#2983,#2984,#2985,#2986,#2987,#2988,#2989,#2990,#2991,
#2992,#2993,#2994,#2995,#2996,#2997,#2998,#2999,#3000,#3001,#3002,#3003,
#3004,#3005,#3006,#3007,#3008,#3009,#3010,#3011,#3012,#3013,#3014,#3015,
#3016,#3017,#3018,#3019,#3020,#3021,#3022,#3023,#3024,#3025,#3026,#3027,
#3028,#3029,#3030,#3031,#3032,#3033,#3034,#3035,#3036,#3037,#3038,#3039,
#3040,#3041,#3042,#3043,#3044,#3045,#3046,#3047,#3048,#3049,#3050,#3051,
#3052,#3053,#3054,#3055,#3056,#3057,#3058,#3059,#3060,#3061,#3062,#3063,
#3064,#3065,#3066,#3067,#3068,#3069,#3070,#3071,#3072,#3073,#3074,#3075,
#3076,#3077,#3078,#3079,#3080,#3081,#3082,#3083,#3084,#3085,#3086,#3087,
#3088,#3089,#3090,#3091,#3092,#3093,#3094,#3095,#3096,#3097,#3098,#3099,
#3100,#3101,#3102,#3103,#3104,#3105,#3106,#3107,#3108,#3109,#3110,#3111,
#3112,#3113,#3114,#3115,#3116,#3117,#3118,#3119,#3120,#3121,#3122,#3123,
#3124,#3125,#3126,#3127,#3128,#3129,#3130,#3131,#3132,#3133,#3134,#3135,
#3136,#3137,#3138,#3139,#3140,#3141,#3142,#3143,#3144,#3145,#3146,#3147,
#3148,#3149,#3150,#3151,#3152,#3153,#3154,#3155,#3156,#3157,#3158,#3159,
#3160,#3161,#3162,#3163,#3164,#3165,#3166,#3167,#3168,#3169,#3170,#3171,
#3172,#3173,#3174,#3175,#3176,#3177,#3178,#3179,#3180,#3181,#3182,#3183,
#3184,#3185,#3186,#3187,#3188,#3189,#3190,#3191,#3192,#3193,#3194,#3195,
#3196,#3197,#3198,#3199,#3200,#3201,#3202,#3203,#3204,#3205,#3206,#3207,
#3208,#3209,#3210,#3211,#3212,#3213,#3214,#3215,#3216,#3217,#3218,#3219,
#3220,#3221,#3222));
#6555=EDGE_LOOP('',(#3223,#3224,#3225,#3226));
#6556=EDGE_LOOP('',(#3227,#3228,#3229,#3230,#3231,#3232,#3233,#3234,#3235,
#3236,#3237,#3238,#3239,#3240,#3241,#3242,#3243,#3244,#3245,#3246,#3247,
#3248,#3249,#3250,#3251,#3252,#3253,#3254,#3255,#3256,#3257,#3258,#3259,
#3260,#3261,#3262,#3263,#3264,#3265,#3266,#3267,#3268,#3269,#3270,#3271,
#3272,#3273,#3274,#3275,#3276,#3277,#3278,#3279,#3280,#3281,#3282,#3283,
#3284,#3285,#3286,#3287,#3288,#3289,#3290,#3291,#3292,#3293,#3294,#3295,
#3296,#3297,#3298,#3299,#3300,#3301,#3302,#3303,#3304,#3305,#3306,#3307,
#3308,#3309,#3310,#3311,#3312,#3313,#3314,#3315,#3316,#3317,#3318,#3319,
#3320,#3321,#3322,#3323,#3324,#3325,#3326,#3327,#3328,#3329,#3330,#3331,
#3332,#3333,#3334,#3335,#3336,#3337,#3338,#3339,#3340,#3341,#3342,#3343,
#3344,#3345,#3346,#3347,#3348,#3349,#3350,#3351,#3352,#3353,#3354,#3355,
#3356,#3357,#3358,#3359,#3360,#3361,#3362,#3363,#3364,#3365,#3366,#3367,
#3368,#3369,#3370,#3371,#3372,#3373,#3374,#3375,#3376,#3377,#3378,#3379,
#3380,#3381,#3382,#3383,#3384,#3385,#3386,#3387,#3388,#3389,#3390,#3391,
#3392,#3393,#3394,#3395,#3396,#3397,#3398,#3399,#3400,#3401,#3402,#3403,
#3404,#3405,#3406,#3407,#3408,#3409,#3410,#3411,#3412,#3413,#3414,#3415,
#3416,#3417,#3418,#3419,#3420,#3421,#3422,#3423,#3424,#3425,#3426,#3427,
#3428,#3429,#3430,#3431,#3432,#3433,#3434,#3435,#3436,#3437,#3438,#3439,
#3440,#3441,#3442,#3443,#3444,#3445,#3446,#3447,#3448,#3449,#3450,#3451,
#3452,#3453,#3454,#3455,#3456,#3457,#3458,#3459,#3460,#3461,#3462,#3463,
#3464,#3465,#3466,#3467,#3468,#3469,#3470,#3471,#3472,#3473,#3474,#3475,
#3476,#3477,#3478,#3479,#3480,#3481,#3482,#3483,#3484,#3485,#3486,#3487,
#3488,#3489,#3490,#3491,#3492,#3493,#3494,#3495,#3496,#3497,#3498,#3499,
#3500,#3501,#3502,#3503,#3504,#3505,#3506,#3507,#3508,#3509,#3510,#3511,
#3512,#3513,#3514,#3515,#3516,#3517,#3518,#3519,#3520,#3521,#3522,#3523,
#3524,#3525,#3526,#3527,#3528,#3529,#3530,#3531,#3532,#3533,#3534,#3535,
#3536,#3537,#3538,#3539,#3540,#3541,#3542,#3543,#3544,#3545,#3546,#3547,
#3548,#3549,#3550,#3551,#3552,#3553,#3554,#3555,#3556,#3557,#3558,#3559,
#3560,#3561,#3562,#3563,#3564,#3565,#3566,#3567,#3568,#3569,#3570,#3571,
#3572,#3573,#3574,#3575,#3576,#3577,#3578,#3579,#3580,#3581,#3582,#3583,
#3584,#3585,#3586,#3587,#3588,#3589,#3590,#3591,#3592,#3593,#3594,#3595,
#3596,#3597,#3598,#3599,#3600,#3601,#3602,#3603,#3604,#3605,#3606,#3607,
#3608,#3609,#3610));
#6557=EDGE_LOOP('',(#3611,#3612,#3613,#3614));
#6558=EDGE_LOOP('',(#3615,#3616,#3617,#3618));
#6559=EDGE_LOOP('',(#3619,#3620,#3621,#3622));
#6560=EDGE_LOOP('',(#3623,#3624,#3625,#3626,#3627,#3628));
#6561=EDGE_LOOP('',(#3629,#3630,#3631,#3632,#3633,#3634));
#6562=EDGE_LOOP('',(#3635,#3636,#3637,#3638));
#6563=FACE_BOUND('',#6169,.T.);
#6564=FACE_BOUND('',#6170,.T.);
#6565=FACE_BOUND('',#6171,.T.);
#6566=FACE_BOUND('',#6172,.T.);
#6567=FACE_BOUND('',#6173,.T.);
#6568=FACE_BOUND('',#6174,.T.);
#6569=FACE_BOUND('',#6175,.T.);
#6570=FACE_BOUND('',#6176,.T.);
#6571=FACE_BOUND('',#6177,.T.);
#6572=FACE_BOUND('',#6178,.T.);
#6573=FACE_BOUND('',#6179,.T.);
#6574=FACE_BOUND('',#6180,.T.);
#6575=FACE_BOUND('',#6181,.T.);
#6576=FACE_BOUND('',#6182,.T.);
#6577=FACE_BOUND('',#6183,.T.);
#6578=FACE_BOUND('',#6184,.T.);
#6579=FACE_BOUND('',#6185,.T.);
#6580=FACE_BOUND('',#6186,.T.);
#6581=FACE_BOUND('',#6187,.T.);
#6582=FACE_BOUND('',#6188,.T.);
#6583=FACE_BOUND('',#6189,.T.);
#6584=FACE_BOUND('',#6190,.T.);
#6585=FACE_BOUND('',#6191,.T.);
#6586=FACE_BOUND('',#6192,.T.);
#6587=FACE_BOUND('',#6193,.T.);
#6588=FACE_BOUND('',#6194,.T.);
#6589=FACE_BOUND('',#6195,.T.);
#6590=FACE_BOUND('',#6196,.T.);
#6591=FACE_BOUND('',#6197,.T.);
#6592=FACE_BOUND('',#6198,.T.);
#6593=FACE_BOUND('',#6199,.T.);
#6594=FACE_BOUND('',#6200,.T.);
#6595=FACE_BOUND('',#6201,.T.);
#6596=FACE_BOUND('',#6202,.T.);
#6597=FACE_BOUND('',#6203,.T.);
#6598=FACE_BOUND('',#6204,.T.);
#6599=FACE_BOUND('',#6205,.T.);
#6600=FACE_BOUND('',#6206,.T.);
#6601=FACE_BOUND('',#6207,.T.);
#6602=FACE_BOUND('',#6208,.T.);
#6603=FACE_BOUND('',#6209,.T.);
#6604=FACE_BOUND('',#6210,.T.);
#6605=FACE_BOUND('',#6211,.T.);
#6606=FACE_BOUND('',#6212,.T.);
#6607=FACE_BOUND('',#6213,.T.);
#6608=FACE_BOUND('',#6214,.T.);
#6609=FACE_BOUND('',#6215,.T.);
#6610=FACE_BOUND('',#6216,.T.);
#6611=FACE_BOUND('',#6217,.T.);
#6612=FACE_BOUND('',#6218,.T.);
#6613=FACE_BOUND('',#6219,.T.);
#6614=FACE_BOUND('',#6220,.T.);
#6615=FACE_BOUND('',#6221,.T.);
#6616=FACE_BOUND('',#6222,.T.);
#6617=FACE_BOUND('',#6223,.T.);
#6618=FACE_BOUND('',#6224,.T.);
#6619=FACE_BOUND('',#6225,.T.);
#6620=FACE_BOUND('',#6226,.T.);
#6621=FACE_BOUND('',#6227,.T.);
#6622=FACE_BOUND('',#6228,.T.);
#6623=FACE_BOUND('',#6229,.T.);
#6624=FACE_BOUND('',#6230,.T.);
#6625=FACE_BOUND('',#6231,.T.);
#6626=FACE_BOUND('',#6232,.T.);
#6627=FACE_BOUND('',#6233,.T.);
#6628=FACE_BOUND('',#6234,.T.);
#6629=FACE_BOUND('',#6235,.T.);
#6630=FACE_BOUND('',#6236,.T.);
#6631=FACE_BOUND('',#6237,.T.);
#6632=FACE_BOUND('',#6238,.T.);
#6633=FACE_BOUND('',#6239,.T.);
#6634=FACE_BOUND('',#6240,.T.);
#6635=FACE_BOUND('',#6241,.T.);
#6636=FACE_BOUND('',#6242,.T.);
#6637=FACE_BOUND('',#6243,.T.);
#6638=FACE_BOUND('',#6244,.T.);
#6639=FACE_BOUND('',#6245,.T.);
#6640=FACE_BOUND('',#6246,.T.);
#6641=FACE_BOUND('',#6247,.T.);
#6642=FACE_BOUND('',#6248,.T.);
#6643=FACE_BOUND('',#6249,.T.);
#6644=FACE_BOUND('',#6250,.T.);
#6645=FACE_BOUND('',#6251,.T.);
#6646=FACE_BOUND('',#6252,.T.);
#6647=FACE_BOUND('',#6253,.T.);
#6648=FACE_BOUND('',#6254,.T.);
#6649=FACE_BOUND('',#6255,.T.);
#6650=FACE_BOUND('',#6256,.T.);
#6651=FACE_BOUND('',#6257,.T.);
#6652=FACE_BOUND('',#6258,.T.);
#6653=FACE_BOUND('',#6259,.T.);
#6654=FACE_BOUND('',#6260,.T.);
#6655=FACE_BOUND('',#6261,.T.);
#6656=FACE_BOUND('',#6262,.T.);
#6657=FACE_BOUND('',#6263,.T.);
#6658=FACE_BOUND('',#6264,.T.);
#6659=FACE_BOUND('',#6265,.T.);
#6660=FACE_BOUND('',#6266,.T.);
#6661=FACE_BOUND('',#6267,.T.);
#6662=FACE_BOUND('',#6268,.T.);
#6663=FACE_BOUND('',#6269,.T.);
#6664=FACE_BOUND('',#6270,.T.);
#6665=FACE_BOUND('',#6271,.T.);
#6666=FACE_BOUND('',#6272,.T.);
#6667=FACE_BOUND('',#6273,.T.);
#6668=FACE_BOUND('',#6274,.T.);
#6669=FACE_BOUND('',#6275,.T.);
#6670=FACE_BOUND('',#6276,.T.);
#6671=FACE_BOUND('',#6277,.T.);
#6672=FACE_BOUND('',#6278,.T.);
#6673=FACE_BOUND('',#6279,.T.);
#6674=FACE_BOUND('',#6280,.T.);
#6675=FACE_BOUND('',#6281,.T.);
#6676=FACE_BOUND('',#6282,.T.);
#6677=FACE_BOUND('',#6283,.T.);
#6678=FACE_BOUND('',#6284,.T.);
#6679=FACE_BOUND('',#6285,.T.);
#6680=FACE_BOUND('',#6286,.T.);
#6681=FACE_BOUND('',#6287,.T.);
#6682=FACE_BOUND('',#6288,.T.);
#6683=FACE_BOUND('',#6289,.T.);
#6684=FACE_BOUND('',#6290,.T.);
#6685=FACE_BOUND('',#6291,.T.);
#6686=FACE_BOUND('',#6292,.T.);
#6687=FACE_BOUND('',#6293,.T.);
#6688=FACE_BOUND('',#6294,.T.);
#6689=FACE_BOUND('',#6295,.T.);
#6690=FACE_BOUND('',#6296,.T.);
#6691=FACE_BOUND('',#6297,.T.);
#6692=FACE_BOUND('',#6298,.T.);
#6693=FACE_BOUND('',#6299,.T.);
#6694=FACE_BOUND('',#6300,.T.);
#6695=FACE_BOUND('',#6301,.T.);
#6696=FACE_BOUND('',#6302,.T.);
#6697=FACE_BOUND('',#6303,.T.);
#6698=FACE_BOUND('',#6304,.T.);
#6699=FACE_BOUND('',#6305,.T.);
#6700=FACE_BOUND('',#6306,.T.);
#6701=FACE_BOUND('',#6307,.T.);
#6702=FACE_BOUND('',#6308,.T.);
#6703=FACE_BOUND('',#6309,.T.);
#6704=FACE_BOUND('',#6310,.T.);
#6705=FACE_BOUND('',#6311,.T.);
#6706=FACE_BOUND('',#6312,.T.);
#6707=FACE_BOUND('',#6313,.T.);
#6708=FACE_BOUND('',#6314,.T.);
#6709=FACE_BOUND('',#6315,.T.);
#6710=FACE_BOUND('',#6316,.T.);
#6711=FACE_BOUND('',#6317,.T.);
#6712=FACE_BOUND('',#6318,.T.);
#6713=FACE_BOUND('',#6319,.T.);
#6714=FACE_BOUND('',#6320,.T.);
#6715=FACE_BOUND('',#6321,.T.);
#6716=FACE_BOUND('',#6322,.T.);
#6717=FACE_BOUND('',#6323,.T.);
#6718=FACE_BOUND('',#6324,.T.);
#6719=FACE_BOUND('',#6325,.T.);
#6720=FACE_BOUND('',#6326,.T.);
#6721=FACE_BOUND('',#6327,.T.);
#6722=FACE_BOUND('',#6328,.T.);
#6723=FACE_BOUND('',#6329,.T.);
#6724=FACE_BOUND('',#6330,.T.);
#6725=FACE_BOUND('',#6331,.T.);
#6726=FACE_BOUND('',#6332,.T.);
#6727=FACE_BOUND('',#6333,.T.);
#6728=FACE_BOUND('',#6334,.T.);
#6729=FACE_BOUND('',#6335,.T.);
#6730=FACE_BOUND('',#6336,.T.);
#6731=FACE_BOUND('',#6337,.T.);
#6732=FACE_BOUND('',#6338,.T.);
#6733=FACE_BOUND('',#6339,.T.);
#6734=FACE_BOUND('',#6340,.T.);
#6735=FACE_BOUND('',#6341,.T.);
#6736=FACE_BOUND('',#6342,.T.);
#6737=FACE_BOUND('',#6343,.T.);
#6738=FACE_BOUND('',#6344,.T.);
#6739=FACE_BOUND('',#6345,.T.);
#6740=FACE_BOUND('',#6346,.T.);
#6741=FACE_BOUND('',#6347,.T.);
#6742=FACE_BOUND('',#6348,.T.);
#6743=FACE_BOUND('',#6349,.T.);
#6744=FACE_BOUND('',#6350,.T.);
#6745=FACE_BOUND('',#6351,.T.);
#6746=FACE_BOUND('',#6352,.T.);
#6747=FACE_BOUND('',#6353,.T.);
#6748=FACE_BOUND('',#6354,.T.);
#6749=FACE_BOUND('',#6355,.T.);
#6750=FACE_BOUND('',#6356,.T.);
#6751=FACE_BOUND('',#6357,.T.);
#6752=FACE_BOUND('',#6358,.T.);
#6753=FACE_BOUND('',#6359,.T.);
#6754=FACE_BOUND('',#6360,.T.);
#6755=FACE_BOUND('',#6361,.T.);
#6756=FACE_BOUND('',#6362,.T.);
#6757=FACE_BOUND('',#6363,.T.);
#6758=FACE_BOUND('',#6364,.T.);
#6759=FACE_BOUND('',#6365,.T.);
#6760=FACE_BOUND('',#6366,.T.);
#6761=FACE_BOUND('',#6367,.T.);
#6762=FACE_BOUND('',#6368,.T.);
#6763=FACE_BOUND('',#6369,.T.);
#6764=FACE_BOUND('',#6370,.T.);
#6765=FACE_BOUND('',#6371,.T.);
#6766=FACE_BOUND('',#6372,.T.);
#6767=FACE_BOUND('',#6373,.T.);
#6768=FACE_BOUND('',#6374,.T.);
#6769=FACE_BOUND('',#6375,.T.);
#6770=FACE_BOUND('',#6376,.T.);
#6771=FACE_BOUND('',#6377,.T.);
#6772=FACE_BOUND('',#6378,.T.);
#6773=FACE_BOUND('',#6379,.T.);
#6774=FACE_BOUND('',#6380,.T.);
#6775=FACE_BOUND('',#6381,.T.);
#6776=FACE_BOUND('',#6382,.T.);
#6777=FACE_BOUND('',#6383,.T.);
#6778=FACE_BOUND('',#6384,.T.);
#6779=FACE_BOUND('',#6385,.T.);
#6780=FACE_BOUND('',#6386,.T.);
#6781=FACE_BOUND('',#6387,.T.);
#6782=FACE_BOUND('',#6388,.T.);
#6783=FACE_BOUND('',#6389,.T.);
#6784=FACE_BOUND('',#6390,.T.);
#6785=FACE_BOUND('',#6391,.T.);
#6786=FACE_BOUND('',#6392,.T.);
#6787=FACE_BOUND('',#6393,.T.);
#6788=FACE_BOUND('',#6394,.T.);
#6789=FACE_BOUND('',#6395,.T.);
#6790=FACE_BOUND('',#6396,.T.);
#6791=FACE_BOUND('',#6397,.T.);
#6792=FACE_BOUND('',#6398,.T.);
#6793=FACE_BOUND('',#6399,.T.);
#6794=FACE_BOUND('',#6400,.T.);
#6795=FACE_BOUND('',#6401,.T.);
#6796=FACE_BOUND('',#6402,.T.);
#6797=FACE_BOUND('',#6403,.T.);
#6798=FACE_BOUND('',#6404,.T.);
#6799=FACE_BOUND('',#6405,.T.);
#6800=FACE_BOUND('',#6406,.T.);
#6801=FACE_BOUND('',#6407,.T.);
#6802=FACE_BOUND('',#6408,.T.);
#6803=FACE_BOUND('',#6409,.T.);
#6804=FACE_BOUND('',#6410,.T.);
#6805=FACE_BOUND('',#6411,.T.);
#6806=FACE_BOUND('',#6412,.T.);
#6807=FACE_BOUND('',#6413,.T.);
#6808=FACE_BOUND('',#6414,.T.);
#6809=FACE_BOUND('',#6415,.T.);
#6810=FACE_BOUND('',#6416,.T.);
#6811=FACE_BOUND('',#6417,.T.);
#6812=FACE_BOUND('',#6418,.T.);
#6813=FACE_BOUND('',#6419,.T.);
#6814=FACE_BOUND('',#6420,.T.);
#6815=FACE_BOUND('',#6421,.T.);
#6816=FACE_BOUND('',#6422,.T.);
#6817=FACE_BOUND('',#6423,.T.);
#6818=FACE_BOUND('',#6424,.T.);
#6819=FACE_BOUND('',#6425,.T.);
#6820=FACE_BOUND('',#6426,.T.);
#6821=FACE_BOUND('',#6427,.T.);
#6822=FACE_BOUND('',#6428,.T.);
#6823=FACE_BOUND('',#6429,.T.);
#6824=FACE_BOUND('',#6430,.T.);
#6825=FACE_BOUND('',#6431,.T.);
#6826=FACE_BOUND('',#6432,.T.);
#6827=FACE_BOUND('',#6433,.T.);
#6828=FACE_BOUND('',#6434,.T.);
#6829=FACE_BOUND('',#6435,.T.);
#6830=FACE_BOUND('',#6436,.T.);
#6831=FACE_BOUND('',#6437,.T.);
#6832=FACE_BOUND('',#6438,.T.);
#6833=FACE_BOUND('',#6439,.T.);
#6834=FACE_BOUND('',#6440,.T.);
#6835=FACE_BOUND('',#6441,.T.);
#6836=FACE_BOUND('',#6442,.T.);
#6837=FACE_BOUND('',#6443,.T.);
#6838=FACE_BOUND('',#6444,.T.);
#6839=FACE_BOUND('',#6445,.T.);
#6840=FACE_BOUND('',#6446,.T.);
#6841=FACE_BOUND('',#6447,.T.);
#6842=FACE_BOUND('',#6448,.T.);
#6843=FACE_BOUND('',#6449,.T.);
#6844=FACE_BOUND('',#6450,.T.);
#6845=FACE_BOUND('',#6451,.T.);
#6846=FACE_BOUND('',#6452,.T.);
#6847=FACE_BOUND('',#6453,.T.);
#6848=FACE_BOUND('',#6454,.T.);
#6849=FACE_BOUND('',#6455,.T.);
#6850=FACE_BOUND('',#6456,.T.);
#6851=FACE_BOUND('',#6457,.T.);
#6852=FACE_BOUND('',#6458,.T.);
#6853=FACE_BOUND('',#6459,.T.);
#6854=FACE_BOUND('',#6460,.T.);
#6855=FACE_BOUND('',#6461,.T.);
#6856=FACE_BOUND('',#6462,.T.);
#6857=FACE_BOUND('',#6463,.T.);
#6858=FACE_BOUND('',#6464,.T.);
#6859=FACE_BOUND('',#6465,.T.);
#6860=FACE_BOUND('',#6466,.T.);
#6861=FACE_BOUND('',#6467,.T.);
#6862=FACE_BOUND('',#6468,.T.);
#6863=FACE_BOUND('',#6469,.T.);
#6864=FACE_BOUND('',#6470,.T.);
#6865=FACE_BOUND('',#6471,.T.);
#6866=FACE_BOUND('',#6472,.T.);
#6867=FACE_BOUND('',#6473,.T.);
#6868=FACE_BOUND('',#6474,.T.);
#6869=FACE_BOUND('',#6475,.T.);
#6870=FACE_BOUND('',#6476,.T.);
#6871=FACE_BOUND('',#6477,.T.);
#6872=FACE_BOUND('',#6478,.T.);
#6873=FACE_BOUND('',#6479,.T.);
#6874=FACE_BOUND('',#6480,.T.);
#6875=FACE_BOUND('',#6481,.T.);
#6876=FACE_BOUND('',#6482,.T.);
#6877=FACE_BOUND('',#6483,.T.);
#6878=FACE_BOUND('',#6484,.T.);
#6879=FACE_BOUND('',#6485,.T.);
#6880=FACE_BOUND('',#6486,.T.);
#6881=FACE_BOUND('',#6487,.T.);
#6882=FACE_BOUND('',#6488,.T.);
#6883=FACE_BOUND('',#6489,.T.);
#6884=FACE_BOUND('',#6490,.T.);
#6885=FACE_BOUND('',#6491,.T.);
#6886=FACE_BOUND('',#6492,.T.);
#6887=FACE_BOUND('',#6493,.T.);
#6888=FACE_BOUND('',#6494,.T.);
#6889=FACE_BOUND('',#6495,.T.);
#6890=FACE_BOUND('',#6496,.T.);
#6891=FACE_BOUND('',#6497,.T.);
#6892=FACE_BOUND('',#6498,.T.);
#6893=FACE_BOUND('',#6499,.T.);
#6894=FACE_BOUND('',#6500,.T.);
#6895=FACE_BOUND('',#6501,.T.);
#6896=FACE_BOUND('',#6502,.T.);
#6897=FACE_BOUND('',#6503,.T.);
#6898=FACE_BOUND('',#6504,.T.);
#6899=FACE_BOUND('',#6505,.T.);
#6900=FACE_BOUND('',#6506,.T.);
#6901=FACE_BOUND('',#6507,.T.);
#6902=FACE_BOUND('',#6508,.T.);
#6903=FACE_BOUND('',#6509,.T.);
#6904=FACE_BOUND('',#6510,.T.);
#6905=FACE_BOUND('',#6511,.T.);
#6906=FACE_BOUND('',#6512,.T.);
#6907=FACE_BOUND('',#6513,.T.);
#6908=FACE_BOUND('',#6514,.T.);
#6909=FACE_BOUND('',#6515,.T.);
#6910=FACE_BOUND('',#6516,.T.);
#6911=FACE_BOUND('',#6517,.T.);
#6912=FACE_BOUND('',#6518,.T.);
#6913=FACE_BOUND('',#6519,.T.);
#6914=FACE_BOUND('',#6520,.T.);
#6915=FACE_BOUND('',#6521,.T.);
#6916=FACE_BOUND('',#6522,.T.);
#6917=FACE_BOUND('',#6523,.T.);
#6918=FACE_BOUND('',#6524,.T.);
#6919=FACE_BOUND('',#6525,.T.);
#6920=FACE_BOUND('',#6526,.T.);
#6921=FACE_BOUND('',#6527,.T.);
#6922=FACE_BOUND('',#6528,.T.);
#6923=FACE_BOUND('',#6529,.T.);
#6924=FACE_BOUND('',#6530,.T.);
#6925=FACE_BOUND('',#6531,.T.);
#6926=FACE_BOUND('',#6532,.T.);
#6927=FACE_BOUND('',#6533,.T.);
#6928=FACE_BOUND('',#6534,.T.);
#6929=FACE_BOUND('',#6535,.T.);
#6930=FACE_BOUND('',#6536,.T.);
#6931=FACE_BOUND('',#6537,.T.);
#6932=FACE_BOUND('',#6538,.T.);
#6933=FACE_BOUND('',#6539,.T.);
#6934=FACE_BOUND('',#6540,.T.);
#6935=FACE_BOUND('',#6541,.T.);
#6936=FACE_BOUND('',#6542,.T.);
#6937=FACE_BOUND('',#6543,.T.);
#6938=FACE_BOUND('',#6544,.T.);
#6939=FACE_BOUND('',#6545,.T.);
#6940=FACE_BOUND('',#6546,.T.);
#6941=FACE_BOUND('',#6547,.T.);
#6942=FACE_BOUND('',#6548,.T.);
#6943=FACE_BOUND('',#6549,.T.);
#6944=FACE_BOUND('',#6550,.T.);
#6945=FACE_BOUND('',#6551,.T.);
#6946=FACE_BOUND('',#6552,.T.);
#6947=FACE_BOUND('',#6553,.T.);
#6948=FACE_BOUND('',#6554,.T.);
#6949=FACE_BOUND('',#6555,.T.);
#6950=FACE_BOUND('',#6556,.T.);
#6951=FACE_BOUND('',#6557,.T.);
#6952=FACE_BOUND('',#6558,.T.);
#6953=FACE_BOUND('',#6559,.T.);
#6954=FACE_BOUND('',#6560,.T.);
#6955=FACE_BOUND('',#6561,.T.);
#6956=FACE_BOUND('',#6562,.T.);
#6957=CYLINDRICAL_SURFACE('',#7651,0.499999999999918);
#6958=CYLINDRICAL_SURFACE('',#7654,74.9999999999497);
#6959=CYLINDRICAL_SURFACE('',#7657,0.500000000000001);
#6960=CYLINDRICAL_SURFACE('',#7661,0.749999999999944);
#6961=CYLINDRICAL_SURFACE('',#7664,68.2499999996496);
#6962=CYLINDRICAL_SURFACE('',#7667,0.750000000000029);
#6963=CYLINDRICAL_SURFACE('',#7671,0.50000000000002);
#6964=CYLINDRICAL_SURFACE('',#7674,75.0000000000133);
#6965=CYLINDRICAL_SURFACE('',#7677,0.500000000000068);
#6966=CYLINDRICAL_SURFACE('',#7681,0.750000000000127);
#6967=CYLINDRICAL_SURFACE('',#7684,68.2499999997669);
#6968=CYLINDRICAL_SURFACE('',#7687,0.750000000000113);
#6969=CYLINDRICAL_SURFACE('',#7691,0.500000000000008);
#6970=CYLINDRICAL_SURFACE('',#7694,75.0000000001119);
#6971=CYLINDRICAL_SURFACE('',#7697,0.49999999999987);
#6972=CYLINDRICAL_SURFACE('',#7701,0.749999999999997);
#6973=CYLINDRICAL_SURFACE('',#7704,68.2500000001107);
#6974=CYLINDRICAL_SURFACE('',#7707,0.750000000000045);
#6975=CYLINDRICAL_SURFACE('',#7711,0.499999999999972);
#6976=CYLINDRICAL_SURFACE('',#7714,74.9999999998201);
#6977=CYLINDRICAL_SURFACE('',#7717,0.50000000000004);
#6978=CYLINDRICAL_SURFACE('',#7721,0.750000000000067);
#6979=CYLINDRICAL_SURFACE('',#7724,68.2499999999914);
#6980=CYLINDRICAL_SURFACE('',#7727,0.750000000000033);
#6981=CYLINDRICAL_SURFACE('',#7731,0.500000000000041);
#6982=CYLINDRICAL_SURFACE('',#7734,74.9999999996768);
#6983=CYLINDRICAL_SURFACE('',#7737,0.500000000000018);
#6984=CYLINDRICAL_SURFACE('',#7741,0.750000000000037);
#6985=CYLINDRICAL_SURFACE('',#7744,68.2499999997772);
#6986=CYLINDRICAL_SURFACE('',#7747,0.750000000000038);
#6987=CYLINDRICAL_SURFACE('',#7751,0.499999999999963);
#6988=CYLINDRICAL_SURFACE('',#7754,75.0000000002744);
#6989=CYLINDRICAL_SURFACE('',#7757,0.500000000000068);
#6990=CYLINDRICAL_SURFACE('',#7761,0.749999999999966);
#6991=CYLINDRICAL_SURFACE('',#7764,68.2500000001477);
#6992=CYLINDRICAL_SURFACE('',#7767,0.749999999999951);
#6993=CYLINDRICAL_SURFACE('',#7771,0.499999999999971);
#6994=CYLINDRICAL_SURFACE('',#7774,74.9999999999443);
#6995=CYLINDRICAL_SURFACE('',#7777,0.500000000000131);
#6996=CYLINDRICAL_SURFACE('',#7781,0.749999999999976);
#6997=CYLINDRICAL_SURFACE('',#7784,68.2499999998849);
#6998=CYLINDRICAL_SURFACE('',#7787,0.750000000000045);
#6999=CYLINDRICAL_SURFACE('',#7791,0.499999999999936);
#7000=CYLINDRICAL_SURFACE('',#7794,75.0000000001283);
#7001=CYLINDRICAL_SURFACE('',#7797,0.50000000000004);
#7002=CYLINDRICAL_SURFACE('',#7801,0.750000000000075);
#7003=CYLINDRICAL_SURFACE('',#7804,68.2499999999744);
#7004=CYLINDRICAL_SURFACE('',#7807,0.750000000000121);
#7005=CYLINDRICAL_SURFACE('',#7811,0.500000000000012);
#7006=CYLINDRICAL_SURFACE('',#7814,75.0000000002027);
#7007=CYLINDRICAL_SURFACE('',#7817,0.500000000000047);
#7008=CYLINDRICAL_SURFACE('',#7821,0.750000000000087);
#7009=CYLINDRICAL_SURFACE('',#7824,68.2499999998159);
#7010=CYLINDRICAL_SURFACE('',#7827,0.749999999999971);
#7011=CYLINDRICAL_SURFACE('',#7831,0.500000000000069);
#7012=CYLINDRICAL_SURFACE('',#7834,74.9999999999231);
#7013=CYLINDRICAL_SURFACE('',#7837,0.499999999999973);
#7014=CYLINDRICAL_SURFACE('',#7841,0.750000000000028);
#7015=CYLINDRICAL_SURFACE('',#7844,68.2500000001147);
#7016=CYLINDRICAL_SURFACE('',#7847,0.749999999999992);
#7017=CYLINDRICAL_SURFACE('',#7851,0.500000000000081);
#7018=CYLINDRICAL_SURFACE('',#7854,75.0000000001653);
#7019=CYLINDRICAL_SURFACE('',#7857,0.500000000000024);
#7020=CYLINDRICAL_SURFACE('',#7861,0.750000000000006);
#7021=CYLINDRICAL_SURFACE('',#7864,68.249999999934);
#7022=CYLINDRICAL_SURFACE('',#7867,0.750000000000032);
#7023=CYLINDRICAL_SURFACE('',#7871,0.500000000000109);
#7024=CYLINDRICAL_SURFACE('',#7874,75.0000000002276);
#7025=CYLINDRICAL_SURFACE('',#7877,0.49999999999997);
#7026=CYLINDRICAL_SURFACE('',#7881,0.750000000000012);
#7027=CYLINDRICAL_SURFACE('',#7884,68.2499999996341);
#7028=CYLINDRICAL_SURFACE('',#7887,0.750000000000043);
#7029=CYLINDRICAL_SURFACE('',#7891,0.499999999999877);
#7030=CYLINDRICAL_SURFACE('',#7894,75.0000000001315);
#7031=CYLINDRICAL_SURFACE('',#7897,0.499999999999996);
#7032=CYLINDRICAL_SURFACE('',#7901,0.750000000000053);
#7033=CYLINDRICAL_SURFACE('',#7904,68.2499999999455);
#7034=CYLINDRICAL_SURFACE('',#7907,0.750000000000101);
#7035=CYLINDRICAL_SURFACE('',#7911,0.49999999999988);
#7036=CYLINDRICAL_SURFACE('',#7914,74.9999999997761);
#7037=CYLINDRICAL_SURFACE('',#7917,0.500000000000005);
#7038=CYLINDRICAL_SURFACE('',#7921,0.750000000000036);
#7039=CYLINDRICAL_SURFACE('',#7924,68.250000000007);
#7040=CYLINDRICAL_SURFACE('',#7927,0.750000000000056);
#7041=CYLINDRICAL_SURFACE('',#7931,0.49999999999993);
#7042=CYLINDRICAL_SURFACE('',#7934,75.0000000000736);
#7043=CYLINDRICAL_SURFACE('',#7937,0.500000000000034);
#7044=CYLINDRICAL_SURFACE('',#7941,0.750000000000035);
#7045=CYLINDRICAL_SURFACE('',#7944,68.2499999997942);
#7046=CYLINDRICAL_SURFACE('',#7947,0.750000000000063);
#7047=CYLINDRICAL_SURFACE('',#7951,0.500000000000047);
#7048=CYLINDRICAL_SURFACE('',#7954,75.0000000001634);
#7049=CYLINDRICAL_SURFACE('',#7957,0.499999999999989);
#7050=CYLINDRICAL_SURFACE('',#7961,0.750000000000044);
#7051=CYLINDRICAL_SURFACE('',#7964,68.2499999999118);
#7052=CYLINDRICAL_SURFACE('',#7967,0.750000000000093);
#7053=CYLINDRICAL_SURFACE('',#7971,0.499999999999976);
#7054=CYLINDRICAL_SURFACE('',#7974,75.0000000001216);
#7055=CYLINDRICAL_SURFACE('',#7977,0.500000000000023);
#7056=CYLINDRICAL_SURFACE('',#7981,0.750000000000059);
#7057=CYLINDRICAL_SURFACE('',#7984,68.2499999999047);
#7058=CYLINDRICAL_SURFACE('',#7987,0.750000000000101);
#7059=CYLINDRICAL_SURFACE('',#7991,0.500000000000038);
#7060=CYLINDRICAL_SURFACE('',#7994,74.9999999998427);
#7061=CYLINDRICAL_SURFACE('',#7997,0.49999999999996);
#7062=CYLINDRICAL_SURFACE('',#8001,0.749999999999989);
#7063=CYLINDRICAL_SURFACE('',#8004,68.2499999999995);
#7064=CYLINDRICAL_SURFACE('',#8007,0.749999999999974);
#7065=CYLINDRICAL_SURFACE('',#8011,0.500000000000016);
#7066=CYLINDRICAL_SURFACE('',#8014,74.9999999999381);
#7067=CYLINDRICAL_SURFACE('',#8017,0.499999999999978);
#7068=CYLINDRICAL_SURFACE('',#8021,0.750000000000018);
#7069=CYLINDRICAL_SURFACE('',#8024,68.2500000001246);
#7070=CYLINDRICAL_SURFACE('',#8027,0.750000000000014);
#7071=CYLINDRICAL_SURFACE('',#8031,0.500000000000011);
#7072=CYLINDRICAL_SURFACE('',#8034,75.0000000000979);
#7073=CYLINDRICAL_SURFACE('',#8037,0.500000000000048);
#7074=CYLINDRICAL_SURFACE('',#8041,0.750000000000084);
#7075=CYLINDRICAL_SURFACE('',#8044,68.2499999999317);
#7076=CYLINDRICAL_SURFACE('',#8047,0.749999999999954);
#7077=CYLINDRICAL_SURFACE('',#8051,0.499999999999991);
#7078=CYLINDRICAL_SURFACE('',#8054,74.9999999997253);
#7079=CYLINDRICAL_SURFACE('',#8057,0.500000000000033);
#7080=CYLINDRICAL_SURFACE('',#8061,0.750000000000052);
#7081=CYLINDRICAL_SURFACE('',#8064,68.2500000000631);
#7082=CYLINDRICAL_SURFACE('',#8067,0.750000000000028);
#7083=CYLINDRICAL_SURFACE('',#8071,0.49999999999996);
#7084=CYLINDRICAL_SURFACE('',#8074,74.999999999917);
#7085=CYLINDRICAL_SURFACE('',#8077,0.500000000000046);
#7086=CYLINDRICAL_SURFACE('',#8081,0.750000000000075);
#7087=CYLINDRICAL_SURFACE('',#8084,68.2499999996912);
#7088=CYLINDRICAL_SURFACE('',#8087,0.750000000000063);
#7089=CYLINDRICAL_SURFACE('',#8091,0.500000000000038);
#7090=CYLINDRICAL_SURFACE('',#8094,74.9999999999724);
#7091=CYLINDRICAL_SURFACE('',#8097,0.50000000000001);
#7092=CYLINDRICAL_SURFACE('',#8101,0.750000000000101);
#7093=CYLINDRICAL_SURFACE('',#8104,68.2499999998155);
#7094=CYLINDRICAL_SURFACE('',#8107,0.749999999999956);
#7095=CYLINDRICAL_SURFACE('',#8111,0.499999999999988);
#7096=CYLINDRICAL_SURFACE('',#8114,75.0000000002052);
#7097=CYLINDRICAL_SURFACE('',#8117,0.500000000000069);
#7098=CYLINDRICAL_SURFACE('',#8121,0.750000000000086);
#7099=CYLINDRICAL_SURFACE('',#8124,68.2499999998475);
#7100=CYLINDRICAL_SURFACE('',#8127,0.750000000000029);
#7101=CYLINDRICAL_SURFACE('',#8131,0.499999999999939);
#7102=CYLINDRICAL_SURFACE('',#8134,75.0000000000732);
#7103=CYLINDRICAL_SURFACE('',#8137,0.499999999999962);
#7104=CYLINDRICAL_SURFACE('',#8141,0.749999999999962);
#7105=CYLINDRICAL_SURFACE('',#8144,68.2499999993971);
#7106=CYLINDRICAL_SURFACE('',#8147,0.750000000000048);
#7107=CYLINDRICAL_SURFACE('',#8151,0.500000000000009);
#7108=CYLINDRICAL_SURFACE('',#8154,75.0000000001809);
#7109=CYLINDRICAL_SURFACE('',#8157,0.500000000000035);
#7110=CYLINDRICAL_SURFACE('',#8161,0.750000000000088);
#7111=CYLINDRICAL_SURFACE('',#8164,68.2499999999583);
#7112=CYLINDRICAL_SURFACE('',#8167,0.749999999999996);
#7113=CYLINDRICAL_SURFACE('',#8171,0.499999999999986);
#7114=CYLINDRICAL_SURFACE('',#8174,74.9999999998483);
#7115=CYLINDRICAL_SURFACE('',#8177,0.499999999999846);
#7116=CYLINDRICAL_SURFACE('',#8181,0.749999999999987);
#7117=CYLINDRICAL_SURFACE('',#8184,68.2499999998582);
#7118=CYLINDRICAL_SURFACE('',#8187,0.749999999999958);
#7119=CYLINDRICAL_SURFACE('',#8191,0.499999999999982);
#7120=CYLINDRICAL_SURFACE('',#8194,74.9999999996265);
#7121=CYLINDRICAL_SURFACE('',#8197,0.50000000000004);
#7122=CYLINDRICAL_SURFACE('',#8201,0.750000000000052);
#7123=CYLINDRICAL_SURFACE('',#8204,68.2499999999969);
#7124=CYLINDRICAL_SURFACE('',#8207,0.750000000000061);
#7125=CYLINDRICAL_SURFACE('',#8211,0.500000000000058);
#7126=CYLINDRICAL_SURFACE('',#8214,75.0000000000316);
#7127=CYLINDRICAL_SURFACE('',#8217,0.500000000000068);
#7128=CYLINDRICAL_SURFACE('',#8221,0.750000000000023);
#7129=CYLINDRICAL_SURFACE('',#8224,68.2500000003062);
#7130=CYLINDRICAL_SURFACE('',#8227,0.750000000000063);
#7131=CYLINDRICAL_SURFACE('',#8231,0.499999999999986);
#7132=CYLINDRICAL_SURFACE('',#8234,75.0000000003781);
#7133=CYLINDRICAL_SURFACE('',#8237,0.500000000000126);
#7134=CYLINDRICAL_SURFACE('',#8241,0.749999999999947);
#7135=CYLINDRICAL_SURFACE('',#8244,68.2500000001445);
#7136=CYLINDRICAL_SURFACE('',#8247,0.749999999999985);
#7137=CYLINDRICAL_SURFACE('',#8251,0.499999999999937);
#7138=CYLINDRICAL_SURFACE('',#8254,75.0000000003809);
#7139=CYLINDRICAL_SURFACE('',#8257,0.499999999999919);
#7140=CYLINDRICAL_SURFACE('',#8261,0.75000000000004);
#7141=CYLINDRICAL_SURFACE('',#8264,68.2499999999565);
#7142=CYLINDRICAL_SURFACE('',#8267,0.749999999999984);
#7143=CYLINDRICAL_SURFACE('',#8271,0.499999999999949);
#7144=CYLINDRICAL_SURFACE('',#8274,74.9999999999978);
#7145=CYLINDRICAL_SURFACE('',#8277,0.500000000000037);
#7146=CYLINDRICAL_SURFACE('',#8281,0.750000000000083);
#7147=CYLINDRICAL_SURFACE('',#8284,68.250000000104);
#7148=CYLINDRICAL_SURFACE('',#8287,0.750000000000099);
#7149=CYLINDRICAL_SURFACE('',#8291,0.499999999999999);
#7150=CYLINDRICAL_SURFACE('',#8294,75.0000000004108);
#7151=CYLINDRICAL_SURFACE('',#8297,0.500000000000103);
#7152=CYLINDRICAL_SURFACE('',#8301,0.750000000000087);
#7153=CYLINDRICAL_SURFACE('',#8304,68.2499999997082);
#7154=CYLINDRICAL_SURFACE('',#8307,0.749999999999969);
#7155=CYLINDRICAL_SURFACE('',#8311,0.500000000000099);
#7156=CYLINDRICAL_SURFACE('',#8314,74.999999999985);
#7157=CYLINDRICAL_SURFACE('',#8317,0.499999999999995);
#7158=CYLINDRICAL_SURFACE('',#8321,0.75000000000005);
#7159=CYLINDRICAL_SURFACE('',#8324,68.2499999996977);
#7160=CYLINDRICAL_SURFACE('',#8327,0.750000000000028);
#7161=CYLINDRICAL_SURFACE('',#8331,0.500000000000039);
#7162=CYLINDRICAL_SURFACE('',#8334,75.0000000000633);
#7163=CYLINDRICAL_SURFACE('',#8337,0.500000000000016);
#7164=CYLINDRICAL_SURFACE('',#8341,0.749999999999992);
#7165=CYLINDRICAL_SURFACE('',#8344,68.2500000000525);
#7166=CYLINDRICAL_SURFACE('',#8347,0.749999999999948);
#7167=CYLINDRICAL_SURFACE('',#8351,0.500000000000125);
#7168=CYLINDRICAL_SURFACE('',#8354,75.0000000001836);
#7169=CYLINDRICAL_SURFACE('',#8357,0.499999999999959);
#7170=CYLINDRICAL_SURFACE('',#8361,0.750000000000003);
#7171=CYLINDRICAL_SURFACE('',#8364,68.2499999999045);
#7172=CYLINDRICAL_SURFACE('',#8367,0.750000000000028);
#7173=CYLINDRICAL_SURFACE('',#8371,0.499999999999922);
#7174=CYLINDRICAL_SURFACE('',#8374,75.0000000002054);
#7175=CYLINDRICAL_SURFACE('',#8377,0.50000000000003);
#7176=CYLINDRICAL_SURFACE('',#8381,0.750000000000009);
#7177=CYLINDRICAL_SURFACE('',#8384,68.2499999996754);
#7178=CYLINDRICAL_SURFACE('',#8387,0.750000000000141);
#7179=CYLINDRICAL_SURFACE('',#8391,0.499999999999902);
#7180=CYLINDRICAL_SURFACE('',#8394,74.9999999995117);
#7181=CYLINDRICAL_SURFACE('',#8397,0.499999999999964);
#7182=CYLINDRICAL_SURFACE('',#8401,0.750000000000042);
#7183=CYLINDRICAL_SURFACE('',#8404,68.2499999998745);
#7184=CYLINDRICAL_SURFACE('',#8407,0.750000000000026);
#7185=CYLINDRICAL_SURFACE('',#8411,0.499999999999903);
#7186=CYLINDRICAL_SURFACE('',#8414,75.0000000001743);
#7187=CYLINDRICAL_SURFACE('',#8417,0.499999999999988);
#7188=CYLINDRICAL_SURFACE('',#8421,0.750000000000005);
#7189=CYLINDRICAL_SURFACE('',#8424,68.2500000001662);
#7190=CYLINDRICAL_SURFACE('',#8427,0.750000000000046);
#7191=CYLINDRICAL_SURFACE('',#8431,0.500000000000012);
#7192=CYLINDRICAL_SURFACE('',#8434,74.9999999998664);
#7193=CYLINDRICAL_SURFACE('',#8437,0.500000000000006);
#7194=CYLINDRICAL_SURFACE('',#8441,0.750000000000051);
#7195=CYLINDRICAL_SURFACE('',#8444,68.249999999987);
#7196=CYLINDRICAL_SURFACE('',#8447,0.75000000000007);
#7197=CYLINDRICAL_SURFACE('',#8451,0.500000000000029);
#7198=CYLINDRICAL_SURFACE('',#8454,74.9999999998844);
#7199=CYLINDRICAL_SURFACE('',#8457,0.50000000000002);
#7200=CYLINDRICAL_SURFACE('',#8461,0.750000000000062);
#7201=CYLINDRICAL_SURFACE('',#8464,68.2499999999381);
#7202=CYLINDRICAL_SURFACE('',#8467,0.750000000000082);
#7203=CYLINDRICAL_SURFACE('',#8471,0.500000000000015);
#7204=CYLINDRICAL_SURFACE('',#8474,74.9999999998873);
#7205=CYLINDRICAL_SURFACE('',#8477,0.499999999999987);
#7206=CYLINDRICAL_SURFACE('',#8481,0.750000000000003);
#7207=CYLINDRICAL_SURFACE('',#8484,68.2499999999693);
#7208=CYLINDRICAL_SURFACE('',#8487,0.750000000000104);
#7209=CYLINDRICAL_SURFACE('',#8491,0.500000000000084);
#7210=CYLINDRICAL_SURFACE('',#8494,74.9999999999925);
#7211=CYLINDRICAL_SURFACE('',#8497,0.500000000000009);
#7212=CYLINDRICAL_SURFACE('',#8501,0.750000000000044);
#7213=CYLINDRICAL_SURFACE('',#8504,68.2500000000668);
#7214=CYLINDRICAL_SURFACE('',#8507,0.750000000000051);
#7215=CYLINDRICAL_SURFACE('',#8511,0.499999999999935);
#7216=CYLINDRICAL_SURFACE('',#8514,74.9999999999067);
#7217=CYLINDRICAL_SURFACE('',#8517,0.500000000000024);
#7218=CYLINDRICAL_SURFACE('',#8521,0.749999999999946);
#7219=CYLINDRICAL_SURFACE('',#8524,68.2500000001202);
#7220=CYLINDRICAL_SURFACE('',#8527,0.75000000000002);
#7221=CYLINDRICAL_SURFACE('',#8531,0.500000000000001);
#7222=CYLINDRICAL_SURFACE('',#8534,75.0000000000055);
#7223=CYLINDRICAL_SURFACE('',#8537,0.500000000000053);
#7224=CYLINDRICAL_SURFACE('',#8541,0.750000000000043);
#7225=CYLINDRICAL_SURFACE('',#8544,68.249999999628);
#7226=CYLINDRICAL_SURFACE('',#8547,0.750000000000011);
#7227=CYLINDRICAL_SURFACE('',#8551,0.500000000000081);
#7228=CYLINDRICAL_SURFACE('',#8554,75.0000000002538);
#7229=CYLINDRICAL_SURFACE('',#8557,0.499999999999977);
#7230=CYLINDRICAL_SURFACE('',#8561,0.750000000000033);
#7231=CYLINDRICAL_SURFACE('',#8564,68.2500000004415);
#7232=CYLINDRICAL_SURFACE('',#8567,0.750000000000033);
#7233=CYLINDRICAL_SURFACE('',#8571,0.500000000000066);
#7234=CYLINDRICAL_SURFACE('',#8574,75.0000000001438);
#7235=CYLINDRICAL_SURFACE('',#8577,0.499999999999947);
#7236=CYLINDRICAL_SURFACE('',#8581,0.750000000000028);
#7237=CYLINDRICAL_SURFACE('',#8584,68.2500000002679);
#7238=CYLINDRICAL_SURFACE('',#8587,0.750000000000054);
#7239=CYLINDRICAL_SURFACE('',#8591,0.500000000000069);
#7240=CYLINDRICAL_SURFACE('',#8594,75.0000000000243);
#7241=CYLINDRICAL_SURFACE('',#8597,0.500000000000044);
#7242=CYLINDRICAL_SURFACE('',#8601,0.750000000000123);
#7243=CYLINDRICAL_SURFACE('',#8604,68.2499999996313);
#7244=CYLINDRICAL_SURFACE('',#8607,0.750000000000013);
#7245=CYLINDRICAL_SURFACE('',#8617,17.5);
#7246=ADVANCED_FACE('',(#6563),#6957,.T.);
#7247=ADVANCED_FACE('',(#6564),#6958,.T.);
#7248=ADVANCED_FACE('',(#6565),#6959,.T.);
#7249=ADVANCED_FACE('',(#6566),#26,.T.);
#7250=ADVANCED_FACE('',(#6567),#6960,.F.);
#7251=ADVANCED_FACE('',(#6568),#6961,.T.);
#7252=ADVANCED_FACE('',(#6569),#6962,.F.);
#7253=ADVANCED_FACE('',(#6570),#27,.T.);
#7254=ADVANCED_FACE('',(#6571),#6963,.T.);
#7255=ADVANCED_FACE('',(#6572),#6964,.T.);
#7256=ADVANCED_FACE('',(#6573),#6965,.T.);
#7257=ADVANCED_FACE('',(#6574),#28,.T.);
#7258=ADVANCED_FACE('',(#6575),#6966,.F.);
#7259=ADVANCED_FACE('',(#6576),#6967,.T.);
#7260=ADVANCED_FACE('',(#6577),#6968,.F.);
#7261=ADVANCED_FACE('',(#6578),#29,.T.);
#7262=ADVANCED_FACE('',(#6579),#6969,.T.);
#7263=ADVANCED_FACE('',(#6580),#6970,.T.);
#7264=ADVANCED_FACE('',(#6581),#6971,.T.);
#7265=ADVANCED_FACE('',(#6582),#30,.T.);
#7266=ADVANCED_FACE('',(#6583),#6972,.F.);
#7267=ADVANCED_FACE('',(#6584),#6973,.T.);
#7268=ADVANCED_FACE('',(#6585),#6974,.F.);
#7269=ADVANCED_FACE('',(#6586),#31,.T.);
#7270=ADVANCED_FACE('',(#6587),#6975,.T.);
#7271=ADVANCED_FACE('',(#6588),#6976,.T.);
#7272=ADVANCED_FACE('',(#6589),#6977,.T.);
#7273=ADVANCED_FACE('',(#6590),#32,.T.);
#7274=ADVANCED_FACE('',(#6591),#6978,.F.);
#7275=ADVANCED_FACE('',(#6592),#6979,.T.);
#7276=ADVANCED_FACE('',(#6593),#6980,.F.);
#7277=ADVANCED_FACE('',(#6594),#33,.T.);
#7278=ADVANCED_FACE('',(#6595),#6981,.T.);
#7279=ADVANCED_FACE('',(#6596),#6982,.T.);
#7280=ADVANCED_FACE('',(#6597),#6983,.T.);
#7281=ADVANCED_FACE('',(#6598),#34,.T.);
#7282=ADVANCED_FACE('',(#6599),#6984,.F.);
#7283=ADVANCED_FACE('',(#6600),#6985,.T.);
#7284=ADVANCED_FACE('',(#6601),#6986,.F.);
#7285=ADVANCED_FACE('',(#6602),#35,.T.);
#7286=ADVANCED_FACE('',(#6603),#6987,.T.);
#7287=ADVANCED_FACE('',(#6604),#6988,.T.);
#7288=ADVANCED_FACE('',(#6605),#6989,.T.);
#7289=ADVANCED_FACE('',(#6606),#36,.T.);
#7290=ADVANCED_FACE('',(#6607),#6990,.F.);
#7291=ADVANCED_FACE('',(#6608),#6991,.T.);
#7292=ADVANCED_FACE('',(#6609),#6992,.F.);
#7293=ADVANCED_FACE('',(#6610),#37,.T.);
#7294=ADVANCED_FACE('',(#6611),#6993,.T.);
#7295=ADVANCED_FACE('',(#6612),#6994,.T.);
#7296=ADVANCED_FACE('',(#6613),#6995,.T.);
#7297=ADVANCED_FACE('',(#6614),#38,.T.);
#7298=ADVANCED_FACE('',(#6615),#6996,.F.);
#7299=ADVANCED_FACE('',(#6616),#6997,.T.);
#7300=ADVANCED_FACE('',(#6617),#6998,.F.);
#7301=ADVANCED_FACE('',(#6618),#39,.T.);
#7302=ADVANCED_FACE('',(#6619),#6999,.T.);
#7303=ADVANCED_FACE('',(#6620),#7000,.T.);
#7304=ADVANCED_FACE('',(#6621),#7001,.T.);
#7305=ADVANCED_FACE('',(#6622),#40,.T.);
#7306=ADVANCED_FACE('',(#6623),#7002,.F.);
#7307=ADVANCED_FACE('',(#6624),#7003,.T.);
#7308=ADVANCED_FACE('',(#6625),#7004,.F.);
#7309=ADVANCED_FACE('',(#6626),#41,.T.);
#7310=ADVANCED_FACE('',(#6627),#7005,.T.);
#7311=ADVANCED_FACE('',(#6628),#7006,.T.);
#7312=ADVANCED_FACE('',(#6629),#7007,.T.);
#7313=ADVANCED_FACE('',(#6630),#42,.T.);
#7314=ADVANCED_FACE('',(#6631),#7008,.F.);
#7315=ADVANCED_FACE('',(#6632),#7009,.T.);
#7316=ADVANCED_FACE('',(#6633),#7010,.F.);
#7317=ADVANCED_FACE('',(#6634),#43,.T.);
#7318=ADVANCED_FACE('',(#6635),#7011,.T.);
#7319=ADVANCED_FACE('',(#6636),#7012,.T.);
#7320=ADVANCED_FACE('',(#6637),#7013,.T.);
#7321=ADVANCED_FACE('',(#6638),#44,.T.);
#7322=ADVANCED_FACE('',(#6639),#7014,.F.);
#7323=ADVANCED_FACE('',(#6640),#7015,.T.);
#7324=ADVANCED_FACE('',(#6641),#7016,.F.);
#7325=ADVANCED_FACE('',(#6642),#45,.T.);
#7326=ADVANCED_FACE('',(#6643),#7017,.T.);
#7327=ADVANCED_FACE('',(#6644),#7018,.T.);
#7328=ADVANCED_FACE('',(#6645),#7019,.T.);
#7329=ADVANCED_FACE('',(#6646),#46,.T.);
#7330=ADVANCED_FACE('',(#6647),#7020,.F.);
#7331=ADVANCED_FACE('',(#6648),#7021,.T.);
#7332=ADVANCED_FACE('',(#6649),#7022,.F.);
#7333=ADVANCED_FACE('',(#6650),#47,.T.);
#7334=ADVANCED_FACE('',(#6651),#7023,.T.);
#7335=ADVANCED_FACE('',(#6652),#7024,.T.);
#7336=ADVANCED_FACE('',(#6653),#7025,.T.);
#7337=ADVANCED_FACE('',(#6654),#48,.T.);
#7338=ADVANCED_FACE('',(#6655),#7026,.F.);
#7339=ADVANCED_FACE('',(#6656),#7027,.T.);
#7340=ADVANCED_FACE('',(#6657),#7028,.F.);
#7341=ADVANCED_FACE('',(#6658),#49,.T.);
#7342=ADVANCED_FACE('',(#6659),#7029,.T.);
#7343=ADVANCED_FACE('',(#6660),#7030,.T.);
#7344=ADVANCED_FACE('',(#6661),#7031,.T.);
#7345=ADVANCED_FACE('',(#6662),#50,.T.);
#7346=ADVANCED_FACE('',(#6663),#7032,.F.);
#7347=ADVANCED_FACE('',(#6664),#7033,.T.);
#7348=ADVANCED_FACE('',(#6665),#7034,.F.);
#7349=ADVANCED_FACE('',(#6666),#51,.T.);
#7350=ADVANCED_FACE('',(#6667),#7035,.T.);
#7351=ADVANCED_FACE('',(#6668),#7036,.T.);
#7352=ADVANCED_FACE('',(#6669),#7037,.T.);
#7353=ADVANCED_FACE('',(#6670),#52,.T.);
#7354=ADVANCED_FACE('',(#6671),#7038,.F.);
#7355=ADVANCED_FACE('',(#6672),#7039,.T.);
#7356=ADVANCED_FACE('',(#6673),#7040,.F.);
#7357=ADVANCED_FACE('',(#6674),#53,.T.);
#7358=ADVANCED_FACE('',(#6675),#7041,.T.);
#7359=ADVANCED_FACE('',(#6676),#7042,.T.);
#7360=ADVANCED_FACE('',(#6677),#7043,.T.);
#7361=ADVANCED_FACE('',(#6678),#54,.T.);
#7362=ADVANCED_FACE('',(#6679),#7044,.F.);
#7363=ADVANCED_FACE('',(#6680),#7045,.T.);
#7364=ADVANCED_FACE('',(#6681),#7046,.F.);
#7365=ADVANCED_FACE('',(#6682),#55,.T.);
#7366=ADVANCED_FACE('',(#6683),#7047,.T.);
#7367=ADVANCED_FACE('',(#6684),#7048,.T.);
#7368=ADVANCED_FACE('',(#6685),#7049,.T.);
#7369=ADVANCED_FACE('',(#6686),#56,.T.);
#7370=ADVANCED_FACE('',(#6687),#7050,.F.);
#7371=ADVANCED_FACE('',(#6688),#7051,.T.);
#7372=ADVANCED_FACE('',(#6689),#7052,.F.);
#7373=ADVANCED_FACE('',(#6690),#57,.T.);
#7374=ADVANCED_FACE('',(#6691),#7053,.T.);
#7375=ADVANCED_FACE('',(#6692),#7054,.T.);
#7376=ADVANCED_FACE('',(#6693),#7055,.T.);
#7377=ADVANCED_FACE('',(#6694),#58,.T.);
#7378=ADVANCED_FACE('',(#6695),#7056,.F.);
#7379=ADVANCED_FACE('',(#6696),#7057,.T.);
#7380=ADVANCED_FACE('',(#6697),#7058,.F.);
#7381=ADVANCED_FACE('',(#6698),#59,.T.);
#7382=ADVANCED_FACE('',(#6699),#7059,.T.);
#7383=ADVANCED_FACE('',(#6700),#7060,.T.);
#7384=ADVANCED_FACE('',(#6701),#7061,.T.);
#7385=ADVANCED_FACE('',(#6702),#60,.T.);
#7386=ADVANCED_FACE('',(#6703),#7062,.F.);
#7387=ADVANCED_FACE('',(#6704),#7063,.T.);
#7388=ADVANCED_FACE('',(#6705),#7064,.F.);
#7389=ADVANCED_FACE('',(#6706),#61,.T.);
#7390=ADVANCED_FACE('',(#6707),#7065,.T.);
#7391=ADVANCED_FACE('',(#6708),#7066,.T.);
#7392=ADVANCED_FACE('',(#6709),#7067,.T.);
#7393=ADVANCED_FACE('',(#6710),#62,.T.);
#7394=ADVANCED_FACE('',(#6711),#7068,.F.);
#7395=ADVANCED_FACE('',(#6712),#7069,.T.);
#7396=ADVANCED_FACE('',(#6713),#7070,.F.);
#7397=ADVANCED_FACE('',(#6714),#63,.T.);
#7398=ADVANCED_FACE('',(#6715),#7071,.T.);
#7399=ADVANCED_FACE('',(#6716),#7072,.T.);
#7400=ADVANCED_FACE('',(#6717),#7073,.T.);
#7401=ADVANCED_FACE('',(#6718),#64,.T.);
#7402=ADVANCED_FACE('',(#6719),#7074,.F.);
#7403=ADVANCED_FACE('',(#6720),#7075,.T.);
#7404=ADVANCED_FACE('',(#6721),#7076,.F.);
#7405=ADVANCED_FACE('',(#6722),#65,.T.);
#7406=ADVANCED_FACE('',(#6723),#7077,.T.);
#7407=ADVANCED_FACE('',(#6724),#7078,.T.);
#7408=ADVANCED_FACE('',(#6725),#7079,.T.);
#7409=ADVANCED_FACE('',(#6726),#66,.T.);
#7410=ADVANCED_FACE('',(#6727),#7080,.F.);
#7411=ADVANCED_FACE('',(#6728),#7081,.T.);
#7412=ADVANCED_FACE('',(#6729),#7082,.F.);
#7413=ADVANCED_FACE('',(#6730),#67,.T.);
#7414=ADVANCED_FACE('',(#6731),#7083,.T.);
#7415=ADVANCED_FACE('',(#6732),#7084,.T.);
#7416=ADVANCED_FACE('',(#6733),#7085,.T.);
#7417=ADVANCED_FACE('',(#6734),#68,.T.);
#7418=ADVANCED_FACE('',(#6735),#7086,.F.);
#7419=ADVANCED_FACE('',(#6736),#7087,.T.);
#7420=ADVANCED_FACE('',(#6737),#7088,.F.);
#7421=ADVANCED_FACE('',(#6738),#69,.T.);
#7422=ADVANCED_FACE('',(#6739),#7089,.T.);
#7423=ADVANCED_FACE('',(#6740),#7090,.T.);
#7424=ADVANCED_FACE('',(#6741),#7091,.T.);
#7425=ADVANCED_FACE('',(#6742),#70,.T.);
#7426=ADVANCED_FACE('',(#6743),#7092,.F.);
#7427=ADVANCED_FACE('',(#6744),#7093,.T.);
#7428=ADVANCED_FACE('',(#6745),#7094,.F.);
#7429=ADVANCED_FACE('',(#6746),#71,.T.);
#7430=ADVANCED_FACE('',(#6747),#7095,.T.);
#7431=ADVANCED_FACE('',(#6748),#7096,.T.);
#7432=ADVANCED_FACE('',(#6749),#7097,.T.);
#7433=ADVANCED_FACE('',(#6750),#72,.T.);
#7434=ADVANCED_FACE('',(#6751),#7098,.F.);
#7435=ADVANCED_FACE('',(#6752),#7099,.T.);
#7436=ADVANCED_FACE('',(#6753),#7100,.F.);
#7437=ADVANCED_FACE('',(#6754),#73,.T.);
#7438=ADVANCED_FACE('',(#6755),#7101,.T.);
#7439=ADVANCED_FACE('',(#6756),#7102,.T.);
#7440=ADVANCED_FACE('',(#6757),#7103,.T.);
#7441=ADVANCED_FACE('',(#6758),#74,.T.);
#7442=ADVANCED_FACE('',(#6759),#7104,.F.);
#7443=ADVANCED_FACE('',(#6760),#7105,.T.);
#7444=ADVANCED_FACE('',(#6761),#7106,.F.);
#7445=ADVANCED_FACE('',(#6762),#75,.T.);
#7446=ADVANCED_FACE('',(#6763),#7107,.T.);
#7447=ADVANCED_FACE('',(#6764),#7108,.T.);
#7448=ADVANCED_FACE('',(#6765),#7109,.T.);
#7449=ADVANCED_FACE('',(#6766),#76,.T.);
#7450=ADVANCED_FACE('',(#6767),#7110,.F.);
#7451=ADVANCED_FACE('',(#6768),#7111,.T.);
#7452=ADVANCED_FACE('',(#6769),#7112,.F.);
#7453=ADVANCED_FACE('',(#6770),#77,.T.);
#7454=ADVANCED_FACE('',(#6771),#7113,.T.);
#7455=ADVANCED_FACE('',(#6772),#7114,.T.);
#7456=ADVANCED_FACE('',(#6773),#7115,.T.);
#7457=ADVANCED_FACE('',(#6774),#78,.T.);
#7458=ADVANCED_FACE('',(#6775),#7116,.F.);
#7459=ADVANCED_FACE('',(#6776),#7117,.T.);
#7460=ADVANCED_FACE('',(#6777),#7118,.F.);
#7461=ADVANCED_FACE('',(#6778),#79,.T.);
#7462=ADVANCED_FACE('',(#6779),#7119,.T.);
#7463=ADVANCED_FACE('',(#6780),#7120,.T.);
#7464=ADVANCED_FACE('',(#6781),#7121,.T.);
#7465=ADVANCED_FACE('',(#6782),#80,.T.);
#7466=ADVANCED_FACE('',(#6783),#7122,.F.);
#7467=ADVANCED_FACE('',(#6784),#7123,.T.);
#7468=ADVANCED_FACE('',(#6785),#7124,.F.);
#7469=ADVANCED_FACE('',(#6786),#81,.T.);
#7470=ADVANCED_FACE('',(#6787),#7125,.T.);
#7471=ADVANCED_FACE('',(#6788),#7126,.T.);
#7472=ADVANCED_FACE('',(#6789),#7127,.T.);
#7473=ADVANCED_FACE('',(#6790),#82,.T.);
#7474=ADVANCED_FACE('',(#6791),#7128,.F.);
#7475=ADVANCED_FACE('',(#6792),#7129,.T.);
#7476=ADVANCED_FACE('',(#6793),#7130,.F.);
#7477=ADVANCED_FACE('',(#6794),#83,.T.);
#7478=ADVANCED_FACE('',(#6795),#7131,.T.);
#7479=ADVANCED_FACE('',(#6796),#7132,.T.);
#7480=ADVANCED_FACE('',(#6797),#7133,.T.);
#7481=ADVANCED_FACE('',(#6798),#84,.T.);
#7482=ADVANCED_FACE('',(#6799),#7134,.F.);
#7483=ADVANCED_FACE('',(#6800),#7135,.T.);
#7484=ADVANCED_FACE('',(#6801),#7136,.F.);
#7485=ADVANCED_FACE('',(#6802),#85,.T.);
#7486=ADVANCED_FACE('',(#6803),#7137,.T.);
#7487=ADVANCED_FACE('',(#6804),#7138,.T.);
#7488=ADVANCED_FACE('',(#6805),#7139,.T.);
#7489=ADVANCED_FACE('',(#6806),#86,.T.);
#7490=ADVANCED_FACE('',(#6807),#7140,.F.);
#7491=ADVANCED_FACE('',(#6808),#7141,.T.);
#7492=ADVANCED_FACE('',(#6809),#7142,.F.);
#7493=ADVANCED_FACE('',(#6810),#87,.T.);
#7494=ADVANCED_FACE('',(#6811),#7143,.T.);
#7495=ADVANCED_FACE('',(#6812),#7144,.T.);
#7496=ADVANCED_FACE('',(#6813),#7145,.T.);
#7497=ADVANCED_FACE('',(#6814),#88,.T.);
#7498=ADVANCED_FACE('',(#6815),#7146,.F.);
#7499=ADVANCED_FACE('',(#6816),#7147,.T.);
#7500=ADVANCED_FACE('',(#6817),#7148,.F.);
#7501=ADVANCED_FACE('',(#6818),#89,.T.);
#7502=ADVANCED_FACE('',(#6819),#7149,.T.);
#7503=ADVANCED_FACE('',(#6820),#7150,.T.);
#7504=ADVANCED_FACE('',(#6821),#7151,.T.);
#7505=ADVANCED_FACE('',(#6822),#90,.T.);
#7506=ADVANCED_FACE('',(#6823),#7152,.F.);
#7507=ADVANCED_FACE('',(#6824),#7153,.T.);
#7508=ADVANCED_FACE('',(#6825),#7154,.F.);
#7509=ADVANCED_FACE('',(#6826),#91,.T.);
#7510=ADVANCED_FACE('',(#6827),#7155,.T.);
#7511=ADVANCED_FACE('',(#6828),#7156,.T.);
#7512=ADVANCED_FACE('',(#6829),#7157,.T.);
#7513=ADVANCED_FACE('',(#6830),#92,.T.);
#7514=ADVANCED_FACE('',(#6831),#7158,.F.);
#7515=ADVANCED_FACE('',(#6832),#7159,.T.);
#7516=ADVANCED_FACE('',(#6833),#7160,.F.);
#7517=ADVANCED_FACE('',(#6834),#93,.T.);
#7518=ADVANCED_FACE('',(#6835),#7161,.T.);
#7519=ADVANCED_FACE('',(#6836),#7162,.T.);
#7520=ADVANCED_FACE('',(#6837),#7163,.T.);
#7521=ADVANCED_FACE('',(#6838),#94,.T.);
#7522=ADVANCED_FACE('',(#6839),#7164,.F.);
#7523=ADVANCED_FACE('',(#6840),#7165,.T.);
#7524=ADVANCED_FACE('',(#6841),#7166,.F.);
#7525=ADVANCED_FACE('',(#6842),#95,.T.);
#7526=ADVANCED_FACE('',(#6843),#7167,.T.);
#7527=ADVANCED_FACE('',(#6844),#7168,.T.);
#7528=ADVANCED_FACE('',(#6845),#7169,.T.);
#7529=ADVANCED_FACE('',(#6846),#96,.T.);
#7530=ADVANCED_FACE('',(#6847),#7170,.F.);
#7531=ADVANCED_FACE('',(#6848),#7171,.T.);
#7532=ADVANCED_FACE('',(#6849),#7172,.F.);
#7533=ADVANCED_FACE('',(#6850),#97,.T.);
#7534=ADVANCED_FACE('',(#6851),#7173,.T.);
#7535=ADVANCED_FACE('',(#6852),#7174,.T.);
#7536=ADVANCED_FACE('',(#6853),#7175,.T.);
#7537=ADVANCED_FACE('',(#6854),#98,.T.);
#7538=ADVANCED_FACE('',(#6855),#7176,.F.);
#7539=ADVANCED_FACE('',(#6856),#7177,.T.);
#7540=ADVANCED_FACE('',(#6857),#7178,.F.);
#7541=ADVANCED_FACE('',(#6858),#99,.T.);
#7542=ADVANCED_FACE('',(#6859),#7179,.T.);
#7543=ADVANCED_FACE('',(#6860),#7180,.T.);
#7544=ADVANCED_FACE('',(#6861),#7181,.T.);
#7545=ADVANCED_FACE('',(#6862),#100,.T.);
#7546=ADVANCED_FACE('',(#6863),#7182,.F.);
#7547=ADVANCED_FACE('',(#6864),#7183,.T.);
#7548=ADVANCED_FACE('',(#6865),#7184,.F.);
#7549=ADVANCED_FACE('',(#6866),#101,.T.);
#7550=ADVANCED_FACE('',(#6867),#7185,.T.);
#7551=ADVANCED_FACE('',(#6868),#7186,.T.);
#7552=ADVANCED_FACE('',(#6869),#7187,.T.);
#7553=ADVANCED_FACE('',(#6870),#102,.T.);
#7554=ADVANCED_FACE('',(#6871),#7188,.F.);
#7555=ADVANCED_FACE('',(#6872),#7189,.T.);
#7556=ADVANCED_FACE('',(#6873),#7190,.F.);
#7557=ADVANCED_FACE('',(#6874),#103,.T.);
#7558=ADVANCED_FACE('',(#6875),#7191,.T.);
#7559=ADVANCED_FACE('',(#6876),#7192,.T.);
#7560=ADVANCED_FACE('',(#6877),#7193,.T.);
#7561=ADVANCED_FACE('',(#6878),#104,.T.);
#7562=ADVANCED_FACE('',(#6879),#7194,.F.);
#7563=ADVANCED_FACE('',(#6880),#7195,.T.);
#7564=ADVANCED_FACE('',(#6881),#7196,.F.);
#7565=ADVANCED_FACE('',(#6882),#105,.T.);
#7566=ADVANCED_FACE('',(#6883),#7197,.T.);
#7567=ADVANCED_FACE('',(#6884),#7198,.T.);
#7568=ADVANCED_FACE('',(#6885),#7199,.T.);
#7569=ADVANCED_FACE('',(#6886),#106,.T.);
#7570=ADVANCED_FACE('',(#6887),#7200,.F.);
#7571=ADVANCED_FACE('',(#6888),#7201,.T.);
#7572=ADVANCED_FACE('',(#6889),#7202,.F.);
#7573=ADVANCED_FACE('',(#6890),#107,.T.);
#7574=ADVANCED_FACE('',(#6891),#7203,.T.);
#7575=ADVANCED_FACE('',(#6892),#7204,.T.);
#7576=ADVANCED_FACE('',(#6893),#7205,.T.);
#7577=ADVANCED_FACE('',(#6894),#108,.T.);
#7578=ADVANCED_FACE('',(#6895),#7206,.F.);
#7579=ADVANCED_FACE('',(#6896),#7207,.T.);
#7580=ADVANCED_FACE('',(#6897),#7208,.F.);
#7581=ADVANCED_FACE('',(#6898),#109,.T.);
#7582=ADVANCED_FACE('',(#6899),#7209,.T.);
#7583=ADVANCED_FACE('',(#6900),#7210,.T.);
#7584=ADVANCED_FACE('',(#6901),#7211,.T.);
#7585=ADVANCED_FACE('',(#6902),#110,.T.);
#7586=ADVANCED_FACE('',(#6903),#7212,.F.);
#7587=ADVANCED_FACE('',(#6904),#7213,.T.);
#7588=ADVANCED_FACE('',(#6905),#7214,.F.);
#7589=ADVANCED_FACE('',(#6906),#111,.T.);
#7590=ADVANCED_FACE('',(#6907),#7215,.T.);
#7591=ADVANCED_FACE('',(#6908),#7216,.T.);
#7592=ADVANCED_FACE('',(#6909),#7217,.T.);
#7593=ADVANCED_FACE('',(#6910),#112,.T.);
#7594=ADVANCED_FACE('',(#6911),#7218,.F.);
#7595=ADVANCED_FACE('',(#6912),#7219,.T.);
#7596=ADVANCED_FACE('',(#6913),#7220,.F.);
#7597=ADVANCED_FACE('',(#6914),#113,.T.);
#7598=ADVANCED_FACE('',(#6915),#7221,.T.);
#7599=ADVANCED_FACE('',(#6916),#7222,.T.);
#7600=ADVANCED_FACE('',(#6917),#7223,.T.);
#7601=ADVANCED_FACE('',(#6918),#114,.T.);
#7602=ADVANCED_FACE('',(#6919),#7224,.F.);
#7603=ADVANCED_FACE('',(#6920),#7225,.T.);
#7604=ADVANCED_FACE('',(#6921),#7226,.F.);
#7605=ADVANCED_FACE('',(#6922),#115,.T.);
#7606=ADVANCED_FACE('',(#6923),#7227,.T.);
#7607=ADVANCED_FACE('',(#6924),#7228,.T.);
#7608=ADVANCED_FACE('',(#6925),#7229,.T.);
#7609=ADVANCED_FACE('',(#6926),#116,.T.);
#7610=ADVANCED_FACE('',(#6927),#7230,.F.);
#7611=ADVANCED_FACE('',(#6928),#7231,.T.);
#7612=ADVANCED_FACE('',(#6929),#7232,.F.);
#7613=ADVANCED_FACE('',(#6930),#117,.T.);
#7614=ADVANCED_FACE('',(#6931),#7233,.T.);
#7615=ADVANCED_FACE('',(#6932),#7234,.T.);
#7616=ADVANCED_FACE('',(#6933),#7235,.T.);
#7617=ADVANCED_FACE('',(#6934),#118,.T.);
#7618=ADVANCED_FACE('',(#6935),#7236,.F.);
#7619=ADVANCED_FACE('',(#6936),#7237,.T.);
#7620=ADVANCED_FACE('',(#6937),#7238,.F.);
#7621=ADVANCED_FACE('',(#6938),#119,.T.);
#7622=ADVANCED_FACE('',(#6939),#7239,.T.);
#7623=ADVANCED_FACE('',(#6940),#7240,.T.);
#7624=ADVANCED_FACE('',(#6941),#7241,.T.);
#7625=ADVANCED_FACE('',(#6942),#120,.T.);
#7626=ADVANCED_FACE('',(#6943),#7242,.F.);
#7627=ADVANCED_FACE('',(#6944),#7243,.T.);
#7628=ADVANCED_FACE('',(#6945),#7244,.F.);
#7629=ADVANCED_FACE('',(#6946),#121,.T.);
#7630=ADVANCED_FACE('',(#6947,#6948),#122,.F.);
#7631=ADVANCED_FACE('',(#6949,#6950),#123,.T.);
#7632=ADVANCED_FACE('',(#6951),#24,.F.);
#7633=ADVANCED_FACE('',(#6952),#7245,.F.);
#7634=ADVANCED_FACE('',(#6953),#25,.F.);
#7635=ADVANCED_FACE('',(#6954),#124,.F.);
#7636=ADVANCED_FACE('',(#6955),#125,.F.);
#7637=ADVANCED_FACE('',(#6956),#126,.F.);
#7638=CLOSED_SHELL('',(#7246,#7247,#7248,#7249,#7250,#7251,#7252,#7253,
#7254,#7255,#7256,#7257,#7258,#7259,#7260,#7261,#7262,#7263,#7264,#7265,
#7266,#7267,#7268,#7269,#7270,#7271,#7272,#7273,#7274,#7275,#7276,#7277,
#7278,#7279,#7280,#7281,#7282,#7283,#7284,#7285,#7286,#7287,#7288,#7289,
#7290,#7291,#7292,#7293,#7294,#7295,#7296,#7297,#7298,#7299,#7300,#7301,
#7302,#7303,#7304,#7305,#7306,#7307,#7308,#7309,#7310,#7311,#7312,#7313,
#7314,#7315,#7316,#7317,#7318,#7319,#7320,#7321,#7322,#7323,#7324,#7325,
#7326,#7327,#7328,#7329,#7330,#7331,#7332,#7333,#7334,#7335,#7336,#7337,
#7338,#7339,#7340,#7341,#7342,#7343,#7344,#7345,#7346,#7347,#7348,#7349,
#7350,#7351,#7352,#7353,#7354,#7355,#7356,#7357,#7358,#7359,#7360,#7361,
#7362,#7363,#7364,#7365,#7366,#7367,#7368,#7369,#7370,#7371,#7372,#7373,
#7374,#7375,#7376,#7377,#7378,#7379,#7380,#7381,#7382,#7383,#7384,#7385,
#7386,#7387,#7388,#7389,#7390,#7391,#7392,#7393,#7394,#7395,#7396,#7397,
#7398,#7399,#7400,#7401,#7402,#7403,#7404,#7405,#7406,#7407,#7408,#7409,
#7410,#7411,#7412,#7413,#7414,#7415,#7416,#7417,#7418,#7419,#7420,#7421,
#7422,#7423,#7424,#7425,#7426,#7427,#7428,#7429,#7430,#7431,#7432,#7433,
#7434,#7435,#7436,#7437,#7438,#7439,#7440,#7441,#7442,#7443,#7444,#7445,
#7446,#7447,#7448,#7449,#7450,#7451,#7452,#7453,#7454,#7455,#7456,#7457,
#7458,#7459,#7460,#7461,#7462,#7463,#7464,#7465,#7466,#7467,#7468,#7469,
#7470,#7471,#7472,#7473,#7474,#7475,#7476,#7477,#7478,#7479,#7480,#7481,
#7482,#7483,#7484,#7485,#7486,#7487,#7488,#7489,#7490,#7491,#7492,#7493,
#7494,#7495,#7496,#7497,#7498,#7499,#7500,#7501,#7502,#7503,#7504,#7505,
#7506,#7507,#7508,#7509,#7510,#7511,#7512,#7513,#7514,#7515,#7516,#7517,
#7518,#7519,#7520,#7521,#7522,#7523,#7524,#7525,#7526,#7527,#7528,#7529,
#7530,#7531,#7532,#7533,#7534,#7535,#7536,#7537,#7538,#7539,#7540,#7541,
#7542,#7543,#7544,#7545,#7546,#7547,#7548,#7549,#7550,#7551,#7552,#7553,
#7554,#7555,#7556,#7557,#7558,#7559,#7560,#7561,#7562,#7563,#7564,#7565,
#7566,#7567,#7568,#7569,#7570,#7571,#7572,#7573,#7574,#7575,#7576,#7577,
#7578,#7579,#7580,#7581,#7582,#7583,#7584,#7585,#7586,#7587,#7588,#7589,
#7590,#7591,#7592,#7593,#7594,#7595,#7596,#7597,#7598,#7599,#7600,#7601,
#7602,#7603,#7604,#7605,#7606,#7607,#7608,#7609,#7610,#7611,#7612,#7613,
#7614,#7615,#7616,#7617,#7618,#7619,#7620,#7621,#7622,#7623,#7624,#7625,
#7626,#7627,#7628,#7629,#7630,#7631,#7632,#7633,#7634,#7635,#7636,#7637));
#7639=STYLED_ITEM('',(#7640),#7647);
#7640=PRESENTATION_STYLE_ASSIGNMENT((#7641));
#7641=SURFACE_STYLE_USAGE(.BOTH.,#7642);
#7642=SURFACE_SIDE_STYLE('',(#7643));
#7643=SURFACE_STYLE_FILL_AREA(#7644);
#7644=FILL_AREA_STYLE('',(#7645));
#7645=FILL_AREA_STYLE_COLOUR('',#7646);
#7646=COLOUR_RGB('',0.689999997615814,0.689999997615814,0.689999997615814);
#7647=MANIFOLD_SOLID_BREP('VNR41-3.0-48-B30-A-P35N',#7638);
#7648=SHAPE_DEFINITION_REPRESENTATION(#13516,#7649);
#7649=SHAPE_REPRESENTATION('VNR41-3.0-48-B30-A-P35N',(#7650),#13511);
#7650=AXIS2_PLACEMENT_3D('',#11155,#8623,#8624);
#7651=AXIS2_PLACEMENT_3D('',#11156,#8625,#8626);
#7652=AXIS2_PLACEMENT_3D('',#11157,#8627,#8628);
#7653=AXIS2_PLACEMENT_3D('',#11162,#8630,#8631);
#7654=AXIS2_PLACEMENT_3D('',#11165,#8633,#8634);
#7655=AXIS2_PLACEMENT_3D('',#11166,#8635,#8636);
#7656=AXIS2_PLACEMENT_3D('',#11168,#8637,#8638);
#7657=AXIS2_PLACEMENT_3D('',#11171,#8640,#8641);
#7658=AXIS2_PLACEMENT_3D('',#11172,#8642,#8643);
#7659=AXIS2_PLACEMENT_3D('',#11174,#8644,#8645);
#7660=AXIS2_PLACEMENT_3D('',#11177,#8647,#8648);
#7661=AXIS2_PLACEMENT_3D('',#11183,#8652,#8653);
#7662=AXIS2_PLACEMENT_3D('',#11184,#8654,#8655);
#7663=AXIS2_PLACEMENT_3D('',#11186,#8656,#8657);
#7664=AXIS2_PLACEMENT_3D('',#11189,#8659,#8660);
#7665=AXIS2_PLACEMENT_3D('',#11190,#8661,#8662);
#7666=AXIS2_PLACEMENT_3D('',#11192,#8663,#8664);
#7667=AXIS2_PLACEMENT_3D('',#11195,#8666,#8667);
#7668=AXIS2_PLACEMENT_3D('',#11196,#8668,#8669);
#7669=AXIS2_PLACEMENT_3D('',#11198,#8670,#8671);
#7670=AXIS2_PLACEMENT_3D('',#11201,#8673,#8674);
#7671=AXIS2_PLACEMENT_3D('',#11207,#8678,#8679);
#7672=AXIS2_PLACEMENT_3D('',#11208,#8680,#8681);
#7673=AXIS2_PLACEMENT_3D('',#11210,#8682,#8683);
#7674=AXIS2_PLACEMENT_3D('',#11213,#8685,#8686);
#7675=AXIS2_PLACEMENT_3D('',#11214,#8687,#8688);
#7676=AXIS2_PLACEMENT_3D('',#11216,#8689,#8690);
#7677=AXIS2_PLACEMENT_3D('',#11219,#8692,#8693);
#7678=AXIS2_PLACEMENT_3D('',#11220,#8694,#8695);
#7679=AXIS2_PLACEMENT_3D('',#11222,#8696,#8697);
#7680=AXIS2_PLACEMENT_3D('',#11225,#8699,#8700);
#7681=AXIS2_PLACEMENT_3D('',#11231,#8704,#8705);
#7682=AXIS2_PLACEMENT_3D('',#11232,#8706,#8707);
#7683=AXIS2_PLACEMENT_3D('',#11234,#8708,#8709);
#7684=AXIS2_PLACEMENT_3D('',#11237,#8711,#8712);
#7685=AXIS2_PLACEMENT_3D('',#11238,#8713,#8714);
#7686=AXIS2_PLACEMENT_3D('',#11240,#8715,#8716);
#7687=AXIS2_PLACEMENT_3D('',#11243,#8718,#8719);
#7688=AXIS2_PLACEMENT_3D('',#11244,#8720,#8721);
#7689=AXIS2_PLACEMENT_3D('',#11246,#8722,#8723);
#7690=AXIS2_PLACEMENT_3D('',#11249,#8725,#8726);
#7691=AXIS2_PLACEMENT_3D('',#11255,#8730,#8731);
#7692=AXIS2_PLACEMENT_3D('',#11256,#8732,#8733);
#7693=AXIS2_PLACEMENT_3D('',#11258,#8734,#8735);
#7694=AXIS2_PLACEMENT_3D('',#11261,#8737,#8738);
#7695=AXIS2_PLACEMENT_3D('',#11262,#8739,#8740);
#7696=AXIS2_PLACEMENT_3D('',#11264,#8741,#8742);
#7697=AXIS2_PLACEMENT_3D('',#11267,#8744,#8745);
#7698=AXIS2_PLACEMENT_3D('',#11268,#8746,#8747);
#7699=AXIS2_PLACEMENT_3D('',#11270,#8748,#8749);
#7700=AXIS2_PLACEMENT_3D('',#11273,#8751,#8752);
#7701=AXIS2_PLACEMENT_3D('',#11279,#8756,#8757);
#7702=AXIS2_PLACEMENT_3D('',#11280,#8758,#8759);
#7703=AXIS2_PLACEMENT_3D('',#11282,#8760,#8761);
#7704=AXIS2_PLACEMENT_3D('',#11285,#8763,#8764);
#7705=AXIS2_PLACEMENT_3D('',#11286,#8765,#8766);
#7706=AXIS2_PLACEMENT_3D('',#11288,#8767,#8768);
#7707=AXIS2_PLACEMENT_3D('',#11291,#8770,#8771);
#7708=AXIS2_PLACEMENT_3D('',#11292,#8772,#8773);
#7709=AXIS2_PLACEMENT_3D('',#11294,#8774,#8775);
#7710=AXIS2_PLACEMENT_3D('',#11297,#8777,#8778);
#7711=AXIS2_PLACEMENT_3D('',#11303,#8782,#8783);
#7712=AXIS2_PLACEMENT_3D('',#11304,#8784,#8785);
#7713=AXIS2_PLACEMENT_3D('',#11306,#8786,#8787);
#7714=AXIS2_PLACEMENT_3D('',#11309,#8789,#8790);
#7715=AXIS2_PLACEMENT_3D('',#11310,#8791,#8792);
#7716=AXIS2_PLACEMENT_3D('',#11312,#8793,#8794);
#7717=AXIS2_PLACEMENT_3D('',#11315,#8796,#8797);
#7718=AXIS2_PLACEMENT_3D('',#11316,#8798,#8799);
#7719=AXIS2_PLACEMENT_3D('',#11318,#8800,#8801);
#7720=AXIS2_PLACEMENT_3D('',#11321,#8803,#8804);
#7721=AXIS2_PLACEMENT_3D('',#11327,#8808,#8809);
#7722=AXIS2_PLACEMENT_3D('',#11328,#8810,#8811);
#7723=AXIS2_PLACEMENT_3D('',#11330,#8812,#8813);
#7724=AXIS2_PLACEMENT_3D('',#11333,#8815,#8816);
#7725=AXIS2_PLACEMENT_3D('',#11334,#8817,#8818);
#7726=AXIS2_PLACEMENT_3D('',#11336,#8819,#8820);
#7727=AXIS2_PLACEMENT_3D('',#11339,#8822,#8823);
#7728=AXIS2_PLACEMENT_3D('',#11340,#8824,#8825);
#7729=AXIS2_PLACEMENT_3D('',#11342,#8826,#8827);
#7730=AXIS2_PLACEMENT_3D('',#11345,#8829,#8830);
#7731=AXIS2_PLACEMENT_3D('',#11351,#8834,#8835);
#7732=AXIS2_PLACEMENT_3D('',#11352,#8836,#8837);
#7733=AXIS2_PLACEMENT_3D('',#11354,#8838,#8839);
#7734=AXIS2_PLACEMENT_3D('',#11357,#8841,#8842);
#7735=AXIS2_PLACEMENT_3D('',#11358,#8843,#8844);
#7736=AXIS2_PLACEMENT_3D('',#11360,#8845,#8846);
#7737=AXIS2_PLACEMENT_3D('',#11363,#8848,#8849);
#7738=AXIS2_PLACEMENT_3D('',#11364,#8850,#8851);
#7739=AXIS2_PLACEMENT_3D('',#11366,#8852,#8853);
#7740=AXIS2_PLACEMENT_3D('',#11369,#8855,#8856);
#7741=AXIS2_PLACEMENT_3D('',#11375,#8860,#8861);
#7742=AXIS2_PLACEMENT_3D('',#11376,#8862,#8863);
#7743=AXIS2_PLACEMENT_3D('',#11378,#8864,#8865);
#7744=AXIS2_PLACEMENT_3D('',#11381,#8867,#8868);
#7745=AXIS2_PLACEMENT_3D('',#11382,#8869,#8870);
#7746=AXIS2_PLACEMENT_3D('',#11384,#8871,#8872);
#7747=AXIS2_PLACEMENT_3D('',#11387,#8874,#8875);
#7748=AXIS2_PLACEMENT_3D('',#11388,#8876,#8877);
#7749=AXIS2_PLACEMENT_3D('',#11390,#8878,#8879);
#7750=AXIS2_PLACEMENT_3D('',#11393,#8881,#8882);
#7751=AXIS2_PLACEMENT_3D('',#11399,#8886,#8887);
#7752=AXIS2_PLACEMENT_3D('',#11400,#8888,#8889);
#7753=AXIS2_PLACEMENT_3D('',#11402,#8890,#8891);
#7754=AXIS2_PLACEMENT_3D('',#11405,#8893,#8894);
#7755=AXIS2_PLACEMENT_3D('',#11406,#8895,#8896);
#7756=AXIS2_PLACEMENT_3D('',#11408,#8897,#8898);
#7757=AXIS2_PLACEMENT_3D('',#11411,#8900,#8901);
#7758=AXIS2_PLACEMENT_3D('',#11412,#8902,#8903);
#7759=AXIS2_PLACEMENT_3D('',#11414,#8904,#8905);
#7760=AXIS2_PLACEMENT_3D('',#11417,#8907,#8908);
#7761=AXIS2_PLACEMENT_3D('',#11423,#8912,#8913);
#7762=AXIS2_PLACEMENT_3D('',#11424,#8914,#8915);
#7763=AXIS2_PLACEMENT_3D('',#11426,#8916,#8917);
#7764=AXIS2_PLACEMENT_3D('',#11429,#8919,#8920);
#7765=AXIS2_PLACEMENT_3D('',#11430,#8921,#8922);
#7766=AXIS2_PLACEMENT_3D('',#11432,#8923,#8924);
#7767=AXIS2_PLACEMENT_3D('',#11435,#8926,#8927);
#7768=AXIS2_PLACEMENT_3D('',#11436,#8928,#8929);
#7769=AXIS2_PLACEMENT_3D('',#11438,#8930,#8931);
#7770=AXIS2_PLACEMENT_3D('',#11441,#8933,#8934);
#7771=AXIS2_PLACEMENT_3D('',#11447,#8938,#8939);
#7772=AXIS2_PLACEMENT_3D('',#11448,#8940,#8941);
#7773=AXIS2_PLACEMENT_3D('',#11450,#8942,#8943);
#7774=AXIS2_PLACEMENT_3D('',#11453,#8945,#8946);
#7775=AXIS2_PLACEMENT_3D('',#11454,#8947,#8948);
#7776=AXIS2_PLACEMENT_3D('',#11456,#8949,#8950);
#7777=AXIS2_PLACEMENT_3D('',#11459,#8952,#8953);
#7778=AXIS2_PLACEMENT_3D('',#11460,#8954,#8955);
#7779=AXIS2_PLACEMENT_3D('',#11462,#8956,#8957);
#7780=AXIS2_PLACEMENT_3D('',#11465,#8959,#8960);
#7781=AXIS2_PLACEMENT_3D('',#11471,#8964,#8965);
#7782=AXIS2_PLACEMENT_3D('',#11472,#8966,#8967);
#7783=AXIS2_PLACEMENT_3D('',#11474,#8968,#8969);
#7784=AXIS2_PLACEMENT_3D('',#11477,#8971,#8972);
#7785=AXIS2_PLACEMENT_3D('',#11478,#8973,#8974);
#7786=AXIS2_PLACEMENT_3D('',#11480,#8975,#8976);
#7787=AXIS2_PLACEMENT_3D('',#11483,#8978,#8979);
#7788=AXIS2_PLACEMENT_3D('',#11484,#8980,#8981);
#7789=AXIS2_PLACEMENT_3D('',#11486,#8982,#8983);
#7790=AXIS2_PLACEMENT_3D('',#11489,#8985,#8986);
#7791=AXIS2_PLACEMENT_3D('',#11495,#8990,#8991);
#7792=AXIS2_PLACEMENT_3D('',#11496,#8992,#8993);
#7793=AXIS2_PLACEMENT_3D('',#11498,#8994,#8995);
#7794=AXIS2_PLACEMENT_3D('',#11501,#8997,#8998);
#7795=AXIS2_PLACEMENT_3D('',#11502,#8999,#9000);
#7796=AXIS2_PLACEMENT_3D('',#11504,#9001,#9002);
#7797=AXIS2_PLACEMENT_3D('',#11507,#9004,#9005);
#7798=AXIS2_PLACEMENT_3D('',#11508,#9006,#9007);
#7799=AXIS2_PLACEMENT_3D('',#11510,#9008,#9009);
#7800=AXIS2_PLACEMENT_3D('',#11513,#9011,#9012);
#7801=AXIS2_PLACEMENT_3D('',#11519,#9016,#9017);
#7802=AXIS2_PLACEMENT_3D('',#11520,#9018,#9019);
#7803=AXIS2_PLACEMENT_3D('',#11522,#9020,#9021);
#7804=AXIS2_PLACEMENT_3D('',#11525,#9023,#9024);
#7805=AXIS2_PLACEMENT_3D('',#11526,#9025,#9026);
#7806=AXIS2_PLACEMENT_3D('',#11528,#9027,#9028);
#7807=AXIS2_PLACEMENT_3D('',#11531,#9030,#9031);
#7808=AXIS2_PLACEMENT_3D('',#11532,#9032,#9033);
#7809=AXIS2_PLACEMENT_3D('',#11534,#9034,#9035);
#7810=AXIS2_PLACEMENT_3D('',#11537,#9037,#9038);
#7811=AXIS2_PLACEMENT_3D('',#11543,#9042,#9043);
#7812=AXIS2_PLACEMENT_3D('',#11544,#9044,#9045);
#7813=AXIS2_PLACEMENT_3D('',#11546,#9046,#9047);
#7814=AXIS2_PLACEMENT_3D('',#11549,#9049,#9050);
#7815=AXIS2_PLACEMENT_3D('',#11550,#9051,#9052);
#7816=AXIS2_PLACEMENT_3D('',#11552,#9053,#9054);
#7817=AXIS2_PLACEMENT_3D('',#11555,#9056,#9057);
#7818=AXIS2_PLACEMENT_3D('',#11556,#9058,#9059);
#7819=AXIS2_PLACEMENT_3D('',#11558,#9060,#9061);
#7820=AXIS2_PLACEMENT_3D('',#11561,#9063,#9064);
#7821=AXIS2_PLACEMENT_3D('',#11567,#9068,#9069);
#7822=AXIS2_PLACEMENT_3D('',#11568,#9070,#9071);
#7823=AXIS2_PLACEMENT_3D('',#11570,#9072,#9073);
#7824=AXIS2_PLACEMENT_3D('',#11573,#9075,#9076);
#7825=AXIS2_PLACEMENT_3D('',#11574,#9077,#9078);
#7826=AXIS2_PLACEMENT_3D('',#11576,#9079,#9080);
#7827=AXIS2_PLACEMENT_3D('',#11579,#9082,#9083);
#7828=AXIS2_PLACEMENT_3D('',#11580,#9084,#9085);
#7829=AXIS2_PLACEMENT_3D('',#11582,#9086,#9087);
#7830=AXIS2_PLACEMENT_3D('',#11585,#9089,#9090);
#7831=AXIS2_PLACEMENT_3D('',#11591,#9094,#9095);
#7832=AXIS2_PLACEMENT_3D('',#11592,#9096,#9097);
#7833=AXIS2_PLACEMENT_3D('',#11594,#9098,#9099);
#7834=AXIS2_PLACEMENT_3D('',#11597,#9101,#9102);
#7835=AXIS2_PLACEMENT_3D('',#11598,#9103,#9104);
#7836=AXIS2_PLACEMENT_3D('',#11600,#9105,#9106);
#7837=AXIS2_PLACEMENT_3D('',#11603,#9108,#9109);
#7838=AXIS2_PLACEMENT_3D('',#11604,#9110,#9111);
#7839=AXIS2_PLACEMENT_3D('',#11606,#9112,#9113);
#7840=AXIS2_PLACEMENT_3D('',#11609,#9115,#9116);
#7841=AXIS2_PLACEMENT_3D('',#11615,#9120,#9121);
#7842=AXIS2_PLACEMENT_3D('',#11616,#9122,#9123);
#7843=AXIS2_PLACEMENT_3D('',#11618,#9124,#9125);
#7844=AXIS2_PLACEMENT_3D('',#11621,#9127,#9128);
#7845=AXIS2_PLACEMENT_3D('',#11622,#9129,#9130);
#7846=AXIS2_PLACEMENT_3D('',#11624,#9131,#9132);
#7847=AXIS2_PLACEMENT_3D('',#11627,#9134,#9135);
#7848=AXIS2_PLACEMENT_3D('',#11628,#9136,#9137);
#7849=AXIS2_PLACEMENT_3D('',#11630,#9138,#9139);
#7850=AXIS2_PLACEMENT_3D('',#11633,#9141,#9142);
#7851=AXIS2_PLACEMENT_3D('',#11639,#9146,#9147);
#7852=AXIS2_PLACEMENT_3D('',#11640,#9148,#9149);
#7853=AXIS2_PLACEMENT_3D('',#11642,#9150,#9151);
#7854=AXIS2_PLACEMENT_3D('',#11645,#9153,#9154);
#7855=AXIS2_PLACEMENT_3D('',#11646,#9155,#9156);
#7856=AXIS2_PLACEMENT_3D('',#11648,#9157,#9158);
#7857=AXIS2_PLACEMENT_3D('',#11651,#9160,#9161);
#7858=AXIS2_PLACEMENT_3D('',#11652,#9162,#9163);
#7859=AXIS2_PLACEMENT_3D('',#11654,#9164,#9165);
#7860=AXIS2_PLACEMENT_3D('',#11657,#9167,#9168);
#7861=AXIS2_PLACEMENT_3D('',#11663,#9172,#9173);
#7862=AXIS2_PLACEMENT_3D('',#11664,#9174,#9175);
#7863=AXIS2_PLACEMENT_3D('',#11666,#9176,#9177);
#7864=AXIS2_PLACEMENT_3D('',#11669,#9179,#9180);
#7865=AXIS2_PLACEMENT_3D('',#11670,#9181,#9182);
#7866=AXIS2_PLACEMENT_3D('',#11672,#9183,#9184);
#7867=AXIS2_PLACEMENT_3D('',#11675,#9186,#9187);
#7868=AXIS2_PLACEMENT_3D('',#11676,#9188,#9189);
#7869=AXIS2_PLACEMENT_3D('',#11678,#9190,#9191);
#7870=AXIS2_PLACEMENT_3D('',#11681,#9193,#9194);
#7871=AXIS2_PLACEMENT_3D('',#11687,#9198,#9199);
#7872=AXIS2_PLACEMENT_3D('',#11688,#9200,#9201);
#7873=AXIS2_PLACEMENT_3D('',#11690,#9202,#9203);
#7874=AXIS2_PLACEMENT_3D('',#11693,#9205,#9206);
#7875=AXIS2_PLACEMENT_3D('',#11694,#9207,#9208);
#7876=AXIS2_PLACEMENT_3D('',#11696,#9209,#9210);
#7877=AXIS2_PLACEMENT_3D('',#11699,#9212,#9213);
#7878=AXIS2_PLACEMENT_3D('',#11700,#9214,#9215);
#7879=AXIS2_PLACEMENT_3D('',#11702,#9216,#9217);
#7880=AXIS2_PLACEMENT_3D('',#11705,#9219,#9220);
#7881=AXIS2_PLACEMENT_3D('',#11711,#9224,#9225);
#7882=AXIS2_PLACEMENT_3D('',#11712,#9226,#9227);
#7883=AXIS2_PLACEMENT_3D('',#11714,#9228,#9229);
#7884=AXIS2_PLACEMENT_3D('',#11717,#9231,#9232);
#7885=AXIS2_PLACEMENT_3D('',#11718,#9233,#9234);
#7886=AXIS2_PLACEMENT_3D('',#11720,#9235,#9236);
#7887=AXIS2_PLACEMENT_3D('',#11723,#9238,#9239);
#7888=AXIS2_PLACEMENT_3D('',#11724,#9240,#9241);
#7889=AXIS2_PLACEMENT_3D('',#11726,#9242,#9243);
#7890=AXIS2_PLACEMENT_3D('',#11729,#9245,#9246);
#7891=AXIS2_PLACEMENT_3D('',#11735,#9250,#9251);
#7892=AXIS2_PLACEMENT_3D('',#11736,#9252,#9253);
#7893=AXIS2_PLACEMENT_3D('',#11738,#9254,#9255);
#7894=AXIS2_PLACEMENT_3D('',#11741,#9257,#9258);
#7895=AXIS2_PLACEMENT_3D('',#11742,#9259,#9260);
#7896=AXIS2_PLACEMENT_3D('',#11744,#9261,#9262);
#7897=AXIS2_PLACEMENT_3D('',#11747,#9264,#9265);
#7898=AXIS2_PLACEMENT_3D('',#11748,#9266,#9267);
#7899=AXIS2_PLACEMENT_3D('',#11750,#9268,#9269);
#7900=AXIS2_PLACEMENT_3D('',#11753,#9271,#9272);
#7901=AXIS2_PLACEMENT_3D('',#11759,#9276,#9277);
#7902=AXIS2_PLACEMENT_3D('',#11760,#9278,#9279);
#7903=AXIS2_PLACEMENT_3D('',#11762,#9280,#9281);
#7904=AXIS2_PLACEMENT_3D('',#11765,#9283,#9284);
#7905=AXIS2_PLACEMENT_3D('',#11766,#9285,#9286);
#7906=AXIS2_PLACEMENT_3D('',#11768,#9287,#9288);
#7907=AXIS2_PLACEMENT_3D('',#11771,#9290,#9291);
#7908=AXIS2_PLACEMENT_3D('',#11772,#9292,#9293);
#7909=AXIS2_PLACEMENT_3D('',#11774,#9294,#9295);
#7910=AXIS2_PLACEMENT_3D('',#11777,#9297,#9298);
#7911=AXIS2_PLACEMENT_3D('',#11783,#9302,#9303);
#7912=AXIS2_PLACEMENT_3D('',#11784,#9304,#9305);
#7913=AXIS2_PLACEMENT_3D('',#11786,#9306,#9307);
#7914=AXIS2_PLACEMENT_3D('',#11789,#9309,#9310);
#7915=AXIS2_PLACEMENT_3D('',#11790,#9311,#9312);
#7916=AXIS2_PLACEMENT_3D('',#11792,#9313,#9314);
#7917=AXIS2_PLACEMENT_3D('',#11795,#9316,#9317);
#7918=AXIS2_PLACEMENT_3D('',#11796,#9318,#9319);
#7919=AXIS2_PLACEMENT_3D('',#11798,#9320,#9321);
#7920=AXIS2_PLACEMENT_3D('',#11801,#9323,#9324);
#7921=AXIS2_PLACEMENT_3D('',#11807,#9328,#9329);
#7922=AXIS2_PLACEMENT_3D('',#11808,#9330,#9331);
#7923=AXIS2_PLACEMENT_3D('',#11810,#9332,#9333);
#7924=AXIS2_PLACEMENT_3D('',#11813,#9335,#9336);
#7925=AXIS2_PLACEMENT_3D('',#11814,#9337,#9338);
#7926=AXIS2_PLACEMENT_3D('',#11816,#9339,#9340);
#7927=AXIS2_PLACEMENT_3D('',#11819,#9342,#9343);
#7928=AXIS2_PLACEMENT_3D('',#11820,#9344,#9345);
#7929=AXIS2_PLACEMENT_3D('',#11822,#9346,#9347);
#7930=AXIS2_PLACEMENT_3D('',#11825,#9349,#9350);
#7931=AXIS2_PLACEMENT_3D('',#11831,#9354,#9355);
#7932=AXIS2_PLACEMENT_3D('',#11832,#9356,#9357);
#7933=AXIS2_PLACEMENT_3D('',#11834,#9358,#9359);
#7934=AXIS2_PLACEMENT_3D('',#11837,#9361,#9362);
#7935=AXIS2_PLACEMENT_3D('',#11838,#9363,#9364);
#7936=AXIS2_PLACEMENT_3D('',#11840,#9365,#9366);
#7937=AXIS2_PLACEMENT_3D('',#11843,#9368,#9369);
#7938=AXIS2_PLACEMENT_3D('',#11844,#9370,#9371);
#7939=AXIS2_PLACEMENT_3D('',#11846,#9372,#9373);
#7940=AXIS2_PLACEMENT_3D('',#11849,#9375,#9376);
#7941=AXIS2_PLACEMENT_3D('',#11855,#9380,#9381);
#7942=AXIS2_PLACEMENT_3D('',#11856,#9382,#9383);
#7943=AXIS2_PLACEMENT_3D('',#11858,#9384,#9385);
#7944=AXIS2_PLACEMENT_3D('',#11861,#9387,#9388);
#7945=AXIS2_PLACEMENT_3D('',#11862,#9389,#9390);
#7946=AXIS2_PLACEMENT_3D('',#11864,#9391,#9392);
#7947=AXIS2_PLACEMENT_3D('',#11867,#9394,#9395);
#7948=AXIS2_PLACEMENT_3D('',#11868,#9396,#9397);
#7949=AXIS2_PLACEMENT_3D('',#11870,#9398,#9399);
#7950=AXIS2_PLACEMENT_3D('',#11873,#9401,#9402);
#7951=AXIS2_PLACEMENT_3D('',#11879,#9406,#9407);
#7952=AXIS2_PLACEMENT_3D('',#11880,#9408,#9409);
#7953=AXIS2_PLACEMENT_3D('',#11882,#9410,#9411);
#7954=AXIS2_PLACEMENT_3D('',#11885,#9413,#9414);
#7955=AXIS2_PLACEMENT_3D('',#11886,#9415,#9416);
#7956=AXIS2_PLACEMENT_3D('',#11888,#9417,#9418);
#7957=AXIS2_PLACEMENT_3D('',#11891,#9420,#9421);
#7958=AXIS2_PLACEMENT_3D('',#11892,#9422,#9423);
#7959=AXIS2_PLACEMENT_3D('',#11894,#9424,#9425);
#7960=AXIS2_PLACEMENT_3D('',#11897,#9427,#9428);
#7961=AXIS2_PLACEMENT_3D('',#11903,#9432,#9433);
#7962=AXIS2_PLACEMENT_3D('',#11904,#9434,#9435);
#7963=AXIS2_PLACEMENT_3D('',#11906,#9436,#9437);
#7964=AXIS2_PLACEMENT_3D('',#11909,#9439,#9440);
#7965=AXIS2_PLACEMENT_3D('',#11910,#9441,#9442);
#7966=AXIS2_PLACEMENT_3D('',#11912,#9443,#9444);
#7967=AXIS2_PLACEMENT_3D('',#11915,#9446,#9447);
#7968=AXIS2_PLACEMENT_3D('',#11916,#9448,#9449);
#7969=AXIS2_PLACEMENT_3D('',#11918,#9450,#9451);
#7970=AXIS2_PLACEMENT_3D('',#11921,#9453,#9454);
#7971=AXIS2_PLACEMENT_3D('',#11927,#9458,#9459);
#7972=AXIS2_PLACEMENT_3D('',#11928,#9460,#9461);
#7973=AXIS2_PLACEMENT_3D('',#11930,#9462,#9463);
#7974=AXIS2_PLACEMENT_3D('',#11933,#9465,#9466);
#7975=AXIS2_PLACEMENT_3D('',#11934,#9467,#9468);
#7976=AXIS2_PLACEMENT_3D('',#11936,#9469,#9470);
#7977=AXIS2_PLACEMENT_3D('',#11939,#9472,#9473);
#7978=AXIS2_PLACEMENT_3D('',#11940,#9474,#9475);
#7979=AXIS2_PLACEMENT_3D('',#11942,#9476,#9477);
#7980=AXIS2_PLACEMENT_3D('',#11945,#9479,#9480);
#7981=AXIS2_PLACEMENT_3D('',#11951,#9484,#9485);
#7982=AXIS2_PLACEMENT_3D('',#11952,#9486,#9487);
#7983=AXIS2_PLACEMENT_3D('',#11954,#9488,#9489);
#7984=AXIS2_PLACEMENT_3D('',#11957,#9491,#9492);
#7985=AXIS2_PLACEMENT_3D('',#11958,#9493,#9494);
#7986=AXIS2_PLACEMENT_3D('',#11960,#9495,#9496);
#7987=AXIS2_PLACEMENT_3D('',#11963,#9498,#9499);
#7988=AXIS2_PLACEMENT_3D('',#11964,#9500,#9501);
#7989=AXIS2_PLACEMENT_3D('',#11966,#9502,#9503);
#7990=AXIS2_PLACEMENT_3D('',#11969,#9505,#9506);
#7991=AXIS2_PLACEMENT_3D('',#11975,#9510,#9511);
#7992=AXIS2_PLACEMENT_3D('',#11976,#9512,#9513);
#7993=AXIS2_PLACEMENT_3D('',#11978,#9514,#9515);
#7994=AXIS2_PLACEMENT_3D('',#11981,#9517,#9518);
#7995=AXIS2_PLACEMENT_3D('',#11982,#9519,#9520);
#7996=AXIS2_PLACEMENT_3D('',#11984,#9521,#9522);
#7997=AXIS2_PLACEMENT_3D('',#11987,#9524,#9525);
#7998=AXIS2_PLACEMENT_3D('',#11988,#9526,#9527);
#7999=AXIS2_PLACEMENT_3D('',#11990,#9528,#9529);
#8000=AXIS2_PLACEMENT_3D('',#11993,#9531,#9532);
#8001=AXIS2_PLACEMENT_3D('',#11999,#9536,#9537);
#8002=AXIS2_PLACEMENT_3D('',#12000,#9538,#9539);
#8003=AXIS2_PLACEMENT_3D('',#12002,#9540,#9541);
#8004=AXIS2_PLACEMENT_3D('',#12005,#9543,#9544);
#8005=AXIS2_PLACEMENT_3D('',#12006,#9545,#9546);
#8006=AXIS2_PLACEMENT_3D('',#12008,#9547,#9548);
#8007=AXIS2_PLACEMENT_3D('',#12011,#9550,#9551);
#8008=AXIS2_PLACEMENT_3D('',#12012,#9552,#9553);
#8009=AXIS2_PLACEMENT_3D('',#12014,#9554,#9555);
#8010=AXIS2_PLACEMENT_3D('',#12017,#9557,#9558);
#8011=AXIS2_PLACEMENT_3D('',#12023,#9562,#9563);
#8012=AXIS2_PLACEMENT_3D('',#12024,#9564,#9565);
#8013=AXIS2_PLACEMENT_3D('',#12026,#9566,#9567);
#8014=AXIS2_PLACEMENT_3D('',#12029,#9569,#9570);
#8015=AXIS2_PLACEMENT_3D('',#12030,#9571,#9572);
#8016=AXIS2_PLACEMENT_3D('',#12032,#9573,#9574);
#8017=AXIS2_PLACEMENT_3D('',#12035,#9576,#9577);
#8018=AXIS2_PLACEMENT_3D('',#12036,#9578,#9579);
#8019=AXIS2_PLACEMENT_3D('',#12038,#9580,#9581);
#8020=AXIS2_PLACEMENT_3D('',#12041,#9583,#9584);
#8021=AXIS2_PLACEMENT_3D('',#12047,#9588,#9589);
#8022=AXIS2_PLACEMENT_3D('',#12048,#9590,#9591);
#8023=AXIS2_PLACEMENT_3D('',#12050,#9592,#9593);
#8024=AXIS2_PLACEMENT_3D('',#12053,#9595,#9596);
#8025=AXIS2_PLACEMENT_3D('',#12054,#9597,#9598);
#8026=AXIS2_PLACEMENT_3D('',#12056,#9599,#9600);
#8027=AXIS2_PLACEMENT_3D('',#12059,#9602,#9603);
#8028=AXIS2_PLACEMENT_3D('',#12060,#9604,#9605);
#8029=AXIS2_PLACEMENT_3D('',#12062,#9606,#9607);
#8030=AXIS2_PLACEMENT_3D('',#12065,#9609,#9610);
#8031=AXIS2_PLACEMENT_3D('',#12071,#9614,#9615);
#8032=AXIS2_PLACEMENT_3D('',#12072,#9616,#9617);
#8033=AXIS2_PLACEMENT_3D('',#12074,#9618,#9619);
#8034=AXIS2_PLACEMENT_3D('',#12077,#9621,#9622);
#8035=AXIS2_PLACEMENT_3D('',#12078,#9623,#9624);
#8036=AXIS2_PLACEMENT_3D('',#12080,#9625,#9626);
#8037=AXIS2_PLACEMENT_3D('',#12083,#9628,#9629);
#8038=AXIS2_PLACEMENT_3D('',#12084,#9630,#9631);
#8039=AXIS2_PLACEMENT_3D('',#12086,#9632,#9633);
#8040=AXIS2_PLACEMENT_3D('',#12089,#9635,#9636);
#8041=AXIS2_PLACEMENT_3D('',#12095,#9640,#9641);
#8042=AXIS2_PLACEMENT_3D('',#12096,#9642,#9643);
#8043=AXIS2_PLACEMENT_3D('',#12098,#9644,#9645);
#8044=AXIS2_PLACEMENT_3D('',#12101,#9647,#9648);
#8045=AXIS2_PLACEMENT_3D('',#12102,#9649,#9650);
#8046=AXIS2_PLACEMENT_3D('',#12104,#9651,#9652);
#8047=AXIS2_PLACEMENT_3D('',#12107,#9654,#9655);
#8048=AXIS2_PLACEMENT_3D('',#12108,#9656,#9657);
#8049=AXIS2_PLACEMENT_3D('',#12110,#9658,#9659);
#8050=AXIS2_PLACEMENT_3D('',#12113,#9661,#9662);
#8051=AXIS2_PLACEMENT_3D('',#12119,#9666,#9667);
#8052=AXIS2_PLACEMENT_3D('',#12120,#9668,#9669);
#8053=AXIS2_PLACEMENT_3D('',#12122,#9670,#9671);
#8054=AXIS2_PLACEMENT_3D('',#12125,#9673,#9674);
#8055=AXIS2_PLACEMENT_3D('',#12126,#9675,#9676);
#8056=AXIS2_PLACEMENT_3D('',#12128,#9677,#9678);
#8057=AXIS2_PLACEMENT_3D('',#12131,#9680,#9681);
#8058=AXIS2_PLACEMENT_3D('',#12132,#9682,#9683);
#8059=AXIS2_PLACEMENT_3D('',#12134,#9684,#9685);
#8060=AXIS2_PLACEMENT_3D('',#12137,#9687,#9688);
#8061=AXIS2_PLACEMENT_3D('',#12143,#9692,#9693);
#8062=AXIS2_PLACEMENT_3D('',#12144,#9694,#9695);
#8063=AXIS2_PLACEMENT_3D('',#12146,#9696,#9697);
#8064=AXIS2_PLACEMENT_3D('',#12149,#9699,#9700);
#8065=AXIS2_PLACEMENT_3D('',#12150,#9701,#9702);
#8066=AXIS2_PLACEMENT_3D('',#12152,#9703,#9704);
#8067=AXIS2_PLACEMENT_3D('',#12155,#9706,#9707);
#8068=AXIS2_PLACEMENT_3D('',#12156,#9708,#9709);
#8069=AXIS2_PLACEMENT_3D('',#12158,#9710,#9711);
#8070=AXIS2_PLACEMENT_3D('',#12161,#9713,#9714);
#8071=AXIS2_PLACEMENT_3D('',#12167,#9718,#9719);
#8072=AXIS2_PLACEMENT_3D('',#12168,#9720,#9721);
#8073=AXIS2_PLACEMENT_3D('',#12170,#9722,#9723);
#8074=AXIS2_PLACEMENT_3D('',#12173,#9725,#9726);
#8075=AXIS2_PLACEMENT_3D('',#12174,#9727,#9728);
#8076=AXIS2_PLACEMENT_3D('',#12176,#9729,#9730);
#8077=AXIS2_PLACEMENT_3D('',#12179,#9732,#9733);
#8078=AXIS2_PLACEMENT_3D('',#12180,#9734,#9735);
#8079=AXIS2_PLACEMENT_3D('',#12182,#9736,#9737);
#8080=AXIS2_PLACEMENT_3D('',#12185,#9739,#9740);
#8081=AXIS2_PLACEMENT_3D('',#12191,#9744,#9745);
#8082=AXIS2_PLACEMENT_3D('',#12192,#9746,#9747);
#8083=AXIS2_PLACEMENT_3D('',#12194,#9748,#9749);
#8084=AXIS2_PLACEMENT_3D('',#12197,#9751,#9752);
#8085=AXIS2_PLACEMENT_3D('',#12198,#9753,#9754);
#8086=AXIS2_PLACEMENT_3D('',#12200,#9755,#9756);
#8087=AXIS2_PLACEMENT_3D('',#12203,#9758,#9759);
#8088=AXIS2_PLACEMENT_3D('',#12204,#9760,#9761);
#8089=AXIS2_PLACEMENT_3D('',#12206,#9762,#9763);
#8090=AXIS2_PLACEMENT_3D('',#12209,#9765,#9766);
#8091=AXIS2_PLACEMENT_3D('',#12215,#9770,#9771);
#8092=AXIS2_PLACEMENT_3D('',#12216,#9772,#9773);
#8093=AXIS2_PLACEMENT_3D('',#12218,#9774,#9775);
#8094=AXIS2_PLACEMENT_3D('',#12221,#9777,#9778);
#8095=AXIS2_PLACEMENT_3D('',#12222,#9779,#9780);
#8096=AXIS2_PLACEMENT_3D('',#12224,#9781,#9782);
#8097=AXIS2_PLACEMENT_3D('',#12227,#9784,#9785);
#8098=AXIS2_PLACEMENT_3D('',#12228,#9786,#9787);
#8099=AXIS2_PLACEMENT_3D('',#12230,#9788,#9789);
#8100=AXIS2_PLACEMENT_3D('',#12233,#9791,#9792);
#8101=AXIS2_PLACEMENT_3D('',#12239,#9796,#9797);
#8102=AXIS2_PLACEMENT_3D('',#12240,#9798,#9799);
#8103=AXIS2_PLACEMENT_3D('',#12242,#9800,#9801);
#8104=AXIS2_PLACEMENT_3D('',#12245,#9803,#9804);
#8105=AXIS2_PLACEMENT_3D('',#12246,#9805,#9806);
#8106=AXIS2_PLACEMENT_3D('',#12248,#9807,#9808);
#8107=AXIS2_PLACEMENT_3D('',#12251,#9810,#9811);
#8108=AXIS2_PLACEMENT_3D('',#12252,#9812,#9813);
#8109=AXIS2_PLACEMENT_3D('',#12254,#9814,#9815);
#8110=AXIS2_PLACEMENT_3D('',#12257,#9817,#9818);
#8111=AXIS2_PLACEMENT_3D('',#12263,#9822,#9823);
#8112=AXIS2_PLACEMENT_3D('',#12264,#9824,#9825);
#8113=AXIS2_PLACEMENT_3D('',#12266,#9826,#9827);
#8114=AXIS2_PLACEMENT_3D('',#12269,#9829,#9830);
#8115=AXIS2_PLACEMENT_3D('',#12270,#9831,#9832);
#8116=AXIS2_PLACEMENT_3D('',#12272,#9833,#9834);
#8117=AXIS2_PLACEMENT_3D('',#12275,#9836,#9837);
#8118=AXIS2_PLACEMENT_3D('',#12276,#9838,#9839);
#8119=AXIS2_PLACEMENT_3D('',#12278,#9840,#9841);
#8120=AXIS2_PLACEMENT_3D('',#12281,#9843,#9844);
#8121=AXIS2_PLACEMENT_3D('',#12287,#9848,#9849);
#8122=AXIS2_PLACEMENT_3D('',#12288,#9850,#9851);
#8123=AXIS2_PLACEMENT_3D('',#12290,#9852,#9853);
#8124=AXIS2_PLACEMENT_3D('',#12293,#9855,#9856);
#8125=AXIS2_PLACEMENT_3D('',#12294,#9857,#9858);
#8126=AXIS2_PLACEMENT_3D('',#12296,#9859,#9860);
#8127=AXIS2_PLACEMENT_3D('',#12299,#9862,#9863);
#8128=AXIS2_PLACEMENT_3D('',#12300,#9864,#9865);
#8129=AXIS2_PLACEMENT_3D('',#12302,#9866,#9867);
#8130=AXIS2_PLACEMENT_3D('',#12305,#9869,#9870);
#8131=AXIS2_PLACEMENT_3D('',#12311,#9874,#9875);
#8132=AXIS2_PLACEMENT_3D('',#12312,#9876,#9877);
#8133=AXIS2_PLACEMENT_3D('',#12314,#9878,#9879);
#8134=AXIS2_PLACEMENT_3D('',#12317,#9881,#9882);
#8135=AXIS2_PLACEMENT_3D('',#12318,#9883,#9884);
#8136=AXIS2_PLACEMENT_3D('',#12320,#9885,#9886);
#8137=AXIS2_PLACEMENT_3D('',#12323,#9888,#9889);
#8138=AXIS2_PLACEMENT_3D('',#12324,#9890,#9891);
#8139=AXIS2_PLACEMENT_3D('',#12326,#9892,#9893);
#8140=AXIS2_PLACEMENT_3D('',#12329,#9895,#9896);
#8141=AXIS2_PLACEMENT_3D('',#12335,#9900,#9901);
#8142=AXIS2_PLACEMENT_3D('',#12336,#9902,#9903);
#8143=AXIS2_PLACEMENT_3D('',#12338,#9904,#9905);
#8144=AXIS2_PLACEMENT_3D('',#12341,#9907,#9908);
#8145=AXIS2_PLACEMENT_3D('',#12342,#9909,#9910);
#8146=AXIS2_PLACEMENT_3D('',#12344,#9911,#9912);
#8147=AXIS2_PLACEMENT_3D('',#12347,#9914,#9915);
#8148=AXIS2_PLACEMENT_3D('',#12348,#9916,#9917);
#8149=AXIS2_PLACEMENT_3D('',#12350,#9918,#9919);
#8150=AXIS2_PLACEMENT_3D('',#12353,#9921,#9922);
#8151=AXIS2_PLACEMENT_3D('',#12359,#9926,#9927);
#8152=AXIS2_PLACEMENT_3D('',#12360,#9928,#9929);
#8153=AXIS2_PLACEMENT_3D('',#12362,#9930,#9931);
#8154=AXIS2_PLACEMENT_3D('',#12365,#9933,#9934);
#8155=AXIS2_PLACEMENT_3D('',#12366,#9935,#9936);
#8156=AXIS2_PLACEMENT_3D('',#12368,#9937,#9938);
#8157=AXIS2_PLACEMENT_3D('',#12371,#9940,#9941);
#8158=AXIS2_PLACEMENT_3D('',#12372,#9942,#9943);
#8159=AXIS2_PLACEMENT_3D('',#12374,#9944,#9945);
#8160=AXIS2_PLACEMENT_3D('',#12377,#9947,#9948);
#8161=AXIS2_PLACEMENT_3D('',#12383,#9952,#9953);
#8162=AXIS2_PLACEMENT_3D('',#12384,#9954,#9955);
#8163=AXIS2_PLACEMENT_3D('',#12386,#9956,#9957);
#8164=AXIS2_PLACEMENT_3D('',#12389,#9959,#9960);
#8165=AXIS2_PLACEMENT_3D('',#12390,#9961,#9962);
#8166=AXIS2_PLACEMENT_3D('',#12392,#9963,#9964);
#8167=AXIS2_PLACEMENT_3D('',#12395,#9966,#9967);
#8168=AXIS2_PLACEMENT_3D('',#12396,#9968,#9969);
#8169=AXIS2_PLACEMENT_3D('',#12398,#9970,#9971);
#8170=AXIS2_PLACEMENT_3D('',#12401,#9973,#9974);
#8171=AXIS2_PLACEMENT_3D('',#12407,#9978,#9979);
#8172=AXIS2_PLACEMENT_3D('',#12408,#9980,#9981);
#8173=AXIS2_PLACEMENT_3D('',#12410,#9982,#9983);
#8174=AXIS2_PLACEMENT_3D('',#12413,#9985,#9986);
#8175=AXIS2_PLACEMENT_3D('',#12414,#9987,#9988);
#8176=AXIS2_PLACEMENT_3D('',#12416,#9989,#9990);
#8177=AXIS2_PLACEMENT_3D('',#12419,#9992,#9993);
#8178=AXIS2_PLACEMENT_3D('',#12420,#9994,#9995);
#8179=AXIS2_PLACEMENT_3D('',#12422,#9996,#9997);
#8180=AXIS2_PLACEMENT_3D('',#12425,#9999,#10000);
#8181=AXIS2_PLACEMENT_3D('',#12431,#10004,#10005);
#8182=AXIS2_PLACEMENT_3D('',#12432,#10006,#10007);
#8183=AXIS2_PLACEMENT_3D('',#12434,#10008,#10009);
#8184=AXIS2_PLACEMENT_3D('',#12437,#10011,#10012);
#8185=AXIS2_PLACEMENT_3D('',#12438,#10013,#10014);
#8186=AXIS2_PLACEMENT_3D('',#12440,#10015,#10016);
#8187=AXIS2_PLACEMENT_3D('',#12443,#10018,#10019);
#8188=AXIS2_PLACEMENT_3D('',#12444,#10020,#10021);
#8189=AXIS2_PLACEMENT_3D('',#12446,#10022,#10023);
#8190=AXIS2_PLACEMENT_3D('',#12449,#10025,#10026);
#8191=AXIS2_PLACEMENT_3D('',#12455,#10030,#10031);
#8192=AXIS2_PLACEMENT_3D('',#12456,#10032,#10033);
#8193=AXIS2_PLACEMENT_3D('',#12458,#10034,#10035);
#8194=AXIS2_PLACEMENT_3D('',#12461,#10037,#10038);
#8195=AXIS2_PLACEMENT_3D('',#12462,#10039,#10040);
#8196=AXIS2_PLACEMENT_3D('',#12464,#10041,#10042);
#8197=AXIS2_PLACEMENT_3D('',#12467,#10044,#10045);
#8198=AXIS2_PLACEMENT_3D('',#12468,#10046,#10047);
#8199=AXIS2_PLACEMENT_3D('',#12470,#10048,#10049);
#8200=AXIS2_PLACEMENT_3D('',#12473,#10051,#10052);
#8201=AXIS2_PLACEMENT_3D('',#12479,#10056,#10057);
#8202=AXIS2_PLACEMENT_3D('',#12480,#10058,#10059);
#8203=AXIS2_PLACEMENT_3D('',#12482,#10060,#10061);
#8204=AXIS2_PLACEMENT_3D('',#12485,#10063,#10064);
#8205=AXIS2_PLACEMENT_3D('',#12486,#10065,#10066);
#8206=AXIS2_PLACEMENT_3D('',#12488,#10067,#10068);
#8207=AXIS2_PLACEMENT_3D('',#12491,#10070,#10071);
#8208=AXIS2_PLACEMENT_3D('',#12492,#10072,#10073);
#8209=AXIS2_PLACEMENT_3D('',#12494,#10074,#10075);
#8210=AXIS2_PLACEMENT_3D('',#12497,#10077,#10078);
#8211=AXIS2_PLACEMENT_3D('',#12503,#10082,#10083);
#8212=AXIS2_PLACEMENT_3D('',#12504,#10084,#10085);
#8213=AXIS2_PLACEMENT_3D('',#12506,#10086,#10087);
#8214=AXIS2_PLACEMENT_3D('',#12509,#10089,#10090);
#8215=AXIS2_PLACEMENT_3D('',#12510,#10091,#10092);
#8216=AXIS2_PLACEMENT_3D('',#12512,#10093,#10094);
#8217=AXIS2_PLACEMENT_3D('',#12515,#10096,#10097);
#8218=AXIS2_PLACEMENT_3D('',#12516,#10098,#10099);
#8219=AXIS2_PLACEMENT_3D('',#12518,#10100,#10101);
#8220=AXIS2_PLACEMENT_3D('',#12521,#10103,#10104);
#8221=AXIS2_PLACEMENT_3D('',#12527,#10108,#10109);
#8222=AXIS2_PLACEMENT_3D('',#12528,#10110,#10111);
#8223=AXIS2_PLACEMENT_3D('',#12530,#10112,#10113);
#8224=AXIS2_PLACEMENT_3D('',#12533,#10115,#10116);
#8225=AXIS2_PLACEMENT_3D('',#12534,#10117,#10118);
#8226=AXIS2_PLACEMENT_3D('',#12536,#10119,#10120);
#8227=AXIS2_PLACEMENT_3D('',#12539,#10122,#10123);
#8228=AXIS2_PLACEMENT_3D('',#12540,#10124,#10125);
#8229=AXIS2_PLACEMENT_3D('',#12542,#10126,#10127);
#8230=AXIS2_PLACEMENT_3D('',#12545,#10129,#10130);
#8231=AXIS2_PLACEMENT_3D('',#12551,#10134,#10135);
#8232=AXIS2_PLACEMENT_3D('',#12552,#10136,#10137);
#8233=AXIS2_PLACEMENT_3D('',#12554,#10138,#10139);
#8234=AXIS2_PLACEMENT_3D('',#12557,#10141,#10142);
#8235=AXIS2_PLACEMENT_3D('',#12558,#10143,#10144);
#8236=AXIS2_PLACEMENT_3D('',#12560,#10145,#10146);
#8237=AXIS2_PLACEMENT_3D('',#12563,#10148,#10149);
#8238=AXIS2_PLACEMENT_3D('',#12564,#10150,#10151);
#8239=AXIS2_PLACEMENT_3D('',#12566,#10152,#10153);
#8240=AXIS2_PLACEMENT_3D('',#12569,#10155,#10156);
#8241=AXIS2_PLACEMENT_3D('',#12575,#10160,#10161);
#8242=AXIS2_PLACEMENT_3D('',#12576,#10162,#10163);
#8243=AXIS2_PLACEMENT_3D('',#12578,#10164,#10165);
#8244=AXIS2_PLACEMENT_3D('',#12581,#10167,#10168);
#8245=AXIS2_PLACEMENT_3D('',#12582,#10169,#10170);
#8246=AXIS2_PLACEMENT_3D('',#12584,#10171,#10172);
#8247=AXIS2_PLACEMENT_3D('',#12587,#10174,#10175);
#8248=AXIS2_PLACEMENT_3D('',#12588,#10176,#10177);
#8249=AXIS2_PLACEMENT_3D('',#12590,#10178,#10179);
#8250=AXIS2_PLACEMENT_3D('',#12593,#10181,#10182);
#8251=AXIS2_PLACEMENT_3D('',#12599,#10186,#10187);
#8252=AXIS2_PLACEMENT_3D('',#12600,#10188,#10189);
#8253=AXIS2_PLACEMENT_3D('',#12602,#10190,#10191);
#8254=AXIS2_PLACEMENT_3D('',#12605,#10193,#10194);
#8255=AXIS2_PLACEMENT_3D('',#12606,#10195,#10196);
#8256=AXIS2_PLACEMENT_3D('',#12608,#10197,#10198);
#8257=AXIS2_PLACEMENT_3D('',#12611,#10200,#10201);
#8258=AXIS2_PLACEMENT_3D('',#12612,#10202,#10203);
#8259=AXIS2_PLACEMENT_3D('',#12614,#10204,#10205);
#8260=AXIS2_PLACEMENT_3D('',#12617,#10207,#10208);
#8261=AXIS2_PLACEMENT_3D('',#12623,#10212,#10213);
#8262=AXIS2_PLACEMENT_3D('',#12624,#10214,#10215);
#8263=AXIS2_PLACEMENT_3D('',#12626,#10216,#10217);
#8264=AXIS2_PLACEMENT_3D('',#12629,#10219,#10220);
#8265=AXIS2_PLACEMENT_3D('',#12630,#10221,#10222);
#8266=AXIS2_PLACEMENT_3D('',#12632,#10223,#10224);
#8267=AXIS2_PLACEMENT_3D('',#12635,#10226,#10227);
#8268=AXIS2_PLACEMENT_3D('',#12636,#10228,#10229);
#8269=AXIS2_PLACEMENT_3D('',#12638,#10230,#10231);
#8270=AXIS2_PLACEMENT_3D('',#12641,#10233,#10234);
#8271=AXIS2_PLACEMENT_3D('',#12647,#10238,#10239);
#8272=AXIS2_PLACEMENT_3D('',#12648,#10240,#10241);
#8273=AXIS2_PLACEMENT_3D('',#12650,#10242,#10243);
#8274=AXIS2_PLACEMENT_3D('',#12653,#10245,#10246);
#8275=AXIS2_PLACEMENT_3D('',#12654,#10247,#10248);
#8276=AXIS2_PLACEMENT_3D('',#12656,#10249,#10250);
#8277=AXIS2_PLACEMENT_3D('',#12659,#10252,#10253);
#8278=AXIS2_PLACEMENT_3D('',#12660,#10254,#10255);
#8279=AXIS2_PLACEMENT_3D('',#12662,#10256,#10257);
#8280=AXIS2_PLACEMENT_3D('',#12665,#10259,#10260);
#8281=AXIS2_PLACEMENT_3D('',#12671,#10264,#10265);
#8282=AXIS2_PLACEMENT_3D('',#12672,#10266,#10267);
#8283=AXIS2_PLACEMENT_3D('',#12674,#10268,#10269);
#8284=AXIS2_PLACEMENT_3D('',#12677,#10271,#10272);
#8285=AXIS2_PLACEMENT_3D('',#12678,#10273,#10274);
#8286=AXIS2_PLACEMENT_3D('',#12680,#10275,#10276);
#8287=AXIS2_PLACEMENT_3D('',#12683,#10278,#10279);
#8288=AXIS2_PLACEMENT_3D('',#12684,#10280,#10281);
#8289=AXIS2_PLACEMENT_3D('',#12686,#10282,#10283);
#8290=AXIS2_PLACEMENT_3D('',#12689,#10285,#10286);
#8291=AXIS2_PLACEMENT_3D('',#12695,#10290,#10291);
#8292=AXIS2_PLACEMENT_3D('',#12696,#10292,#10293);
#8293=AXIS2_PLACEMENT_3D('',#12698,#10294,#10295);
#8294=AXIS2_PLACEMENT_3D('',#12701,#10297,#10298);
#8295=AXIS2_PLACEMENT_3D('',#12702,#10299,#10300);
#8296=AXIS2_PLACEMENT_3D('',#12704,#10301,#10302);
#8297=AXIS2_PLACEMENT_3D('',#12707,#10304,#10305);
#8298=AXIS2_PLACEMENT_3D('',#12708,#10306,#10307);
#8299=AXIS2_PLACEMENT_3D('',#12710,#10308,#10309);
#8300=AXIS2_PLACEMENT_3D('',#12713,#10311,#10312);
#8301=AXIS2_PLACEMENT_3D('',#12719,#10316,#10317);
#8302=AXIS2_PLACEMENT_3D('',#12720,#10318,#10319);
#8303=AXIS2_PLACEMENT_3D('',#12722,#10320,#10321);
#8304=AXIS2_PLACEMENT_3D('',#12725,#10323,#10324);
#8305=AXIS2_PLACEMENT_3D('',#12726,#10325,#10326);
#8306=AXIS2_PLACEMENT_3D('',#12728,#10327,#10328);
#8307=AXIS2_PLACEMENT_3D('',#12731,#10330,#10331);
#8308=AXIS2_PLACEMENT_3D('',#12732,#10332,#10333);
#8309=AXIS2_PLACEMENT_3D('',#12734,#10334,#10335);
#8310=AXIS2_PLACEMENT_3D('',#12737,#10337,#10338);
#8311=AXIS2_PLACEMENT_3D('',#12743,#10342,#10343);
#8312=AXIS2_PLACEMENT_3D('',#12744,#10344,#10345);
#8313=AXIS2_PLACEMENT_3D('',#12746,#10346,#10347);
#8314=AXIS2_PLACEMENT_3D('',#12749,#10349,#10350);
#8315=AXIS2_PLACEMENT_3D('',#12750,#10351,#10352);
#8316=AXIS2_PLACEMENT_3D('',#12752,#10353,#10354);
#8317=AXIS2_PLACEMENT_3D('',#12755,#10356,#10357);
#8318=AXIS2_PLACEMENT_3D('',#12756,#10358,#10359);
#8319=AXIS2_PLACEMENT_3D('',#12758,#10360,#10361);
#8320=AXIS2_PLACEMENT_3D('',#12761,#10363,#10364);
#8321=AXIS2_PLACEMENT_3D('',#12767,#10368,#10369);
#8322=AXIS2_PLACEMENT_3D('',#12768,#10370,#10371);
#8323=AXIS2_PLACEMENT_3D('',#12770,#10372,#10373);
#8324=AXIS2_PLACEMENT_3D('',#12773,#10375,#10376);
#8325=AXIS2_PLACEMENT_3D('',#12774,#10377,#10378);
#8326=AXIS2_PLACEMENT_3D('',#12776,#10379,#10380);
#8327=AXIS2_PLACEMENT_3D('',#12779,#10382,#10383);
#8328=AXIS2_PLACEMENT_3D('',#12780,#10384,#10385);
#8329=AXIS2_PLACEMENT_3D('',#12782,#10386,#10387);
#8330=AXIS2_PLACEMENT_3D('',#12785,#10389,#10390);
#8331=AXIS2_PLACEMENT_3D('',#12791,#10394,#10395);
#8332=AXIS2_PLACEMENT_3D('',#12792,#10396,#10397);
#8333=AXIS2_PLACEMENT_3D('',#12794,#10398,#10399);
#8334=AXIS2_PLACEMENT_3D('',#12797,#10401,#10402);
#8335=AXIS2_PLACEMENT_3D('',#12798,#10403,#10404);
#8336=AXIS2_PLACEMENT_3D('',#12800,#10405,#10406);
#8337=AXIS2_PLACEMENT_3D('',#12803,#10408,#10409);
#8338=AXIS2_PLACEMENT_3D('',#12804,#10410,#10411);
#8339=AXIS2_PLACEMENT_3D('',#12806,#10412,#10413);
#8340=AXIS2_PLACEMENT_3D('',#12809,#10415,#10416);
#8341=AXIS2_PLACEMENT_3D('',#12815,#10420,#10421);
#8342=AXIS2_PLACEMENT_3D('',#12816,#10422,#10423);
#8343=AXIS2_PLACEMENT_3D('',#12818,#10424,#10425);
#8344=AXIS2_PLACEMENT_3D('',#12821,#10427,#10428);
#8345=AXIS2_PLACEMENT_3D('',#12822,#10429,#10430);
#8346=AXIS2_PLACEMENT_3D('',#12824,#10431,#10432);
#8347=AXIS2_PLACEMENT_3D('',#12827,#10434,#10435);
#8348=AXIS2_PLACEMENT_3D('',#12828,#10436,#10437);
#8349=AXIS2_PLACEMENT_3D('',#12830,#10438,#10439);
#8350=AXIS2_PLACEMENT_3D('',#12833,#10441,#10442);
#8351=AXIS2_PLACEMENT_3D('',#12839,#10446,#10447);
#8352=AXIS2_PLACEMENT_3D('',#12840,#10448,#10449);
#8353=AXIS2_PLACEMENT_3D('',#12842,#10450,#10451);
#8354=AXIS2_PLACEMENT_3D('',#12845,#10453,#10454);
#8355=AXIS2_PLACEMENT_3D('',#12846,#10455,#10456);
#8356=AXIS2_PLACEMENT_3D('',#12848,#10457,#10458);
#8357=AXIS2_PLACEMENT_3D('',#12851,#10460,#10461);
#8358=AXIS2_PLACEMENT_3D('',#12852,#10462,#10463);
#8359=AXIS2_PLACEMENT_3D('',#12854,#10464,#10465);
#8360=AXIS2_PLACEMENT_3D('',#12857,#10467,#10468);
#8361=AXIS2_PLACEMENT_3D('',#12863,#10472,#10473);
#8362=AXIS2_PLACEMENT_3D('',#12864,#10474,#10475);
#8363=AXIS2_PLACEMENT_3D('',#12866,#10476,#10477);
#8364=AXIS2_PLACEMENT_3D('',#12869,#10479,#10480);
#8365=AXIS2_PLACEMENT_3D('',#12870,#10481,#10482);
#8366=AXIS2_PLACEMENT_3D('',#12872,#10483,#10484);
#8367=AXIS2_PLACEMENT_3D('',#12875,#10486,#10487);
#8368=AXIS2_PLACEMENT_3D('',#12876,#10488,#10489);
#8369=AXIS2_PLACEMENT_3D('',#12878,#10490,#10491);
#8370=AXIS2_PLACEMENT_3D('',#12881,#10493,#10494);
#8371=AXIS2_PLACEMENT_3D('',#12887,#10498,#10499);
#8372=AXIS2_PLACEMENT_3D('',#12888,#10500,#10501);
#8373=AXIS2_PLACEMENT_3D('',#12890,#10502,#10503);
#8374=AXIS2_PLACEMENT_3D('',#12893,#10505,#10506);
#8375=AXIS2_PLACEMENT_3D('',#12894,#10507,#10508);
#8376=AXIS2_PLACEMENT_3D('',#12896,#10509,#10510);
#8377=AXIS2_PLACEMENT_3D('',#12899,#10512,#10513);
#8378=AXIS2_PLACEMENT_3D('',#12900,#10514,#10515);
#8379=AXIS2_PLACEMENT_3D('',#12902,#10516,#10517);
#8380=AXIS2_PLACEMENT_3D('',#12905,#10519,#10520);
#8381=AXIS2_PLACEMENT_3D('',#12911,#10524,#10525);
#8382=AXIS2_PLACEMENT_3D('',#12912,#10526,#10527);
#8383=AXIS2_PLACEMENT_3D('',#12914,#10528,#10529);
#8384=AXIS2_PLACEMENT_3D('',#12917,#10531,#10532);
#8385=AXIS2_PLACEMENT_3D('',#12918,#10533,#10534);
#8386=AXIS2_PLACEMENT_3D('',#12920,#10535,#10536);
#8387=AXIS2_PLACEMENT_3D('',#12923,#10538,#10539);
#8388=AXIS2_PLACEMENT_3D('',#12924,#10540,#10541);
#8389=AXIS2_PLACEMENT_3D('',#12926,#10542,#10543);
#8390=AXIS2_PLACEMENT_3D('',#12929,#10545,#10546);
#8391=AXIS2_PLACEMENT_3D('',#12935,#10550,#10551);
#8392=AXIS2_PLACEMENT_3D('',#12936,#10552,#10553);
#8393=AXIS2_PLACEMENT_3D('',#12938,#10554,#10555);
#8394=AXIS2_PLACEMENT_3D('',#12941,#10557,#10558);
#8395=AXIS2_PLACEMENT_3D('',#12942,#10559,#10560);
#8396=AXIS2_PLACEMENT_3D('',#12944,#10561,#10562);
#8397=AXIS2_PLACEMENT_3D('',#12947,#10564,#10565);
#8398=AXIS2_PLACEMENT_3D('',#12948,#10566,#10567);
#8399=AXIS2_PLACEMENT_3D('',#12950,#10568,#10569);
#8400=AXIS2_PLACEMENT_3D('',#12953,#10571,#10572);
#8401=AXIS2_PLACEMENT_3D('',#12959,#10576,#10577);
#8402=AXIS2_PLACEMENT_3D('',#12960,#10578,#10579);
#8403=AXIS2_PLACEMENT_3D('',#12962,#10580,#10581);
#8404=AXIS2_PLACEMENT_3D('',#12965,#10583,#10584);
#8405=AXIS2_PLACEMENT_3D('',#12966,#10585,#10586);
#8406=AXIS2_PLACEMENT_3D('',#12968,#10587,#10588);
#8407=AXIS2_PLACEMENT_3D('',#12971,#10590,#10591);
#8408=AXIS2_PLACEMENT_3D('',#12972,#10592,#10593);
#8409=AXIS2_PLACEMENT_3D('',#12974,#10594,#10595);
#8410=AXIS2_PLACEMENT_3D('',#12977,#10597,#10598);
#8411=AXIS2_PLACEMENT_3D('',#12983,#10602,#10603);
#8412=AXIS2_PLACEMENT_3D('',#12984,#10604,#10605);
#8413=AXIS2_PLACEMENT_3D('',#12986,#10606,#10607);
#8414=AXIS2_PLACEMENT_3D('',#12989,#10609,#10610);
#8415=AXIS2_PLACEMENT_3D('',#12990,#10611,#10612);
#8416=AXIS2_PLACEMENT_3D('',#12992,#10613,#10614);
#8417=AXIS2_PLACEMENT_3D('',#12995,#10616,#10617);
#8418=AXIS2_PLACEMENT_3D('',#12996,#10618,#10619);
#8419=AXIS2_PLACEMENT_3D('',#12998,#10620,#10621);
#8420=AXIS2_PLACEMENT_3D('',#13001,#10623,#10624);
#8421=AXIS2_PLACEMENT_3D('',#13007,#10628,#10629);
#8422=AXIS2_PLACEMENT_3D('',#13008,#10630,#10631);
#8423=AXIS2_PLACEMENT_3D('',#13010,#10632,#10633);
#8424=AXIS2_PLACEMENT_3D('',#13013,#10635,#10636);
#8425=AXIS2_PLACEMENT_3D('',#13014,#10637,#10638);
#8426=AXIS2_PLACEMENT_3D('',#13016,#10639,#10640);
#8427=AXIS2_PLACEMENT_3D('',#13019,#10642,#10643);
#8428=AXIS2_PLACEMENT_3D('',#13020,#10644,#10645);
#8429=AXIS2_PLACEMENT_3D('',#13022,#10646,#10647);
#8430=AXIS2_PLACEMENT_3D('',#13025,#10649,#10650);
#8431=AXIS2_PLACEMENT_3D('',#13031,#10654,#10655);
#8432=AXIS2_PLACEMENT_3D('',#13032,#10656,#10657);
#8433=AXIS2_PLACEMENT_3D('',#13034,#10658,#10659);
#8434=AXIS2_PLACEMENT_3D('',#13037,#10661,#10662);
#8435=AXIS2_PLACEMENT_3D('',#13038,#10663,#10664);
#8436=AXIS2_PLACEMENT_3D('',#13040,#10665,#10666);
#8437=AXIS2_PLACEMENT_3D('',#13043,#10668,#10669);
#8438=AXIS2_PLACEMENT_3D('',#13044,#10670,#10671);
#8439=AXIS2_PLACEMENT_3D('',#13046,#10672,#10673);
#8440=AXIS2_PLACEMENT_3D('',#13049,#10675,#10676);
#8441=AXIS2_PLACEMENT_3D('',#13055,#10680,#10681);
#8442=AXIS2_PLACEMENT_3D('',#13056,#10682,#10683);
#8443=AXIS2_PLACEMENT_3D('',#13058,#10684,#10685);
#8444=AXIS2_PLACEMENT_3D('',#13061,#10687,#10688);
#8445=AXIS2_PLACEMENT_3D('',#13062,#10689,#10690);
#8446=AXIS2_PLACEMENT_3D('',#13064,#10691,#10692);
#8447=AXIS2_PLACEMENT_3D('',#13067,#10694,#10695);
#8448=AXIS2_PLACEMENT_3D('',#13068,#10696,#10697);
#8449=AXIS2_PLACEMENT_3D('',#13070,#10698,#10699);
#8450=AXIS2_PLACEMENT_3D('',#13073,#10701,#10702);
#8451=AXIS2_PLACEMENT_3D('',#13079,#10706,#10707);
#8452=AXIS2_PLACEMENT_3D('',#13080,#10708,#10709);
#8453=AXIS2_PLACEMENT_3D('',#13082,#10710,#10711);
#8454=AXIS2_PLACEMENT_3D('',#13085,#10713,#10714);
#8455=AXIS2_PLACEMENT_3D('',#13086,#10715,#10716);
#8456=AXIS2_PLACEMENT_3D('',#13088,#10717,#10718);
#8457=AXIS2_PLACEMENT_3D('',#13091,#10720,#10721);
#8458=AXIS2_PLACEMENT_3D('',#13092,#10722,#10723);
#8459=AXIS2_PLACEMENT_3D('',#13094,#10724,#10725);
#8460=AXIS2_PLACEMENT_3D('',#13097,#10727,#10728);
#8461=AXIS2_PLACEMENT_3D('',#13103,#10732,#10733);
#8462=AXIS2_PLACEMENT_3D('',#13104,#10734,#10735);
#8463=AXIS2_PLACEMENT_3D('',#13106,#10736,#10737);
#8464=AXIS2_PLACEMENT_3D('',#13109,#10739,#10740);
#8465=AXIS2_PLACEMENT_3D('',#13110,#10741,#10742);
#8466=AXIS2_PLACEMENT_3D('',#13112,#10743,#10744);
#8467=AXIS2_PLACEMENT_3D('',#13115,#10746,#10747);
#8468=AXIS2_PLACEMENT_3D('',#13116,#10748,#10749);
#8469=AXIS2_PLACEMENT_3D('',#13118,#10750,#10751);
#8470=AXIS2_PLACEMENT_3D('',#13121,#10753,#10754);
#8471=AXIS2_PLACEMENT_3D('',#13127,#10758,#10759);
#8472=AXIS2_PLACEMENT_3D('',#13128,#10760,#10761);
#8473=AXIS2_PLACEMENT_3D('',#13130,#10762,#10763);
#8474=AXIS2_PLACEMENT_3D('',#13133,#10765,#10766);
#8475=AXIS2_PLACEMENT_3D('',#13134,#10767,#10768);
#8476=AXIS2_PLACEMENT_3D('',#13136,#10769,#10770);
#8477=AXIS2_PLACEMENT_3D('',#13139,#10772,#10773);
#8478=AXIS2_PLACEMENT_3D('',#13140,#10774,#10775);
#8479=AXIS2_PLACEMENT_3D('',#13142,#10776,#10777);
#8480=AXIS2_PLACEMENT_3D('',#13145,#10779,#10780);
#8481=AXIS2_PLACEMENT_3D('',#13151,#10784,#10785);
#8482=AXIS2_PLACEMENT_3D('',#13152,#10786,#10787);
#8483=AXIS2_PLACEMENT_3D('',#13154,#10788,#10789);
#8484=AXIS2_PLACEMENT_3D('',#13157,#10791,#10792);
#8485=AXIS2_PLACEMENT_3D('',#13158,#10793,#10794);
#8486=AXIS2_PLACEMENT_3D('',#13160,#10795,#10796);
#8487=AXIS2_PLACEMENT_3D('',#13163,#10798,#10799);
#8488=AXIS2_PLACEMENT_3D('',#13164,#10800,#10801);
#8489=AXIS2_PLACEMENT_3D('',#13166,#10802,#10803);
#8490=AXIS2_PLACEMENT_3D('',#13169,#10805,#10806);
#8491=AXIS2_PLACEMENT_3D('',#13175,#10810,#10811);
#8492=AXIS2_PLACEMENT_3D('',#13176,#10812,#10813);
#8493=AXIS2_PLACEMENT_3D('',#13178,#10814,#10815);
#8494=AXIS2_PLACEMENT_3D('',#13181,#10817,#10818);
#8495=AXIS2_PLACEMENT_3D('',#13182,#10819,#10820);
#8496=AXIS2_PLACEMENT_3D('',#13184,#10821,#10822);
#8497=AXIS2_PLACEMENT_3D('',#13187,#10824,#10825);
#8498=AXIS2_PLACEMENT_3D('',#13188,#10826,#10827);
#8499=AXIS2_PLACEMENT_3D('',#13190,#10828,#10829);
#8500=AXIS2_PLACEMENT_3D('',#13193,#10831,#10832);
#8501=AXIS2_PLACEMENT_3D('',#13199,#10836,#10837);
#8502=AXIS2_PLACEMENT_3D('',#13200,#10838,#10839);
#8503=AXIS2_PLACEMENT_3D('',#13202,#10840,#10841);
#8504=AXIS2_PLACEMENT_3D('',#13205,#10843,#10844);
#8505=AXIS2_PLACEMENT_3D('',#13206,#10845,#10846);
#8506=AXIS2_PLACEMENT_3D('',#13208,#10847,#10848);
#8507=AXIS2_PLACEMENT_3D('',#13211,#10850,#10851);
#8508=AXIS2_PLACEMENT_3D('',#13212,#10852,#10853);
#8509=AXIS2_PLACEMENT_3D('',#13214,#10854,#10855);
#8510=AXIS2_PLACEMENT_3D('',#13217,#10857,#10858);
#8511=AXIS2_PLACEMENT_3D('',#13223,#10862,#10863);
#8512=AXIS2_PLACEMENT_3D('',#13224,#10864,#10865);
#8513=AXIS2_PLACEMENT_3D('',#13226,#10866,#10867);
#8514=AXIS2_PLACEMENT_3D('',#13229,#10869,#10870);
#8515=AXIS2_PLACEMENT_3D('',#13230,#10871,#10872);
#8516=AXIS2_PLACEMENT_3D('',#13232,#10873,#10874);
#8517=AXIS2_PLACEMENT_3D('',#13235,#10876,#10877);
#8518=AXIS2_PLACEMENT_3D('',#13236,#10878,#10879);
#8519=AXIS2_PLACEMENT_3D('',#13238,#10880,#10881);
#8520=AXIS2_PLACEMENT_3D('',#13241,#10883,#10884);
#8521=AXIS2_PLACEMENT_3D('',#13247,#10888,#10889);
#8522=AXIS2_PLACEMENT_3D('',#13248,#10890,#10891);
#8523=AXIS2_PLACEMENT_3D('',#13250,#10892,#10893);
#8524=AXIS2_PLACEMENT_3D('',#13253,#10895,#10896);
#8525=AXIS2_PLACEMENT_3D('',#13254,#10897,#10898);
#8526=AXIS2_PLACEMENT_3D('',#13256,#10899,#10900);
#8527=AXIS2_PLACEMENT_3D('',#13259,#10902,#10903);
#8528=AXIS2_PLACEMENT_3D('',#13260,#10904,#10905);
#8529=AXIS2_PLACEMENT_3D('',#13262,#10906,#10907);
#8530=AXIS2_PLACEMENT_3D('',#13265,#10909,#10910);
#8531=AXIS2_PLACEMENT_3D('',#13271,#10914,#10915);
#8532=AXIS2_PLACEMENT_3D('',#13272,#10916,#10917);
#8533=AXIS2_PLACEMENT_3D('',#13274,#10918,#10919);
#8534=AXIS2_PLACEMENT_3D('',#13277,#10921,#10922);
#8535=AXIS2_PLACEMENT_3D('',#13278,#10923,#10924);
#8536=AXIS2_PLACEMENT_3D('',#13280,#10925,#10926);
#8537=AXIS2_PLACEMENT_3D('',#13283,#10928,#10929);
#8538=AXIS2_PLACEMENT_3D('',#13284,#10930,#10931);
#8539=AXIS2_PLACEMENT_3D('',#13286,#10932,#10933);
#8540=AXIS2_PLACEMENT_3D('',#13289,#10935,#10936);
#8541=AXIS2_PLACEMENT_3D('',#13295,#10940,#10941);
#8542=AXIS2_PLACEMENT_3D('',#13296,#10942,#10943);
#8543=AXIS2_PLACEMENT_3D('',#13298,#10944,#10945);
#8544=AXIS2_PLACEMENT_3D('',#13301,#10947,#10948);
#8545=AXIS2_PLACEMENT_3D('',#13302,#10949,#10950);
#8546=AXIS2_PLACEMENT_3D('',#13304,#10951,#10952);
#8547=AXIS2_PLACEMENT_3D('',#13307,#10954,#10955);
#8548=AXIS2_PLACEMENT_3D('',#13308,#10956,#10957);
#8549=AXIS2_PLACEMENT_3D('',#13310,#10958,#10959);
#8550=AXIS2_PLACEMENT_3D('',#13313,#10961,#10962);
#8551=AXIS2_PLACEMENT_3D('',#13319,#10966,#10967);
#8552=AXIS2_PLACEMENT_3D('',#13320,#10968,#10969);
#8553=AXIS2_PLACEMENT_3D('',#13322,#10970,#10971);
#8554=AXIS2_PLACEMENT_3D('',#13325,#10973,#10974);
#8555=AXIS2_PLACEMENT_3D('',#13326,#10975,#10976);
#8556=AXIS2_PLACEMENT_3D('',#13328,#10977,#10978);
#8557=AXIS2_PLACEMENT_3D('',#13331,#10980,#10981);
#8558=AXIS2_PLACEMENT_3D('',#13332,#10982,#10983);
#8559=AXIS2_PLACEMENT_3D('',#13334,#10984,#10985);
#8560=AXIS2_PLACEMENT_3D('',#13337,#10987,#10988);
#8561=AXIS2_PLACEMENT_3D('',#13343,#10992,#10993);
#8562=AXIS2_PLACEMENT_3D('',#13344,#10994,#10995);
#8563=AXIS2_PLACEMENT_3D('',#13346,#10996,#10997);
#8564=AXIS2_PLACEMENT_3D('',#13349,#10999,#11000);
#8565=AXIS2_PLACEMENT_3D('',#13350,#11001,#11002);
#8566=AXIS2_PLACEMENT_3D('',#13352,#11003,#11004);
#8567=AXIS2_PLACEMENT_3D('',#13355,#11006,#11007);
#8568=AXIS2_PLACEMENT_3D('',#13356,#11008,#11009);
#8569=AXIS2_PLACEMENT_3D('',#13358,#11010,#11011);
#8570=AXIS2_PLACEMENT_3D('',#13361,#11013,#11014);
#8571=AXIS2_PLACEMENT_3D('',#13367,#11018,#11019);
#8572=AXIS2_PLACEMENT_3D('',#13368,#11020,#11021);
#8573=AXIS2_PLACEMENT_3D('',#13370,#11022,#11023);
#8574=AXIS2_PLACEMENT_3D('',#13373,#11025,#11026);
#8575=AXIS2_PLACEMENT_3D('',#13374,#11027,#11028);
#8576=AXIS2_PLACEMENT_3D('',#13376,#11029,#11030);
#8577=AXIS2_PLACEMENT_3D('',#13379,#11032,#11033);
#8578=AXIS2_PLACEMENT_3D('',#13380,#11034,#11035);
#8579=AXIS2_PLACEMENT_3D('',#13382,#11036,#11037);
#8580=AXIS2_PLACEMENT_3D('',#13385,#11039,#11040);
#8581=AXIS2_PLACEMENT_3D('',#13391,#11044,#11045);
#8582=AXIS2_PLACEMENT_3D('',#13392,#11046,#11047);
#8583=AXIS2_PLACEMENT_3D('',#13394,#11048,#11049);
#8584=AXIS2_PLACEMENT_3D('',#13397,#11051,#11052);
#8585=AXIS2_PLACEMENT_3D('',#13398,#11053,#11054);
#8586=AXIS2_PLACEMENT_3D('',#13400,#11055,#11056);
#8587=AXIS2_PLACEMENT_3D('',#13403,#11058,#11059);
#8588=AXIS2_PLACEMENT_3D('',#13404,#11060,#11061);
#8589=AXIS2_PLACEMENT_3D('',#13406,#11062,#11063);
#8590=AXIS2_PLACEMENT_3D('',#13409,#11065,#11066);
#8591=AXIS2_PLACEMENT_3D('',#13415,#11070,#11071);
#8592=AXIS2_PLACEMENT_3D('',#13416,#11072,#11073);
#8593=AXIS2_PLACEMENT_3D('',#13418,#11074,#11075);
#8594=AXIS2_PLACEMENT_3D('',#13421,#11077,#11078);
#8595=AXIS2_PLACEMENT_3D('',#13422,#11079,#11080);
#8596=AXIS2_PLACEMENT_3D('',#13424,#11081,#11082);
#8597=AXIS2_PLACEMENT_3D('',#13427,#11084,#11085);
#8598=AXIS2_PLACEMENT_3D('',#13428,#11086,#11087);
#8599=AXIS2_PLACEMENT_3D('',#13430,#11088,#11089);
#8600=AXIS2_PLACEMENT_3D('',#13433,#11091,#11092);
#8601=AXIS2_PLACEMENT_3D('',#13439,#11096,#11097);
#8602=AXIS2_PLACEMENT_3D('',#13440,#11098,#11099);
#8603=AXIS2_PLACEMENT_3D('',#13442,#11100,#11101);
#8604=AXIS2_PLACEMENT_3D('',#13445,#11103,#11104);
#8605=AXIS2_PLACEMENT_3D('',#13446,#11105,#11106);
#8606=AXIS2_PLACEMENT_3D('',#13448,#11107,#11108);
#8607=AXIS2_PLACEMENT_3D('',#13451,#11110,#11111);
#8608=AXIS2_PLACEMENT_3D('',#13452,#11112,#11113);
#8609=AXIS2_PLACEMENT_3D('',#13454,#11114,#11115);
#8610=AXIS2_PLACEMENT_3D('',#13457,#11117,#11118);
#8611=AXIS2_PLACEMENT_3D('',#13460,#11121,#11122);
#8612=AXIS2_PLACEMENT_3D('',#13466,#11125,#11126);
#8613=AXIS2_PLACEMENT_3D('',#13469,#11128,#11129);
#8614=AXIS2_PLACEMENT_3D('',#13477,#11133,#11134);
#8615=AXIS2_PLACEMENT_3D('',#13478,#11135,#11136);
#8616=AXIS2_PLACEMENT_3D('',#13489,#11137,#11138);
#8617=AXIS2_PLACEMENT_3D('',#13490,#11139,#11140);
#8618=AXIS2_PLACEMENT_3D('',#13495,#11143,#11144);
#8619=AXIS2_PLACEMENT_3D('',#13496,#11145,#11146);
#8620=AXIS2_PLACEMENT_3D('',#13505,#11147,#11148);
#8621=AXIS2_PLACEMENT_3D('',#13507,#11150,#11151);
#8622=AXIS2_PLACEMENT_3D('',#13509,#11153,#11154);
#8623=DIRECTION('',(0.,0.,1.));
#8624=DIRECTION('',(1.,0.,0.));
#8625=DIRECTION('',(0.,0.,1.));
#8626=DIRECTION('',(1.,0.,0.));
#8627=DIRECTION('',(0.,0.,1.));
#8628=DIRECTION('',(1.,0.,0.));
#8629=DIRECTION('',(0.,0.,1.));
#8630=DIRECTION('',(0.,0.,1.));
#8631=DIRECTION('',(1.,0.,0.));
#8632=DIRECTION('',(0.,0.,1.));
#8633=DIRECTION('',(0.,0.,1.));
#8634=DIRECTION('',(1.,0.,0.));
#8635=DIRECTION('',(0.,0.,1.));
#8636=DIRECTION('',(1.,0.,0.));
#8637=DIRECTION('',(0.,0.,1.));
#8638=DIRECTION('',(1.,0.,0.));
#8639=DIRECTION('',(0.,0.,1.));
#8640=DIRECTION('',(0.,0.,1.));
#8641=DIRECTION('',(1.,0.,0.));
#8642=DIRECTION('',(0.,0.,1.));
#8643=DIRECTION('',(1.,0.,0.));
#8644=DIRECTION('',(0.,0.,1.));
#8645=DIRECTION('',(1.,0.,0.));
#8646=DIRECTION('',(0.,0.,1.));
#8647=DIRECTION('',(-0.302204943108312,-0.953242976559965,0.));
#8648=DIRECTION('',(0.953242976559965,-0.302204943108312,0.));
#8649=DIRECTION('',(0.953242976559965,-0.302204943108312,0.));
#8650=DIRECTION('',(0.953242976559965,-0.302204943108312,0.));
#8651=DIRECTION('',(0.,0.,1.));
#8652=DIRECTION('',(0.,0.,1.));
#8653=DIRECTION('',(1.,0.,0.));
#8654=DIRECTION('',(0.,0.,1.));
#8655=DIRECTION('',(1.,0.,0.));
#8656=DIRECTION('',(0.,0.,1.));
#8657=DIRECTION('',(1.,0.,0.));
#8658=DIRECTION('',(0.,0.,1.));
#8659=DIRECTION('',(0.,0.,1.));
#8660=DIRECTION('',(1.,0.,0.));
#8661=DIRECTION('',(0.,0.,1.));
#8662=DIRECTION('',(1.,0.,0.));
#8663=DIRECTION('',(0.,0.,1.));
#8664=DIRECTION('',(1.,0.,0.));
#8665=DIRECTION('',(0.,0.,1.));
#8666=DIRECTION('',(0.,0.,1.));
#8667=DIRECTION('',(1.,0.,0.));
#8668=DIRECTION('',(0.,0.,1.));
#8669=DIRECTION('',(1.,0.,0.));
#8670=DIRECTION('',(0.,0.,1.));
#8671=DIRECTION('',(1.,0.,0.));
#8672=DIRECTION('',(0.,0.,1.));
#8673=DIRECTION('',(-0.424042713915799,0.905642190257788,0.));
#8674=DIRECTION('',(-0.905642190257788,-0.424042713915799,0.));
#8675=DIRECTION('',(-0.905642190257788,-0.424042713915799,0.));
#8676=DIRECTION('',(-0.905642190257788,-0.424042713915799,0.));
#8677=DIRECTION('',(0.,0.,1.));
#8678=DIRECTION('',(0.,0.,1.));
#8679=DIRECTION('',(1.,0.,0.));
#8680=DIRECTION('',(0.,0.,1.));
#8681=DIRECTION('',(1.,0.,0.));
#8682=DIRECTION('',(0.,0.,1.));
#8683=DIRECTION('',(1.,0.,0.));
#8684=DIRECTION('',(0.,0.,1.));
#8685=DIRECTION('',(0.,0.,1.));
#8686=DIRECTION('',(1.,0.,0.));
#8687=DIRECTION('',(0.,0.,1.));
#8688=DIRECTION('',(1.,0.,0.));
#8689=DIRECTION('',(0.,0.,1.));
#8690=DIRECTION('',(1.,0.,0.));
#8691=DIRECTION('',(0.,0.,1.));
#8692=DIRECTION('',(0.,0.,1.));
#8693=DIRECTION('',(1.,0.,0.));
#8694=DIRECTION('',(0.,0.,1.));
#8695=DIRECTION('',(1.,0.,0.));
#8696=DIRECTION('',(0.,0.,1.));
#8697=DIRECTION('',(1.,0.,0.));
#8698=DIRECTION('',(0.,0.,1.));
#8699=DIRECTION('',(-0.175196361933524,-0.984533511245431,0.));
#8700=DIRECTION('',(0.984533511245431,-0.175196361933524,0.));
#8701=DIRECTION('',(0.984533511245431,-0.175196361933524,0.));
#8702=DIRECTION('',(0.984533511245431,-0.175196361933524,0.));
#8703=DIRECTION('',(0.,0.,1.));
#8704=DIRECTION('',(0.,0.,1.));
#8705=DIRECTION('',(1.,0.,0.));
#8706=DIRECTION('',(0.,0.,1.));
#8707=DIRECTION('',(1.,0.,0.));
#8708=DIRECTION('',(0.,0.,1.));
#8709=DIRECTION('',(1.,0.,0.));
#8710=DIRECTION('',(0.,0.,1.));
#8711=DIRECTION('',(0.,0.,1.));
#8712=DIRECTION('',(1.,0.,0.));
#8713=DIRECTION('',(0.,0.,1.));
#8714=DIRECTION('',(1.,0.,0.));
#8715=DIRECTION('',(0.,0.,1.));
#8716=DIRECTION('',(1.,0.,0.));
#8717=DIRECTION('',(0.,0.,1.));
#8718=DIRECTION('',(0.,0.,1.));
#8719=DIRECTION('',(1.,0.,0.));
#8720=DIRECTION('',(0.,0.,1.));
#8721=DIRECTION('',(1.,0.,0.));
#8722=DIRECTION('',(0.,0.,1.));
#8723=DIRECTION('',(1.,0.,0.));
#8724=DIRECTION('',(0.,0.,1.));
#8725=DIRECTION('',(-0.53862499632377,0.842545614987829,0.));
#8726=DIRECTION('',(-0.842545614987829,-0.53862499632377,0.));
#8727=DIRECTION('',(-0.842545614987829,-0.53862499632377,0.));
#8728=DIRECTION('',(-0.842545614987829,-0.53862499632377,0.));
#8729=DIRECTION('',(0.,0.,1.));
#8730=DIRECTION('',(0.,0.,1.));
#8731=DIRECTION('',(1.,0.,0.));
#8732=DIRECTION('',(0.,0.,1.));
#8733=DIRECTION('',(1.,0.,0.));
#8734=DIRECTION('',(0.,0.,1.));
#8735=DIRECTION('',(1.,0.,0.));
#8736=DIRECTION('',(0.,0.,1.));
#8737=DIRECTION('',(0.,0.,1.));
#8738=DIRECTION('',(1.,0.,0.));
#8739=DIRECTION('',(0.,0.,1.));
#8740=DIRECTION('',(1.,0.,0.));
#8741=DIRECTION('',(0.,0.,1.));
#8742=DIRECTION('',(1.,0.,0.));
#8743=DIRECTION('',(0.,0.,1.));
#8744=DIRECTION('',(0.,0.,1.));
#8745=DIRECTION('',(1.,0.,0.));
#8746=DIRECTION('',(0.,0.,1.));
#8747=DIRECTION('',(1.,0.,0.));
#8748=DIRECTION('',(0.,0.,1.));
#8749=DIRECTION('',(1.,0.,0.));
#8750=DIRECTION('',(0.,0.,1.));
#8751=DIRECTION('',(-0.0451901224354416,-0.998978404588543,0.));
#8752=DIRECTION('',(0.998978404588543,-0.0451901224354416,0.));
#8753=DIRECTION('',(0.998978404588543,-0.0451901224354416,0.));
#8754=DIRECTION('',(0.998978404588543,-0.0451901224354416,0.));
#8755=DIRECTION('',(0.,0.,1.));
#8756=DIRECTION('',(0.,0.,1.));
#8757=DIRECTION('',(1.,0.,0.));
#8758=DIRECTION('',(0.,0.,1.));
#8759=DIRECTION('',(1.,0.,0.));
#8760=DIRECTION('',(0.,0.,1.));
#8761=DIRECTION('',(1.,0.,0.));
#8762=DIRECTION('',(0.,0.,1.));
#8763=DIRECTION('',(0.,0.,1.));
#8764=DIRECTION('',(1.,0.,0.));
#8765=DIRECTION('',(0.,0.,1.));
#8766=DIRECTION('',(1.,0.,0.));
#8767=DIRECTION('',(0.,0.,1.));
#8768=DIRECTION('',(1.,0.,0.));
#8769=DIRECTION('',(0.,0.,1.));
#8770=DIRECTION('',(0.,0.,1.));
#8771=DIRECTION('',(1.,0.,0.));
#8772=DIRECTION('',(0.,0.,1.));
#8773=DIRECTION('',(1.,0.,0.));
#8774=DIRECTION('',(0.,0.,1.));
#8775=DIRECTION('',(1.,0.,0.));
#8776=DIRECTION('',(0.,0.,1.));
#8777=DIRECTION('',(-0.643991255708919,0.765032850647899,0.));
#8778=DIRECTION('',(-0.765032850647899,-0.643991255708919,0.));
#8779=DIRECTION('',(-0.765032850647899,-0.643991255708919,0.));
#8780=DIRECTION('',(-0.765032850647899,-0.643991255708919,0.));
#8781=DIRECTION('',(0.,0.,1.));
#8782=DIRECTION('',(0.,0.,1.));
#8783=DIRECTION('',(1.,0.,0.));
#8784=DIRECTION('',(0.,0.,1.));
#8785=DIRECTION('',(1.,0.,0.));
#8786=DIRECTION('',(0.,0.,1.));
#8787=DIRECTION('',(1.,0.,0.));
#8788=DIRECTION('',(0.,0.,1.));
#8789=DIRECTION('',(0.,0.,1.));
#8790=DIRECTION('',(1.,0.,0.));
#8791=DIRECTION('',(0.,0.,1.));
#8792=DIRECTION('',(1.,0.,0.));
#8793=DIRECTION('',(0.,0.,1.));
#8794=DIRECTION('',(1.,0.,0.));
#8795=DIRECTION('',(0.,0.,1.));
#8796=DIRECTION('',(0.,0.,1.));
#8797=DIRECTION('',(1.,0.,0.));
#8798=DIRECTION('',(0.,0.,1.));
#8799=DIRECTION('',(1.,0.,0.));
#8800=DIRECTION('',(0.,0.,1.));
#8801=DIRECTION('',(1.,0.,0.));
#8802=DIRECTION('',(0.,0.,1.));
#8803=DIRECTION('',(0.0855893325870543,-0.996330500460215,0.));
#8804=DIRECTION('',(0.996330500460215,0.0855893325870543,0.));
#8805=DIRECTION('',(0.996330500460215,0.0855893325870544,0.));
#8806=DIRECTION('',(0.996330500460215,0.0855893325870544,0.));
#8807=DIRECTION('',(0.,0.,1.));
#8808=DIRECTION('',(0.,0.,1.));
#8809=DIRECTION('',(1.,0.,0.));
#8810=DIRECTION('',(0.,0.,1.));
#8811=DIRECTION('',(1.,0.,0.));
#8812=DIRECTION('',(0.,0.,1.));
#8813=DIRECTION('',(1.,0.,0.));
#8814=DIRECTION('',(0.,0.,1.));
#8815=DIRECTION('',(0.,0.,1.));
#8816=DIRECTION('',(1.,0.,0.));
#8817=DIRECTION('',(0.,0.,1.));
#8818=DIRECTION('',(1.,0.,0.));
#8819=DIRECTION('',(0.,0.,1.));
#8820=DIRECTION('',(1.,0.,0.));
#8821=DIRECTION('',(0.,0.,1.));
#8822=DIRECTION('',(0.,0.,1.));
#8823=DIRECTION('',(1.,0.,0.));
#8824=DIRECTION('',(0.,0.,1.));
#8825=DIRECTION('',(1.,0.,0.));
#8826=DIRECTION('',(0.,0.,1.));
#8827=DIRECTION('',(1.,0.,0.));
#8828=DIRECTION('',(0.,0.,1.));
#8829=DIRECTION('',(-0.738338646160396,0.674430162126542,0.));
#8830=DIRECTION('',(-0.674430162126542,-0.738338646160396,0.));
#8831=DIRECTION('',(-0.674430162126542,-0.738338646160396,0.));
#8832=DIRECTION('',(-0.674430162126542,-0.738338646160396,0.));
#8833=DIRECTION('',(0.,0.,1.));
#8834=DIRECTION('',(0.,0.,1.));
#8835=DIRECTION('',(1.,0.,0.));
#8836=DIRECTION('',(0.,0.,1.));
#8837=DIRECTION('',(1.,0.,0.));
#8838=DIRECTION('',(0.,0.,1.));
#8839=DIRECTION('',(1.,0.,0.));
#8840=DIRECTION('',(0.,0.,1.));
#8841=DIRECTION('',(0.,0.,1.));
#8842=DIRECTION('',(1.,0.,0.));
#8843=DIRECTION('',(0.,0.,1.));
#8844=DIRECTION('',(1.,0.,0.));
#8845=DIRECTION('',(0.,0.,1.));
#8846=DIRECTION('',(1.,0.,0.));
#8847=DIRECTION('',(0.,0.,1.));
#8848=DIRECTION('',(0.,0.,1.));
#8849=DIRECTION('',(1.,0.,0.));
#8850=DIRECTION('',(0.,0.,1.));
#8851=DIRECTION('',(1.,0.,0.));
#8852=DIRECTION('',(0.,0.,1.));
#8853=DIRECTION('',(1.,0.,0.));
#8854=DIRECTION('',(0.,0.,1.));
#8855=DIRECTION('',(0.214904330400633,-0.97663510523381,0.));
#8856=DIRECTION('',(0.97663510523381,0.214904330400633,0.));
#8857=DIRECTION('',(0.97663510523381,0.214904330400633,0.));
#8858=DIRECTION('',(0.97663510523381,0.214904330400633,0.));
#8859=DIRECTION('',(0.,0.,1.));
#8860=DIRECTION('',(0.,0.,1.));
#8861=DIRECTION('',(1.,0.,0.));
#8862=DIRECTION('',(0.,0.,1.));
#8863=DIRECTION('',(1.,0.,0.));
#8864=DIRECTION('',(0.,0.,1.));
#8865=DIRECTION('',(1.,0.,0.));
#8866=DIRECTION('',(0.,0.,1.));
#8867=DIRECTION('',(0.,0.,1.));
#8868=DIRECTION('',(1.,0.,0.));
#8869=DIRECTION('',(0.,0.,1.));
#8870=DIRECTION('',(1.,0.,0.));
#8871=DIRECTION('',(0.,0.,1.));
#8872=DIRECTION('',(1.,0.,0.));
#8873=DIRECTION('',(0.,0.,1.));
#8874=DIRECTION('',(0.,0.,1.));
#8875=DIRECTION('',(1.,0.,0.));
#8876=DIRECTION('',(0.,0.,1.));
#8877=DIRECTION('',(1.,0.,0.));
#8878=DIRECTION('',(0.,0.,1.));
#8879=DIRECTION('',(1.,0.,0.));
#8880=DIRECTION('',(0.,0.,1.));
#8881=DIRECTION('',(-0.820052857669808,0.572287786544132,0.));
#8882=DIRECTION('',(-0.572287786544132,-0.820052857669808,0.));
#8883=DIRECTION('',(-0.572287786544132,-0.820052857669808,0.));
#8884=DIRECTION('',(-0.572287786544132,-0.820052857669808,0.));
#8885=DIRECTION('',(0.,0.,1.));
#8886=DIRECTION('',(0.,0.,1.));
#8887=DIRECTION('',(1.,0.,0.));
#8888=DIRECTION('',(0.,0.,1.));
#8889=DIRECTION('',(1.,0.,0.));
#8890=DIRECTION('',(0.,0.,1.));
#8891=DIRECTION('',(1.,0.,0.));
#8892=DIRECTION('',(0.,0.,1.));
#8893=DIRECTION('',(0.,0.,1.));
#8894=DIRECTION('',(1.,0.,0.));
#8895=DIRECTION('',(0.,0.,1.));
#8896=DIRECTION('',(1.,0.,0.));
#8897=DIRECTION('',(0.,0.,1.));
#8898=DIRECTION('',(1.,0.,0.));
#8899=DIRECTION('',(0.,0.,1.));
#8900=DIRECTION('',(0.,0.,1.));
#8901=DIRECTION('',(1.,0.,0.));
#8902=DIRECTION('',(0.,0.,1.));
#8903=DIRECTION('',(1.,0.,0.));
#8904=DIRECTION('',(0.,0.,1.));
#8905=DIRECTION('',(1.,0.,0.));
#8906=DIRECTION('',(0.,0.,1.));
#8907=DIRECTION('',(0.34054225553686,-0.940229212582691,0.));
#8908=DIRECTION('',(0.940229212582691,0.34054225553686,0.));
#8909=DIRECTION('',(0.940229212582691,0.34054225553686,0.));
#8910=DIRECTION('',(0.940229212582691,0.34054225553686,0.));
#8911=DIRECTION('',(0.,0.,1.));
#8912=DIRECTION('',(0.,0.,1.));
#8913=DIRECTION('',(1.,0.,0.));
#8914=DIRECTION('',(0.,0.,1.));
#8915=DIRECTION('',(1.,0.,0.));
#8916=DIRECTION('',(0.,0.,1.));
#8917=DIRECTION('',(1.,0.,0.));
#8918=DIRECTION('',(0.,0.,1.));
#8919=DIRECTION('',(0.,0.,1.));
#8920=DIRECTION('',(1.,0.,0.));
#8921=DIRECTION('',(0.,0.,1.));
#8922=DIRECTION('',(1.,0.,0.));
#8923=DIRECTION('',(0.,0.,1.));
#8924=DIRECTION('',(1.,0.,0.));
#8925=DIRECTION('',(0.,0.,1.));
#8926=DIRECTION('',(0.,0.,1.));
#8927=DIRECTION('',(1.,0.,0.));
#8928=DIRECTION('',(0.,0.,1.));
#8929=DIRECTION('',(1.,0.,0.));
#8930=DIRECTION('',(0.,0.,1.));
#8931=DIRECTION('',(1.,0.,0.));
#8932=DIRECTION('',(0.,0.,1.));
#8933=DIRECTION('',(-0.887735737423476,0.460353408264994,0.));
#8934=DIRECTION('',(-0.460353408264994,-0.887735737423476,0.));
#8935=DIRECTION('',(-0.460353408264994,-0.887735737423476,0.));
#8936=DIRECTION('',(-0.460353408264994,-0.887735737423476,0.));
#8937=DIRECTION('',(0.,0.,1.));
#8938=DIRECTION('',(0.,0.,1.));
#8939=DIRECTION('',(1.,0.,0.));
#8940=DIRECTION('',(0.,0.,1.));
#8941=DIRECTION('',(1.,0.,0.));
#8942=DIRECTION('',(0.,0.,1.));
#8943=DIRECTION('',(1.,0.,0.));
#8944=DIRECTION('',(0.,0.,1.));
#8945=DIRECTION('',(0.,0.,1.));
#8946=DIRECTION('',(1.,0.,0.));
#8947=DIRECTION('',(0.,0.,1.));
#8948=DIRECTION('',(1.,0.,0.));
#8949=DIRECTION('',(0.,0.,1.));
#8950=DIRECTION('',(1.,0.,0.));
#8951=DIRECTION('',(0.,0.,1.));
#8952=DIRECTION('',(0.,0.,1.));
#8953=DIRECTION('',(1.,0.,0.));
#8954=DIRECTION('',(0.,0.,1.));
#8955=DIRECTION('',(1.,0.,0.));
#8956=DIRECTION('',(0.,0.,1.));
#8957=DIRECTION('',(1.,0.,0.));
#8958=DIRECTION('',(0.,0.,1.));
#8959=DIRECTION('',(0.460353408264698,-0.88773573742363,0.));
#8960=DIRECTION('',(0.88773573742363,0.460353408264698,0.));
#8961=DIRECTION('',(0.88773573742363,0.460353408264698,0.));
#8962=DIRECTION('',(0.88773573742363,0.460353408264698,0.));
#8963=DIRECTION('',(0.,0.,1.));
#8964=DIRECTION('',(0.,0.,1.));
#8965=DIRECTION('',(1.,0.,0.));
#8966=DIRECTION('',(0.,0.,1.));
#8967=DIRECTION('',(1.,0.,0.));
#8968=DIRECTION('',(0.,0.,1.));
#8969=DIRECTION('',(1.,0.,0.));
#8970=DIRECTION('',(0.,0.,1.));
#8971=DIRECTION('',(0.,0.,1.));
#8972=DIRECTION('',(1.,0.,0.));
#8973=DIRECTION('',(0.,0.,1.));
#8974=DIRECTION('',(1.,0.,0.));
#8975=DIRECTION('',(0.,0.,1.));
#8976=DIRECTION('',(1.,0.,0.));
#8977=DIRECTION('',(0.,0.,1.));
#8978=DIRECTION('',(0.,0.,1.));
#8979=DIRECTION('',(1.,0.,0.));
#8980=DIRECTION('',(0.,0.,1.));
#8981=DIRECTION('',(1.,0.,0.));
#8982=DIRECTION('',(0.,0.,1.));
#8983=DIRECTION('',(1.,0.,0.));
#8984=DIRECTION('',(0.,0.,1.));
#8985=DIRECTION('',(-0.940229212582831,0.340542255536475,0.));
#8986=DIRECTION('',(-0.340542255536475,-0.940229212582831,0.));
#8987=DIRECTION('',(-0.340542255536475,-0.940229212582831,0.));
#8988=DIRECTION('',(-0.340542255536475,-0.940229212582831,0.));
#8989=DIRECTION('',(0.,0.,1.));
#8990=DIRECTION('',(0.,0.,1.));
#8991=DIRECTION('',(1.,0.,0.));
#8992=DIRECTION('',(0.,0.,1.));
#8993=DIRECTION('',(1.,0.,0.));
#8994=DIRECTION('',(0.,0.,1.));
#8995=DIRECTION('',(1.,0.,0.));
#8996=DIRECTION('',(0.,0.,1.));
#8997=DIRECTION('',(0.,0.,1.));
#8998=DIRECTION('',(1.,0.,0.));
#8999=DIRECTION('',(0.,0.,1.));
#9000=DIRECTION('',(1.,0.,0.));
#9001=DIRECTION('',(0.,0.,1.));
#9002=DIRECTION('',(1.,0.,0.));
#9003=DIRECTION('',(0.,0.,1.));
#9004=DIRECTION('',(0.,0.,1.));
#9005=DIRECTION('',(1.,0.,0.));
#9006=DIRECTION('',(0.,0.,1.));
#9007=DIRECTION('',(1.,0.,0.));
#9008=DIRECTION('',(0.,0.,1.));
#9009=DIRECTION('',(1.,0.,0.));
#9010=DIRECTION('',(0.,0.,1.));
#9011=DIRECTION('',(0.572287786543781,-0.820052857670053,0.));
#9012=DIRECTION('',(0.820052857670053,0.572287786543781,0.));
#9013=DIRECTION('',(0.820052857670053,0.572287786543781,0.));
#9014=DIRECTION('',(0.820052857670053,0.572287786543781,0.));
#9015=DIRECTION('',(0.,0.,1.));
#9016=DIRECTION('',(0.,0.,1.));
#9017=DIRECTION('',(1.,0.,0.));
#9018=DIRECTION('',(0.,0.,1.));
#9019=DIRECTION('',(1.,0.,0.));
#9020=DIRECTION('',(0.,0.,1.));
#9021=DIRECTION('',(1.,0.,0.));
#9022=DIRECTION('',(0.,0.,1.));
#9023=DIRECTION('',(0.,0.,1.));
#9024=DIRECTION('',(1.,0.,0.));
#9025=DIRECTION('',(0.,0.,1.));
#9026=DIRECTION('',(1.,0.,0.));
#9027=DIRECTION('',(0.,0.,1.));
#9028=DIRECTION('',(1.,0.,0.));
#9029=DIRECTION('',(0.,0.,1.));
#9030=DIRECTION('',(0.,0.,1.));
#9031=DIRECTION('',(1.,0.,0.));
#9032=DIRECTION('',(0.,0.,1.));
#9033=DIRECTION('',(1.,0.,0.));
#9034=DIRECTION('',(0.,0.,1.));
#9035=DIRECTION('',(1.,0.,0.));
#9036=DIRECTION('',(0.,0.,1.));
#9037=DIRECTION('',(-0.976635105233921,0.214904330400131,0.));
#9038=DIRECTION('',(-0.214904330400131,-0.976635105233921,0.));
#9039=DIRECTION('',(-0.214904330400131,-0.976635105233921,0.));
#9040=DIRECTION('',(-0.214904330400131,-0.976635105233921,0.));
#9041=DIRECTION('',(0.,0.,1.));
#9042=DIRECTION('',(0.,0.,1.));
#9043=DIRECTION('',(1.,0.,0.));
#9044=DIRECTION('',(0.,0.,1.));
#9045=DIRECTION('',(1.,0.,0.));
#9046=DIRECTION('',(0.,0.,1.));
#9047=DIRECTION('',(1.,0.,0.));
#9048=DIRECTION('',(0.,0.,1.));
#9049=DIRECTION('',(0.,0.,1.));
#9050=DIRECTION('',(1.,0.,0.));
#9051=DIRECTION('',(0.,0.,1.));
#9052=DIRECTION('',(1.,0.,0.));
#9053=DIRECTION('',(0.,0.,1.));
#9054=DIRECTION('',(1.,0.,0.));
#9055=DIRECTION('',(0.,0.,1.));
#9056=DIRECTION('',(0.,0.,1.));
#9057=DIRECTION('',(1.,0.,0.));
#9058=DIRECTION('',(0.,0.,1.));
#9059=DIRECTION('',(1.,0.,0.));
#9060=DIRECTION('',(0.,0.,1.));
#9061=DIRECTION('',(1.,0.,0.));
#9062=DIRECTION('',(0.,0.,1.));
#9063=DIRECTION('',(0.674430162127315,-0.73833864615969,0.));
#9064=DIRECTION('',(0.73833864615969,0.674430162127315,0.));
#9065=DIRECTION('',(0.73833864615969,0.674430162127315,0.));
#9066=DIRECTION('',(0.73833864615969,0.674430162127315,0.));
#9067=DIRECTION('',(0.,0.,1.));
#9068=DIRECTION('',(0.,0.,1.));
#9069=DIRECTION('',(1.,0.,0.));
#9070=DIRECTION('',(0.,0.,1.));
#9071=DIRECTION('',(1.,0.,0.));
#9072=DIRECTION('',(0.,0.,1.));
#9073=DIRECTION('',(1.,0.,0.));
#9074=DIRECTION('',(0.,0.,1.));
#9075=DIRECTION('',(0.,0.,1.));
#9076=DIRECTION('',(1.,0.,0.));
#9077=DIRECTION('',(0.,0.,1.));
#9078=DIRECTION('',(1.,0.,0.));
#9079=DIRECTION('',(0.,0.,1.));
#9080=DIRECTION('',(1.,0.,0.));
#9081=DIRECTION('',(0.,0.,1.));
#9082=DIRECTION('',(0.,0.,1.));
#9083=DIRECTION('',(1.,0.,0.));
#9084=DIRECTION('',(0.,0.,1.));
#9085=DIRECTION('',(1.,0.,0.));
#9086=DIRECTION('',(0.,0.,1.));
#9087=DIRECTION('',(1.,0.,0.));
#9088=DIRECTION('',(0.,0.,1.));
#9089=DIRECTION('',(-0.996330500460144,0.0855893325878815,0.));
#9090=DIRECTION('',(-0.0855893325878815,-0.996330500460144,0.));
#9091=DIRECTION('',(-0.0855893325878815,-0.996330500460144,0.));
#9092=DIRECTION('',(-0.0855893325878815,-0.996330500460144,0.));
#9093=DIRECTION('',(0.,0.,1.));
#9094=DIRECTION('',(0.,0.,1.));
#9095=DIRECTION('',(1.,0.,0.));
#9096=DIRECTION('',(0.,0.,1.));
#9097=DIRECTION('',(1.,0.,0.));
#9098=DIRECTION('',(0.,0.,1.));
#9099=DIRECTION('',(1.,0.,0.));
#9100=DIRECTION('',(0.,0.,1.));
#9101=DIRECTION('',(0.,0.,1.));
#9102=DIRECTION('',(1.,0.,0.));
#9103=DIRECTION('',(0.,0.,1.));
#9104=DIRECTION('',(1.,0.,0.));
#9105=DIRECTION('',(0.,0.,1.));
#9106=DIRECTION('',(1.,0.,0.));
#9107=DIRECTION('',(0.,0.,1.));
#9108=DIRECTION('',(0.,0.,1.));
#9109=DIRECTION('',(1.,0.,0.));
#9110=DIRECTION('',(0.,0.,1.));
#9111=DIRECTION('',(1.,0.,0.));
#9112=DIRECTION('',(0.,0.,1.));
#9113=DIRECTION('',(1.,0.,0.));
#9114=DIRECTION('',(0.,0.,1.));
#9115=DIRECTION('',(0.765032850648529,-0.64399125570817,0.));
#9116=DIRECTION('',(0.64399125570817,0.765032850648529,0.));
#9117=DIRECTION('',(0.64399125570817,0.765032850648529,0.));
#9118=DIRECTION('',(0.64399125570817,0.765032850648529,0.));
#9119=DIRECTION('',(0.,0.,1.));
#9120=DIRECTION('',(0.,0.,1.));
#9121=DIRECTION('',(1.,0.,0.));
#9122=DIRECTION('',(0.,0.,1.));
#9123=DIRECTION('',(1.,0.,0.));
#9124=DIRECTION('',(0.,0.,1.));
#9125=DIRECTION('',(1.,0.,0.));
#9126=DIRECTION('',(0.,0.,1.));
#9127=DIRECTION('',(0.,0.,1.));
#9128=DIRECTION('',(1.,0.,0.));
#9129=DIRECTION('',(0.,0.,1.));
#9130=DIRECTION('',(1.,0.,0.));
#9131=DIRECTION('',(0.,0.,1.));
#9132=DIRECTION('',(1.,0.,0.));
#9133=DIRECTION('',(0.,0.,1.));
#9134=DIRECTION('',(0.,0.,1.));
#9135=DIRECTION('',(1.,0.,0.));
#9136=DIRECTION('',(0.,0.,1.));
#9137=DIRECTION('',(1.,0.,0.));
#9138=DIRECTION('',(0.,0.,1.));
#9139=DIRECTION('',(1.,0.,0.));
#9140=DIRECTION('',(0.,0.,1.));
#9141=DIRECTION('',(-0.998978404588556,-0.0451901224351392,0.));
#9142=DIRECTION('',(0.0451901224351392,-0.998978404588556,0.));
#9143=DIRECTION('',(0.0451901224351392,-0.998978404588556,0.));
#9144=DIRECTION('',(0.0451901224351392,-0.998978404588556,0.));
#9145=DIRECTION('',(0.,0.,1.));
#9146=DIRECTION('',(0.,0.,1.));
#9147=DIRECTION('',(1.,0.,0.));
#9148=DIRECTION('',(0.,0.,1.));
#9149=DIRECTION('',(1.,0.,0.));
#9150=DIRECTION('',(0.,0.,1.));
#9151=DIRECTION('',(1.,0.,0.));
#9152=DIRECTION('',(0.,0.,1.));
#9153=DIRECTION('',(0.,0.,1.));
#9154=DIRECTION('',(1.,0.,0.));
#9155=DIRECTION('',(0.,0.,1.));
#9156=DIRECTION('',(1.,0.,0.));
#9157=DIRECTION('',(0.,0.,1.));
#9158=DIRECTION('',(1.,0.,0.));
#9159=DIRECTION('',(0.,0.,1.));
#9160=DIRECTION('',(0.,0.,1.));
#9161=DIRECTION('',(1.,0.,0.));
#9162=DIRECTION('',(0.,0.,1.));
#9163=DIRECTION('',(1.,0.,0.));
#9164=DIRECTION('',(0.,0.,1.));
#9165=DIRECTION('',(1.,0.,0.));
#9166=DIRECTION('',(0.,0.,1.));
#9167=DIRECTION('',(0.842545614987749,-0.538624996323895,0.));
#9168=DIRECTION('',(0.538624996323895,0.842545614987749,0.));
#9169=DIRECTION('',(0.538624996323895,0.842545614987749,0.));
#9170=DIRECTION('',(0.538624996323895,0.842545614987749,0.));
#9171=DIRECTION('',(0.,0.,1.));
#9172=DIRECTION('',(0.,0.,1.));
#9173=DIRECTION('',(1.,0.,0.));
#9174=DIRECTION('',(0.,0.,1.));
#9175=DIRECTION('',(1.,0.,0.));
#9176=DIRECTION('',(0.,0.,1.));
#9177=DIRECTION('',(1.,0.,0.));
#9178=DIRECTION('',(0.,0.,1.));
#9179=DIRECTION('',(0.,0.,1.));
#9180=DIRECTION('',(1.,0.,0.));
#9181=DIRECTION('',(0.,0.,1.));
#9182=DIRECTION('',(1.,0.,0.));
#9183=DIRECTION('',(0.,0.,1.));
#9184=DIRECTION('',(1.,0.,0.));
#9185=DIRECTION('',(0.,0.,1.));
#9186=DIRECTION('',(0.,0.,1.));
#9187=DIRECTION('',(1.,0.,0.));
#9188=DIRECTION('',(0.,0.,1.));
#9189=DIRECTION('',(1.,0.,0.));
#9190=DIRECTION('',(0.,0.,1.));
#9191=DIRECTION('',(1.,0.,0.));
#9192=DIRECTION('',(0.,0.,1.));
#9193=DIRECTION('',(-0.984533511245265,-0.175196361934456,0.));
#9194=DIRECTION('',(0.175196361934456,-0.984533511245265,0.));
#9195=DIRECTION('',(0.175196361934456,-0.984533511245265,0.));
#9196=DIRECTION('',(0.175196361934456,-0.984533511245265,0.));
#9197=DIRECTION('',(0.,0.,1.));
#9198=DIRECTION('',(0.,0.,1.));
#9199=DIRECTION('',(1.,0.,0.));
#9200=DIRECTION('',(0.,0.,1.));
#9201=DIRECTION('',(1.,0.,0.));
#9202=DIRECTION('',(0.,0.,1.));
#9203=DIRECTION('',(1.,0.,0.));
#9204=DIRECTION('',(0.,0.,1.));
#9205=DIRECTION('',(0.,0.,1.));
#9206=DIRECTION('',(1.,0.,0.));
#9207=DIRECTION('',(0.,0.,1.));
#9208=DIRECTION('',(1.,0.,0.));
#9209=DIRECTION('',(0.,0.,1.));
#9210=DIRECTION('',(1.,0.,0.));
#9211=DIRECTION('',(0.,0.,1.));
#9212=DIRECTION('',(0.,0.,1.));
#9213=DIRECTION('',(1.,0.,0.));
#9214=DIRECTION('',(0.,0.,1.));
#9215=DIRECTION('',(1.,0.,0.));
#9216=DIRECTION('',(0.,0.,1.));
#9217=DIRECTION('',(1.,0.,0.));
#9218=DIRECTION('',(0.,0.,1.));
#9219=DIRECTION('',(0.905642190257771,-0.424042713915836,0.));
#9220=DIRECTION('',(0.424042713915836,0.905642190257771,0.));
#9221=DIRECTION('',(0.424042713915836,0.905642190257771,0.));
#9222=DIRECTION('',(0.424042713915836,0.905642190257771,0.));
#9223=DIRECTION('',(0.,0.,1.));
#9224=DIRECTION('',(0.,0.,1.));
#9225=DIRECTION('',(1.,0.,0.));
#9226=DIRECTION('',(0.,0.,1.));
#9227=DIRECTION('',(1.,0.,0.));
#9228=DIRECTION('',(0.,0.,1.));
#9229=DIRECTION('',(1.,0.,0.));
#9230=DIRECTION('',(0.,0.,1.));
#9231=DIRECTION('',(0.,0.,1.));
#9232=DIRECTION('',(1.,0.,0.));
#9233=DIRECTION('',(0.,0.,1.));
#9234=DIRECTION('',(1.,0.,0.));
#9235=DIRECTION('',(0.,0.,1.));
#9236=DIRECTION('',(1.,0.,0.));
#9237=DIRECTION('',(0.,0.,1.));
#9238=DIRECTION('',(0.,0.,1.));
#9239=DIRECTION('',(1.,0.,0.));
#9240=DIRECTION('',(0.,0.,1.));
#9241=DIRECTION('',(1.,0.,0.));
#9242=DIRECTION('',(0.,0.,1.));
#9243=DIRECTION('',(1.,0.,0.));
#9244=DIRECTION('',(0.,0.,1.));
#9245=DIRECTION('',(-0.953242976560342,-0.302204943107123,0.));
#9246=DIRECTION('',(0.302204943107123,-0.953242976560342,0.));
#9247=DIRECTION('',(0.302204943107123,-0.953242976560342,0.));
#9248=DIRECTION('',(0.302204943107123,-0.953242976560342,0.));
#9249=DIRECTION('',(0.,0.,1.));
#9250=DIRECTION('',(0.,0.,1.));
#9251=DIRECTION('',(1.,0.,0.));
#9252=DIRECTION('',(0.,0.,1.));
#9253=DIRECTION('',(1.,0.,0.));
#9254=DIRECTION('',(0.,0.,1.));
#9255=DIRECTION('',(1.,0.,0.));
#9256=DIRECTION('',(0.,0.,1.));
#9257=DIRECTION('',(0.,0.,1.));
#9258=DIRECTION('',(1.,0.,0.));
#9259=DIRECTION('',(0.,0.,1.));
#9260=DIRECTION('',(1.,0.,0.));
#9261=DIRECTION('',(0.,0.,1.));
#9262=DIRECTION('',(1.,0.,0.));
#9263=DIRECTION('',(0.,0.,1.));
#9264=DIRECTION('',(0.,0.,1.));
#9265=DIRECTION('',(1.,0.,0.));
#9266=DIRECTION('',(0.,0.,1.));
#9267=DIRECTION('',(1.,0.,0.));
#9268=DIRECTION('',(0.,0.,1.));
#9269=DIRECTION('',(1.,0.,0.));
#9270=DIRECTION('',(0.,0.,1.));
#9271=DIRECTION('',(0.953242976560295,-0.30220494310727,0.));
#9272=DIRECTION('',(0.30220494310727,0.953242976560295,0.));
#9273=DIRECTION('',(0.30220494310727,0.953242976560295,0.));
#9274=DIRECTION('',(0.30220494310727,0.953242976560295,0.));
#9275=DIRECTION('',(0.,0.,1.));
#9276=DIRECTION('',(0.,0.,1.));
#9277=DIRECTION('',(1.,0.,0.));
#9278=DIRECTION('',(0.,0.,1.));
#9279=DIRECTION('',(1.,0.,0.));
#9280=DIRECTION('',(0.,0.,1.));
#9281=DIRECTION('',(1.,0.,0.));
#9282=DIRECTION('',(0.,0.,1.));
#9283=DIRECTION('',(0.,0.,1.));
#9284=DIRECTION('',(1.,0.,0.));
#9285=DIRECTION('',(0.,0.,1.));
#9286=DIRECTION('',(1.,0.,0.));
#9287=DIRECTION('',(0.,0.,1.));
#9288=DIRECTION('',(1.,0.,0.));
#9289=DIRECTION('',(0.,0.,1.));
#9290=DIRECTION('',(0.,0.,1.));
#9291=DIRECTION('',(1.,0.,0.));
#9292=DIRECTION('',(0.,0.,1.));
#9293=DIRECTION('',(1.,0.,0.));
#9294=DIRECTION('',(0.,0.,1.));
#9295=DIRECTION('',(1.,0.,0.));
#9296=DIRECTION('',(0.,0.,1.));
#9297=DIRECTION('',(-0.905642190257709,-0.424042713915967,0.));
#9298=DIRECTION('',(0.424042713915967,-0.905642190257709,0.));
#9299=DIRECTION('',(0.424042713915967,-0.905642190257709,0.));
#9300=DIRECTION('',(0.424042713915967,-0.905642190257709,0.));
#9301=DIRECTION('',(0.,0.,1.));
#9302=DIRECTION('',(0.,0.,1.));
#9303=DIRECTION('',(1.,0.,0.));
#9304=DIRECTION('',(0.,0.,1.));
#9305=DIRECTION('',(1.,0.,0.));
#9306=DIRECTION('',(0.,0.,1.));
#9307=DIRECTION('',(1.,0.,0.));
#9308=DIRECTION('',(0.,0.,1.));
#9309=DIRECTION('',(0.,0.,1.));
#9310=DIRECTION('',(1.,0.,0.));
#9311=DIRECTION('',(0.,0.,1.));
#9312=DIRECTION('',(1.,0.,0.));
#9313=DIRECTION('',(0.,0.,1.));
#9314=DIRECTION('',(1.,0.,0.));
#9315=DIRECTION('',(0.,0.,1.));
#9316=DIRECTION('',(0.,0.,1.));
#9317=DIRECTION('',(1.,0.,0.));
#9318=DIRECTION('',(0.,0.,1.));
#9319=DIRECTION('',(1.,0.,0.));
#9320=DIRECTION('',(0.,0.,1.));
#9321=DIRECTION('',(1.,0.,0.));
#9322=DIRECTION('',(0.,0.,1.));
#9323=DIRECTION('',(0.984533511245266,-0.175196361934452,0.));
#9324=DIRECTION('',(0.175196361934452,0.984533511245266,0.));
#9325=DIRECTION('',(0.175196361934452,0.984533511245266,0.));
#9326=DIRECTION('',(0.175196361934452,0.984533511245266,0.));
#9327=DIRECTION('',(0.,0.,1.));
#9328=DIRECTION('',(0.,0.,1.));
#9329=DIRECTION('',(1.,0.,0.));
#9330=DIRECTION('',(0.,0.,1.));
#9331=DIRECTION('',(1.,0.,0.));
#9332=DIRECTION('',(0.,0.,1.));
#9333=DIRECTION('',(1.,0.,0.));
#9334=DIRECTION('',(0.,0.,1.));
#9335=DIRECTION('',(0.,0.,1.));
#9336=DIRECTION('',(1.,0.,0.));
#9337=DIRECTION('',(0.,0.,1.));
#9338=DIRECTION('',(1.,0.,0.));
#9339=DIRECTION('',(0.,0.,1.));
#9340=DIRECTION('',(1.,0.,0.));
#9341=DIRECTION('',(0.,0.,1.));
#9342=DIRECTION('',(0.,0.,1.));
#9343=DIRECTION('',(1.,0.,0.));
#9344=DIRECTION('',(0.,0.,1.));
#9345=DIRECTION('',(1.,0.,0.));
#9346=DIRECTION('',(0.,0.,1.));
#9347=DIRECTION('',(1.,0.,0.));
#9348=DIRECTION('',(0.,0.,1.));
#9349=DIRECTION('',(-0.842545614987746,-0.5386249963239,0.));
#9350=DIRECTION('',(0.5386249963239,-0.842545614987746,0.));
#9351=DIRECTION('',(0.5386249963239,-0.842545614987746,0.));
#9352=DIRECTION('',(0.5386249963239,-0.842545614987746,0.));
#9353=DIRECTION('',(0.,0.,1.));
#9354=DIRECTION('',(0.,0.,1.));
#9355=DIRECTION('',(1.,0.,0.));
#9356=DIRECTION('',(0.,0.,1.));
#9357=DIRECTION('',(1.,0.,0.));
#9358=DIRECTION('',(0.,0.,1.));
#9359=DIRECTION('',(1.,0.,0.));
#9360=DIRECTION('',(0.,0.,1.));
#9361=DIRECTION('',(0.,0.,1.));
#9362=DIRECTION('',(1.,0.,0.));
#9363=DIRECTION('',(0.,0.,1.));
#9364=DIRECTION('',(1.,0.,0.));
#9365=DIRECTION('',(0.,0.,1.));
#9366=DIRECTION('',(1.,0.,0.));
#9367=DIRECTION('',(0.,0.,1.));
#9368=DIRECTION('',(0.,0.,1.));
#9369=DIRECTION('',(1.,0.,0.));
#9370=DIRECTION('',(0.,0.,1.));
#9371=DIRECTION('',(1.,0.,0.));
#9372=DIRECTION('',(0.,0.,1.));
#9373=DIRECTION('',(1.,0.,0.));
#9374=DIRECTION('',(0.,0.,1.));
#9375=DIRECTION('',(0.998978404588549,-0.0451901224352999,0.));
#9376=DIRECTION('',(0.0451901224353,0.998978404588549,0.));
#9377=DIRECTION('',(0.0451901224353,0.998978404588549,0.));
#9378=DIRECTION('',(0.0451901224353,0.998978404588549,0.));
#9379=DIRECTION('',(0.,0.,1.));
#9380=DIRECTION('',(0.,0.,1.));
#9381=DIRECTION('',(1.,0.,0.));
#9382=DIRECTION('',(0.,0.,1.));
#9383=DIRECTION('',(1.,0.,0.));
#9384=DIRECTION('',(0.,0.,1.));
#9385=DIRECTION('',(1.,0.,0.));
#9386=DIRECTION('',(0.,0.,1.));
#9387=DIRECTION('',(0.,0.,1.));
#9388=DIRECTION('',(1.,0.,0.));
#9389=DIRECTION('',(0.,0.,1.));
#9390=DIRECTION('',(1.,0.,0.));
#9391=DIRECTION('',(0.,0.,1.));
#9392=DIRECTION('',(1.,0.,0.));
#9393=DIRECTION('',(0.,0.,1.));
#9394=DIRECTION('',(0.,0.,1.));
#9395=DIRECTION('',(1.,0.,0.));
#9396=DIRECTION('',(0.,0.,1.));
#9397=DIRECTION('',(1.,0.,0.));
#9398=DIRECTION('',(0.,0.,1.));
#9399=DIRECTION('',(1.,0.,0.));
#9400=DIRECTION('',(0.,0.,1.));
#9401=DIRECTION('',(-0.765032850648446,-0.643991255708268,0.));
#9402=DIRECTION('',(0.643991255708268,-0.765032850648446,0.));
#9403=DIRECTION('',(0.643991255708268,-0.765032850648446,0.));
#9404=DIRECTION('',(0.643991255708268,-0.765032850648446,0.));
#9405=DIRECTION('',(0.,0.,1.));
#9406=DIRECTION('',(0.,0.,1.));
#9407=DIRECTION('',(1.,0.,0.));
#9408=DIRECTION('',(0.,0.,1.));
#9409=DIRECTION('',(1.,0.,0.));
#9410=DIRECTION('',(0.,0.,1.));
#9411=DIRECTION('',(1.,0.,0.));
#9412=DIRECTION('',(0.,0.,1.));
#9413=DIRECTION('',(0.,0.,1.));
#9414=DIRECTION('',(1.,0.,0.));
#9415=DIRECTION('',(0.,0.,1.));
#9416=DIRECTION('',(1.,0.,0.));
#9417=DIRECTION('',(0.,0.,1.));
#9418=DIRECTION('',(1.,0.,0.));
#9419=DIRECTION('',(0.,0.,1.));
#9420=DIRECTION('',(0.,0.,1.));
#9421=DIRECTION('',(1.,0.,0.));
#9422=DIRECTION('',(0.,0.,1.));
#9423=DIRECTION('',(1.,0.,0.));
#9424=DIRECTION('',(0.,0.,1.));
#9425=DIRECTION('',(1.,0.,0.));
#9426=DIRECTION('',(0.,0.,1.));
#9427=DIRECTION('',(0.996330500460158,0.0855893325877213,0.));
#9428=DIRECTION('',(-0.0855893325877213,0.996330500460158,0.));
#9429=DIRECTION('',(-0.0855893325877213,0.996330500460158,0.));
#9430=DIRECTION('',(-0.0855893325877213,0.996330500460158,0.));
#9431=DIRECTION('',(0.,0.,1.));
#9432=DIRECTION('',(0.,0.,1.));
#9433=DIRECTION('',(1.,0.,0.));
#9434=DIRECTION('',(0.,0.,1.));
#9435=DIRECTION('',(1.,0.,0.));
#9436=DIRECTION('',(0.,0.,1.));
#9437=DIRECTION('',(1.,0.,0.));
#9438=DIRECTION('',(0.,0.,1.));
#9439=DIRECTION('',(0.,0.,1.));
#9440=DIRECTION('',(1.,0.,0.));
#9441=DIRECTION('',(0.,0.,1.));
#9442=DIRECTION('',(1.,0.,0.));
#9443=DIRECTION('',(0.,0.,1.));
#9444=DIRECTION('',(1.,0.,0.));
#9445=DIRECTION('',(0.,0.,1.));
#9446=DIRECTION('',(0.,0.,1.));
#9447=DIRECTION('',(1.,0.,0.));
#9448=DIRECTION('',(0.,0.,1.));
#9449=DIRECTION('',(1.,0.,0.));
#9450=DIRECTION('',(0.,0.,1.));
#9451=DIRECTION('',(1.,0.,0.));
#9452=DIRECTION('',(0.,0.,1.));
#9453=DIRECTION('',(-0.674430162127393,-0.738338646159619,0.));
#9454=DIRECTION('',(0.738338646159619,-0.674430162127393,0.));
#9455=DIRECTION('',(0.738338646159619,-0.674430162127393,0.));
#9456=DIRECTION('',(0.738338646159619,-0.674430162127393,0.));
#9457=DIRECTION('',(0.,0.,1.));
#9458=DIRECTION('',(0.,0.,1.));
#9459=DIRECTION('',(1.,0.,0.));
#9460=DIRECTION('',(0.,0.,1.));
#9461=DIRECTION('',(1.,0.,0.));
#9462=DIRECTION('',(0.,0.,1.));
#9463=DIRECTION('',(1.,0.,0.));
#9464=DIRECTION('',(0.,0.,1.));
#9465=DIRECTION('',(0.,0.,1.));
#9466=DIRECTION('',(1.,0.,0.));
#9467=DIRECTION('',(0.,0.,1.));
#9468=DIRECTION('',(1.,0.,0.));
#9469=DIRECTION('',(0.,0.,1.));
#9470=DIRECTION('',(1.,0.,0.));
#9471=DIRECTION('',(0.,0.,1.));
#9472=DIRECTION('',(0.,0.,1.));
#9473=DIRECTION('',(1.,0.,0.));
#9474=DIRECTION('',(0.,0.,1.));
#9475=DIRECTION('',(1.,0.,0.));
#9476=DIRECTION('',(0.,0.,1.));
#9477=DIRECTION('',(1.,0.,0.));
#9478=DIRECTION('',(0.,0.,1.));
#9479=DIRECTION('',(0.976635105233955,0.214904330399977,0.));
#9480=DIRECTION('',(-0.214904330399977,0.976635105233955,0.));
#9481=DIRECTION('',(-0.214904330399977,0.976635105233955,0.));
#9482=DIRECTION('',(-0.214904330399977,0.976635105233955,0.));
#9483=DIRECTION('',(0.,0.,1.));
#9484=DIRECTION('',(0.,0.,1.));
#9485=DIRECTION('',(1.,0.,0.));
#9486=DIRECTION('',(0.,0.,1.));
#9487=DIRECTION('',(1.,0.,0.));
#9488=DIRECTION('',(0.,0.,1.));
#9489=DIRECTION('',(1.,0.,0.));
#9490=DIRECTION('',(0.,0.,1.));
#9491=DIRECTION('',(0.,0.,1.));
#9492=DIRECTION('',(1.,0.,0.));
#9493=DIRECTION('',(0.,0.,1.));
#9494=DIRECTION('',(1.,0.,0.));
#9495=DIRECTION('',(0.,0.,1.));
#9496=DIRECTION('',(1.,0.,0.));
#9497=DIRECTION('',(0.,0.,1.));
#9498=DIRECTION('',(0.,0.,1.));
#9499=DIRECTION('',(1.,0.,0.));
#9500=DIRECTION('',(0.,0.,1.));
#9501=DIRECTION('',(1.,0.,0.));
#9502=DIRECTION('',(0.,0.,1.));
#9503=DIRECTION('',(1.,0.,0.));
#9504=DIRECTION('',(0.,0.,1.));
#9505=DIRECTION('',(-0.572287786543781,-0.820052857670053,0.));
#9506=DIRECTION('',(0.820052857670053,-0.572287786543781,0.));
#9507=DIRECTION('',(0.820052857670053,-0.572287786543781,0.));
#9508=DIRECTION('',(0.820052857670053,-0.572287786543781,0.));
#9509=DIRECTION('',(0.,0.,1.));
#9510=DIRECTION('',(0.,0.,1.));
#9511=DIRECTION('',(1.,0.,0.));
#9512=DIRECTION('',(0.,0.,1.));
#9513=DIRECTION('',(1.,0.,0.));
#9514=DIRECTION('',(0.,0.,1.));
#9515=DIRECTION('',(1.,0.,0.));
#9516=DIRECTION('',(0.,0.,1.));
#9517=DIRECTION('',(0.,0.,1.));
#9518=DIRECTION('',(1.,0.,0.));
#9519=DIRECTION('',(0.,0.,1.));
#9520=DIRECTION('',(1.,0.,0.));
#9521=DIRECTION('',(0.,0.,1.));
#9522=DIRECTION('',(1.,0.,0.));
#9523=DIRECTION('',(0.,0.,1.));
#9524=DIRECTION('',(0.,0.,1.));
#9525=DIRECTION('',(1.,0.,0.));
#9526=DIRECTION('',(0.,0.,1.));
#9527=DIRECTION('',(1.,0.,0.));
#9528=DIRECTION('',(0.,0.,1.));
#9529=DIRECTION('',(1.,0.,0.));
#9530=DIRECTION('',(0.,0.,1.));
#9531=DIRECTION('',(0.940229212582777,0.340542255536624,0.));
#9532=DIRECTION('',(-0.340542255536624,0.940229212582777,0.));
#9533=DIRECTION('',(-0.340542255536624,0.940229212582777,0.));
#9534=DIRECTION('',(-0.340542255536624,0.940229212582777,0.));
#9535=DIRECTION('',(0.,0.,1.));
#9536=DIRECTION('',(0.,0.,1.));
#9537=DIRECTION('',(1.,0.,0.));
#9538=DIRECTION('',(0.,0.,1.));
#9539=DIRECTION('',(1.,0.,0.));
#9540=DIRECTION('',(0.,0.,1.));
#9541=DIRECTION('',(1.,0.,0.));
#9542=DIRECTION('',(0.,0.,1.));
#9543=DIRECTION('',(0.,0.,1.));
#9544=DIRECTION('',(1.,0.,0.));
#9545=DIRECTION('',(0.,0.,1.));
#9546=DIRECTION('',(1.,0.,0.));
#9547=DIRECTION('',(0.,0.,1.));
#9548=DIRECTION('',(1.,0.,0.));
#9549=DIRECTION('',(0.,0.,1.));
#9550=DIRECTION('',(0.,0.,1.));
#9551=DIRECTION('',(1.,0.,0.));
#9552=DIRECTION('',(0.,0.,1.));
#9553=DIRECTION('',(1.,0.,0.));
#9554=DIRECTION('',(0.,0.,1.));
#9555=DIRECTION('',(1.,0.,0.));
#9556=DIRECTION('',(0.,0.,1.));
#9557=DIRECTION('',(-0.460353408265981,-0.887735737422965,0.));
#9558=DIRECTION('',(0.887735737422965,-0.460353408265981,0.));
#9559=DIRECTION('',(0.887735737422965,-0.460353408265981,0.));
#9560=DIRECTION('',(0.887735737422965,-0.460353408265981,0.));
#9561=DIRECTION('',(0.,0.,1.));
#9562=DIRECTION('',(0.,0.,1.));
#9563=DIRECTION('',(1.,0.,0.));
#9564=DIRECTION('',(0.,0.,1.));
#9565=DIRECTION('',(1.,0.,0.));
#9566=DIRECTION('',(0.,0.,1.));
#9567=DIRECTION('',(1.,0.,0.));
#9568=DIRECTION('',(0.,0.,1.));
#9569=DIRECTION('',(0.,0.,1.));
#9570=DIRECTION('',(1.,0.,0.));
#9571=DIRECTION('',(0.,0.,1.));
#9572=DIRECTION('',(1.,0.,0.));
#9573=DIRECTION('',(0.,0.,1.));
#9574=DIRECTION('',(1.,0.,0.));
#9575=DIRECTION('',(0.,0.,1.));
#9576=DIRECTION('',(0.,0.,1.));
#9577=DIRECTION('',(1.,0.,0.));
#9578=DIRECTION('',(0.,0.,1.));
#9579=DIRECTION('',(1.,0.,0.));
#9580=DIRECTION('',(0.,0.,1.));
#9581=DIRECTION('',(1.,0.,0.));
#9582=DIRECTION('',(0.,0.,1.));
#9583=DIRECTION('',(0.887735737423545,0.460353408264862,0.));
#9584=DIRECTION('',(-0.460353408264862,0.887735737423545,0.));
#9585=DIRECTION('',(-0.460353408264862,0.887735737423545,0.));
#9586=DIRECTION('',(-0.460353408264862,0.887735737423545,0.));
#9587=DIRECTION('',(0.,0.,1.));
#9588=DIRECTION('',(0.,0.,1.));
#9589=DIRECTION('',(1.,0.,0.));
#9590=DIRECTION('',(0.,0.,1.));
#9591=DIRECTION('',(1.,0.,0.));
#9592=DIRECTION('',(0.,0.,1.));
#9593=DIRECTION('',(1.,0.,0.));
#9594=DIRECTION('',(0.,0.,1.));
#9595=DIRECTION('',(0.,0.,1.));
#9596=DIRECTION('',(1.,0.,0.));
#9597=DIRECTION('',(0.,0.,1.));
#9598=DIRECTION('',(1.,0.,0.));
#9599=DIRECTION('',(0.,0.,1.));
#9600=DIRECTION('',(1.,0.,0.));
#9601=DIRECTION('',(0.,0.,1.));
#9602=DIRECTION('',(0.,0.,1.));
#9603=DIRECTION('',(1.,0.,0.));
#9604=DIRECTION('',(0.,0.,1.));
#9605=DIRECTION('',(1.,0.,0.));
#9606=DIRECTION('',(0.,0.,1.));
#9607=DIRECTION('',(1.,0.,0.));
#9608=DIRECTION('',(0.,0.,1.));
#9609=DIRECTION('',(-0.340542255536861,-0.940229212582691,0.));
#9610=DIRECTION('',(0.940229212582691,-0.340542255536861,0.));
#9611=DIRECTION('',(0.940229212582691,-0.340542255536861,0.));
#9612=DIRECTION('',(0.940229212582691,-0.340542255536861,0.));
#9613=DIRECTION('',(0.,0.,1.));
#9614=DIRECTION('',(0.,0.,1.));
#9615=DIRECTION('',(1.,0.,0.));
#9616=DIRECTION('',(0.,0.,1.));
#9617=DIRECTION('',(1.,0.,0.));
#9618=DIRECTION('',(0.,0.,1.));
#9619=DIRECTION('',(1.,0.,0.));
#9620=DIRECTION('',(0.,0.,1.));
#9621=DIRECTION('',(0.,0.,1.));
#9622=DIRECTION('',(1.,0.,0.));
#9623=DIRECTION('',(0.,0.,1.));
#9624=DIRECTION('',(1.,0.,0.));
#9625=DIRECTION('',(0.,0.,1.));
#9626=DIRECTION('',(1.,0.,0.));
#9627=DIRECTION('',(0.,0.,1.));
#9628=DIRECTION('',(0.,0.,1.));
#9629=DIRECTION('',(1.,0.,0.));
#9630=DIRECTION('',(0.,0.,1.));
#9631=DIRECTION('',(1.,0.,0.));
#9632=DIRECTION('',(0.,0.,1.));
#9633=DIRECTION('',(1.,0.,0.));
#9634=DIRECTION('',(0.,0.,1.));
#9635=DIRECTION('',(0.820052857669805,0.572287786544135,0.));
#9636=DIRECTION('',(-0.572287786544135,0.820052857669806,0.));
#9637=DIRECTION('',(-0.572287786544135,0.820052857669805,0.));
#9638=DIRECTION('',(-0.572287786544135,0.820052857669805,0.));
#9639=DIRECTION('',(0.,0.,1.));
#9640=DIRECTION('',(0.,0.,1.));
#9641=DIRECTION('',(1.,0.,0.));
#9642=DIRECTION('',(0.,0.,1.));
#9643=DIRECTION('',(1.,0.,0.));
#9644=DIRECTION('',(0.,0.,1.));
#9645=DIRECTION('',(1.,0.,0.));
#9646=DIRECTION('',(0.,0.,1.));
#9647=DIRECTION('',(0.,0.,1.));
#9648=DIRECTION('',(1.,0.,0.));
#9649=DIRECTION('',(0.,0.,1.));
#9650=DIRECTION('',(1.,0.,0.));
#9651=DIRECTION('',(0.,0.,1.));
#9652=DIRECTION('',(1.,0.,0.));
#9653=DIRECTION('',(0.,0.,1.));
#9654=DIRECTION('',(0.,0.,1.));
#9655=DIRECTION('',(1.,0.,0.));
#9656=DIRECTION('',(0.,0.,1.));
#9657=DIRECTION('',(1.,0.,0.));
#9658=DIRECTION('',(0.,0.,1.));
#9659=DIRECTION('',(1.,0.,0.));
#9660=DIRECTION('',(0.,0.,1.));
#9661=DIRECTION('',(-0.214904330400597,-0.976635105233818,0.));
#9662=DIRECTION('',(0.976635105233818,-0.214904330400597,0.));
#9663=DIRECTION('',(0.976635105233818,-0.214904330400597,0.));
#9664=DIRECTION('',(0.976635105233818,-0.214904330400597,0.));
#9665=DIRECTION('',(0.,0.,1.));
#9666=DIRECTION('',(0.,0.,1.));
#9667=DIRECTION('',(1.,0.,0.));
#9668=DIRECTION('',(0.,0.,1.));
#9669=DIRECTION('',(1.,0.,0.));
#9670=DIRECTION('',(0.,0.,1.));
#9671=DIRECTION('',(1.,0.,0.));
#9672=DIRECTION('',(0.,0.,1.));
#9673=DIRECTION('',(0.,0.,1.));
#9674=DIRECTION('',(1.,0.,0.));
#9675=DIRECTION('',(0.,0.,1.));
#9676=DIRECTION('',(1.,0.,0.));
#9677=DIRECTION('',(0.,0.,1.));
#9678=DIRECTION('',(1.,0.,0.));
#9679=DIRECTION('',(0.,0.,1.));
#9680=DIRECTION('',(0.,0.,1.));
#9681=DIRECTION('',(1.,0.,0.));
#9682=DIRECTION('',(0.,0.,1.));
#9683=DIRECTION('',(1.,0.,0.));
#9684=DIRECTION('',(0.,0.,1.));
#9685=DIRECTION('',(1.,0.,0.));
#9686=DIRECTION('',(0.,0.,1.));
#9687=DIRECTION('',(0.73833864616048,0.67443016212645,0.));
#9688=DIRECTION('',(-0.67443016212645,0.73833864616048,0.));
#9689=DIRECTION('',(-0.67443016212645,0.73833864616048,0.));
#9690=DIRECTION('',(-0.67443016212645,0.73833864616048,0.));
#9691=DIRECTION('',(0.,0.,1.));
#9692=DIRECTION('',(0.,0.,1.));
#9693=DIRECTION('',(1.,0.,0.));
#9694=DIRECTION('',(0.,0.,1.));
#9695=DIRECTION('',(1.,0.,0.));
#9696=DIRECTION('',(0.,0.,1.));
#9697=DIRECTION('',(1.,0.,0.));
#9698=DIRECTION('',(0.,0.,1.));
#9699=DIRECTION('',(0.,0.,1.));
#9700=DIRECTION('',(1.,0.,0.));
#9701=DIRECTION('',(0.,0.,1.));
#9702=DIRECTION('',(1.,0.,0.));
#9703=DIRECTION('',(0.,0.,1.));
#9704=DIRECTION('',(1.,0.,0.));
#9705=DIRECTION('',(0.,0.,1.));
#9706=DIRECTION('',(0.,0.,1.));
#9707=DIRECTION('',(1.,0.,0.));
#9708=DIRECTION('',(0.,0.,1.));
#9709=DIRECTION('',(1.,0.,0.));
#9710=DIRECTION('',(0.,0.,1.));
#9711=DIRECTION('',(1.,0.,0.));
#9712=DIRECTION('',(0.,0.,1.));
#9713=DIRECTION('',(-0.0855893325870537,-0.996330500460215,0.));
#9714=DIRECTION('',(0.996330500460215,-0.0855893325870537,0.));
#9715=DIRECTION('',(0.996330500460215,-0.0855893325870537,0.));
#9716=DIRECTION('',(0.996330500460215,-0.0855893325870537,0.));
#9717=DIRECTION('',(0.,0.,1.));
#9718=DIRECTION('',(0.,0.,1.));
#9719=DIRECTION('',(1.,0.,0.));
#9720=DIRECTION('',(0.,0.,1.));
#9721=DIRECTION('',(1.,0.,0.));
#9722=DIRECTION('',(0.,0.,1.));
#9723=DIRECTION('',(1.,0.,0.));
#9724=DIRECTION('',(0.,0.,1.));
#9725=DIRECTION('',(0.,0.,1.));
#9726=DIRECTION('',(1.,0.,0.));
#9727=DIRECTION('',(0.,0.,1.));
#9728=DIRECTION('',(1.,0.,0.));
#9729=DIRECTION('',(0.,0.,1.));
#9730=DIRECTION('',(1.,0.,0.));
#9731=DIRECTION('',(0.,0.,1.));
#9732=DIRECTION('',(0.,0.,1.));
#9733=DIRECTION('',(1.,0.,0.));
#9734=DIRECTION('',(0.,0.,1.));
#9735=DIRECTION('',(1.,0.,0.));
#9736=DIRECTION('',(0.,0.,1.));
#9737=DIRECTION('',(1.,0.,0.));
#9738=DIRECTION('',(0.,0.,1.));
#9739=DIRECTION('',(0.643991255708916,0.765032850647901,0.));
#9740=DIRECTION('',(-0.765032850647901,0.643991255708916,0.));
#9741=DIRECTION('',(-0.765032850647901,0.643991255708916,0.));
#9742=DIRECTION('',(-0.765032850647901,0.643991255708916,0.));
#9743=DIRECTION('',(0.,0.,1.));
#9744=DIRECTION('',(0.,0.,1.));
#9745=DIRECTION('',(1.,0.,0.));
#9746=DIRECTION('',(0.,0.,1.));
#9747=DIRECTION('',(1.,0.,0.));
#9748=DIRECTION('',(0.,0.,1.));
#9749=DIRECTION('',(1.,0.,0.));
#9750=DIRECTION('',(0.,0.,1.));
#9751=DIRECTION('',(0.,0.,1.));
#9752=DIRECTION('',(1.,0.,0.));
#9753=DIRECTION('',(0.,0.,1.));
#9754=DIRECTION('',(1.,0.,0.));
#9755=DIRECTION('',(0.,0.,1.));
#9756=DIRECTION('',(1.,0.,0.));
#9757=DIRECTION('',(0.,0.,1.));
#9758=DIRECTION('',(0.,0.,1.));
#9759=DIRECTION('',(1.,0.,0.));
#9760=DIRECTION('',(0.,0.,1.));
#9761=DIRECTION('',(1.,0.,0.));
#9762=DIRECTION('',(0.,0.,1.));
#9763=DIRECTION('',(1.,0.,0.));
#9764=DIRECTION('',(0.,0.,1.));
#9765=DIRECTION('',(0.0451901224354412,-0.998978404588543,0.));
#9766=DIRECTION('',(0.998978404588543,0.0451901224354412,0.));
#9767=DIRECTION('',(0.998978404588543,0.0451901224354411,0.));
#9768=DIRECTION('',(0.998978404588543,0.0451901224354411,0.));
#9769=DIRECTION('',(0.,0.,1.));
#9770=DIRECTION('',(0.,0.,1.));
#9771=DIRECTION('',(1.,0.,0.));
#9772=DIRECTION('',(0.,0.,1.));
#9773=DIRECTION('',(1.,0.,0.));
#9774=DIRECTION('',(0.,0.,1.));
#9775=DIRECTION('',(1.,0.,0.));
#9776=DIRECTION('',(0.,0.,1.));
#9777=DIRECTION('',(0.,0.,1.));
#9778=DIRECTION('',(1.,0.,0.));
#9779=DIRECTION('',(0.,0.,1.));
#9780=DIRECTION('',(1.,0.,0.));
#9781=DIRECTION('',(0.,0.,1.));
#9782=DIRECTION('',(1.,0.,0.));
#9783=DIRECTION('',(0.,0.,1.));
#9784=DIRECTION('',(0.,0.,1.));
#9785=DIRECTION('',(1.,0.,0.));
#9786=DIRECTION('',(0.,0.,1.));
#9787=DIRECTION('',(1.,0.,0.));
#9788=DIRECTION('',(0.,0.,1.));
#9789=DIRECTION('',(1.,0.,0.));
#9790=DIRECTION('',(0.,0.,1.));
#9791=DIRECTION('',(0.538624996323768,0.84254561498783,0.));
#9792=DIRECTION('',(-0.84254561498783,0.538624996323768,0.));
#9793=DIRECTION('',(-0.84254561498783,0.538624996323768,0.));
#9794=DIRECTION('',(-0.84254561498783,0.538624996323768,0.));
#9795=DIRECTION('',(0.,0.,1.));
#9796=DIRECTION('',(0.,0.,1.));
#9797=DIRECTION('',(1.,0.,0.));
#9798=DIRECTION('',(0.,0.,1.));
#9799=DIRECTION('',(1.,0.,0.));
#9800=DIRECTION('',(0.,0.,1.));
#9801=DIRECTION('',(1.,0.,0.));
#9802=DIRECTION('',(0.,0.,1.));
#9803=DIRECTION('',(0.,0.,1.));
#9804=DIRECTION('',(1.,0.,0.));
#9805=DIRECTION('',(0.,0.,1.));
#9806=DIRECTION('',(1.,0.,0.));
#9807=DIRECTION('',(0.,0.,1.));
#9808=DIRECTION('',(1.,0.,0.));
#9809=DIRECTION('',(0.,0.,1.));
#9810=DIRECTION('',(0.,0.,1.));
#9811=DIRECTION('',(1.,0.,0.));
#9812=DIRECTION('',(0.,0.,1.));
#9813=DIRECTION('',(1.,0.,0.));
#9814=DIRECTION('',(0.,0.,1.));
#9815=DIRECTION('',(1.,0.,0.));
#9816=DIRECTION('',(0.,0.,1.));
#9817=DIRECTION('',(0.175196361933524,-0.984533511245431,0.));
#9818=DIRECTION('',(0.984533511245431,0.175196361933524,0.));
#9819=DIRECTION('',(0.984533511245431,0.175196361933524,0.));
#9820=DIRECTION('',(0.984533511245431,0.175196361933524,0.));
#9821=DIRECTION('',(0.,0.,1.));
#9822=DIRECTION('',(0.,0.,1.));
#9823=DIRECTION('',(1.,0.,0.));
#9824=DIRECTION('',(0.,0.,1.));
#9825=DIRECTION('',(1.,0.,0.));
#9826=DIRECTION('',(0.,0.,1.));
#9827=DIRECTION('',(1.,0.,0.));
#9828=DIRECTION('',(0.,0.,1.));
#9829=DIRECTION('',(0.,0.,1.));
#9830=DIRECTION('',(1.,0.,0.));
#9831=DIRECTION('',(0.,0.,1.));
#9832=DIRECTION('',(1.,0.,0.));
#9833=DIRECTION('',(0.,0.,1.));
#9834=DIRECTION('',(1.,0.,0.));
#9835=DIRECTION('',(0.,0.,1.));
#9836=DIRECTION('',(0.,0.,1.));
#9837=DIRECTION('',(1.,0.,0.));
#9838=DIRECTION('',(0.,0.,1.));
#9839=DIRECTION('',(1.,0.,0.));
#9840=DIRECTION('',(0.,0.,1.));
#9841=DIRECTION('',(1.,0.,0.));
#9842=DIRECTION('',(0.,0.,1.));
#9843=DIRECTION('',(0.424042713915799,0.905642190257788,0.));
#9844=DIRECTION('',(-0.905642190257788,0.424042713915799,0.));
#9845=DIRECTION('',(-0.905642190257788,0.424042713915799,0.));
#9846=DIRECTION('',(-0.905642190257788,0.424042713915799,0.));
#9847=DIRECTION('',(0.,0.,1.));
#9848=DIRECTION('',(0.,0.,1.));
#9849=DIRECTION('',(1.,0.,0.));
#9850=DIRECTION('',(0.,0.,1.));
#9851=DIRECTION('',(1.,0.,0.));
#9852=DIRECTION('',(0.,0.,1.));
#9853=DIRECTION('',(1.,0.,0.));
#9854=DIRECTION('',(0.,0.,1.));
#9855=DIRECTION('',(0.,0.,1.));
#9856=DIRECTION('',(1.,0.,0.));
#9857=DIRECTION('',(0.,0.,1.));
#9858=DIRECTION('',(1.,0.,0.));
#9859=DIRECTION('',(0.,0.,1.));
#9860=DIRECTION('',(1.,0.,0.));
#9861=DIRECTION('',(0.,0.,1.));
#9862=DIRECTION('',(0.,0.,1.));
#9863=DIRECTION('',(1.,0.,0.));
#9864=DIRECTION('',(0.,0.,1.));
#9865=DIRECTION('',(1.,0.,0.));
#9866=DIRECTION('',(0.,0.,1.));
#9867=DIRECTION('',(1.,0.,0.));
#9868=DIRECTION('',(0.,0.,1.));
#9869=DIRECTION('',(0.302204943108312,-0.953242976559965,0.));
#9870=DIRECTION('',(0.953242976559965,0.302204943108312,0.));
#9871=DIRECTION('',(0.953242976559965,0.302204943108312,0.));
#9872=DIRECTION('',(0.953242976559965,0.302204943108312,0.));
#9873=DIRECTION('',(0.,0.,1.));
#9874=DIRECTION('',(0.,0.,1.));
#9875=DIRECTION('',(1.,0.,0.));
#9876=DIRECTION('',(0.,0.,1.));
#9877=DIRECTION('',(1.,0.,0.));
#9878=DIRECTION('',(0.,0.,1.));
#9879=DIRECTION('',(1.,0.,0.));
#9880=DIRECTION('',(0.,0.,1.));
#9881=DIRECTION('',(0.,0.,1.));
#9882=DIRECTION('',(1.,0.,0.));
#9883=DIRECTION('',(0.,0.,1.));
#9884=DIRECTION('',(1.,0.,0.));
#9885=DIRECTION('',(0.,0.,1.));
#9886=DIRECTION('',(1.,0.,0.));
#9887=DIRECTION('',(0.,0.,1.));
#9888=DIRECTION('',(0.,0.,1.));
#9889=DIRECTION('',(1.,0.,0.));
#9890=DIRECTION('',(0.,0.,1.));
#9891=DIRECTION('',(1.,0.,0.));
#9892=DIRECTION('',(0.,0.,1.));
#9893=DIRECTION('',(1.,0.,0.));
#9894=DIRECTION('',(0.,0.,1.));
#9895=DIRECTION('',(0.302204943106833,0.953242976560434,0.));
#9896=DIRECTION('',(-0.953242976560434,0.302204943106833,0.));
#9897=DIRECTION('',(-0.953242976560434,0.302204943106833,0.));
#9898=DIRECTION('',(-0.953242976560434,0.302204943106833,0.));
#9899=DIRECTION('',(0.,0.,1.));
#9900=DIRECTION('',(0.,0.,1.));
#9901=DIRECTION('',(1.,0.,0.));
#9902=DIRECTION('',(0.,0.,1.));
#9903=DIRECTION('',(1.,0.,0.));
#9904=DIRECTION('',(0.,0.,1.));
#9905=DIRECTION('',(1.,0.,0.));
#9906=DIRECTION('',(0.,0.,1.));
#9907=DIRECTION('',(0.,0.,1.));
#9908=DIRECTION('',(1.,0.,0.));
#9909=DIRECTION('',(0.,0.,1.));
#9910=DIRECTION('',(1.,0.,0.));
#9911=DIRECTION('',(0.,0.,1.));
#9912=DIRECTION('',(1.,0.,0.));
#9913=DIRECTION('',(0.,0.,1.));
#9914=DIRECTION('',(0.,0.,1.));
#9915=DIRECTION('',(1.,0.,0.));
#9916=DIRECTION('',(0.,0.,1.));
#9917=DIRECTION('',(1.,0.,0.));
#9918=DIRECTION('',(0.,0.,1.));
#9919=DIRECTION('',(1.,0.,0.));
#9920=DIRECTION('',(0.,0.,1.));
#9921=DIRECTION('',(0.424042713915803,-0.905642190257786,0.));
#9922=DIRECTION('',(0.905642190257786,0.424042713915803,0.));
#9923=DIRECTION('',(0.905642190257786,0.424042713915803,0.));
#9924=DIRECTION('',(0.905642190257786,0.424042713915803,0.));
#9925=DIRECTION('',(0.,0.,1.));
#9926=DIRECTION('',(0.,0.,1.));
#9927=DIRECTION('',(1.,0.,0.));
#9928=DIRECTION('',(0.,0.,1.));
#9929=DIRECTION('',(1.,0.,0.));
#9930=DIRECTION('',(0.,0.,1.));
#9931=DIRECTION('',(1.,0.,0.));
#9932=DIRECTION('',(0.,0.,1.));
#9933=DIRECTION('',(0.,0.,1.));
#9934=DIRECTION('',(1.,0.,0.));
#9935=DIRECTION('',(0.,0.,1.));
#9936=DIRECTION('',(1.,0.,0.));
#9937=DIRECTION('',(0.,0.,1.));
#9938=DIRECTION('',(1.,0.,0.));
#9939=DIRECTION('',(0.,0.,1.));
#9940=DIRECTION('',(0.,0.,1.));
#9941=DIRECTION('',(1.,0.,0.));
#9942=DIRECTION('',(0.,0.,1.));
#9943=DIRECTION('',(1.,0.,0.));
#9944=DIRECTION('',(0.,0.,1.));
#9945=DIRECTION('',(1.,0.,0.));
#9946=DIRECTION('',(0.,0.,1.));
#9947=DIRECTION('',(0.175196361935097,0.984533511245151,0.));
#9948=DIRECTION('',(-0.984533511245151,0.175196361935097,0.));
#9949=DIRECTION('',(-0.984533511245151,0.175196361935097,0.));
#9950=DIRECTION('',(-0.984533511245151,0.175196361935097,0.));
#9951=DIRECTION('',(0.,0.,1.));
#9952=DIRECTION('',(0.,0.,1.));
#9953=DIRECTION('',(1.,0.,0.));
#9954=DIRECTION('',(0.,0.,1.));
#9955=DIRECTION('',(1.,0.,0.));
#9956=DIRECTION('',(0.,0.,1.));
#9957=DIRECTION('',(1.,0.,0.));
#9958=DIRECTION('',(0.,0.,1.));
#9959=DIRECTION('',(0.,0.,1.));
#9960=DIRECTION('',(1.,0.,0.));
#9961=DIRECTION('',(0.,0.,1.));
#9962=DIRECTION('',(1.,0.,0.));
#9963=DIRECTION('',(0.,0.,1.));
#9964=DIRECTION('',(1.,0.,0.));
#9965=DIRECTION('',(0.,0.,1.));
#9966=DIRECTION('',(0.,0.,1.));
#9967=DIRECTION('',(1.,0.,0.));
#9968=DIRECTION('',(0.,0.,1.));
#9969=DIRECTION('',(1.,0.,0.));
#9970=DIRECTION('',(0.,0.,1.));
#9971=DIRECTION('',(1.,0.,0.));
#9972=DIRECTION('',(0.,0.,1.));
#9973=DIRECTION('',(0.538624996322614,-0.842545614988568,0.));
#9974=DIRECTION('',(0.842545614988568,0.538624996322614,0.));
#9975=DIRECTION('',(0.842545614988568,0.538624996322614,0.));
#9976=DIRECTION('',(0.842545614988568,0.538624996322614,0.));
#9977=DIRECTION('',(0.,0.,1.));
#9978=DIRECTION('',(0.,0.,1.));
#9979=DIRECTION('',(1.,0.,0.));
#9980=DIRECTION('',(0.,0.,1.));
#9981=DIRECTION('',(1.,0.,0.));
#9982=DIRECTION('',(0.,0.,1.));
#9983=DIRECTION('',(1.,0.,0.));
#9984=DIRECTION('',(0.,0.,1.));
#9985=DIRECTION('',(0.,0.,1.));
#9986=DIRECTION('',(1.,0.,0.));
#9987=DIRECTION('',(0.,0.,1.));
#9988=DIRECTION('',(1.,0.,0.));
#9989=DIRECTION('',(0.,0.,1.));
#9990=DIRECTION('',(1.,0.,0.));
#9991=DIRECTION('',(0.,0.,1.));
#9992=DIRECTION('',(0.,0.,1.));
#9993=DIRECTION('',(1.,0.,0.));
#9994=DIRECTION('',(0.,0.,1.));
#9995=DIRECTION('',(1.,0.,0.));
#9996=DIRECTION('',(0.,0.,1.));
#9997=DIRECTION('',(1.,0.,0.));
#9998=DIRECTION('',(0.,0.,1.));
#9999=DIRECTION('',(0.0451901224338151,0.998978404588616,0.));
#10000=DIRECTION('',(-0.998978404588616,0.0451901224338151,0.));
#10001=DIRECTION('',(-0.998978404588616,0.0451901224338151,0.));
#10002=DIRECTION('',(-0.998978404588616,0.0451901224338151,0.));
#10003=DIRECTION('',(0.,0.,1.));
#10004=DIRECTION('',(0.,0.,1.));
#10005=DIRECTION('',(1.,0.,0.));
#10006=DIRECTION('',(0.,0.,1.));
#10007=DIRECTION('',(1.,0.,0.));
#10008=DIRECTION('',(0.,0.,1.));
#10009=DIRECTION('',(1.,0.,0.));
#10010=DIRECTION('',(0.,0.,1.));
#10011=DIRECTION('',(0.,0.,1.));
#10012=DIRECTION('',(1.,0.,0.));
#10013=DIRECTION('',(0.,0.,1.));
#10014=DIRECTION('',(1.,0.,0.));
#10015=DIRECTION('',(0.,0.,1.));
#10016=DIRECTION('',(1.,0.,0.));
#10017=DIRECTION('',(0.,0.,1.));
#10018=DIRECTION('',(0.,0.,1.));
#10019=DIRECTION('',(1.,0.,0.));
#10020=DIRECTION('',(0.,0.,1.));
#10021=DIRECTION('',(1.,0.,0.));
#10022=DIRECTION('',(0.,0.,1.));
#10023=DIRECTION('',(1.,0.,0.));
#10024=DIRECTION('',(0.,0.,1.));
#10025=DIRECTION('',(0.643991255708917,-0.7650328506479,0.));
#10026=DIRECTION('',(0.765032850647901,0.643991255708917,0.));
#10027=DIRECTION('',(0.7650328506479,0.643991255708917,0.));
#10028=DIRECTION('',(0.7650328506479,0.643991255708917,0.));
#10029=DIRECTION('',(0.,0.,1.));
#10030=DIRECTION('',(0.,0.,1.));
#10031=DIRECTION('',(1.,0.,0.));
#10032=DIRECTION('',(0.,0.,1.));
#10033=DIRECTION('',(1.,0.,0.));
#10034=DIRECTION('',(0.,0.,1.));
#10035=DIRECTION('',(1.,0.,0.));
#10036=DIRECTION('',(0.,0.,1.));
#10037=DIRECTION('',(0.,0.,1.));
#10038=DIRECTION('',(1.,0.,0.));
#10039=DIRECTION('',(0.,0.,1.));
#10040=DIRECTION('',(1.,0.,0.));
#10041=DIRECTION('',(0.,0.,1.));
#10042=DIRECTION('',(1.,0.,0.));
#10043=DIRECTION('',(0.,0.,1.));
#10044=DIRECTION('',(0.,0.,1.));
#10045=DIRECTION('',(1.,0.,0.));
#10046=DIRECTION('',(0.,0.,1.));
#10047=DIRECTION('',(1.,0.,0.));
#10048=DIRECTION('',(0.,0.,1.));
#10049=DIRECTION('',(1.,0.,0.));
#10050=DIRECTION('',(0.,0.,1.));
#10051=DIRECTION('',(-0.0855893325886307,0.99633050046008,0.));
#10052=DIRECTION('',(-0.99633050046008,-0.0855893325886307,0.));
#10053=DIRECTION('',(-0.99633050046008,-0.0855893325886307,0.));
#10054=DIRECTION('',(-0.99633050046008,-0.0855893325886307,0.));
#10055=DIRECTION('',(0.,0.,1.));
#10056=DIRECTION('',(0.,0.,1.));
#10057=DIRECTION('',(1.,0.,0.));
#10058=DIRECTION('',(0.,0.,1.));
#10059=DIRECTION('',(1.,0.,0.));
#10060=DIRECTION('',(0.,0.,1.));
#10061=DIRECTION('',(1.,0.,0.));
#10062=DIRECTION('',(0.,0.,1.));
#10063=DIRECTION('',(0.,0.,1.));
#10064=DIRECTION('',(1.,0.,0.));
#10065=DIRECTION('',(0.,0.,1.));
#10066=DIRECTION('',(1.,0.,0.));
#10067=DIRECTION('',(0.,0.,1.));
#10068=DIRECTION('',(1.,0.,0.));
#10069=DIRECTION('',(0.,0.,1.));
#10070=DIRECTION('',(0.,0.,1.));
#10071=DIRECTION('',(1.,0.,0.));
#10072=DIRECTION('',(0.,0.,1.));
#10073=DIRECTION('',(1.,0.,0.));
#10074=DIRECTION('',(0.,0.,1.));
#10075=DIRECTION('',(1.,0.,0.));
#10076=DIRECTION('',(0.,0.,1.));
#10077=DIRECTION('',(0.738338646160499,-0.674430162126429,0.));
#10078=DIRECTION('',(0.674430162126429,0.738338646160499,0.));
#10079=DIRECTION('',(0.674430162126429,0.738338646160499,0.));
#10080=DIRECTION('',(0.674430162126429,0.738338646160499,0.));
#10081=DIRECTION('',(0.,0.,1.));
#10082=DIRECTION('',(0.,0.,1.));
#10083=DIRECTION('',(1.,0.,0.));
#10084=DIRECTION('',(0.,0.,1.));
#10085=DIRECTION('',(1.,0.,0.));
#10086=DIRECTION('',(0.,0.,1.));
#10087=DIRECTION('',(1.,0.,0.));
#10088=DIRECTION('',(0.,0.,1.));
#10089=DIRECTION('',(0.,0.,1.));
#10090=DIRECTION('',(1.,0.,0.));
#10091=DIRECTION('',(0.,0.,1.));
#10092=DIRECTION('',(1.,0.,0.));
#10093=DIRECTION('',(0.,0.,1.));
#10094=DIRECTION('',(1.,0.,0.));
#10095=DIRECTION('',(0.,0.,1.));
#10096=DIRECTION('',(0.,0.,1.));
#10097=DIRECTION('',(1.,0.,0.));
#10098=DIRECTION('',(0.,0.,1.));
#10099=DIRECTION('',(1.,0.,0.));
#10100=DIRECTION('',(0.,0.,1.));
#10101=DIRECTION('',(1.,0.,0.));
#10102=DIRECTION('',(0.,0.,1.));
#10103=DIRECTION('',(-0.214904330400596,0.976635105233818,0.));
#10104=DIRECTION('',(-0.976635105233818,-0.214904330400596,0.));
#10105=DIRECTION('',(-0.976635105233818,-0.214904330400596,0.));
#10106=DIRECTION('',(-0.976635105233818,-0.214904330400596,0.));
#10107=DIRECTION('',(0.,0.,1.));
#10108=DIRECTION('',(0.,0.,1.));
#10109=DIRECTION('',(1.,0.,0.));
#10110=DIRECTION('',(0.,0.,1.));
#10111=DIRECTION('',(1.,0.,0.));
#10112=DIRECTION('',(0.,0.,1.));
#10113=DIRECTION('',(1.,0.,0.));
#10114=DIRECTION('',(0.,0.,1.));
#10115=DIRECTION('',(0.,0.,1.));
#10116=DIRECTION('',(1.,0.,0.));
#10117=DIRECTION('',(0.,0.,1.));
#10118=DIRECTION('',(1.,0.,0.));
#10119=DIRECTION('',(0.,0.,1.));
#10120=DIRECTION('',(1.,0.,0.));
#10121=DIRECTION('',(0.,0.,1.));
#10122=DIRECTION('',(0.,0.,1.));
#10123=DIRECTION('',(1.,0.,0.));
#10124=DIRECTION('',(0.,0.,1.));
#10125=DIRECTION('',(1.,0.,0.));
#10126=DIRECTION('',(0.,0.,1.));
#10127=DIRECTION('',(1.,0.,0.));
#10128=DIRECTION('',(0.,0.,1.));
#10129=DIRECTION('',(0.820052857670414,-0.572287786543263,0.));
#10130=DIRECTION('',(0.572287786543263,0.820052857670414,0.));
#10131=DIRECTION('',(0.572287786543263,0.820052857670414,0.));
#10132=DIRECTION('',(0.572287786543263,0.820052857670414,0.));
#10133=DIRECTION('',(0.,0.,1.));
#10134=DIRECTION('',(0.,0.,1.));
#10135=DIRECTION('',(1.,0.,0.));
#10136=DIRECTION('',(0.,0.,1.));
#10137=DIRECTION('',(1.,0.,0.));
#10138=DIRECTION('',(0.,0.,1.));
#10139=DIRECTION('',(1.,0.,0.));
#10140=DIRECTION('',(0.,0.,1.));
#10141=DIRECTION('',(0.,0.,1.));
#10142=DIRECTION('',(1.,0.,0.));
#10143=DIRECTION('',(0.,0.,1.));
#10144=DIRECTION('',(1.,0.,0.));
#10145=DIRECTION('',(0.,0.,1.));
#10146=DIRECTION('',(1.,0.,0.));
#10147=DIRECTION('',(0.,0.,1.));
#10148=DIRECTION('',(0.,0.,1.));
#10149=DIRECTION('',(1.,0.,0.));
#10150=DIRECTION('',(0.,0.,1.));
#10151=DIRECTION('',(1.,0.,0.));
#10152=DIRECTION('',(0.,0.,1.));
#10153=DIRECTION('',(1.,0.,0.));
#10154=DIRECTION('',(0.,0.,1.));
#10155=DIRECTION('',(-0.340542255536861,0.940229212582691,0.));
#10156=DIRECTION('',(-0.940229212582691,-0.340542255536861,0.));
#10157=DIRECTION('',(-0.940229212582691,-0.340542255536861,0.));
#10158=DIRECTION('',(-0.940229212582691,-0.340542255536861,0.));
#10159=DIRECTION('',(0.,0.,1.));
#10160=DIRECTION('',(0.,0.,1.));
#10161=DIRECTION('',(1.,0.,0.));
#10162=DIRECTION('',(0.,0.,1.));
#10163=DIRECTION('',(1.,0.,0.));
#10164=DIRECTION('',(0.,0.,1.));
#10165=DIRECTION('',(1.,0.,0.));
#10166=DIRECTION('',(0.,0.,1.));
#10167=DIRECTION('',(0.,0.,1.));
#10168=DIRECTION('',(1.,0.,0.));
#10169=DIRECTION('',(0.,0.,1.));
#10170=DIRECTION('',(1.,0.,0.));
#10171=DIRECTION('',(0.,0.,1.));
#10172=DIRECTION('',(1.,0.,0.));
#10173=DIRECTION('',(0.,0.,1.));
#10174=DIRECTION('',(0.,0.,1.));
#10175=DIRECTION('',(1.,0.,0.));
#10176=DIRECTION('',(0.,0.,1.));
#10177=DIRECTION('',(1.,0.,0.));
#10178=DIRECTION('',(0.,0.,1.));
#10179=DIRECTION('',(1.,0.,0.));
#10180=DIRECTION('',(0.,0.,1.));
#10181=DIRECTION('',(0.887735737423468,-0.460353408265011,0.));
#10182=DIRECTION('',(0.460353408265011,0.887735737423468,0.));
#10183=DIRECTION('',(0.460353408265011,0.887735737423468,0.));
#10184=DIRECTION('',(0.460353408265011,0.887735737423468,0.));
#10185=DIRECTION('',(0.,0.,1.));
#10186=DIRECTION('',(0.,0.,1.));
#10187=DIRECTION('',(1.,0.,0.));
#10188=DIRECTION('',(0.,0.,1.));
#10189=DIRECTION('',(1.,0.,0.));
#10190=DIRECTION('',(0.,0.,1.));
#10191=DIRECTION('',(1.,0.,0.));
#10192=DIRECTION('',(0.,0.,1.));
#10193=DIRECTION('',(0.,0.,1.));
#10194=DIRECTION('',(1.,0.,0.));
#10195=DIRECTION('',(0.,0.,1.));
#10196=DIRECTION('',(1.,0.,0.));
#10197=DIRECTION('',(0.,0.,1.));
#10198=DIRECTION('',(1.,0.,0.));
#10199=DIRECTION('',(0.,0.,1.));
#10200=DIRECTION('',(0.,0.,1.));
#10201=DIRECTION('',(1.,0.,0.));
#10202=DIRECTION('',(0.,0.,1.));
#10203=DIRECTION('',(1.,0.,0.));
#10204=DIRECTION('',(0.,0.,1.));
#10205=DIRECTION('',(1.,0.,0.));
#10206=DIRECTION('',(0.,0.,1.));
#10207=DIRECTION('',(-0.460353408264668,0.887735737423645,0.));
#10208=DIRECTION('',(-0.887735737423645,-0.460353408264668,0.));
#10209=DIRECTION('',(-0.887735737423646,-0.460353408264668,0.));
#10210=DIRECTION('',(-0.887735737423646,-0.460353408264668,0.));
#10211=DIRECTION('',(0.,0.,1.));
#10212=DIRECTION('',(0.,0.,1.));
#10213=DIRECTION('',(1.,0.,0.));
#10214=DIRECTION('',(0.,0.,1.));
#10215=DIRECTION('',(1.,0.,0.));
#10216=DIRECTION('',(0.,0.,1.));
#10217=DIRECTION('',(1.,0.,0.));
#10218=DIRECTION('',(0.,0.,1.));
#10219=DIRECTION('',(0.,0.,1.));
#10220=DIRECTION('',(1.,0.,0.));
#10221=DIRECTION('',(0.,0.,1.));
#10222=DIRECTION('',(1.,0.,0.));
#10223=DIRECTION('',(0.,0.,1.));
#10224=DIRECTION('',(1.,0.,0.));
#10225=DIRECTION('',(0.,0.,1.));
#10226=DIRECTION('',(0.,0.,1.));
#10227=DIRECTION('',(1.,0.,0.));
#10228=DIRECTION('',(0.,0.,1.));
#10229=DIRECTION('',(1.,0.,0.));
#10230=DIRECTION('',(0.,0.,1.));
#10231=DIRECTION('',(1.,0.,0.));
#10232=DIRECTION('',(0.,0.,1.));
#10233=DIRECTION('',(0.940229212582588,-0.340542255537146,0.));
#10234=DIRECTION('',(0.340542255537146,0.940229212582588,0.));
#10235=DIRECTION('',(0.340542255537146,0.940229212582588,0.));
#10236=DIRECTION('',(0.340542255537146,0.940229212582588,0.));
#10237=DIRECTION('',(0.,0.,1.));
#10238=DIRECTION('',(0.,0.,1.));
#10239=DIRECTION('',(1.,0.,0.));
#10240=DIRECTION('',(0.,0.,1.));
#10241=DIRECTION('',(1.,0.,0.));
#10242=DIRECTION('',(0.,0.,1.));
#10243=DIRECTION('',(1.,0.,0.));
#10244=DIRECTION('',(0.,0.,1.));
#10245=DIRECTION('',(0.,0.,1.));
#10246=DIRECTION('',(1.,0.,0.));
#10247=DIRECTION('',(0.,0.,1.));
#10248=DIRECTION('',(1.,0.,0.));
#10249=DIRECTION('',(0.,0.,1.));
#10250=DIRECTION('',(1.,0.,0.));
#10251=DIRECTION('',(0.,0.,1.));
#10252=DIRECTION('',(0.,0.,1.));
#10253=DIRECTION('',(1.,0.,0.));
#10254=DIRECTION('',(0.,0.,1.));
#10255=DIRECTION('',(1.,0.,0.));
#10256=DIRECTION('',(0.,0.,1.));
#10257=DIRECTION('',(1.,0.,0.));
#10258=DIRECTION('',(0.,0.,1.));
#10259=DIRECTION('',(-0.572287786544869,0.820052857669293,0.));
#10260=DIRECTION('',(-0.820052857669293,-0.572287786544869,0.));
#10261=DIRECTION('',(-0.820052857669293,-0.572287786544869,0.));
#10262=DIRECTION('',(-0.820052857669293,-0.572287786544869,0.));
#10263=DIRECTION('',(0.,0.,1.));
#10264=DIRECTION('',(0.,0.,1.));
#10265=DIRECTION('',(1.,0.,0.));
#10266=DIRECTION('',(0.,0.,1.));
#10267=DIRECTION('',(1.,0.,0.));
#10268=DIRECTION('',(0.,0.,1.));
#10269=DIRECTION('',(1.,0.,0.));
#10270=DIRECTION('',(0.,0.,1.));
#10271=DIRECTION('',(0.,0.,1.));
#10272=DIRECTION('',(1.,0.,0.));
#10273=DIRECTION('',(0.,0.,1.));
#10274=DIRECTION('',(1.,0.,0.));
#10275=DIRECTION('',(0.,0.,1.));
#10276=DIRECTION('',(1.,0.,0.));
#10277=DIRECTION('',(0.,0.,1.));
#10278=DIRECTION('',(0.,0.,1.));
#10279=DIRECTION('',(1.,0.,0.));
#10280=DIRECTION('',(0.,0.,1.));
#10281=DIRECTION('',(1.,0.,0.));
#10282=DIRECTION('',(0.,0.,1.));
#10283=DIRECTION('',(1.,0.,0.));
#10284=DIRECTION('',(0.,0.,1.));
#10285=DIRECTION('',(0.976635105233846,-0.214904330400473,0.));
#10286=DIRECTION('',(0.214904330400473,0.976635105233846,0.));
#10287=DIRECTION('',(0.214904330400473,0.976635105233846,0.));
#10288=DIRECTION('',(0.214904330400473,0.976635105233846,0.));
#10289=DIRECTION('',(0.,0.,1.));
#10290=DIRECTION('',(0.,0.,1.));
#10291=DIRECTION('',(1.,0.,0.));
#10292=DIRECTION('',(0.,0.,1.));
#10293=DIRECTION('',(1.,0.,0.));
#10294=DIRECTION('',(0.,0.,1.));
#10295=DIRECTION('',(1.,0.,0.));
#10296=DIRECTION('',(0.,0.,1.));
#10297=DIRECTION('',(0.,0.,1.));
#10298=DIRECTION('',(1.,0.,0.));
#10299=DIRECTION('',(0.,0.,1.));
#10300=DIRECTION('',(1.,0.,0.));
#10301=DIRECTION('',(0.,0.,1.));
#10302=DIRECTION('',(1.,0.,0.));
#10303=DIRECTION('',(0.,0.,1.));
#10304=DIRECTION('',(0.,0.,1.));
#10305=DIRECTION('',(1.,0.,0.));
#10306=DIRECTION('',(0.,0.,1.));
#10307=DIRECTION('',(1.,0.,0.));
#10308=DIRECTION('',(0.,0.,1.));
#10309=DIRECTION('',(1.,0.,0.));
#10310=DIRECTION('',(0.,0.,1.));
#10311=DIRECTION('',(-0.674430162126422,0.738338646160506,0.));
#10312=DIRECTION('',(-0.738338646160506,-0.674430162126422,0.));
#10313=DIRECTION('',(-0.738338646160506,-0.674430162126422,0.));
#10314=DIRECTION('',(-0.738338646160506,-0.674430162126422,0.));
#10315=DIRECTION('',(0.,0.,1.));
#10316=DIRECTION('',(0.,0.,1.));
#10317=DIRECTION('',(1.,0.,0.));
#10318=DIRECTION('',(0.,0.,1.));
#10319=DIRECTION('',(1.,0.,0.));
#10320=DIRECTION('',(0.,0.,1.));
#10321=DIRECTION('',(1.,0.,0.));
#10322=DIRECTION('',(0.,0.,1.));
#10323=DIRECTION('',(0.,0.,1.));
#10324=DIRECTION('',(1.,0.,0.));
#10325=DIRECTION('',(0.,0.,1.));
#10326=DIRECTION('',(1.,0.,0.));
#10327=DIRECTION('',(0.,0.,1.));
#10328=DIRECTION('',(1.,0.,0.));
#10329=DIRECTION('',(0.,0.,1.));
#10330=DIRECTION('',(0.,0.,1.));
#10331=DIRECTION('',(1.,0.,0.));
#10332=DIRECTION('',(0.,0.,1.));
#10333=DIRECTION('',(1.,0.,0.));
#10334=DIRECTION('',(0.,0.,1.));
#10335=DIRECTION('',(1.,0.,0.));
#10336=DIRECTION('',(0.,0.,1.));
#10337=DIRECTION('',(0.99633050046017,-0.0855893325875823,0.));
#10338=DIRECTION('',(0.0855893325875823,0.99633050046017,0.));
#10339=DIRECTION('',(0.0855893325875823,0.99633050046017,0.));
#10340=DIRECTION('',(0.0855893325875823,0.99633050046017,0.));
#10341=DIRECTION('',(0.,0.,1.));
#10342=DIRECTION('',(0.,0.,1.));
#10343=DIRECTION('',(1.,0.,0.));
#10344=DIRECTION('',(0.,0.,1.));
#10345=DIRECTION('',(1.,0.,0.));
#10346=DIRECTION('',(0.,0.,1.));
#10347=DIRECTION('',(1.,0.,0.));
#10348=DIRECTION('',(0.,0.,1.));
#10349=DIRECTION('',(0.,0.,1.));
#10350=DIRECTION('',(1.,0.,0.));
#10351=DIRECTION('',(0.,0.,1.));
#10352=DIRECTION('',(1.,0.,0.));
#10353=DIRECTION('',(0.,0.,1.));
#10354=DIRECTION('',(1.,0.,0.));
#10355=DIRECTION('',(0.,0.,1.));
#10356=DIRECTION('',(0.,0.,1.));
#10357=DIRECTION('',(1.,0.,0.));
#10358=DIRECTION('',(0.,0.,1.));
#10359=DIRECTION('',(1.,0.,0.));
#10360=DIRECTION('',(0.,0.,1.));
#10361=DIRECTION('',(1.,0.,0.));
#10362=DIRECTION('',(0.,0.,1.));
#10363=DIRECTION('',(-0.76503285064853,0.643991255708169,0.));
#10364=DIRECTION('',(-0.643991255708169,-0.76503285064853,0.));
#10365=DIRECTION('',(-0.643991255708169,-0.76503285064853,0.));
#10366=DIRECTION('',(-0.643991255708169,-0.76503285064853,0.));
#10367=DIRECTION('',(0.,0.,1.));
#10368=DIRECTION('',(0.,0.,1.));
#10369=DIRECTION('',(1.,0.,0.));
#10370=DIRECTION('',(0.,0.,1.));
#10371=DIRECTION('',(1.,0.,0.));
#10372=DIRECTION('',(0.,0.,1.));
#10373=DIRECTION('',(1.,0.,0.));
#10374=DIRECTION('',(0.,0.,1.));
#10375=DIRECTION('',(0.,0.,1.));
#10376=DIRECTION('',(1.,0.,0.));
#10377=DIRECTION('',(0.,0.,1.));
#10378=DIRECTION('',(1.,0.,0.));
#10379=DIRECTION('',(0.,0.,1.));
#10380=DIRECTION('',(1.,0.,0.));
#10381=DIRECTION('',(0.,0.,1.));
#10382=DIRECTION('',(0.,0.,1.));
#10383=DIRECTION('',(1.,0.,0.));
#10384=DIRECTION('',(0.,0.,1.));
#10385=DIRECTION('',(1.,0.,0.));
#10386=DIRECTION('',(0.,0.,1.));
#10387=DIRECTION('',(1.,0.,0.));
#10388=DIRECTION('',(0.,0.,1.));
#10389=DIRECTION('',(0.998978404588549,0.0451901224353004,0.));
#10390=DIRECTION('',(-0.0451901224353004,0.998978404588549,0.));
#10391=DIRECTION('',(-0.0451901224353004,0.998978404588549,0.));
#10392=DIRECTION('',(-0.0451901224353004,0.998978404588549,0.));
#10393=DIRECTION('',(0.,0.,1.));
#10394=DIRECTION('',(0.,0.,1.));
#10395=DIRECTION('',(1.,0.,0.));
#10396=DIRECTION('',(0.,0.,1.));
#10397=DIRECTION('',(1.,0.,0.));
#10398=DIRECTION('',(0.,0.,1.));
#10399=DIRECTION('',(1.,0.,0.));
#10400=DIRECTION('',(0.,0.,1.));
#10401=DIRECTION('',(0.,0.,1.));
#10402=DIRECTION('',(1.,0.,0.));
#10403=DIRECTION('',(0.,0.,1.));
#10404=DIRECTION('',(1.,0.,0.));
#10405=DIRECTION('',(0.,0.,1.));
#10406=DIRECTION('',(1.,0.,0.));
#10407=DIRECTION('',(0.,0.,1.));
#10408=DIRECTION('',(0.,0.,1.));
#10409=DIRECTION('',(1.,0.,0.));
#10410=DIRECTION('',(0.,0.,1.));
#10411=DIRECTION('',(1.,0.,0.));
#10412=DIRECTION('',(0.,0.,1.));
#10413=DIRECTION('',(1.,0.,0.));
#10414=DIRECTION('',(0.,0.,1.));
#10415=DIRECTION('',(-0.842545614988219,0.53862499632316,0.));
#10416=DIRECTION('',(-0.53862499632316,-0.842545614988219,0.));
#10417=DIRECTION('',(-0.53862499632316,-0.842545614988219,0.));
#10418=DIRECTION('',(-0.53862499632316,-0.842545614988219,0.));
#10419=DIRECTION('',(0.,0.,1.));
#10420=DIRECTION('',(0.,0.,1.));
#10421=DIRECTION('',(1.,0.,0.));
#10422=DIRECTION('',(0.,0.,1.));
#10423=DIRECTION('',(1.,0.,0.));
#10424=DIRECTION('',(0.,0.,1.));
#10425=DIRECTION('',(1.,0.,0.));
#10426=DIRECTION('',(0.,0.,1.));
#10427=DIRECTION('',(0.,0.,1.));
#10428=DIRECTION('',(1.,0.,0.));
#10429=DIRECTION('',(0.,0.,1.));
#10430=DIRECTION('',(1.,0.,0.));
#10431=DIRECTION('',(0.,0.,1.));
#10432=DIRECTION('',(1.,0.,0.));
#10433=DIRECTION('',(0.,0.,1.));
#10434=DIRECTION('',(0.,0.,1.));
#10435=DIRECTION('',(1.,0.,0.));
#10436=DIRECTION('',(0.,0.,1.));
#10437=DIRECTION('',(1.,0.,0.));
#10438=DIRECTION('',(0.,0.,1.));
#10439=DIRECTION('',(1.,0.,0.));
#10440=DIRECTION('',(0.,0.,1.));
#10441=DIRECTION('',(0.984533511245294,0.175196361934295,0.));
#10442=DIRECTION('',(-0.175196361934295,0.984533511245294,0.));
#10443=DIRECTION('',(-0.175196361934295,0.984533511245294,0.));
#10444=DIRECTION('',(-0.175196361934295,0.984533511245294,0.));
#10445=DIRECTION('',(0.,0.,1.));
#10446=DIRECTION('',(0.,0.,1.));
#10447=DIRECTION('',(1.,0.,0.));
#10448=DIRECTION('',(0.,0.,1.));
#10449=DIRECTION('',(1.,0.,0.));
#10450=DIRECTION('',(0.,0.,1.));
#10451=DIRECTION('',(1.,0.,0.));
#10452=DIRECTION('',(0.,0.,1.));
#10453=DIRECTION('',(0.,0.,1.));
#10454=DIRECTION('',(1.,0.,0.));
#10455=DIRECTION('',(0.,0.,1.));
#10456=DIRECTION('',(1.,0.,0.));
#10457=DIRECTION('',(0.,0.,1.));
#10458=DIRECTION('',(1.,0.,0.));
#10459=DIRECTION('',(0.,0.,1.));
#10460=DIRECTION('',(0.,0.,1.));
#10461=DIRECTION('',(1.,0.,0.));
#10462=DIRECTION('',(0.,0.,1.));
#10463=DIRECTION('',(1.,0.,0.));
#10464=DIRECTION('',(0.,0.,1.));
#10465=DIRECTION('',(1.,0.,0.));
#10466=DIRECTION('',(0.,0.,1.));
#10467=DIRECTION('',(-0.905642190257417,0.424042713916592,0.));
#10468=DIRECTION('',(-0.424042713916592,-0.905642190257417,0.));
#10469=DIRECTION('',(-0.424042713916592,-0.905642190257417,0.));
#10470=DIRECTION('',(-0.424042713916592,-0.905642190257417,0.));
#10471=DIRECTION('',(0.,0.,1.));
#10472=DIRECTION('',(0.,0.,1.));
#10473=DIRECTION('',(1.,0.,0.));
#10474=DIRECTION('',(0.,0.,1.));
#10475=DIRECTION('',(1.,0.,0.));
#10476=DIRECTION('',(0.,0.,1.));
#10477=DIRECTION('',(1.,0.,0.));
#10478=DIRECTION('',(0.,0.,1.));
#10479=DIRECTION('',(0.,0.,1.));
#10480=DIRECTION('',(1.,0.,0.));
#10481=DIRECTION('',(0.,0.,1.));
#10482=DIRECTION('',(1.,0.,0.));
#10483=DIRECTION('',(0.,0.,1.));
#10484=DIRECTION('',(1.,0.,0.));
#10485=DIRECTION('',(0.,0.,1.));
#10486=DIRECTION('',(0.,0.,1.));
#10487=DIRECTION('',(1.,0.,0.));
#10488=DIRECTION('',(0.,0.,1.));
#10489=DIRECTION('',(1.,0.,0.));
#10490=DIRECTION('',(0.,0.,1.));
#10491=DIRECTION('',(1.,0.,0.));
#10492=DIRECTION('',(0.,0.,1.));
#10493=DIRECTION('',(0.953242976560444,0.302204943106802,0.));
#10494=DIRECTION('',(-0.302204943106802,0.953242976560444,0.));
#10495=DIRECTION('',(-0.302204943106802,0.953242976560444,0.));
#10496=DIRECTION('',(-0.302204943106802,0.953242976560444,0.));
#10497=DIRECTION('',(0.,0.,1.));
#10498=DIRECTION('',(0.,0.,1.));
#10499=DIRECTION('',(1.,0.,0.));
#10500=DIRECTION('',(0.,0.,1.));
#10501=DIRECTION('',(1.,0.,0.));
#10502=DIRECTION('',(0.,0.,1.));
#10503=DIRECTION('',(1.,0.,0.));
#10504=DIRECTION('',(0.,0.,1.));
#10505=DIRECTION('',(0.,0.,1.));
#10506=DIRECTION('',(1.,0.,0.));
#10507=DIRECTION('',(0.,0.,1.));
#10508=DIRECTION('',(1.,0.,0.));
#10509=DIRECTION('',(0.,0.,1.));
#10510=DIRECTION('',(1.,0.,0.));
#10511=DIRECTION('',(0.,0.,1.));
#10512=DIRECTION('',(0.,0.,1.));
#10513=DIRECTION('',(1.,0.,0.));
#10514=DIRECTION('',(0.,0.,1.));
#10515=DIRECTION('',(1.,0.,0.));
#10516=DIRECTION('',(0.,0.,1.));
#10517=DIRECTION('',(1.,0.,0.));
#10518=DIRECTION('',(0.,0.,1.));
#10519=DIRECTION('',(-0.953242976560444,0.302204943106801,0.));
#10520=DIRECTION('',(-0.302204943106802,-0.953242976560444,0.));
#10521=DIRECTION('',(-0.302204943106801,-0.953242976560444,0.));
#10522=DIRECTION('',(-0.302204943106801,-0.953242976560444,0.));
#10523=DIRECTION('',(0.,0.,1.));
#10524=DIRECTION('',(0.,0.,1.));
#10525=DIRECTION('',(1.,0.,0.));
#10526=DIRECTION('',(0.,0.,1.));
#10527=DIRECTION('',(1.,0.,0.));
#10528=DIRECTION('',(0.,0.,1.));
#10529=DIRECTION('',(1.,0.,0.));
#10530=DIRECTION('',(0.,0.,1.));
#10531=DIRECTION('',(0.,0.,1.));
#10532=DIRECTION('',(1.,0.,0.));
#10533=DIRECTION('',(0.,0.,1.));
#10534=DIRECTION('',(1.,0.,0.));
#10535=DIRECTION('',(0.,0.,1.));
#10536=DIRECTION('',(1.,0.,0.));
#10537=DIRECTION('',(0.,0.,1.));
#10538=DIRECTION('',(0.,0.,1.));
#10539=DIRECTION('',(1.,0.,0.));
#10540=DIRECTION('',(0.,0.,1.));
#10541=DIRECTION('',(1.,0.,0.));
#10542=DIRECTION('',(0.,0.,1.));
#10543=DIRECTION('',(1.,0.,0.));
#10544=DIRECTION('',(0.,0.,1.));
#10545=DIRECTION('',(0.905642190257417,0.424042713916592,0.));
#10546=DIRECTION('',(-0.424042713916592,0.905642190257417,0.));
#10547=DIRECTION('',(-0.424042713916592,0.905642190257417,0.));
#10548=DIRECTION('',(-0.424042713916592,0.905642190257417,0.));
#10549=DIRECTION('',(0.,0.,1.));
#10550=DIRECTION('',(0.,0.,1.));
#10551=DIRECTION('',(1.,0.,0.));
#10552=DIRECTION('',(0.,0.,1.));
#10553=DIRECTION('',(1.,0.,0.));
#10554=DIRECTION('',(0.,0.,1.));
#10555=DIRECTION('',(1.,0.,0.));
#10556=DIRECTION('',(0.,0.,1.));
#10557=DIRECTION('',(0.,0.,1.));
#10558=DIRECTION('',(1.,0.,0.));
#10559=DIRECTION('',(0.,0.,1.));
#10560=DIRECTION('',(1.,0.,0.));
#10561=DIRECTION('',(0.,0.,1.));
#10562=DIRECTION('',(1.,0.,0.));
#10563=DIRECTION('',(0.,0.,1.));
#10564=DIRECTION('',(0.,0.,1.));
#10565=DIRECTION('',(1.,0.,0.));
#10566=DIRECTION('',(0.,0.,1.));
#10567=DIRECTION('',(1.,0.,0.));
#10568=DIRECTION('',(0.,0.,1.));
#10569=DIRECTION('',(1.,0.,0.));
#10570=DIRECTION('',(0.,0.,1.));
#10571=DIRECTION('',(-0.984533511245265,0.175196361934457,0.));
#10572=DIRECTION('',(-0.175196361934457,-0.984533511245265,0.));
#10573=DIRECTION('',(-0.175196361934457,-0.984533511245265,0.));
#10574=DIRECTION('',(-0.175196361934457,-0.984533511245265,0.));
#10575=DIRECTION('',(0.,0.,1.));
#10576=DIRECTION('',(0.,0.,1.));
#10577=DIRECTION('',(1.,0.,0.));
#10578=DIRECTION('',(0.,0.,1.));
#10579=DIRECTION('',(1.,0.,0.));
#10580=DIRECTION('',(0.,0.,1.));
#10581=DIRECTION('',(1.,0.,0.));
#10582=DIRECTION('',(0.,0.,1.));
#10583=DIRECTION('',(0.,0.,1.));
#10584=DIRECTION('',(1.,0.,0.));
#10585=DIRECTION('',(0.,0.,1.));
#10586=DIRECTION('',(1.,0.,0.));
#10587=DIRECTION('',(0.,0.,1.));
#10588=DIRECTION('',(1.,0.,0.));
#10589=DIRECTION('',(0.,0.,1.));
#10590=DIRECTION('',(0.,0.,1.));
#10591=DIRECTION('',(1.,0.,0.));
#10592=DIRECTION('',(0.,0.,1.));
#10593=DIRECTION('',(1.,0.,0.));
#10594=DIRECTION('',(0.,0.,1.));
#10595=DIRECTION('',(1.,0.,0.));
#10596=DIRECTION('',(0.,0.,1.));
#10597=DIRECTION('',(0.842545614988145,0.538624996323276,0.));
#10598=DIRECTION('',(-0.538624996323276,0.842545614988145,0.));
#10599=DIRECTION('',(-0.538624996323276,0.842545614988145,0.));
#10600=DIRECTION('',(-0.538624996323276,0.842545614988145,0.));
#10601=DIRECTION('',(0.,0.,1.));
#10602=DIRECTION('',(0.,0.,1.));
#10603=DIRECTION('',(1.,0.,0.));
#10604=DIRECTION('',(0.,0.,1.));
#10605=DIRECTION('',(1.,0.,0.));
#10606=DIRECTION('',(0.,0.,1.));
#10607=DIRECTION('',(1.,0.,0.));
#10608=DIRECTION('',(0.,0.,1.));
#10609=DIRECTION('',(0.,0.,1.));
#10610=DIRECTION('',(1.,0.,0.));
#10611=DIRECTION('',(0.,0.,1.));
#10612=DIRECTION('',(1.,0.,0.));
#10613=DIRECTION('',(0.,0.,1.));
#10614=DIRECTION('',(1.,0.,0.));
#10615=DIRECTION('',(0.,0.,1.));
#10616=DIRECTION('',(0.,0.,1.));
#10617=DIRECTION('',(1.,0.,0.));
#10618=DIRECTION('',(0.,0.,1.));
#10619=DIRECTION('',(1.,0.,0.));
#10620=DIRECTION('',(0.,0.,1.));
#10621=DIRECTION('',(1.,0.,0.));
#10622=DIRECTION('',(0.,0.,1.));
#10623=DIRECTION('',(-0.998978404588549,0.0451901224352994,0.));
#10624=DIRECTION('',(-0.0451901224352995,-0.998978404588549,0.));
#10625=DIRECTION('',(-0.0451901224352995,-0.998978404588549,0.));
#10626=DIRECTION('',(-0.0451901224352995,-0.998978404588549,0.));
#10627=DIRECTION('',(0.,0.,1.));
#10628=DIRECTION('',(0.,0.,1.));
#10629=DIRECTION('',(1.,0.,0.));
#10630=DIRECTION('',(0.,0.,1.));
#10631=DIRECTION('',(1.,0.,0.));
#10632=DIRECTION('',(0.,0.,1.));
#10633=DIRECTION('',(1.,0.,0.));
#10634=DIRECTION('',(0.,0.,1.));
#10635=DIRECTION('',(0.,0.,1.));
#10636=DIRECTION('',(1.,0.,0.));
#10637=DIRECTION('',(0.,0.,1.));
#10638=DIRECTION('',(1.,0.,0.));
#10639=DIRECTION('',(0.,0.,1.));
#10640=DIRECTION('',(1.,0.,0.));
#10641=DIRECTION('',(0.,0.,1.));
#10642=DIRECTION('',(0.,0.,1.));
#10643=DIRECTION('',(1.,0.,0.));
#10644=DIRECTION('',(0.,0.,1.));
#10645=DIRECTION('',(1.,0.,0.));
#10646=DIRECTION('',(0.,0.,1.));
#10647=DIRECTION('',(1.,0.,0.));
#10648=DIRECTION('',(0.,0.,1.));
#10649=DIRECTION('',(0.765032850648453,0.64399125570826,0.));
#10650=DIRECTION('',(-0.64399125570826,0.765032850648453,0.));
#10651=DIRECTION('',(-0.64399125570826,0.765032850648453,0.));
#10652=DIRECTION('',(-0.64399125570826,0.765032850648453,0.));
#10653=DIRECTION('',(0.,0.,1.));
#10654=DIRECTION('',(0.,0.,1.));
#10655=DIRECTION('',(1.,0.,0.));
#10656=DIRECTION('',(0.,0.,1.));
#10657=DIRECTION('',(1.,0.,0.));
#10658=DIRECTION('',(0.,0.,1.));
#10659=DIRECTION('',(1.,0.,0.));
#10660=DIRECTION('',(0.,0.,1.));
#10661=DIRECTION('',(0.,0.,1.));
#10662=DIRECTION('',(1.,0.,0.));
#10663=DIRECTION('',(0.,0.,1.));
#10664=DIRECTION('',(1.,0.,0.));
#10665=DIRECTION('',(0.,0.,1.));
#10666=DIRECTION('',(1.,0.,0.));
#10667=DIRECTION('',(0.,0.,1.));
#10668=DIRECTION('',(0.,0.,1.));
#10669=DIRECTION('',(1.,0.,0.));
#10670=DIRECTION('',(0.,0.,1.));
#10671=DIRECTION('',(1.,0.,0.));
#10672=DIRECTION('',(0.,0.,1.));
#10673=DIRECTION('',(1.,0.,0.));
#10674=DIRECTION('',(0.,0.,1.));
#10675=DIRECTION('',(-0.99633050046017,-0.0855893325875824,0.));
#10676=DIRECTION('',(0.0855893325875824,-0.99633050046017,0.));
#10677=DIRECTION('',(0.0855893325875824,-0.99633050046017,0.));
#10678=DIRECTION('',(0.0855893325875824,-0.99633050046017,0.));
#10679=DIRECTION('',(0.,0.,1.));
#10680=DIRECTION('',(0.,0.,1.));
#10681=DIRECTION('',(1.,0.,0.));
#10682=DIRECTION('',(0.,0.,1.));
#10683=DIRECTION('',(1.,0.,0.));
#10684=DIRECTION('',(0.,0.,1.));
#10685=DIRECTION('',(1.,0.,0.));
#10686=DIRECTION('',(0.,0.,1.));
#10687=DIRECTION('',(0.,0.,1.));
#10688=DIRECTION('',(1.,0.,0.));
#10689=DIRECTION('',(0.,0.,1.));
#10690=DIRECTION('',(1.,0.,0.));
#10691=DIRECTION('',(0.,0.,1.));
#10692=DIRECTION('',(1.,0.,0.));
#10693=DIRECTION('',(0.,0.,1.));
#10694=DIRECTION('',(0.,0.,1.));
#10695=DIRECTION('',(1.,0.,0.));
#10696=DIRECTION('',(0.,0.,1.));
#10697=DIRECTION('',(1.,0.,0.));
#10698=DIRECTION('',(0.,0.,1.));
#10699=DIRECTION('',(1.,0.,0.));
#10700=DIRECTION('',(0.,0.,1.));
#10701=DIRECTION('',(0.674430162126505,0.73833864616043,0.));
#10702=DIRECTION('',(-0.73833864616043,0.674430162126505,0.));
#10703=DIRECTION('',(-0.73833864616043,0.674430162126505,0.));
#10704=DIRECTION('',(-0.73833864616043,0.674430162126505,0.));
#10705=DIRECTION('',(0.,0.,1.));
#10706=DIRECTION('',(0.,0.,1.));
#10707=DIRECTION('',(1.,0.,0.));
#10708=DIRECTION('',(0.,0.,1.));
#10709=DIRECTION('',(1.,0.,0.));
#10710=DIRECTION('',(0.,0.,1.));
#10711=DIRECTION('',(1.,0.,0.));
#10712=DIRECTION('',(0.,0.,1.));
#10713=DIRECTION('',(0.,0.,1.));
#10714=DIRECTION('',(1.,0.,0.));
#10715=DIRECTION('',(0.,0.,1.));
#10716=DIRECTION('',(1.,0.,0.));
#10717=DIRECTION('',(0.,0.,1.));
#10718=DIRECTION('',(1.,0.,0.));
#10719=DIRECTION('',(0.,0.,1.));
#10720=DIRECTION('',(0.,0.,1.));
#10721=DIRECTION('',(1.,0.,0.));
#10722=DIRECTION('',(0.,0.,1.));
#10723=DIRECTION('',(1.,0.,0.));
#10724=DIRECTION('',(0.,0.,1.));
#10725=DIRECTION('',(1.,0.,0.));
#10726=DIRECTION('',(0.,0.,1.));
#10727=DIRECTION('',(-0.976635105233845,-0.214904330400477,0.));
#10728=DIRECTION('',(0.214904330400477,-0.976635105233845,0.));
#10729=DIRECTION('',(0.214904330400477,-0.976635105233845,0.));
#10730=DIRECTION('',(0.214904330400477,-0.976635105233845,0.));
#10731=DIRECTION('',(0.,0.,1.));
#10732=DIRECTION('',(0.,0.,1.));
#10733=DIRECTION('',(1.,0.,0.));
#10734=DIRECTION('',(0.,0.,1.));
#10735=DIRECTION('',(1.,0.,0.));
#10736=DIRECTION('',(0.,0.,1.));
#10737=DIRECTION('',(1.,0.,0.));
#10738=DIRECTION('',(0.,0.,1.));
#10739=DIRECTION('',(0.,0.,1.));
#10740=DIRECTION('',(1.,0.,0.));
#10741=DIRECTION('',(0.,0.,1.));
#10742=DIRECTION('',(1.,0.,0.));
#10743=DIRECTION('',(0.,0.,1.));
#10744=DIRECTION('',(1.,0.,0.));
#10745=DIRECTION('',(0.,0.,1.));
#10746=DIRECTION('',(0.,0.,1.));
#10747=DIRECTION('',(1.,0.,0.));
#10748=DIRECTION('',(0.,0.,1.));
#10749=DIRECTION('',(1.,0.,0.));
#10750=DIRECTION('',(0.,0.,1.));
#10751=DIRECTION('',(1.,0.,0.));
#10752=DIRECTION('',(0.,0.,1.));
#10753=DIRECTION('',(0.572287786543859,0.820052857669998,0.));
#10754=DIRECTION('',(-0.820052857669999,0.572287786543859,0.));
#10755=DIRECTION('',(-0.820052857669998,0.572287786543859,0.));
#10756=DIRECTION('',(-0.820052857669998,0.572287786543859,0.));
#10757=DIRECTION('',(0.,0.,1.));
#10758=DIRECTION('',(0.,0.,1.));
#10759=DIRECTION('',(1.,0.,0.));
#10760=DIRECTION('',(0.,0.,1.));
#10761=DIRECTION('',(1.,0.,0.));
#10762=DIRECTION('',(0.,0.,1.));
#10763=DIRECTION('',(1.,0.,0.));
#10764=DIRECTION('',(0.,0.,1.));
#10765=DIRECTION('',(0.,0.,1.));
#10766=DIRECTION('',(1.,0.,0.));
#10767=DIRECTION('',(0.,0.,1.));
#10768=DIRECTION('',(1.,0.,0.));
#10769=DIRECTION('',(0.,0.,1.));
#10770=DIRECTION('',(1.,0.,0.));
#10771=DIRECTION('',(0.,0.,1.));
#10772=DIRECTION('',(0.,0.,1.));
#10773=DIRECTION('',(1.,0.,0.));
#10774=DIRECTION('',(0.,0.,1.));
#10775=DIRECTION('',(1.,0.,0.));
#10776=DIRECTION('',(0.,0.,1.));
#10777=DIRECTION('',(1.,0.,0.));
#10778=DIRECTION('',(0.,0.,1.));
#10779=DIRECTION('',(-0.940229212582641,-0.340542255536998,0.));
#10780=DIRECTION('',(0.340542255536998,-0.940229212582641,0.));
#10781=DIRECTION('',(0.340542255536998,-0.940229212582641,0.));
#10782=DIRECTION('',(0.340542255536998,-0.940229212582641,0.));
#10783=DIRECTION('',(0.,0.,1.));
#10784=DIRECTION('',(0.,0.,1.));
#10785=DIRECTION('',(1.,0.,0.));
#10786=DIRECTION('',(0.,0.,1.));
#10787=DIRECTION('',(1.,0.,0.));
#10788=DIRECTION('',(0.,0.,1.));
#10789=DIRECTION('',(1.,0.,0.));
#10790=DIRECTION('',(0.,0.,1.));
#10791=DIRECTION('',(0.,0.,1.));
#10792=DIRECTION('',(1.,0.,0.));
#10793=DIRECTION('',(0.,0.,1.));
#10794=DIRECTION('',(1.,0.,0.));
#10795=DIRECTION('',(0.,0.,1.));
#10796=DIRECTION('',(1.,0.,0.));
#10797=DIRECTION('',(0.,0.,1.));
#10798=DIRECTION('',(0.,0.,1.));
#10799=DIRECTION('',(1.,0.,0.));
#10800=DIRECTION('',(0.,0.,1.));
#10801=DIRECTION('',(1.,0.,0.));
#10802=DIRECTION('',(0.,0.,1.));
#10803=DIRECTION('',(1.,0.,0.));
#10804=DIRECTION('',(0.,0.,1.));
#10805=DIRECTION('',(0.460353408264668,0.887735737423646,0.));
#10806=DIRECTION('',(-0.887735737423646,0.460353408264668,0.));
#10807=DIRECTION('',(-0.887735737423646,0.460353408264668,0.));
#10808=DIRECTION('',(-0.887735737423646,0.460353408264668,0.));
#10809=DIRECTION('',(0.,0.,1.));
#10810=DIRECTION('',(0.,0.,1.));
#10811=DIRECTION('',(1.,0.,0.));
#10812=DIRECTION('',(0.,0.,1.));
#10813=DIRECTION('',(1.,0.,0.));
#10814=DIRECTION('',(0.,0.,1.));
#10815=DIRECTION('',(1.,0.,0.));
#10816=DIRECTION('',(0.,0.,1.));
#10817=DIRECTION('',(0.,0.,1.));
#10818=DIRECTION('',(1.,0.,0.));
#10819=DIRECTION('',(0.,0.,1.));
#10820=DIRECTION('',(1.,0.,0.));
#10821=DIRECTION('',(0.,0.,1.));
#10822=DIRECTION('',(1.,0.,0.));
#10823=DIRECTION('',(0.,0.,1.));
#10824=DIRECTION('',(0.,0.,1.));
#10825=DIRECTION('',(1.,0.,0.));
#10826=DIRECTION('',(0.,0.,1.));
#10827=DIRECTION('',(1.,0.,0.));
#10828=DIRECTION('',(0.,0.,1.));
#10829=DIRECTION('',(1.,0.,0.));
#10830=DIRECTION('',(0.,0.,1.));
#10831=DIRECTION('',(-0.887735737423468,-0.46035340826501,0.));
#10832=DIRECTION('',(0.46035340826501,-0.887735737423468,0.));
#10833=DIRECTION('',(0.46035340826501,-0.887735737423468,0.));
#10834=DIRECTION('',(0.46035340826501,-0.887735737423468,0.));
#10835=DIRECTION('',(0.,0.,1.));
#10836=DIRECTION('',(0.,0.,1.));
#10837=DIRECTION('',(1.,0.,0.));
#10838=DIRECTION('',(0.,0.,1.));
#10839=DIRECTION('',(1.,0.,0.));
#10840=DIRECTION('',(0.,0.,1.));
#10841=DIRECTION('',(1.,0.,0.));
#10842=DIRECTION('',(0.,0.,1.));
#10843=DIRECTION('',(0.,0.,1.));
#10844=DIRECTION('',(1.,0.,0.));
#10845=DIRECTION('',(0.,0.,1.));
#10846=DIRECTION('',(1.,0.,0.));
#10847=DIRECTION('',(0.,0.,1.));
#10848=DIRECTION('',(1.,0.,0.));
#10849=DIRECTION('',(0.,0.,1.));
#10850=DIRECTION('',(0.,0.,1.));
#10851=DIRECTION('',(1.,0.,0.));
#10852=DIRECTION('',(0.,0.,1.));
#10853=DIRECTION('',(1.,0.,0.));
#10854=DIRECTION('',(0.,0.,1.));
#10855=DIRECTION('',(1.,0.,0.));
#10856=DIRECTION('',(0.,0.,1.));
#10857=DIRECTION('',(0.340542255536859,0.940229212582692,0.));
#10858=DIRECTION('',(-0.940229212582692,0.340542255536859,0.));
#10859=DIRECTION('',(-0.940229212582692,0.340542255536859,0.));
#10860=DIRECTION('',(-0.940229212582692,0.340542255536859,0.));
#10861=DIRECTION('',(0.,0.,1.));
#10862=DIRECTION('',(0.,0.,1.));
#10863=DIRECTION('',(1.,0.,0.));
#10864=DIRECTION('',(0.,0.,1.));
#10865=DIRECTION('',(1.,0.,0.));
#10866=DIRECTION('',(0.,0.,1.));
#10867=DIRECTION('',(1.,0.,0.));
#10868=DIRECTION('',(0.,0.,1.));
#10869=DIRECTION('',(0.,0.,1.));
#10870=DIRECTION('',(1.,0.,0.));
#10871=DIRECTION('',(0.,0.,1.));
#10872=DIRECTION('',(1.,0.,0.));
#10873=DIRECTION('',(0.,0.,1.));
#10874=DIRECTION('',(1.,0.,0.));
#10875=DIRECTION('',(0.,0.,1.));
#10876=DIRECTION('',(0.,0.,1.));
#10877=DIRECTION('',(1.,0.,0.));
#10878=DIRECTION('',(0.,0.,1.));
#10879=DIRECTION('',(1.,0.,0.));
#10880=DIRECTION('',(0.,0.,1.));
#10881=DIRECTION('',(1.,0.,0.));
#10882=DIRECTION('',(0.,0.,1.));
#10883=DIRECTION('',(-0.820052857669808,-0.572287786544131,0.));
#10884=DIRECTION('',(0.572287786544131,-0.820052857669808,0.));
#10885=DIRECTION('',(0.572287786544131,-0.820052857669808,0.));
#10886=DIRECTION('',(0.572287786544131,-0.820052857669808,0.));
#10887=DIRECTION('',(0.,0.,1.));
#10888=DIRECTION('',(0.,0.,1.));
#10889=DIRECTION('',(1.,0.,0.));
#10890=DIRECTION('',(0.,0.,1.));
#10891=DIRECTION('',(1.,0.,0.));
#10892=DIRECTION('',(0.,0.,1.));
#10893=DIRECTION('',(1.,0.,0.));
#10894=DIRECTION('',(0.,0.,1.));
#10895=DIRECTION('',(0.,0.,1.));
#10896=DIRECTION('',(1.,0.,0.));
#10897=DIRECTION('',(0.,0.,1.));
#10898=DIRECTION('',(1.,0.,0.));
#10899=DIRECTION('',(0.,0.,1.));
#10900=DIRECTION('',(1.,0.,0.));
#10901=DIRECTION('',(0.,0.,1.));
#10902=DIRECTION('',(0.,0.,1.));
#10903=DIRECTION('',(1.,0.,0.));
#10904=DIRECTION('',(0.,0.,1.));
#10905=DIRECTION('',(1.,0.,0.));
#10906=DIRECTION('',(0.,0.,1.));
#10907=DIRECTION('',(1.,0.,0.));
#10908=DIRECTION('',(0.,0.,1.));
#10909=DIRECTION('',(0.214904330400597,0.976635105233818,0.));
#10910=DIRECTION('',(-0.976635105233818,0.214904330400597,0.));
#10911=DIRECTION('',(-0.976635105233818,0.214904330400597,0.));
#10912=DIRECTION('',(-0.976635105233818,0.214904330400597,0.));
#10913=DIRECTION('',(0.,0.,1.));
#10914=DIRECTION('',(0.,0.,1.));
#10915=DIRECTION('',(1.,0.,0.));
#10916=DIRECTION('',(0.,0.,1.));
#10917=DIRECTION('',(1.,0.,0.));
#10918=DIRECTION('',(0.,0.,1.));
#10919=DIRECTION('',(1.,0.,0.));
#10920=DIRECTION('',(0.,0.,1.));
#10921=DIRECTION('',(0.,0.,1.));
#10922=DIRECTION('',(1.,0.,0.));
#10923=DIRECTION('',(0.,0.,1.));
#10924=DIRECTION('',(1.,0.,0.));
#10925=DIRECTION('',(0.,0.,1.));
#10926=DIRECTION('',(1.,0.,0.));
#10927=DIRECTION('',(0.,0.,1.));
#10928=DIRECTION('',(0.,0.,1.));
#10929=DIRECTION('',(1.,0.,0.));
#10930=DIRECTION('',(0.,0.,1.));
#10931=DIRECTION('',(1.,0.,0.));
#10932=DIRECTION('',(0.,0.,1.));
#10933=DIRECTION('',(1.,0.,0.));
#10934=DIRECTION('',(0.,0.,1.));
#10935=DIRECTION('',(-0.738338646160413,-0.674430162126523,0.));
#10936=DIRECTION('',(0.674430162126523,-0.738338646160413,0.));
#10937=DIRECTION('',(0.674430162126523,-0.738338646160413,0.));
#10938=DIRECTION('',(0.674430162126523,-0.738338646160413,0.));
#10939=DIRECTION('',(0.,0.,1.));
#10940=DIRECTION('',(0.,0.,1.));
#10941=DIRECTION('',(1.,0.,0.));
#10942=DIRECTION('',(0.,0.,1.));
#10943=DIRECTION('',(1.,0.,0.));
#10944=DIRECTION('',(0.,0.,1.));
#10945=DIRECTION('',(1.,0.,0.));
#10946=DIRECTION('',(0.,0.,1.));
#10947=DIRECTION('',(0.,0.,1.));
#10948=DIRECTION('',(1.,0.,0.));
#10949=DIRECTION('',(0.,0.,1.));
#10950=DIRECTION('',(1.,0.,0.));
#10951=DIRECTION('',(0.,0.,1.));
#10952=DIRECTION('',(1.,0.,0.));
#10953=DIRECTION('',(0.,0.,1.));
#10954=DIRECTION('',(0.,0.,1.));
#10955=DIRECTION('',(1.,0.,0.));
#10956=DIRECTION('',(0.,0.,1.));
#10957=DIRECTION('',(1.,0.,0.));
#10958=DIRECTION('',(0.,0.,1.));
#10959=DIRECTION('',(1.,0.,0.));
#10960=DIRECTION('',(0.,0.,1.));
#10961=DIRECTION('',(0.0855893325870539,0.996330500460215,0.));
#10962=DIRECTION('',(-0.996330500460215,0.0855893325870539,0.));
#10963=DIRECTION('',(-0.996330500460215,0.0855893325870539,0.));
#10964=DIRECTION('',(-0.996330500460215,0.0855893325870539,0.));
#10965=DIRECTION('',(0.,0.,1.));
#10966=DIRECTION('',(0.,0.,1.));
#10967=DIRECTION('',(1.,0.,0.));
#10968=DIRECTION('',(0.,0.,1.));
#10969=DIRECTION('',(1.,0.,0.));
#10970=DIRECTION('',(0.,0.,1.));
#10971=DIRECTION('',(1.,0.,0.));
#10972=DIRECTION('',(0.,0.,1.));
#10973=DIRECTION('',(0.,0.,1.));
#10974=DIRECTION('',(1.,0.,0.));
#10975=DIRECTION('',(0.,0.,1.));
#10976=DIRECTION('',(1.,0.,0.));
#10977=DIRECTION('',(0.,0.,1.));
#10978=DIRECTION('',(1.,0.,0.));
#10979=DIRECTION('',(0.,0.,1.));
#10980=DIRECTION('',(0.,0.,1.));
#10981=DIRECTION('',(1.,0.,0.));
#10982=DIRECTION('',(0.,0.,1.));
#10983=DIRECTION('',(1.,0.,0.));
#10984=DIRECTION('',(0.,0.,1.));
#10985=DIRECTION('',(1.,0.,0.));
#10986=DIRECTION('',(0.,0.,1.));
#10987=DIRECTION('',(-0.643991255708919,-0.765032850647898,0.));
#10988=DIRECTION('',(0.765032850647898,-0.643991255708919,0.));
#10989=DIRECTION('',(0.765032850647898,-0.643991255708919,0.));
#10990=DIRECTION('',(0.765032850647898,-0.643991255708919,0.));
#10991=DIRECTION('',(0.,0.,1.));
#10992=DIRECTION('',(0.,0.,1.));
#10993=DIRECTION('',(1.,0.,0.));
#10994=DIRECTION('',(0.,0.,1.));
#10995=DIRECTION('',(1.,0.,0.));
#10996=DIRECTION('',(0.,0.,1.));
#10997=DIRECTION('',(1.,0.,0.));
#10998=DIRECTION('',(0.,0.,1.));
#10999=DIRECTION('',(0.,0.,1.));
#11000=DIRECTION('',(1.,0.,0.));
#11001=DIRECTION('',(0.,0.,1.));
#11002=DIRECTION('',(1.,0.,0.));
#11003=DIRECTION('',(0.,0.,1.));
#11004=DIRECTION('',(1.,0.,0.));
#11005=DIRECTION('',(0.,0.,1.));
#11006=DIRECTION('',(0.,0.,1.));
#11007=DIRECTION('',(1.,0.,0.));
#11008=DIRECTION('',(0.,0.,1.));
#11009=DIRECTION('',(1.,0.,0.));
#11010=DIRECTION('',(0.,0.,1.));
#11011=DIRECTION('',(1.,0.,0.));
#11012=DIRECTION('',(0.,0.,1.));
#11013=DIRECTION('',(-0.0451901224338155,0.998978404588616,0.));
#11014=DIRECTION('',(-0.998978404588616,-0.0451901224338155,0.));
#11015=DIRECTION('',(-0.998978404588616,-0.0451901224338155,0.));
#11016=DIRECTION('',(-0.998978404588616,-0.0451901224338155,0.));
#11017=DIRECTION('',(0.,0.,1.));
#11018=DIRECTION('',(0.,0.,1.));
#11019=DIRECTION('',(1.,0.,0.));
#11020=DIRECTION('',(0.,0.,1.));
#11021=DIRECTION('',(1.,0.,0.));
#11022=DIRECTION('',(0.,0.,1.));
#11023=DIRECTION('',(1.,0.,0.));
#11024=DIRECTION('',(0.,0.,1.));
#11025=DIRECTION('',(0.,0.,1.));
#11026=DIRECTION('',(1.,0.,0.));
#11027=DIRECTION('',(0.,0.,1.));
#11028=DIRECTION('',(1.,0.,0.));
#11029=DIRECTION('',(0.,0.,1.));
#11030=DIRECTION('',(1.,0.,0.));
#11031=DIRECTION('',(0.,0.,1.));
#11032=DIRECTION('',(0.,0.,1.));
#11033=DIRECTION('',(1.,0.,0.));
#11034=DIRECTION('',(0.,0.,1.));
#11035=DIRECTION('',(1.,0.,0.));
#11036=DIRECTION('',(0.,0.,1.));
#11037=DIRECTION('',(1.,0.,0.));
#11038=DIRECTION('',(0.,0.,1.));
#11039=DIRECTION('',(-0.538624996322616,-0.842545614988567,0.));
#11040=DIRECTION('',(0.842545614988567,-0.538624996322616,0.));
#11041=DIRECTION('',(0.842545614988567,-0.538624996322616,0.));
#11042=DIRECTION('',(0.842545614988567,-0.538624996322616,0.));
#11043=DIRECTION('',(0.,0.,1.));
#11044=DIRECTION('',(0.,0.,1.));
#11045=DIRECTION('',(1.,0.,0.));
#11046=DIRECTION('',(0.,0.,1.));
#11047=DIRECTION('',(1.,0.,0.));
#11048=DIRECTION('',(0.,0.,1.));
#11049=DIRECTION('',(1.,0.,0.));
#11050=DIRECTION('',(0.,0.,1.));
#11051=DIRECTION('',(0.,0.,1.));
#11052=DIRECTION('',(1.,0.,0.));
#11053=DIRECTION('',(0.,0.,1.));
#11054=DIRECTION('',(1.,0.,0.));
#11055=DIRECTION('',(0.,0.,1.));
#11056=DIRECTION('',(1.,0.,0.));
#11057=DIRECTION('',(0.,0.,1.));
#11058=DIRECTION('',(0.,0.,1.));
#11059=DIRECTION('',(1.,0.,0.));
#11060=DIRECTION('',(0.,0.,1.));
#11061=DIRECTION('',(1.,0.,0.));
#11062=DIRECTION('',(0.,0.,1.));
#11063=DIRECTION('',(1.,0.,0.));
#11064=DIRECTION('',(0.,0.,1.));
#11065=DIRECTION('',(-0.175196361935096,0.984533511245152,0.));
#11066=DIRECTION('',(-0.984533511245152,-0.175196361935096,0.));
#11067=DIRECTION('',(-0.984533511245152,-0.175196361935096,0.));
#11068=DIRECTION('',(-0.984533511245152,-0.175196361935096,0.));
#11069=DIRECTION('',(0.,0.,1.));
#11070=DIRECTION('',(0.,0.,1.));
#11071=DIRECTION('',(1.,0.,0.));
#11072=DIRECTION('',(0.,0.,1.));
#11073=DIRECTION('',(1.,0.,0.));
#11074=DIRECTION('',(0.,0.,1.));
#11075=DIRECTION('',(1.,0.,0.));
#11076=DIRECTION('',(0.,0.,1.));
#11077=DIRECTION('',(0.,0.,1.));
#11078=DIRECTION('',(1.,0.,0.));
#11079=DIRECTION('',(0.,0.,1.));
#11080=DIRECTION('',(1.,0.,0.));
#11081=DIRECTION('',(0.,0.,1.));
#11082=DIRECTION('',(1.,0.,0.));
#11083=DIRECTION('',(0.,0.,1.));
#11084=DIRECTION('',(0.,0.,1.));
#11085=DIRECTION('',(1.,0.,0.));
#11086=DIRECTION('',(0.,0.,1.));
#11087=DIRECTION('',(1.,0.,0.));
#11088=DIRECTION('',(0.,0.,1.));
#11089=DIRECTION('',(1.,0.,0.));
#11090=DIRECTION('',(0.,0.,1.));
#11091=DIRECTION('',(-0.424042713917134,-0.905642190257163,0.));
#11092=DIRECTION('',(0.905642190257163,-0.424042713917134,0.));
#11093=DIRECTION('',(0.905642190257163,-0.424042713917134,0.));
#11094=DIRECTION('',(0.905642190257163,-0.424042713917134,0.));
#11095=DIRECTION('',(0.,0.,1.));
#11096=DIRECTION('',(0.,0.,1.));
#11097=DIRECTION('',(1.,0.,0.));
#11098=DIRECTION('',(0.,0.,1.));
#11099=DIRECTION('',(1.,0.,0.));
#11100=DIRECTION('',(0.,0.,1.));
#11101=DIRECTION('',(1.,0.,0.));
#11102=DIRECTION('',(0.,0.,1.));
#11103=DIRECTION('',(0.,0.,1.));
#11104=DIRECTION('',(1.,0.,0.));
#11105=DIRECTION('',(0.,0.,1.));
#11106=DIRECTION('',(1.,0.,0.));
#11107=DIRECTION('',(0.,0.,1.));
#11108=DIRECTION('',(1.,0.,0.));
#11109=DIRECTION('',(0.,0.,1.));
#11110=DIRECTION('',(0.,0.,1.));
#11111=DIRECTION('',(1.,0.,0.));
#11112=DIRECTION('',(0.,0.,1.));
#11113=DIRECTION('',(1.,0.,0.));
#11114=DIRECTION('',(0.,0.,1.));
#11115=DIRECTION('',(1.,0.,0.));
#11116=DIRECTION('',(0.,0.,1.));
#11117=DIRECTION('',(-0.302204943106833,0.953242976560434,0.));
#11118=DIRECTION('',(-0.953242976560434,-0.302204943106833,0.));
#11119=DIRECTION('',(-0.953242976560434,-0.302204943106833,0.));
#11120=DIRECTION('',(-0.953242976560434,-0.302204943106833,0.));
#11121=DIRECTION('',(0.,0.,1.));
#11122=DIRECTION('',(1.,0.,0.));
#11123=DIRECTION('',(-1.,0.,0.));
#11124=DIRECTION('',(0.,-1.,0.));
#11125=DIRECTION('',(0.,0.,-1.));
#11126=DIRECTION('',(-1.,0.,0.));
#11127=DIRECTION('',(0.,1.,0.));
#11128=DIRECTION('',(0.,0.,1.));
#11129=DIRECTION('',(1.,0.,0.));
#11130=DIRECTION('',(0.,-1.,0.));
#11131=DIRECTION('',(-1.,0.,0.));
#11132=DIRECTION('',(0.,1.,0.));
#11133=DIRECTION('',(0.,0.,-1.));
#11134=DIRECTION('',(-1.,0.,0.));
#11135=DIRECTION('',(0.,0.,1.));
#11136=DIRECTION('',(1.,0.,0.));
#11137=DIRECTION('',(0.,0.,-1.));
#11138=DIRECTION('',(-1.,0.,0.));
#11139=DIRECTION('',(0.,0.,-1.));
#11140=DIRECTION('',(-1.,0.,0.));
#11141=DIRECTION('',(0.,0.,-1.));
#11142=DIRECTION('',(0.,0.,-1.));
#11143=DIRECTION('',(0.,0.,-1.));
#11144=DIRECTION('',(-1.,0.,0.));
#11145=DIRECTION('',(0.,0.,-1.));
#11146=DIRECTION('',(-1.,0.,0.));
#11147=DIRECTION('',(-1.,0.,0.));
#11148=DIRECTION('',(0.,0.,1.));
#11149=DIRECTION('',(0.,0.,1.));
#11150=DIRECTION('',(1.,0.,0.));
#11151=DIRECTION('',(0.,0.,-1.));
#11152=DIRECTION('',(0.,0.,1.));
#11153=DIRECTION('',(0.,1.,0.));
#11154=DIRECTION('',(0.,0.,1.));
#11155=CARTESIAN_POINT('',(0.,0.,0.));
#11156=CARTESIAN_POINT('',(-74.4957919736761,0.791819559480026,-30.));
#11157=CARTESIAN_POINT('',(-74.4957919736761,0.791819559480026,0.));
#11158=CARTESIAN_POINT('',(-74.6468944452294,1.26844104776019,0.));
#11159=CARTESIAN_POINT('',(-74.9957637318886,0.797133784711447,0.));
#11160=CARTESIAN_POINT('',(-74.6468944452294,1.26844104776019,-30.));
#11161=CARTESIAN_POINT('',(-74.6468944452294,1.26844104776019,-30.));
#11162=CARTESIAN_POINT('',(-74.4957919736761,0.791819559480026,-30.));
#11163=CARTESIAN_POINT('',(-74.9957637318886,0.797133784711447,-30.));
#11164=CARTESIAN_POINT('',(-74.9957637318886,0.797133784711447,-30.));
#11165=CARTESIAN_POINT('',(-5.01820807130571E-11,-6.55020742507118E-13,
-30.));
#11166=CARTESIAN_POINT('',(-5.01820807130571E-11,-6.55020742507118E-13,
0.));
#11167=CARTESIAN_POINT('',(-74.9957637318886,-0.797133784711373,0.));
#11168=CARTESIAN_POINT('',(-5.01820807130571E-11,-6.55020742507118E-13,
-30.));
#11169=CARTESIAN_POINT('',(-74.9957637318886,-0.797133784711373,-30.));
#11170=CARTESIAN_POINT('',(-74.9957637318886,-0.797133784711373,-30.));
#11171=CARTESIAN_POINT('',(-74.495791973676,-0.791819559479956,-30.));
#11172=CARTESIAN_POINT('',(-74.495791973676,-0.791819559479956,0.));
#11173=CARTESIAN_POINT('',(-74.6468944452301,-1.26844104775996,0.));
#11174=CARTESIAN_POINT('',(-74.495791973676,-0.791819559479956,-30.));
#11175=CARTESIAN_POINT('',(-74.6468944452301,-1.26844104775996,-30.));
#11176=CARTESIAN_POINT('',(-74.6468944452301,-1.26844104775996,-30.));
#11177=CARTESIAN_POINT('',(-74.6468944452301,-1.26844104775996,-30.));
#11178=CARTESIAN_POINT('',(-74.6468944452301,-1.26844104775996,0.));
#11179=CARTESIAN_POINT('',(-68.7856986570796,-3.12660563250924,0.));
#11180=CARTESIAN_POINT('',(-74.6468944452301,-1.26844104775996,-30.));
#11181=CARTESIAN_POINT('',(-68.7856986570796,-3.12660563250924,-30.));
#11182=CARTESIAN_POINT('',(-68.7856986570796,-3.12660563250924,-30.));
#11183=CARTESIAN_POINT('',(-68.891435984068,-3.86911463426024,-30.));
#11184=CARTESIAN_POINT('',(-68.891435984068,-3.86911463426024,0.));
#11185=CARTESIAN_POINT('',(-68.1426160277195,-3.82705904040938,0.));
#11186=CARTESIAN_POINT('',(-68.891435984068,-3.86911463426024,-30.));
#11187=CARTESIAN_POINT('',(-68.1426160277195,-3.82705904040938,-30.));
#11188=CARTESIAN_POINT('',(-68.1426160277195,-3.82705904040938,-30.));
#11189=CARTESIAN_POINT('',(-3.49595352666654E-10,-2.30414645696619E-11,
-30.));
#11190=CARTESIAN_POINT('',(-3.49595352666654E-10,-2.30414645696619E-11,
0.));
#11191=CARTESIAN_POINT('',(-68.0591779451962,-5.10007817823452,0.));
#11192=CARTESIAN_POINT('',(-3.49595352666654E-10,-2.30414645696619E-11,
-30.));
#11193=CARTESIAN_POINT('',(-68.0591779451962,-5.10007817823452,-30.));
#11194=CARTESIAN_POINT('',(-68.0591779451962,-5.10007817823452,-30.));
#11195=CARTESIAN_POINT('',(-68.8070809995391,-5.15612299337976,-30.));
#11196=CARTESIAN_POINT('',(-68.8070809995391,-5.15612299337976,0.));
#11197=CARTESIAN_POINT('',(-68.6053313973569,-5.87847823702335,0.));
#11198=CARTESIAN_POINT('',(-68.8070809995391,-5.15612299337976,-30.));
#11199=CARTESIAN_POINT('',(-68.6053313973569,-5.87847823702335,-30.));
#11200=CARTESIAN_POINT('',(-68.6053313973569,-5.87847823702335,-30.));
#11201=CARTESIAN_POINT('',(-68.6053313973569,-5.87847823702335,-30.));
#11202=CARTESIAN_POINT('',(-68.6053313973569,-5.87847823702335,0.));
#11203=CARTESIAN_POINT('',(-74.1738446952564,-8.48578553423017,0.));
#11204=CARTESIAN_POINT('',(-68.6053313973569,-5.87847823702335,-30.));
#11205=CARTESIAN_POINT('',(-74.1738446952564,-8.48578553423017,-30.));
#11206=CARTESIAN_POINT('',(-74.1738446952564,-8.48578553423017,-30.));
#11207=CARTESIAN_POINT('',(-73.9618233382981,-8.93860662935893,-30.));
#11208=CARTESIAN_POINT('',(-73.9618233382981,-8.93860662935893,0.));
#11209=CARTESIAN_POINT('',(-74.4582113369408,-8.99859791875615,0.));
#11210=CARTESIAN_POINT('',(-73.9618233382981,-8.93860662935893,-30.));
#11211=CARTESIAN_POINT('',(-74.4582113369408,-8.99859791875615,-30.));
#11212=CARTESIAN_POINT('',(-74.4582113369408,-8.99859791875615,-30.));
#11213=CARTESIAN_POINT('',(1.33365540833097E-11,1.59594559789866E-12,-30.));
#11214=CARTESIAN_POINT('',(1.33365540833097E-11,1.59594559789866E-12,0.));
#11215=CARTESIAN_POINT('',(-74.250117739176,-10.5792256672449,0.));
#11216=CARTESIAN_POINT('',(1.33365540833097E-11,1.59594559789866E-12,-30.));
#11217=CARTESIAN_POINT('',(-74.250117739176,-10.5792256672449,-30.));
#11218=CARTESIAN_POINT('',(-74.250117739176,-10.5792256672449,-30.));
#11219=CARTESIAN_POINT('',(-73.7551169542484,-10.5086974961276,-30.));
#11220=CARTESIAN_POINT('',(-73.7551169542484,-10.5086974961276,0.));
#11221=CARTESIAN_POINT('',(-73.8427151352153,-11.0009642517503,0.));
#11222=CARTESIAN_POINT('',(-73.7551169542484,-10.5086974961276,-30.));
#11223=CARTESIAN_POINT('',(-73.8427151352153,-11.0009642517503,-30.));
#11224=CARTESIAN_POINT('',(-73.8427151352153,-11.0009642517503,-30.));
#11225=CARTESIAN_POINT('',(-73.8427151352153,-11.0009642517503,-30.));
#11226=CARTESIAN_POINT('',(-73.8427151352153,-11.0009642517503,0.));
#11227=CARTESIAN_POINT('',(-67.7891235417657,-12.0781924127929,0.));
#11228=CARTESIAN_POINT('',(-73.8427151352153,-11.0009642517503,-30.));
#11229=CARTESIAN_POINT('',(-67.7891235417657,-12.0781924127929,-30.));
#11230=CARTESIAN_POINT('',(-67.7891235417657,-12.0781924127929,-30.));
#11231=CARTESIAN_POINT('',(-67.7970393985953,-12.8281506377701,-30.));
#11232=CARTESIAN_POINT('',(-67.7970393985953,-12.8281506377701,0.));
#11233=CARTESIAN_POINT('',(-67.0601150573061,-12.6887142177941,0.));
#11234=CARTESIAN_POINT('',(-67.7970393985953,-12.8281506377701,-30.));
#11235=CARTESIAN_POINT('',(-67.0601150573061,-12.6887142177941,-30.));
#11236=CARTESIAN_POINT('',(-67.0601150573061,-12.6887142177941,-30.));
#11237=CARTESIAN_POINT('',(-2.28372876165395E-10,-4.62043597826423E-11,
-30.));
#11238=CARTESIAN_POINT('',(-2.28372876165395E-10,-4.62043597826423E-11,
0.));
#11239=CARTESIAN_POINT('',(-66.81122845846,-13.939951645234,0.));
#11240=CARTESIAN_POINT('',(-2.28372876165395E-10,-4.62043597826423E-11,
-30.));
#11241=CARTESIAN_POINT('',(-66.81122845846,-13.939951645234,-30.));
#11242=CARTESIAN_POINT('',(-66.81122845846,-13.939951645234,-30.));
#11243=CARTESIAN_POINT('',(-67.5454177821795,-14.0931379270493,-30.));
#11244=CARTESIAN_POINT('',(-67.5454177821795,-14.0931379270493,0.));
#11245=CARTESIAN_POINT('',(-67.2511078964684,-14.7829797141085,0.));
#11246=CARTESIAN_POINT('',(-67.5454177821795,-14.0931379270493,-30.));
#11247=CARTESIAN_POINT('',(-67.2511078964684,-14.7829797141085,-30.));
#11248=CARTESIAN_POINT('',(-67.2511078964684,-14.7829797141085,-30.));
#11249=CARTESIAN_POINT('',(-67.2511078964684,-14.7829797141085,-30.));
#11250=CARTESIAN_POINT('',(-67.2511078964684,-14.7829797141085,0.));
#11251=CARTESIAN_POINT('',(-72.4316598976701,-18.0948179730289,0.));
#11252=CARTESIAN_POINT('',(-67.2511078964684,-14.7829797141085,-30.));
#11253=CARTESIAN_POINT('',(-72.4316598976701,-18.0948179730289,-30.));
#11254=CARTESIAN_POINT('',(-72.4316598976701,-18.0948179730289,-30.));
#11255=CARTESIAN_POINT('',(-72.1623473995091,-18.5160907805234,-30.));
#11256=CARTESIAN_POINT('',(-72.1623473995091,-18.5160907805234,0.));
#11257=CARTESIAN_POINT('',(-72.6466583321746,-18.6403603282841,0.));
#11258=CARTESIAN_POINT('',(-72.1623473995091,-18.5160907805234,-30.));
#11259=CARTESIAN_POINT('',(-72.6466583321746,-18.6403603282841,-30.));
#11260=CARTESIAN_POINT('',(-72.6466583321746,-18.6403603282841,-30.));
#11261=CARTESIAN_POINT('',(1.08066333659451E-10,2.92960100622963E-11,-30.));
#11262=CARTESIAN_POINT('',(1.08066333659451E-10,2.92960100622963E-11,0.));
#11263=CARTESIAN_POINT('',(-72.2340316459251,-20.1803040654861,0.));
#11264=CARTESIAN_POINT('',(1.08066333659451E-10,2.92960100622963E-11,-30.));
#11265=CARTESIAN_POINT('',(-72.2340316459251,-20.1803040654861,-30.));
#11266=CARTESIAN_POINT('',(-72.2340316459251,-20.1803040654861,-30.));
#11267=CARTESIAN_POINT('',(-71.7524714349534,-20.0457687050459,-30.));
#11268=CARTESIAN_POINT('',(-71.7524714349534,-20.0457687050459,0.));
#11269=CARTESIAN_POINT('',(-71.7750664961715,-20.5452579073401,0.));
#11270=CARTESIAN_POINT('',(-71.7524714349534,-20.0457687050459,-30.));
#11271=CARTESIAN_POINT('',(-71.7750664961715,-20.5452579073401,-30.));
#11272=CARTESIAN_POINT('',(-71.7750664961715,-20.5452579073401,-30.));
#11273=CARTESIAN_POINT('',(-71.7750664961715,-20.5452579073401,-30.));
#11274=CARTESIAN_POINT('',(-71.7750664961715,-20.5452579073401,0.));
#11275=CARTESIAN_POINT('',(-65.6326577279709,-20.8231179721909,0.));
#11276=CARTESIAN_POINT('',(-71.7750664961715,-20.5452579073401,-30.));
#11277=CARTESIAN_POINT('',(-65.6326577279709,-20.8231179721909,-30.));
#11278=CARTESIAN_POINT('',(-65.6326577279709,-20.8231179721909,-30.));
#11279=CARTESIAN_POINT('',(-65.542616672121,-21.5676934272399,-30.));
#11280=CARTESIAN_POINT('',(-65.542616672121,-21.5676934272399,0.));
#11281=CARTESIAN_POINT('',(-64.830196925685,-21.3332619769434,0.));
#11282=CARTESIAN_POINT('',(-65.542616672121,-21.5676934272399,-30.));
#11283=CARTESIAN_POINT('',(-64.830196925685,-21.3332619769434,-30.));
#11284=CARTESIAN_POINT('',(-64.830196925685,-21.3332619769434,-30.));
#11285=CARTESIAN_POINT('',(1.04777297948999E-10,3.57873453094015E-11,-30.));
#11286=CARTESIAN_POINT('',(1.04777297948999E-10,3.57873453094015E-11,0.));
#11287=CARTESIAN_POINT('',(-64.4201203292301,-22.541308674687,0.));
#11288=CARTESIAN_POINT('',(1.04777297948999E-10,3.57873453094015E-11,-30.));
#11289=CARTESIAN_POINT('',(-64.4201203292301,-22.541308674687,-30.));
#11290=CARTESIAN_POINT('',(-64.4201203292301,-22.541308674687,-30.));
#11291=CARTESIAN_POINT('',(-65.1280337394415,-22.7890153634198,-30.));
#11292=CARTESIAN_POINT('',(-65.1280337394415,-22.7890153634198,0.));
#11293=CARTESIAN_POINT('',(-64.7461992938625,-23.4345403096221,0.));
#11294=CARTESIAN_POINT('',(-65.1280337394415,-22.7890153634198,-30.));
#11295=CARTESIAN_POINT('',(-64.7461992938625,-23.4345403096221,-30.));
#11296=CARTESIAN_POINT('',(-64.7461992938625,-23.4345403096221,-30.));
#11297=CARTESIAN_POINT('',(-64.7461992938625,-23.4345403096221,-30.));
#11298=CARTESIAN_POINT('',(-64.7461992938625,-23.4345403096221,0.));
#11299=CARTESIAN_POINT('',(-69.4501493173863,-27.3942430594786,0.));
#11300=CARTESIAN_POINT('',(-64.7461992938625,-23.4345403096221,-30.));
#11301=CARTESIAN_POINT('',(-69.4501493173863,-27.3942430594786,-30.));
#11302=CARTESIAN_POINT('',(-69.4501493173863,-27.3942430594786,-30.));
#11303=CARTESIAN_POINT('',(-69.1281536895327,-27.7767594848033,-30.));
#11304=CARTESIAN_POINT('',(-69.1281536895327,-27.7767594848033,0.));
#11305=CARTESIAN_POINT('',(-69.5921005214976,-27.9631819542369,0.));
#11306=CARTESIAN_POINT('',(-69.1281536895327,-27.7767594848033,-30.));
#11307=CARTESIAN_POINT('',(-69.5921005214976,-27.9631819542369,-30.));
#11308=CARTESIAN_POINT('',(-69.5921005214976,-27.9631819542369,-30.));
#11309=CARTESIAN_POINT('',(-1.66339164664464E-10,-6.82787160144471E-11,
-30.));
#11310=CARTESIAN_POINT('',(-1.66339164664464E-10,-6.82787160144471E-11,
0.));
#11311=CARTESIAN_POINT('',(-68.9820012441559,-29.4360918661302,0.));
#11312=CARTESIAN_POINT('',(-1.66339164664464E-10,-6.82787160144471E-11,
-30.));
#11313=CARTESIAN_POINT('',(-68.9820012441559,-29.4360918661302,-30.));
#11314=CARTESIAN_POINT('',(-68.9820012441559,-29.4360918661302,-30.));
#11315=CARTESIAN_POINT('',(-68.5221212358613,-29.2398512536899,-30.));
#11316=CARTESIAN_POINT('',(-68.5221212358613,-29.2398512536899,0.));
#11317=CARTESIAN_POINT('',(-68.4793265695695,-29.7380165039202,0.));
#11318=CARTESIAN_POINT('',(-68.5221212358613,-29.2398512536899,-30.));
#11319=CARTESIAN_POINT('',(-68.4793265695695,-29.7380165039202,-30.));
#11320=CARTESIAN_POINT('',(-68.4793265695695,-29.7380165039202,-30.));
#11321=CARTESIAN_POINT('',(-68.4793265695695,-29.7380165039202,-30.));
#11322=CARTESIAN_POINT('',(-68.4793265695695,-29.7380165039202,0.));
#11323=CARTESIAN_POINT('',(-62.3531989436934,-29.2117542098323,0.));
#11324=CARTESIAN_POINT('',(-68.4793265695695,-29.7380165039202,-30.));
#11325=CARTESIAN_POINT('',(-62.3531989436934,-29.2117542098323,-30.));
#11326=CARTESIAN_POINT('',(-62.3531989436934,-29.2117542098323,-30.));
#11327=CARTESIAN_POINT('',(-62.1667416025423,-29.9382070024699,-30.));
#11328=CARTESIAN_POINT('',(-62.1667416025423,-29.9382070024699,0.));
#11329=CARTESIAN_POINT('',(-61.4910161503407,-29.6127917089647,0.));
#11330=CARTESIAN_POINT('',(-62.1667416025423,-29.9382070024699,-30.));
#11331=CARTESIAN_POINT('',(-61.4910161503407,-29.6127917089647,-30.));
#11332=CARTESIAN_POINT('',(-61.4910161503407,-29.6127917089647,-30.));
#11333=CARTESIAN_POINT('',(-7.80625564189563E-12,-3.45903861109775E-12,
-30.));
#11334=CARTESIAN_POINT('',(-7.80625564189563E-12,-3.45903861109775E-12,
0.));
#11335=CARTESIAN_POINT('',(-60.926766080534,-30.756977663091,0.));
#11336=CARTESIAN_POINT('',(-7.80625564189563E-12,-3.45903861109775E-12,
-30.));
#11337=CARTESIAN_POINT('',(-60.926766080534,-30.756977663091,-30.));
#11338=CARTESIAN_POINT('',(-60.926766080534,-30.756977663091,-30.));
#11339=CARTESIAN_POINT('',(-61.596290982518,-31.0949664286192,-30.));
#11340=CARTESIAN_POINT('',(-61.596290982518,-31.0949664286192,0.));
#11341=CARTESIAN_POINT('',(-61.1334652703341,-31.6851294231737,0.));
#11342=CARTESIAN_POINT('',(-61.596290982518,-31.0949664286192,-30.));
#11343=CARTESIAN_POINT('',(-61.1334652703341,-31.6851294231737,-30.));
#11344=CARTESIAN_POINT('',(-61.1334652703341,-31.6851294231737,-30.));
#11345=CARTESIAN_POINT('',(-61.1334652703341,-31.6851294231737,-30.));
#11346=CARTESIAN_POINT('',(-61.1334652703341,-31.6851294231737,0.));
#11347=CARTESIAN_POINT('',(-65.2803274270634,-36.2249450520583,0.));
#11348=CARTESIAN_POINT('',(-61.1334652703341,-31.6851294231737,-30.));
#11349=CARTESIAN_POINT('',(-65.2803274270634,-36.2249450520583,-30.));
#11350=CARTESIAN_POINT('',(-65.2803274270634,-36.2249450520583,-30.));
#11351=CARTESIAN_POINT('',(-64.9111581039837,-36.5621601331222,-30.));
#11352=CARTESIAN_POINT('',(-64.9111581039837,-36.5621601331222,0.));
#11353=CARTESIAN_POINT('',(-65.3468043224898,-36.8075422276225,0.));
#11354=CARTESIAN_POINT('',(-64.9111581039837,-36.5621601331222,-30.));
#11355=CARTESIAN_POINT('',(-65.3468043224898,-36.8075422276225,-30.));
#11356=CARTESIAN_POINT('',(-65.3468043224898,-36.8075422276225,-30.));
#11357=CARTESIAN_POINT('',(-2.80095391325119E-10,-1.61155810918245E-10,
-30.));
#11358=CARTESIAN_POINT('',(-2.80095391325119E-10,-1.61155810918245E-10,
0.));
#11359=CARTESIAN_POINT('',(-64.5496685898631,-38.1882218090712,0.));
#11360=CARTESIAN_POINT('',(-2.80095391325119E-10,-1.61155810918245E-10,
-30.));
#11361=CARTESIAN_POINT('',(-64.5496685898631,-38.1882218090712,-30.));
#11362=CARTESIAN_POINT('',(-64.5496685898631,-38.1882218090712,-30.));
#11363=CARTESIAN_POINT('',(-64.1193385445078,-37.9336318405639,-30.));
#11364=CARTESIAN_POINT('',(-64.1193385445078,-37.9336318405639,0.));
#11365=CARTESIAN_POINT('',(-64.0118863793061,-38.4219493931805,0.));
#11366=CARTESIAN_POINT('',(-64.1193385445078,-37.9336318405639,-30.));
#11367=CARTESIAN_POINT('',(-64.0118863793061,-38.4219493931805,-30.));
#11368=CARTESIAN_POINT('',(-64.0118863793061,-38.4219493931805,-30.));
#11369=CARTESIAN_POINT('',(-64.0118863793061,-38.4219493931805,-30.));
#11370=CARTESIAN_POINT('',(-64.0118863793061,-38.4219493931805,0.));
#11371=CARTESIAN_POINT('',(-58.0068596378424,-37.1005692339007,0.));
#11372=CARTESIAN_POINT('',(-64.0118863793061,-38.4219493931805,-30.));
#11373=CARTESIAN_POINT('',(-58.0068596378424,-37.1005692339007,-30.));
#11374=CARTESIAN_POINT('',(-58.0068596378424,-37.1005692339007,-30.));
#11375=CARTESIAN_POINT('',(-57.727176348267,-37.7964695554499,-30.));
#11376=CARTESIAN_POINT('',(-57.727176348267,-37.7964695554499,0.));
#11377=CARTESIAN_POINT('',(-57.0997067723222,-37.3856387736629,0.));
#11378=CARTESIAN_POINT('',(-57.727176348267,-37.7964695554499,-30.));
#11379=CARTESIAN_POINT('',(-57.0997067723222,-37.3856387736629,-30.));
#11380=CARTESIAN_POINT('',(-57.0997067723222,-37.3856387736629,-30.));
#11381=CARTESIAN_POINT('',(-1.85296222809939E-10,-1.23588639322492E-10,
-30.));
#11382=CARTESIAN_POINT('',(-1.85296222809939E-10,-1.23588639322492E-10,
0.));
#11383=CARTESIAN_POINT('',(-56.3909379721107,-38.4463862362322,0.));
#11384=CARTESIAN_POINT('',(-1.85296222809939E-10,-1.23588639322492E-10,
-30.));
#11385=CARTESIAN_POINT('',(-56.3909379721107,-38.4463862362322,-30.));
#11386=CARTESIAN_POINT('',(-56.3909379721107,-38.4463862362322,-30.));
#11387=CARTESIAN_POINT('',(-57.0106186091669,-38.86887399707,-30.));
#11388=CARTESIAN_POINT('',(-57.0106186091669,-38.86887399707,0.));
#11389=CARTESIAN_POINT('',(-56.4747207066377,-39.3935771875166,0.));
#11390=CARTESIAN_POINT('',(-57.0106186091669,-38.86887399707,-30.));
#11391=CARTESIAN_POINT('',(-56.4747207066377,-39.3935771875166,-30.));
#11392=CARTESIAN_POINT('',(-56.4747207066377,-39.3935771875166,-30.));
#11393=CARTESIAN_POINT('',(-56.4747207066377,-39.3935771875166,-30.));
#11394=CARTESIAN_POINT('',(-56.4747207066377,-39.3935771875166,0.));
#11395=CARTESIAN_POINT('',(-59.993541035338,-44.4358281913387,0.));
#11396=CARTESIAN_POINT('',(-56.4747207066377,-39.3935771875166,-30.));
#11397=CARTESIAN_POINT('',(-59.993541035338,-44.4358281913387,-30.));
#11398=CARTESIAN_POINT('',(-59.993541035338,-44.4358281913387,-30.));
#11399=CARTESIAN_POINT('',(-59.5835146065033,-44.721972084611,-30.));
#11400=CARTESIAN_POINT('',(-59.5835146065033,-44.721972084611,0.));
#11401=CARTESIAN_POINT('',(-59.9834034068347,-45.022120293617,0.));
#11402=CARTESIAN_POINT('',(-59.5835146065033,-44.721972084611,-30.));
#11403=CARTESIAN_POINT('',(-59.9834034068347,-45.022120293617,-30.));
#11404=CARTESIAN_POINT('',(-59.9834034068347,-45.022120293617,-30.));
#11405=CARTESIAN_POINT('',(2.17735551810705E-10,1.67116320781702E-10,-30.));
#11406=CARTESIAN_POINT('',(2.17735551810705E-10,1.67116320781702E-10,0.));
#11407=CARTESIAN_POINT('',(-59.0128740464107,-46.2869387277065,0.));
#11408=CARTESIAN_POINT('',(2.17735551810705E-10,1.67116320781702E-10,-30.));
#11409=CARTESIAN_POINT('',(-59.0128740464107,-46.2869387277065,-30.));
#11410=CARTESIAN_POINT('',(-59.0128740464107,-46.2869387277065,-30.));
#11411=CARTESIAN_POINT('',(-58.6194561934117,-45.9783574694587,-30.));
#11412=CARTESIAN_POINT('',(-58.6194561934117,-45.9783574694587,0.));
#11413=CARTESIAN_POINT('',(-58.449185065643,-46.44847207575,0.));
#11414=CARTESIAN_POINT('',(-58.6194561934117,-45.9783574694587,-30.));
#11415=CARTESIAN_POINT('',(-58.449185065643,-46.44847207575,-30.));
#11416=CARTESIAN_POINT('',(-58.449185065643,-46.44847207575,-30.));
#11417=CARTESIAN_POINT('',(-58.449185065643,-46.44847207575,-30.));
#11418=CARTESIAN_POINT('',(-58.449185065643,-46.44847207575,0.));
#11419=CARTESIAN_POINT('',(-52.6680068810913,-44.3545832321777,0.));
#11420=CARTESIAN_POINT('',(-58.449185065643,-46.44847207575,-30.));
#11421=CARTESIAN_POINT('',(-52.6680068810913,-44.3545832321777,-30.));
#11422=CARTESIAN_POINT('',(-52.6680068810913,-44.3545832321777,-30.));
#11423=CARTESIAN_POINT('',(-52.2998831016736,-45.0080240351791,-30.));
#11424=CARTESIAN_POINT('',(-52.2998831016736,-45.0080240351791,0.));
#11425=CARTESIAN_POINT('',(-51.7314061114382,-44.5188063826226,0.));
#11426=CARTESIAN_POINT('',(-52.2998831016736,-45.0080240351791,-30.));
#11427=CARTESIAN_POINT('',(-51.7314061114382,-44.5188063826226,-30.));
#11428=CARTESIAN_POINT('',(-51.7314061114382,-44.5188063826226,-30.));
#11429=CARTESIAN_POINT('',(1.11861908624888E-10,9.65894031423886E-11,-30.));
#11430=CARTESIAN_POINT('',(1.11861908624888E-10,9.65894031423886E-11,0.));
#11431=CARTESIAN_POINT('',(-50.8902452804594,-45.4779664815246,0.));
#11432=CARTESIAN_POINT('',(1.11861908624888E-10,9.65894031423886E-11,-30.));
#11433=CARTESIAN_POINT('',(-50.8902452804594,-45.4779664815246,-30.));
#11434=CARTESIAN_POINT('',(-50.8902452804594,-45.4779664815246,-30.));
#11435=CARTESIAN_POINT('',(-51.4494787450801,-45.9777243549475,-30.));
#11436=CARTESIAN_POINT('',(-51.4494787450801,-45.9777243549475,0.));
#11437=CARTESIAN_POINT('',(-50.8496780139085,-46.427989924235,0.));
#11438=CARTESIAN_POINT('',(-51.4494787450801,-45.9777243549475,-30.));
#11439=CARTESIAN_POINT('',(-50.8496780139085,-46.427989924235,-30.));
#11440=CARTESIAN_POINT('',(-50.8496780139085,-46.427989924235,-30.));
#11441=CARTESIAN_POINT('',(-50.8496780139085,-46.427989924235,-30.));
#11442=CARTESIAN_POINT('',(-50.8496780139085,-46.427989924235,0.));
#11443=CARTESIAN_POINT('',(-53.6802485231441,-51.8864019903384,0.));
#11444=CARTESIAN_POINT('',(-50.8496780139085,-46.427989924235,-30.));
#11445=CARTESIAN_POINT('',(-53.6802485231441,-51.8864019903384,-30.));
#11446=CARTESIAN_POINT('',(-53.6802485231441,-51.8864019903384,-30.));
#11447=CARTESIAN_POINT('',(-53.2363806544327,-52.1165786944714,-30.));
#11448=CARTESIAN_POINT('',(-53.2363806544327,-52.1165786944714,0.));
#11449=CARTESIAN_POINT('',(-53.5936733351819,-52.4663528219923,0.));
#11450=CARTESIAN_POINT('',(-53.2363806544327,-52.1165786944714,-30.));
#11451=CARTESIAN_POINT('',(-53.5936733351819,-52.4663528219923,-30.));
#11452=CARTESIAN_POINT('',(-53.5936733351819,-52.4663528219923,-30.));
#11453=CARTESIAN_POINT('',(-3.90867893607094E-11,-3.94614896315204E-11,
-30.));
#11454=CARTESIAN_POINT('',(-3.90867893607094E-11,-3.94614896315204E-11,
0.));
#11455=CARTESIAN_POINT('',(-52.4663525873732,-53.5936735648659,0.));
#11456=CARTESIAN_POINT('',(-3.90867893607094E-11,-3.94614896315204E-11,
-30.));
#11457=CARTESIAN_POINT('',(-52.4663525873732,-53.5936735648659,-30.));
#11458=CARTESIAN_POINT('',(-52.4663525873732,-53.5936735648659,-30.));
#11459=CARTESIAN_POINT('',(-52.1165786944666,-53.2363806544393,-30.));
#11460=CARTESIAN_POINT('',(-52.1165786944666,-53.2363806544393,0.));
#11461=CARTESIAN_POINT('',(-51.8864019903324,-53.6802485231503,0.));
#11462=CARTESIAN_POINT('',(-52.1165786944666,-53.2363806544393,-30.));
#11463=CARTESIAN_POINT('',(-51.8864019903324,-53.6802485231503,-30.));
#11464=CARTESIAN_POINT('',(-51.8864019903324,-53.6802485231503,-30.));
#11465=CARTESIAN_POINT('',(-51.8864019903324,-53.6802485231503,-30.));
#11466=CARTESIAN_POINT('',(-51.8864019903324,-53.6802485231503,0.));
#11467=CARTESIAN_POINT('',(-46.4279899242375,-50.8496780139214,0.));
#11468=CARTESIAN_POINT('',(-51.8864019903324,-53.6802485231503,-30.));
#11469=CARTESIAN_POINT('',(-46.4279899242375,-50.8496780139214,-30.));
#11470=CARTESIAN_POINT('',(-46.4279899242375,-50.8496780139214,-30.));
#11471=CARTESIAN_POINT('',(-45.9777243549409,-51.4494787450863,-30.));
#11472=CARTESIAN_POINT('',(-45.9777243549409,-51.4494787450863,0.));
#11473=CARTESIAN_POINT('',(-45.4779664815185,-50.8902452804649,0.));
#11474=CARTESIAN_POINT('',(-45.9777243549409,-51.4494787450863,-30.));
#11475=CARTESIAN_POINT('',(-45.4779664815185,-50.8902452804649,-30.));
#11476=CARTESIAN_POINT('',(-45.4779664815185,-50.8902452804649,-30.));
#11477=CARTESIAN_POINT('',(-7.61057883380545E-11,-8.64378013609723E-11,
-30.));
#11478=CARTESIAN_POINT('',(-7.61057883380545E-11,-8.64378013609723E-11,
0.));
#11479=CARTESIAN_POINT('',(-44.5188063826191,-51.7314061114414,0.));
#11480=CARTESIAN_POINT('',(-7.61057883380545E-11,-8.64378013609723E-11,
-30.));
#11481=CARTESIAN_POINT('',(-44.5188063826191,-51.7314061114414,-30.));
#11482=CARTESIAN_POINT('',(-44.5188063826191,-51.7314061114414,-30.));
#11483=CARTESIAN_POINT('',(-45.008024035176,-52.2998831016766,-30.));
#11484=CARTESIAN_POINT('',(-45.008024035176,-52.2998831016766,0.));
#11485=CARTESIAN_POINT('',(-44.3545832321699,-52.6680068810861,0.));
#11486=CARTESIAN_POINT('',(-45.008024035176,-52.2998831016766,-30.));
#11487=CARTESIAN_POINT('',(-44.3545832321699,-52.6680068810861,-30.));
#11488=CARTESIAN_POINT('',(-44.3545832321699,-52.6680068810861,-30.));
#11489=CARTESIAN_POINT('',(-44.3545832321699,-52.6680068810861,-30.));
#11490=CARTESIAN_POINT('',(-44.3545832321699,-52.6680068810861,0.));
#11491=CARTESIAN_POINT('',(-46.4484720757446,-58.4491850656518,0.));
#11492=CARTESIAN_POINT('',(-44.3545832321699,-52.6680068810861,-30.));
#11493=CARTESIAN_POINT('',(-46.4484720757446,-58.4491850656518,-30.));
#11494=CARTESIAN_POINT('',(-46.4484720757446,-58.4491850656518,-30.));
#11495=CARTESIAN_POINT('',(-45.9783574694532,-58.6194561934199,-30.));
#11496=CARTESIAN_POINT('',(-45.9783574694532,-58.6194561934199,0.));
#11497=CARTESIAN_POINT('',(-46.2869392043627,-59.0128736725439,0.));
#11498=CARTESIAN_POINT('',(-45.9783574694532,-58.6194561934199,-30.));
#11499=CARTESIAN_POINT('',(-46.2869392043627,-59.0128736725439,-30.));
#11500=CARTESIAN_POINT('',(-46.2869392043627,-59.0128736725439,-30.));
#11501=CARTESIAN_POINT('',(7.83817455385361E-11,1.01731123525184E-10,-30.));
#11502=CARTESIAN_POINT('',(7.83817455385361E-11,1.01731123525184E-10,0.));
#11503=CARTESIAN_POINT('',(-45.0221215662514,-59.9834024516255,0.));
#11504=CARTESIAN_POINT('',(7.83817455385361E-11,1.01731123525184E-10,-30.));
#11505=CARTESIAN_POINT('',(-45.0221215662514,-59.9834024516255,-30.));
#11506=CARTESIAN_POINT('',(-45.0221215662514,-59.9834024516255,-30.));
#11507=CARTESIAN_POINT('',(-44.721972084614,-59.5835146065078,-30.));
#11508=CARTESIAN_POINT('',(-44.721972084614,-59.5835146065078,0.));
#11509=CARTESIAN_POINT('',(-44.4358281913405,-59.9935410353418,0.));
#11510=CARTESIAN_POINT('',(-44.721972084614,-59.5835146065078,-30.));
#11511=CARTESIAN_POINT('',(-44.4358281913405,-59.9935410353418,-30.));
#11512=CARTESIAN_POINT('',(-44.4358281913405,-59.9935410353418,-30.));
#11513=CARTESIAN_POINT('',(-44.4358281913405,-59.9935410353418,-30.));
#11514=CARTESIAN_POINT('',(-44.4358281913405,-59.9935410353418,0.));
#11515=CARTESIAN_POINT('',(-39.3935771875298,-56.4747207066527,0.));
#11516=CARTESIAN_POINT('',(-44.4358281913405,-59.9935410353418,-30.));
#11517=CARTESIAN_POINT('',(-39.3935771875298,-56.4747207066527,-30.));
#11518=CARTESIAN_POINT('',(-39.3935771875298,-56.4747207066527,-30.));
#11519=CARTESIAN_POINT('',(-38.8688739970688,-57.0106186091679,-30.));
#11520=CARTESIAN_POINT('',(-38.8688739970688,-57.0106186091679,0.));
#11521=CARTESIAN_POINT('',(-38.4463862362316,-56.3909379721113,0.));
#11522=CARTESIAN_POINT('',(-38.8688739970688,-57.0106186091679,-30.));
#11523=CARTESIAN_POINT('',(-38.4463862362316,-56.3909379721113,-30.));
#11524=CARTESIAN_POINT('',(-38.4463862362316,-56.3909379721113,-30.));
#11525=CARTESIAN_POINT('',(-1.43218770176645E-11,-2.123995423986E-11,-30.));
#11526=CARTESIAN_POINT('',(-1.43218770176645E-11,-2.123995423986E-11,0.));
#11527=CARTESIAN_POINT('',(-37.3856383646293,-57.0997070401343,0.));
#11528=CARTESIAN_POINT('',(-1.43218770176645E-11,-2.123995423986E-11,-30.));
#11529=CARTESIAN_POINT('',(-37.3856383646293,-57.0997070401343,-30.));
#11530=CARTESIAN_POINT('',(-37.3856383646293,-57.0997070401343,-30.));
#11531=CARTESIAN_POINT('',(-37.79646955545,-57.7271763482674,-30.));
#11532=CARTESIAN_POINT('',(-37.79646955545,-57.7271763482674,0.));
#11533=CARTESIAN_POINT('',(-37.1005692339005,-58.0068596378426,0.));
#11534=CARTESIAN_POINT('',(-37.79646955545,-57.7271763482674,-30.));
#11535=CARTESIAN_POINT('',(-37.1005692339005,-58.0068596378426,-30.));
#11536=CARTESIAN_POINT('',(-37.1005692339005,-58.0068596378426,-30.));
#11537=CARTESIAN_POINT('',(-37.1005692339005,-58.0068596378426,-30.));
#11538=CARTESIAN_POINT('',(-37.1005692339005,-58.0068596378426,0.));
#11539=CARTESIAN_POINT('',(-38.4219493931779,-64.0118863793098,0.));
#11540=CARTESIAN_POINT('',(-37.1005692339005,-58.0068596378426,-30.));
#11541=CARTESIAN_POINT('',(-38.4219493931779,-64.0118863793098,-30.));
#11542=CARTESIAN_POINT('',(-38.4219493931779,-64.0118863793098,-30.));
#11543=CARTESIAN_POINT('',(-37.933631840561,-64.1193385445099,-30.));
#11544=CARTESIAN_POINT('',(-37.933631840561,-64.1193385445099,0.));
#11545=CARTESIAN_POINT('',(-38.1882218437521,-64.5496685693457,0.));
#11546=CARTESIAN_POINT('',(-37.933631840561,-64.1193385445099,-30.));
#11547=CARTESIAN_POINT('',(-38.1882218437521,-64.5496685693457,-30.));
#11548=CARTESIAN_POINT('',(-38.1882218437521,-64.5496685693457,-30.));
#11549=CARTESIAN_POINT('',(1.02140518265514E-10,1.75123804346811E-10,-30.));
#11550=CARTESIAN_POINT('',(1.02140518265514E-10,1.75123804346811E-10,0.));
#11551=CARTESIAN_POINT('',(-36.8075459565948,-65.3468022220916,0.));
#11552=CARTESIAN_POINT('',(1.02140518265514E-10,1.75123804346811E-10,-30.));
#11553=CARTESIAN_POINT('',(-36.8075459565948,-65.3468022220916,-30.));
#11554=CARTESIAN_POINT('',(-36.8075459565948,-65.3468022220916,-30.));
#11555=CARTESIAN_POINT('',(-36.5621601331164,-64.9111581039908,-30.));
#11556=CARTESIAN_POINT('',(-36.5621601331164,-64.9111581039908,0.));
#11557=CARTESIAN_POINT('',(-36.2249450520515,-65.2803274270696,0.));
#11558=CARTESIAN_POINT('',(-36.5621601331164,-64.9111581039908,-30.));
#11559=CARTESIAN_POINT('',(-36.2249450520515,-65.2803274270696,-30.));
#11560=CARTESIAN_POINT('',(-36.2249450520515,-65.2803274270696,-30.));
#11561=CARTESIAN_POINT('',(-36.2249450520515,-65.2803274270696,-30.));
#11562=CARTESIAN_POINT('',(-36.2249450520515,-65.2803274270696,0.));
#11563=CARTESIAN_POINT('',(-31.6851294231742,-61.1334652703383,0.));
#11564=CARTESIAN_POINT('',(-36.2249450520515,-65.2803274270696,-30.));
#11565=CARTESIAN_POINT('',(-31.6851294231742,-61.1334652703383,-30.));
#11566=CARTESIAN_POINT('',(-31.6851294231742,-61.1334652703383,-30.));
#11567=CARTESIAN_POINT('',(-31.0949664286173,-61.5962909825191,-30.));
#11568=CARTESIAN_POINT('',(-31.0949664286173,-61.5962909825191,0.));
#11569=CARTESIAN_POINT('',(-30.756977663089,-60.926766080535,0.));
#11570=CARTESIAN_POINT('',(-31.0949664286173,-61.5962909825191,-30.));
#11571=CARTESIAN_POINT('',(-30.756977663089,-60.926766080535,-30.));
#11572=CARTESIAN_POINT('',(-30.756977663089,-60.926766080535,-30.));
#11573=CARTESIAN_POINT('',(-7.85725651208935E-11,-1.66457125860831E-10,
-30.));
#11574=CARTESIAN_POINT('',(-7.85725651208935E-11,-1.66457125860831E-10,
0.));
#11575=CARTESIAN_POINT('',(-29.6127917089611,-61.4910161503425,0.));
#11576=CARTESIAN_POINT('',(-7.85725651208935E-11,-1.66457125860831E-10,
-30.));
#11577=CARTESIAN_POINT('',(-29.6127917089611,-61.4910161503425,-30.));
#11578=CARTESIAN_POINT('',(-29.6127917089611,-61.4910161503425,-30.));
#11579=CARTESIAN_POINT('',(-29.9382070024673,-62.1667416025435,-30.));
#11580=CARTESIAN_POINT('',(-29.9382070024673,-62.1667416025435,0.));
#11581=CARTESIAN_POINT('',(-29.2117542098228,-62.3531989436671,0.));
#11582=CARTESIAN_POINT('',(-29.9382070024673,-62.1667416025435,-30.));
#11583=CARTESIAN_POINT('',(-29.2117542098228,-62.3531989436671,-30.));
#11584=CARTESIAN_POINT('',(-29.2117542098228,-62.3531989436671,-30.));
#11585=CARTESIAN_POINT('',(-29.2117542098228,-62.3531989436671,-30.));
#11586=CARTESIAN_POINT('',(-29.2117542098228,-62.3531989436671,0.));
#11587=CARTESIAN_POINT('',(-29.7380165039185,-68.4793265695759,0.));
#11588=CARTESIAN_POINT('',(-29.2117542098228,-62.3531989436671,-30.));
#11589=CARTESIAN_POINT('',(-29.7380165039185,-68.4793265695759,-30.));
#11590=CARTESIAN_POINT('',(-29.7380165039185,-68.4793265695759,-30.));
#11591=CARTESIAN_POINT('',(-29.2398512536884,-68.5221212358698,-30.));
#11592=CARTESIAN_POINT('',(-29.2398512536884,-68.5221212358698,0.));
#11593=CARTESIAN_POINT('',(-29.4360943483908,-68.9820001849223,0.));
#11594=CARTESIAN_POINT('',(-29.2398512536884,-68.5221212358698,-30.));
#11595=CARTESIAN_POINT('',(-29.4360943483908,-68.9820001849223,-30.));
#11596=CARTESIAN_POINT('',(-29.4360943483908,-68.9820001849223,-30.));
#11597=CARTESIAN_POINT('',(-2.9316826744008E-11,-7.09571290613553E-11,-30.));
#11598=CARTESIAN_POINT('',(-2.9316826744008E-11,-7.09571290613553E-11,0.));
#11599=CARTESIAN_POINT('',(-27.9631787106723,-69.5921018248119,0.));
#11600=CARTESIAN_POINT('',(-2.9316826744008E-11,-7.09571290613553E-11,-30.));
#11601=CARTESIAN_POINT('',(-27.9631787106723,-69.5921018248119,-30.));
#11602=CARTESIAN_POINT('',(-27.9631787106723,-69.5921018248119,-30.));
#11603=CARTESIAN_POINT('',(-27.7767594847978,-69.1281536895378,-30.));
#11604=CARTESIAN_POINT('',(-27.7767594847978,-69.1281536895378,0.));
#11605=CARTESIAN_POINT('',(-27.394243059474,-69.4501493173923,0.));
#11606=CARTESIAN_POINT('',(-27.7767594847978,-69.1281536895378,-30.));
#11607=CARTESIAN_POINT('',(-27.394243059474,-69.4501493173923,-30.));
#11608=CARTESIAN_POINT('',(-27.394243059474,-69.4501493173923,-30.));
#11609=CARTESIAN_POINT('',(-27.3942430594739,-69.4501493173923,-30.));
#11610=CARTESIAN_POINT('',(-27.3942430594739,-69.4501493173923,0.));
#11611=CARTESIAN_POINT('',(-23.4345403096035,-64.7461992938427,0.));
#11612=CARTESIAN_POINT('',(-27.3942430594739,-69.4501493173923,-30.));
#11613=CARTESIAN_POINT('',(-23.4345403096035,-64.7461992938427,-30.));
#11614=CARTESIAN_POINT('',(-23.4345403096035,-64.7461992938427,-30.));
#11615=CARTESIAN_POINT('',(-22.7890153634141,-65.1280337394434,-30.));
#11616=CARTESIAN_POINT('',(-22.7890153634141,-65.1280337394434,0.));
#11617=CARTESIAN_POINT('',(-22.5413086746827,-64.4201203292316,0.));
#11618=CARTESIAN_POINT('',(-22.7890153634141,-65.1280337394434,-30.));
#11619=CARTESIAN_POINT('',(-22.5413086746827,-64.4201203292316,-30.));
#11620=CARTESIAN_POINT('',(-22.5413086746827,-64.4201203292316,-30.));
#11621=CARTESIAN_POINT('',(3.62973540113387E-11,1.08801856413265E-10,-30.));
#11622=CARTESIAN_POINT('',(3.62973540113387E-11,1.08801856413265E-10,0.));
#11623=CARTESIAN_POINT('',(-21.3332619769368,-64.8301969256872,0.));
#11624=CARTESIAN_POINT('',(3.62973540113387E-11,1.08801856413265E-10,-30.));
#11625=CARTESIAN_POINT('',(-21.3332619769368,-64.8301969256872,-30.));
#11626=CARTESIAN_POINT('',(-21.3332619769368,-64.8301969256872,-30.));
#11627=CARTESIAN_POINT('',(-21.5676934272341,-65.5426166721229,-30.));
#11628=CARTESIAN_POINT('',(-21.5676934272341,-65.5426166721229,0.));
#11629=CARTESIAN_POINT('',(-20.8231179721878,-65.6326577279947,0.));
#11630=CARTESIAN_POINT('',(-21.5676934272341,-65.5426166721229,-30.));
#11631=CARTESIAN_POINT('',(-20.8231179721878,-65.6326577279947,-30.));
#11632=CARTESIAN_POINT('',(-20.8231179721878,-65.6326577279947,-30.));
#11633=CARTESIAN_POINT('',(-20.8231179721878,-65.6326577279947,-30.));
#11634=CARTESIAN_POINT('',(-20.8231179721878,-65.6326577279947,0.));
#11635=CARTESIAN_POINT('',(-20.5452579073396,-71.7750664961775,0.));
#11636=CARTESIAN_POINT('',(-20.8231179721878,-65.6326577279947,-30.));
#11637=CARTESIAN_POINT('',(-20.5452579073396,-71.7750664961775,-30.));
#11638=CARTESIAN_POINT('',(-20.5452579073396,-71.7750664961775,-30.));
#11639=CARTESIAN_POINT('',(-20.0457687050453,-71.7524714349598,-30.));
#11640=CARTESIAN_POINT('',(-20.0457687050453,-71.7524714349598,0.));
#11641=CARTESIAN_POINT('',(-20.1803064984909,-72.2340309662069,0.));
#11642=CARTESIAN_POINT('',(-20.0457687050453,-71.7524714349598,-30.));
#11643=CARTESIAN_POINT('',(-20.1803064984909,-72.2340309662069,-30.));
#11644=CARTESIAN_POINT('',(-20.1803064984909,-72.2340309662069,-30.));
#11645=CARTESIAN_POINT('',(4.31460422944951E-11,1.59733337667944E-10,-30.));
#11646=CARTESIAN_POINT('',(4.31460422944951E-11,1.59733337667944E-10,0.));
#11647=CARTESIAN_POINT('',(-18.640359846161,-72.6466584558822,0.));
#11648=CARTESIAN_POINT('',(4.31460422944951E-11,1.59733337667944E-10,-30.));
#11649=CARTESIAN_POINT('',(-18.640359846161,-72.6466584558822,-30.));
#11650=CARTESIAN_POINT('',(-18.640359846161,-72.6466584558822,-30.));
#11651=CARTESIAN_POINT('',(-18.5160907805208,-72.1623473995094,-30.));
#11652=CARTESIAN_POINT('',(-18.5160907805208,-72.1623473995094,0.));
#11653=CARTESIAN_POINT('',(-18.0948179730269,-72.4316598976715,0.));
#11654=CARTESIAN_POINT('',(-18.5160907805208,-72.1623473995094,-30.));
#11655=CARTESIAN_POINT('',(-18.0948179730269,-72.4316598976715,-30.));
#11656=CARTESIAN_POINT('',(-18.0948179730269,-72.4316598976715,-30.));
#11657=CARTESIAN_POINT('',(-18.0948179730269,-72.4316598976715,-30.));
#11658=CARTESIAN_POINT('',(-18.0948179730269,-72.4316598976715,0.));
#11659=CARTESIAN_POINT('',(-14.7829797140775,-67.2511078964261,0.));
#11660=CARTESIAN_POINT('',(-18.0948179730269,-72.4316598976715,-30.));
#11661=CARTESIAN_POINT('',(-14.7829797140775,-67.2511078964261,-30.));
#11662=CARTESIAN_POINT('',(-14.7829797140775,-67.2511078964261,-30.));
#11663=CARTESIAN_POINT('',(-14.0931379270375,-67.5454177821818,-30.));
#11664=CARTESIAN_POINT('',(-14.0931379270375,-67.5454177821818,0.));
#11665=CARTESIAN_POINT('',(-13.9399516452236,-66.8112284584621,0.));
#11666=CARTESIAN_POINT('',(-14.0931379270375,-67.5454177821818,-30.));
#11667=CARTESIAN_POINT('',(-13.9399516452236,-66.8112284584621,-30.));
#11668=CARTESIAN_POINT('',(-13.9399516452236,-66.8112284584621,-30.));
#11669=CARTESIAN_POINT('',(-1.59646601494146E-11,-6.39627240062168E-11,
-30.));
#11670=CARTESIAN_POINT('',(-1.59646601494146E-11,-6.39627240062168E-11,
0.));
#11671=CARTESIAN_POINT('',(-12.6887142177905,-67.0601150573068,0.));
#11672=CARTESIAN_POINT('',(-1.59646601494146E-11,-6.39627240062168E-11,
-30.));
#11673=CARTESIAN_POINT('',(-12.6887142177905,-67.0601150573068,-30.));
#11674=CARTESIAN_POINT('',(-12.6887142177905,-67.0601150573068,-30.));
#11675=CARTESIAN_POINT('',(-12.8281506377671,-67.7970393985957,-30.));
#11676=CARTESIAN_POINT('',(-12.8281506377671,-67.7970393985957,0.));
#11677=CARTESIAN_POINT('',(-12.0781924127898,-67.7891235417914,0.));
#11678=CARTESIAN_POINT('',(-12.8281506377671,-67.7970393985957,-30.));
#11679=CARTESIAN_POINT('',(-12.0781924127898,-67.7891235417914,-30.));
#11680=CARTESIAN_POINT('',(-12.0781924127898,-67.7891235417914,-30.));
#11681=CARTESIAN_POINT('',(-12.0781924127898,-67.7891235417914,-30.));
#11682=CARTESIAN_POINT('',(-12.0781924127898,-67.7891235417914,0.));
#11683=CARTESIAN_POINT('',(-11.0009642517455,-73.8427151352173,0.));
#11684=CARTESIAN_POINT('',(-12.0781924127898,-67.7891235417914,-30.));
#11685=CARTESIAN_POINT('',(-11.0009642517455,-73.8427151352173,-30.));
#11686=CARTESIAN_POINT('',(-11.0009642517455,-73.8427151352173,-30.));
#11687=CARTESIAN_POINT('',(-10.5086974961227,-73.7551169542501,-30.));
#11688=CARTESIAN_POINT('',(-10.5086974961227,-73.7551169542501,0.));
#11689=CARTESIAN_POINT('',(-10.5792246624913,-74.2501178823342,0.));
#11690=CARTESIAN_POINT('',(-10.5086974961227,-73.7551169542501,-30.));
#11691=CARTESIAN_POINT('',(-10.5792246624913,-74.2501178823342,-30.));
#11692=CARTESIAN_POINT('',(-10.5792246624913,-74.2501178823342,-30.));
#11693=CARTESIAN_POINT('',(2.98337743398491E-11,2.25777729845333E-10,-30.));
#11694=CARTESIAN_POINT('',(2.98337743398491E-11,2.25777729845333E-10,0.));
#11695=CARTESIAN_POINT('',(-8.99859891775778,-74.4582112162071,0.));
#11696=CARTESIAN_POINT('',(2.98337743398491E-11,2.25777729845333E-10,-30.));
#11697=CARTESIAN_POINT('',(-8.99859891775778,-74.4582112162071,-30.));
#11698=CARTESIAN_POINT('',(-8.99859891775778,-74.4582112162071,-30.));
#11699=CARTESIAN_POINT('',(-8.93860662935818,-73.9618233383006,-30.));
#11700=CARTESIAN_POINT('',(-8.93860662935818,-73.9618233383006,0.));
#11701=CARTESIAN_POINT('',(-8.48578553422925,-74.1738446952584,0.));
#11702=CARTESIAN_POINT('',(-8.93860662935818,-73.9618233383006,-30.));
#11703=CARTESIAN_POINT('',(-8.48578553422925,-74.1738446952584,-30.));
#11704=CARTESIAN_POINT('',(-8.48578553422925,-74.1738446952584,-30.));
#11705=CARTESIAN_POINT('',(-8.48578553422925,-74.1738446952584,-30.));
#11706=CARTESIAN_POINT('',(-8.48578553422925,-74.1738446952584,0.));
#11707=CARTESIAN_POINT('',(-5.87847823701653,-68.6053313973469,0.));
#11708=CARTESIAN_POINT('',(-8.48578553422925,-74.1738446952584,-30.));
#11709=CARTESIAN_POINT('',(-5.87847823701653,-68.6053313973469,-30.));
#11710=CARTESIAN_POINT('',(-5.87847823701653,-68.6053313973469,-30.));
#11711=CARTESIAN_POINT('',(-5.15612299337584,-68.8070809995394,-30.));
#11712=CARTESIAN_POINT('',(-5.15612299337584,-68.8070809995394,0.));
#11713=CARTESIAN_POINT('',(-5.10007817823055,-68.0591779451965,0.));
#11714=CARTESIAN_POINT('',(-5.15612299337584,-68.8070809995394,-30.));
#11715=CARTESIAN_POINT('',(-5.10007817823055,-68.0591779451965,-30.));
#11716=CARTESIAN_POINT('',(-5.10007817823055,-68.0591779451965,-30.));
#11717=CARTESIAN_POINT('',(-2.35349933985773E-11,-3.65096841647983E-10,
-30.));
#11718=CARTESIAN_POINT('',(-2.35349933985773E-11,-3.65096841647983E-10,
0.));
#11719=CARTESIAN_POINT('',(-3.82705904040136,-68.1426160277199,0.));
#11720=CARTESIAN_POINT('',(-2.35349933985773E-11,-3.65096841647983E-10,
-30.));
#11721=CARTESIAN_POINT('',(-3.82705904040136,-68.1426160277199,-30.));
#11722=CARTESIAN_POINT('',(-3.82705904040136,-68.1426160277199,-30.));
#11723=CARTESIAN_POINT('',(-3.86911463425223,-68.8914359840685,-30.));
#11724=CARTESIAN_POINT('',(-3.86911463425223,-68.8914359840685,0.));
#11725=CARTESIAN_POINT('',(-3.12660563250126,-68.7856986570793,0.));
#11726=CARTESIAN_POINT('',(-3.86911463425223,-68.8914359840685,-30.));
#11727=CARTESIAN_POINT('',(-3.12660563250126,-68.7856986570793,-30.));
#11728=CARTESIAN_POINT('',(-3.12660563250126,-68.7856986570793,-30.));
#11729=CARTESIAN_POINT('',(-3.12660563250125,-68.7856986570793,-30.));
#11730=CARTESIAN_POINT('',(-3.12660563250125,-68.7856986570793,0.));
#11731=CARTESIAN_POINT('',(-1.26844104775893,-74.6468944452332,0.));
#11732=CARTESIAN_POINT('',(-3.12660563250125,-68.7856986570793,-30.));
#11733=CARTESIAN_POINT('',(-1.26844104775893,-74.6468944452332,-30.));
#11734=CARTESIAN_POINT('',(-1.26844104775893,-74.6468944452332,-30.));
#11735=CARTESIAN_POINT('',(-0.791819559478747,-74.4957919736801,-30.));
#11736=CARTESIAN_POINT('',(-0.791819559478747,-74.4957919736801,0.));
#11737=CARTESIAN_POINT('',(-0.797131810433077,-74.9957637528734,0.));
#11738=CARTESIAN_POINT('',(-0.791819559478747,-74.4957919736801,-30.));
#11739=CARTESIAN_POINT('',(-0.797131810433077,-74.9957637528734,-30.));
#11740=CARTESIAN_POINT('',(-0.797131810433077,-74.9957637528734,-30.));
#11741=CARTESIAN_POINT('',(9.36913307353349E-13,1.31450406115619E-10,-30.));
#11742=CARTESIAN_POINT('',(9.36913307353349E-13,1.31450406115619E-10,0.));
#11743=CARTESIAN_POINT('',(0.797135917071492,-74.9957637092237,0.));
#11744=CARTESIAN_POINT('',(9.36913307353349E-13,1.31450406115619E-10,-30.));
#11745=CARTESIAN_POINT('',(0.797135917071492,-74.9957637092237,-30.));
#11746=CARTESIAN_POINT('',(0.797135917071492,-74.9957637092237,-30.));
#11747=CARTESIAN_POINT('',(0.791819559478476,-74.4957919736807,-30.));
#11748=CARTESIAN_POINT('',(0.791819559478476,-74.4957919736807,0.));
#11749=CARTESIAN_POINT('',(1.26844104775893,-74.6468944452333,0.));
#11750=CARTESIAN_POINT('',(0.791819559478476,-74.4957919736807,-30.));
#11751=CARTESIAN_POINT('',(1.26844104775893,-74.6468944452333,-30.));
#11752=CARTESIAN_POINT('',(1.26844104775893,-74.6468944452333,-30.));
#11753=CARTESIAN_POINT('',(1.26844104775893,-74.6468944452333,-30.));
#11754=CARTESIAN_POINT('',(1.26844104775893,-74.6468944452333,0.));
#11755=CARTESIAN_POINT('',(3.12660563250045,-68.785698657085,0.));
#11756=CARTESIAN_POINT('',(1.26844104775893,-74.6468944452333,-30.));
#11757=CARTESIAN_POINT('',(3.12660563250045,-68.785698657085,-30.));
#11758=CARTESIAN_POINT('',(3.12660563250045,-68.785698657085,-30.));
#11759=CARTESIAN_POINT('',(3.86911463425225,-68.8914359840685,-30.));
#11760=CARTESIAN_POINT('',(3.86911463425225,-68.8914359840685,0.));
#11761=CARTESIAN_POINT('',(3.82705904040136,-68.1426160277199,0.));
#11762=CARTESIAN_POINT('',(3.86911463425225,-68.8914359840685,-30.));
#11763=CARTESIAN_POINT('',(3.82705904040136,-68.1426160277199,-30.));
#11764=CARTESIAN_POINT('',(3.82705904040136,-68.1426160277199,-30.));
#11765=CARTESIAN_POINT('',(3.24393290007663E-12,-5.42899059041702E-11,-30.));
#11766=CARTESIAN_POINT('',(3.24393290007663E-12,-5.42899059041702E-11,0.));
#11767=CARTESIAN_POINT('',(5.10007817823051,-68.0591779451965,0.));
#11768=CARTESIAN_POINT('',(3.24393290007663E-12,-5.42899059041702E-11,-30.));
#11769=CARTESIAN_POINT('',(5.10007817823051,-68.0591779451965,-30.));
#11770=CARTESIAN_POINT('',(5.10007817823051,-68.0591779451965,-30.));
#11771=CARTESIAN_POINT('',(5.15612299337589,-68.8070809995394,-30.));
#11772=CARTESIAN_POINT('',(5.15612299337589,-68.8070809995394,0.));
#11773=CARTESIAN_POINT('',(5.8784782370168,-68.6053313973474,0.));
#11774=CARTESIAN_POINT('',(5.15612299337589,-68.8070809995394,-30.));
#11775=CARTESIAN_POINT('',(5.8784782370168,-68.6053313973474,-30.));
#11776=CARTESIAN_POINT('',(5.8784782370168,-68.6053313973474,-30.));
#11777=CARTESIAN_POINT('',(5.8784782370168,-68.6053313973474,-30.));
#11778=CARTESIAN_POINT('',(5.8784782370168,-68.6053313973474,0.));
#11779=CARTESIAN_POINT('',(8.48578553423012,-74.1738446952581,0.));
#11780=CARTESIAN_POINT('',(5.8784782370168,-68.6053313973474,-30.));
#11781=CARTESIAN_POINT('',(8.48578553423012,-74.1738446952581,-30.));
#11782=CARTESIAN_POINT('',(8.48578553423012,-74.1738446952581,-30.));
#11783=CARTESIAN_POINT('',(8.93860662935885,-73.9618233383001,-30.));
#11784=CARTESIAN_POINT('',(8.93860662935885,-73.9618233383001,0.));
#11785=CARTESIAN_POINT('',(8.99859875541635,-74.4582112358268,0.));
#11786=CARTESIAN_POINT('',(8.93860662935885,-73.9618233383001,-30.));
#11787=CARTESIAN_POINT('',(8.99859875541635,-74.4582112358268,-30.));
#11788=CARTESIAN_POINT('',(8.99859875541635,-74.4582112358268,-30.));
#11789=CARTESIAN_POINT('',(2.89351875792931E-11,-2.21933582622569E-10,-30.));
#11790=CARTESIAN_POINT('',(2.89351875792931E-11,-2.21933582622569E-10,0.));
#11791=CARTESIAN_POINT('',(10.5792256672377,-74.250117739177,0.));
#11792=CARTESIAN_POINT('',(2.89351875792931E-11,-2.21933582622569E-10,-30.));
#11793=CARTESIAN_POINT('',(10.5792256672377,-74.250117739177,-30.));
#11794=CARTESIAN_POINT('',(10.5792256672377,-74.250117739177,-30.));
#11795=CARTESIAN_POINT('',(10.5086974961241,-73.7551169542489,-30.));
#11796=CARTESIAN_POINT('',(10.5086974961241,-73.7551169542489,0.));
#11797=CARTESIAN_POINT('',(11.0009642517465,-73.8427151352174,0.));
#11798=CARTESIAN_POINT('',(10.5086974961241,-73.7551169542489,-30.));
#11799=CARTESIAN_POINT('',(11.0009642517465,-73.8427151352174,-30.));
#11800=CARTESIAN_POINT('',(11.0009642517465,-73.8427151352174,-30.));
#11801=CARTESIAN_POINT('',(11.0009642517465,-73.8427151352174,-30.));
#11802=CARTESIAN_POINT('',(11.0009642517465,-73.8427151352174,0.));
#11803=CARTESIAN_POINT('',(12.0781924127907,-67.7891235417916,0.));
#11804=CARTESIAN_POINT('',(11.0009642517465,-73.8427151352174,-30.));
#11805=CARTESIAN_POINT('',(12.0781924127907,-67.7891235417916,-30.));
#11806=CARTESIAN_POINT('',(12.0781924127907,-67.7891235417916,-30.));
#11807=CARTESIAN_POINT('',(12.828150637768,-67.7970393985956,-30.));
#11808=CARTESIAN_POINT('',(12.828150637768,-67.7970393985956,0.));
#11809=CARTESIAN_POINT('',(12.6887142177915,-67.0601150573067,0.));
#11810=CARTESIAN_POINT('',(12.828150637768,-67.7970393985956,-30.));
#11811=CARTESIAN_POINT('',(12.6887142177915,-67.0601150573067,-30.));
#11812=CARTESIAN_POINT('',(12.6887142177915,-67.0601150573067,-30.));
#11813=CARTESIAN_POINT('',(2.29850860566927E-12,7.59114993087451E-12,-30.));
#11814=CARTESIAN_POINT('',(2.29850860566927E-12,7.59114993087451E-12,0.));
#11815=CARTESIAN_POINT('',(13.9399516452235,-66.8112284584622,0.));
#11816=CARTESIAN_POINT('',(2.29850860566927E-12,7.59114993087451E-12,-30.));
#11817=CARTESIAN_POINT('',(13.9399516452235,-66.8112284584622,-30.));
#11818=CARTESIAN_POINT('',(13.9399516452235,-66.8112284584622,-30.));
#11819=CARTESIAN_POINT('',(14.0931379270376,-67.545417782182,-30.));
#11820=CARTESIAN_POINT('',(14.0931379270376,-67.545417782182,0.));
#11821=CARTESIAN_POINT('',(14.7829797140776,-67.2511078964263,0.));
#11822=CARTESIAN_POINT('',(14.0931379270376,-67.545417782182,-30.));
#11823=CARTESIAN_POINT('',(14.7829797140776,-67.2511078964263,-30.));
#11824=CARTESIAN_POINT('',(14.7829797140776,-67.2511078964263,-30.));
#11825=CARTESIAN_POINT('',(14.7829797140776,-67.2511078964263,-30.));
#11826=CARTESIAN_POINT('',(14.7829797140776,-67.2511078964263,0.));
#11827=CARTESIAN_POINT('',(18.0948179730273,-72.4316598976719,0.));
#11828=CARTESIAN_POINT('',(14.7829797140776,-67.2511078964263,-30.));
#11829=CARTESIAN_POINT('',(18.0948179730273,-72.4316598976719,-30.));
#11830=CARTESIAN_POINT('',(18.0948179730273,-72.4316598976719,-30.));
#11831=CARTESIAN_POINT('',(18.5160907805211,-72.16234739951,-30.));
#11832=CARTESIAN_POINT('',(18.5160907805211,-72.16234739951,0.));
#11833=CARTESIAN_POINT('',(18.6403591522978,-72.6466586339202,0.));
#11834=CARTESIAN_POINT('',(18.5160907805211,-72.16234739951,-30.));
#11835=CARTESIAN_POINT('',(18.6403591522978,-72.6466586339202,-30.));
#11836=CARTESIAN_POINT('',(18.6403591522978,-72.6466586339202,-30.));
#11837=CARTESIAN_POINT('',(-1.78641823556092E-11,7.14706072102445E-11,-30.));
#11838=CARTESIAN_POINT('',(-1.78641823556092E-11,7.14706072102445E-11,0.));
#11839=CARTESIAN_POINT('',(20.1803016353497,-72.2340323248418,0.));
#11840=CARTESIAN_POINT('',(-1.78641823556092E-11,7.14706072102445E-11,-30.));
#11841=CARTESIAN_POINT('',(20.1803016353497,-72.2340323248418,-30.));
#11842=CARTESIAN_POINT('',(20.1803016353497,-72.2340323248418,-30.));
#11843=CARTESIAN_POINT('',(20.0457687050454,-71.75247143496,-30.));
#11844=CARTESIAN_POINT('',(20.0457687050454,-71.75247143496,0.));
#11845=CARTESIAN_POINT('',(20.5452579073397,-71.7750664961776,0.));
#11846=CARTESIAN_POINT('',(20.0457687050454,-71.75247143496,-30.));
#11847=CARTESIAN_POINT('',(20.5452579073397,-71.7750664961776,-30.));
#11848=CARTESIAN_POINT('',(20.5452579073397,-71.7750664961776,-30.));
#11849=CARTESIAN_POINT('',(20.5452579073397,-71.7750664961776,-30.));
#11850=CARTESIAN_POINT('',(20.5452579073397,-71.7750664961776,0.));
#11851=CARTESIAN_POINT('',(20.8231179721885,-65.6326577280008,0.));
#11852=CARTESIAN_POINT('',(20.5452579073397,-71.7750664961776,-30.));
#11853=CARTESIAN_POINT('',(20.8231179721885,-65.6326577280008,-30.));
#11854=CARTESIAN_POINT('',(20.8231179721885,-65.6326577280008,-30.));
#11855=CARTESIAN_POINT('',(21.5676934272342,-65.5426166721229,-30.));
#11856=CARTESIAN_POINT('',(21.5676934272342,-65.5426166721229,0.));
#11857=CARTESIAN_POINT('',(21.3332619769368,-64.8301969256872,0.));
#11858=CARTESIAN_POINT('',(21.5676934272342,-65.5426166721229,-30.));
#11859=CARTESIAN_POINT('',(21.3332619769368,-64.8301969256872,-30.));
#11860=CARTESIAN_POINT('',(21.3332619769368,-64.8301969256872,-30.));
#11861=CARTESIAN_POINT('',(6.851463840718E-11,-1.94108618067901E-10,-30.));
#11862=CARTESIAN_POINT('',(6.851463840718E-11,-1.94108618067901E-10,0.));
#11863=CARTESIAN_POINT('',(22.5413086746827,-64.4201203292316,0.));
#11864=CARTESIAN_POINT('',(6.851463840718E-11,-1.94108618067901E-10,-30.));
#11865=CARTESIAN_POINT('',(22.5413086746827,-64.4201203292316,-30.));
#11866=CARTESIAN_POINT('',(22.5413086746827,-64.4201203292316,-30.));
#11867=CARTESIAN_POINT('',(22.7890153634141,-65.1280337394435,-30.));
#11868=CARTESIAN_POINT('',(22.7890153634141,-65.1280337394435,0.));
#11869=CARTESIAN_POINT('',(23.4345403096036,-64.7461992938428,0.));
#11870=CARTESIAN_POINT('',(22.7890153634141,-65.1280337394435,-30.));
#11871=CARTESIAN_POINT('',(23.4345403096036,-64.7461992938428,-30.));
#11872=CARTESIAN_POINT('',(23.4345403096036,-64.7461992938428,-30.));
#11873=CARTESIAN_POINT('',(23.4345403096036,-64.7461992938428,-30.));
#11874=CARTESIAN_POINT('',(23.4345403096036,-64.7461992938428,0.));
#11875=CARTESIAN_POINT('',(27.394243059475,-69.4501493173924,0.));
#11876=CARTESIAN_POINT('',(23.4345403096036,-64.7461992938428,-30.));
#11877=CARTESIAN_POINT('',(27.394243059475,-69.4501493173924,-30.));
#11878=CARTESIAN_POINT('',(27.394243059475,-69.4501493173924,-30.));
#11879=CARTESIAN_POINT('',(27.7767594847999,-69.1281536895389,-30.));
#11880=CARTESIAN_POINT('',(27.7767594847999,-69.1281536895389,0.));
#11881=CARTESIAN_POINT('',(27.9631783453863,-69.5921019715896,0.));
#11882=CARTESIAN_POINT('',(27.7767594847999,-69.1281536895389,-30.));
#11883=CARTESIAN_POINT('',(27.9631783453863,-69.5921019715896,-30.));
#11884=CARTESIAN_POINT('',(27.9631783453863,-69.5921019715896,-30.));
#11885=CARTESIAN_POINT('',(-6.24222895595494E-11,1.51031964712445E-10,-30.));
#11886=CARTESIAN_POINT('',(-6.24222895595494E-11,1.51031964712445E-10,0.));
#11887=CARTESIAN_POINT('',(29.4360895454013,-68.9820022344605,0.));
#11888=CARTESIAN_POINT('',(-6.24222895595494E-11,1.51031964712445E-10,-30.));
#11889=CARTESIAN_POINT('',(29.4360895454013,-68.9820022344605,-30.));
#11890=CARTESIAN_POINT('',(29.4360895454013,-68.9820022344605,-30.));
#11891=CARTESIAN_POINT('',(29.2398512536884,-68.522121235869,-30.));
#11892=CARTESIAN_POINT('',(29.2398512536884,-68.522121235869,0.));
#11893=CARTESIAN_POINT('',(29.7380165039185,-68.479326569576,0.));
#11894=CARTESIAN_POINT('',(29.2398512536884,-68.522121235869,-30.));
#11895=CARTESIAN_POINT('',(29.7380165039185,-68.479326569576,-30.));
#11896=CARTESIAN_POINT('',(29.7380165039185,-68.479326569576,-30.));
#11897=CARTESIAN_POINT('',(29.7380165039185,-68.479326569576,-30.));
#11898=CARTESIAN_POINT('',(29.7380165039185,-68.479326569576,0.));
#11899=CARTESIAN_POINT('',(29.2117542098243,-62.3531989436733,0.));
#11900=CARTESIAN_POINT('',(29.7380165039185,-68.479326569576,-30.));
#11901=CARTESIAN_POINT('',(29.2117542098243,-62.3531989436733,-30.));
#11902=CARTESIAN_POINT('',(29.2117542098243,-62.3531989436733,-30.));
#11903=CARTESIAN_POINT('',(29.9382070024673,-62.1667416025435,-30.));
#11904=CARTESIAN_POINT('',(29.9382070024673,-62.1667416025435,0.));
#11905=CARTESIAN_POINT('',(29.6127917089611,-61.4910161503425,0.));
#11906=CARTESIAN_POINT('',(29.9382070024673,-62.1667416025435,-30.));
#11907=CARTESIAN_POINT('',(29.6127917089611,-61.4910161503425,-30.));
#11908=CARTESIAN_POINT('',(29.6127917089611,-61.4910161503425,-30.));
#11909=CARTESIAN_POINT('',(3.61308205576449E-11,-8.0407902558477E-11,-30.));
#11910=CARTESIAN_POINT('',(3.61308205576449E-11,-8.0407902558477E-11,0.));
#11911=CARTESIAN_POINT('',(30.756977663089,-60.926766080535,0.));
#11912=CARTESIAN_POINT('',(3.61308205576449E-11,-8.0407902558477E-11,-30.));
#11913=CARTESIAN_POINT('',(30.756977663089,-60.926766080535,-30.));
#11914=CARTESIAN_POINT('',(30.756977663089,-60.926766080535,-30.));
#11915=CARTESIAN_POINT('',(31.0949664286173,-61.5962909825191,-30.));
#11916=CARTESIAN_POINT('',(31.0949664286173,-61.5962909825191,0.));
#11917=CARTESIAN_POINT('',(31.6851294231717,-61.133465270335,0.));
#11918=CARTESIAN_POINT('',(31.0949664286173,-61.5962909825191,-30.));
#11919=CARTESIAN_POINT('',(31.6851294231717,-61.133465270335,-30.));
#11920=CARTESIAN_POINT('',(31.6851294231717,-61.133465270335,-30.));
#11921=CARTESIAN_POINT('',(31.6851294231717,-61.133465270335,-30.));
#11922=CARTESIAN_POINT('',(31.6851294231717,-61.133465270335,0.));
#11923=CARTESIAN_POINT('',(36.2249450520515,-65.2803274270695,0.));
#11924=CARTESIAN_POINT('',(31.6851294231717,-61.133465270335,-30.));
#11925=CARTESIAN_POINT('',(36.2249450520515,-65.2803274270695,-30.));
#11926=CARTESIAN_POINT('',(36.2249450520515,-65.2803274270695,-30.));
#11927=CARTESIAN_POINT('',(36.5621601331153,-64.9111581039898,-30.));
#11928=CARTESIAN_POINT('',(36.5621601331153,-64.9111581039898,0.));
#11929=CARTESIAN_POINT('',(36.8075457223841,-65.346802354014,0.));
#11930=CARTESIAN_POINT('',(36.5621601331153,-64.9111581039898,-30.));
#11931=CARTESIAN_POINT('',(36.8075457223841,-65.346802354014,-30.));
#11932=CARTESIAN_POINT('',(36.8075457223841,-65.346802354014,-30.));
#11933=CARTESIAN_POINT('',(-6.09928774153445E-11,1.05401798400351E-10,-30.));
#11934=CARTESIAN_POINT('',(-6.09928774153445E-11,1.05401798400351E-10,0.));
#11935=CARTESIAN_POINT('',(38.1882178021065,-64.5496709604228,0.));
#11936=CARTESIAN_POINT('',(-6.09928774153445E-11,1.05401798400351E-10,-30.));
#11937=CARTESIAN_POINT('',(38.1882178021065,-64.5496709604228,-30.));
#11938=CARTESIAN_POINT('',(38.1882178021065,-64.5496709604228,-30.));
#11939=CARTESIAN_POINT('',(37.9336318405613,-64.1193385445114,-30.));
#11940=CARTESIAN_POINT('',(37.9336318405613,-64.1193385445114,0.));
#11941=CARTESIAN_POINT('',(38.421949393178,-64.0118863793099,0.));
#11942=CARTESIAN_POINT('',(37.9336318405613,-64.1193385445114,-30.));
#11943=CARTESIAN_POINT('',(38.421949393178,-64.0118863793099,-30.));
#11944=CARTESIAN_POINT('',(38.421949393178,-64.0118863793099,-30.));
#11945=CARTESIAN_POINT('',(38.421949393178,-64.0118863793099,-30.));
#11946=CARTESIAN_POINT('',(38.421949393178,-64.0118863793099,0.));
#11947=CARTESIAN_POINT('',(37.1005692339027,-58.0068596378477,0.));
#11948=CARTESIAN_POINT('',(38.421949393178,-64.0118863793099,-30.));
#11949=CARTESIAN_POINT('',(37.1005692339027,-58.0068596378477,-30.));
#11950=CARTESIAN_POINT('',(37.1005692339027,-58.0068596378477,-30.));
#11951=CARTESIAN_POINT('',(37.7964695554499,-57.7271763482673,-30.));
#11952=CARTESIAN_POINT('',(37.7964695554499,-57.7271763482673,0.));
#11953=CARTESIAN_POINT('',(37.3856383646293,-57.0997070401342,0.));
#11954=CARTESIAN_POINT('',(37.7964695554499,-57.7271763482673,-30.));
#11955=CARTESIAN_POINT('',(37.3856383646293,-57.0997070401342,-30.));
#11956=CARTESIAN_POINT('',(37.3856383646293,-57.0997070401342,-30.));
#11957=CARTESIAN_POINT('',(5.26037546855207E-11,-7.9429518518026E-11,-30.));
#11958=CARTESIAN_POINT('',(5.26037546855207E-11,-7.9429518518026E-11,0.));
#11959=CARTESIAN_POINT('',(38.4463862362315,-56.3909379721112,0.));
#11960=CARTESIAN_POINT('',(5.26037546855207E-11,-7.9429518518026E-11,-30.));
#11961=CARTESIAN_POINT('',(38.4463862362315,-56.3909379721112,-30.));
#11962=CARTESIAN_POINT('',(38.4463862362315,-56.3909379721112,-30.));
#11963=CARTESIAN_POINT('',(38.8688739970688,-57.0106186091679,-30.));
#11964=CARTESIAN_POINT('',(38.8688739970688,-57.0106186091679,0.));
#11965=CARTESIAN_POINT('',(39.3935771875273,-56.4747207066503,0.));
#11966=CARTESIAN_POINT('',(38.8688739970688,-57.0106186091679,-30.));
#11967=CARTESIAN_POINT('',(39.3935771875273,-56.4747207066503,-30.));
#11968=CARTESIAN_POINT('',(39.3935771875273,-56.4747207066503,-30.));
#11969=CARTESIAN_POINT('',(39.3935771875273,-56.4747207066503,-30.));
#11970=CARTESIAN_POINT('',(39.3935771875273,-56.4747207066503,0.));
#11971=CARTESIAN_POINT('',(44.4358281913415,-59.9935410353418,0.));
#11972=CARTESIAN_POINT('',(39.3935771875273,-56.4747207066503,-30.));
#11973=CARTESIAN_POINT('',(44.4358281913415,-59.9935410353418,-30.));
#11974=CARTESIAN_POINT('',(44.4358281913415,-59.9935410353418,-30.));
#11975=CARTESIAN_POINT('',(44.7219720846145,-59.5835146065075,-30.));
#11976=CARTESIAN_POINT('',(44.7219720846145,-59.5835146065075,0.));
#11977=CARTESIAN_POINT('',(45.0221215708918,-59.9834024481424,0.));
#11978=CARTESIAN_POINT('',(44.7219720846145,-59.5835146065075,-30.));
#11979=CARTESIAN_POINT('',(45.0221215708918,-59.9834024481424,-30.));
#11980=CARTESIAN_POINT('',(45.0221215708918,-59.9834024481424,-30.));
#11981=CARTESIAN_POINT('',(9.64645030521183E-11,-1.241368119409E-10,-30.));
#11982=CARTESIAN_POINT('',(9.64645030521183E-11,-1.241368119409E-10,0.));
#11983=CARTESIAN_POINT('',(46.2869370497851,-59.0128753624937,0.));
#11984=CARTESIAN_POINT('',(9.64645030521183E-11,-1.241368119409E-10,-30.));
#11985=CARTESIAN_POINT('',(46.2869370497851,-59.0128753624937,-30.));
#11986=CARTESIAN_POINT('',(46.2869370497851,-59.0128753624937,-30.));
#11987=CARTESIAN_POINT('',(45.9783574694514,-58.6194561934119,-30.));
#11988=CARTESIAN_POINT('',(45.9783574694514,-58.6194561934119,0.));
#11989=CARTESIAN_POINT('',(46.4484720757423,-58.4491850656425,0.));
#11990=CARTESIAN_POINT('',(45.9783574694514,-58.6194561934119,-30.));
#11991=CARTESIAN_POINT('',(46.4484720757423,-58.4491850656425,-30.));
#11992=CARTESIAN_POINT('',(46.4484720757423,-58.4491850656425,-30.));
#11993=CARTESIAN_POINT('',(46.4484720757423,-58.4491850656425,-30.));
#11994=CARTESIAN_POINT('',(46.4484720757423,-58.4491850656425,0.));
#11995=CARTESIAN_POINT('',(44.3545832321697,-52.6680068810856,0.));
#11996=CARTESIAN_POINT('',(46.4484720757423,-58.4491850656425,-30.));
#11997=CARTESIAN_POINT('',(44.3545832321697,-52.6680068810856,-30.));
#11998=CARTESIAN_POINT('',(44.3545832321697,-52.6680068810856,-30.));
#11999=CARTESIAN_POINT('',(45.0080240351759,-52.2998831016764,-30.));
#12000=CARTESIAN_POINT('',(45.0080240351759,-52.2998831016764,0.));
#12001=CARTESIAN_POINT('',(44.5188063826191,-51.7314061114413,0.));
#12002=CARTESIAN_POINT('',(45.0080240351759,-52.2998831016764,-30.));
#12003=CARTESIAN_POINT('',(44.5188063826191,-51.7314061114413,-30.));
#12004=CARTESIAN_POINT('',(44.5188063826191,-51.7314061114413,-30.));
#12005=CARTESIAN_POINT('',(1.5404344466674E-12,6.86950496486816E-13,-30.));
#12006=CARTESIAN_POINT('',(1.5404344466674E-12,6.86950496486816E-13,0.));
#12007=CARTESIAN_POINT('',(45.4779664815185,-50.8902452804649,0.));
#12008=CARTESIAN_POINT('',(1.5404344466674E-12,6.86950496486816E-13,-30.));
#12009=CARTESIAN_POINT('',(45.4779664815185,-50.8902452804649,-30.));
#12010=CARTESIAN_POINT('',(45.4779664815185,-50.8902452804649,-30.));
#12011=CARTESIAN_POINT('',(45.9777243549408,-51.4494787450862,-30.));
#12012=CARTESIAN_POINT('',(45.9777243549408,-51.4494787450862,0.));
#12013=CARTESIAN_POINT('',(46.4279899241945,-50.849678013889,0.));
#12014=CARTESIAN_POINT('',(45.9777243549408,-51.4494787450862,-30.));
#12015=CARTESIAN_POINT('',(46.4279899241945,-50.849678013889,-30.));
#12016=CARTESIAN_POINT('',(46.4279899241945,-50.849678013889,-30.));
#12017=CARTESIAN_POINT('',(46.4279899241945,-50.849678013889,-30.));
#12018=CARTESIAN_POINT('',(46.4279899241945,-50.849678013889,0.));
#12019=CARTESIAN_POINT('',(51.8864019903325,-53.6802485231504,0.));
#12020=CARTESIAN_POINT('',(46.4279899241945,-50.849678013889,-30.));
#12021=CARTESIAN_POINT('',(51.8864019903325,-53.6802485231504,-30.));
#12022=CARTESIAN_POINT('',(51.8864019903325,-53.6802485231504,-30.));
#12023=CARTESIAN_POINT('',(52.1165786944659,-53.2363806544391,-30.));
#12024=CARTESIAN_POINT('',(52.1165786944659,-53.2363806544391,0.));
#12025=CARTESIAN_POINT('',(52.4663560611237,-53.5936701641843,0.));
#12026=CARTESIAN_POINT('',(52.1165786944659,-53.2363806544391,-30.));
#12027=CARTESIAN_POINT('',(52.4663560611237,-53.5936701641843,-30.));
#12028=CARTESIAN_POINT('',(52.4663560611237,-53.5936701641843,-30.));
#12029=CARTESIAN_POINT('',(4.37636038519429E-11,-4.36109481860569E-11,-30.));
#12030=CARTESIAN_POINT('',(4.37636038519429E-11,-4.36109481860569E-11,0.));
#12031=CARTESIAN_POINT('',(53.5936732915422,-52.4663528665699,0.));
#12032=CARTESIAN_POINT('',(4.37636038519429E-11,-4.36109481860569E-11,-30.));
#12033=CARTESIAN_POINT('',(53.5936732915422,-52.4663528665699,-30.));
#12034=CARTESIAN_POINT('',(53.5936732915422,-52.4663528665699,-30.));
#12035=CARTESIAN_POINT('',(53.2363806544326,-52.1165786944713,-30.));
#12036=CARTESIAN_POINT('',(53.2363806544326,-52.1165786944713,0.));
#12037=CARTESIAN_POINT('',(53.6802485231441,-51.8864019903385,0.));
#12038=CARTESIAN_POINT('',(53.2363806544326,-52.1165786944713,-30.));
#12039=CARTESIAN_POINT('',(53.6802485231441,-51.8864019903385,-30.));
#12040=CARTESIAN_POINT('',(53.6802485231441,-51.8864019903385,-30.));
#12041=CARTESIAN_POINT('',(53.6802485231441,-51.8864019903385,-30.));
#12042=CARTESIAN_POINT('',(53.6802485231441,-51.8864019903385,0.));
#12043=CARTESIAN_POINT('',(50.8496780139119,-46.4279899242397,0.));
#12044=CARTESIAN_POINT('',(53.6802485231441,-51.8864019903385,-30.));
#12045=CARTESIAN_POINT('',(50.8496780139119,-46.4279899242397,-30.));
#12046=CARTESIAN_POINT('',(50.8496780139119,-46.4279899242397,-30.));
#12047=CARTESIAN_POINT('',(51.4494787450806,-45.9777243549481,-30.));
#12048=CARTESIAN_POINT('',(51.4494787450806,-45.9777243549481,0.));
#12049=CARTESIAN_POINT('',(50.8902452804599,-45.4779664815251,0.));
#12050=CARTESIAN_POINT('',(51.4494787450806,-45.9777243549481,-30.));
#12051=CARTESIAN_POINT('',(50.8902452804599,-45.4779664815251,-30.));
#12052=CARTESIAN_POINT('',(50.8902452804599,-45.4779664815251,-30.));
#12053=CARTESIAN_POINT('',(-9.23566778610052E-11,8.27116153345742E-11,-30.));
#12054=CARTESIAN_POINT('',(-9.23566778610052E-11,8.27116153345742E-11,0.));
#12055=CARTESIAN_POINT('',(51.7314061114388,-44.5188063826231,0.));
#12056=CARTESIAN_POINT('',(-9.23566778610052E-11,8.27116153345742E-11,-30.));
#12057=CARTESIAN_POINT('',(51.7314061114388,-44.5188063826231,-30.));
#12058=CARTESIAN_POINT('',(51.7314061114388,-44.5188063826231,-30.));
#12059=CARTESIAN_POINT('',(52.2998831016743,-45.0080240351795,-30.));
#12060=CARTESIAN_POINT('',(52.2998831016743,-45.0080240351795,0.));
#12061=CARTESIAN_POINT('',(52.6680068810916,-44.3545832321778,0.));
#12062=CARTESIAN_POINT('',(52.2998831016743,-45.0080240351795,-30.));
#12063=CARTESIAN_POINT('',(52.6680068810916,-44.3545832321778,-30.));
#12064=CARTESIAN_POINT('',(52.6680068810916,-44.3545832321778,-30.));
#12065=CARTESIAN_POINT('',(52.6680068810916,-44.3545832321778,-30.));
#12066=CARTESIAN_POINT('',(52.6680068810916,-44.3545832321778,0.));
#12067=CARTESIAN_POINT('',(58.4491850656439,-46.4484720757504,0.));
#12068=CARTESIAN_POINT('',(52.6680068810916,-44.3545832321778,-30.));
#12069=CARTESIAN_POINT('',(58.4491850656439,-46.4484720757504,-30.));
#12070=CARTESIAN_POINT('',(58.4491850656439,-46.4484720757504,-30.));
#12071=CARTESIAN_POINT('',(58.6194561934127,-45.9783574694591,-30.));
#12072=CARTESIAN_POINT('',(58.6194561934127,-45.9783574694591,0.));
#12073=CARTESIAN_POINT('',(59.0128766896344,-46.2869353577673,0.));
#12074=CARTESIAN_POINT('',(58.6194561934127,-45.9783574694591,-30.));
#12075=CARTESIAN_POINT('',(59.0128766896344,-46.2869353577673,-30.));
#12076=CARTESIAN_POINT('',(59.0128766896344,-46.2869353577673,-30.));
#12077=CARTESIAN_POINT('',(-7.65984498052319E-11,5.96397931040826E-11,-30.));
#12078=CARTESIAN_POINT('',(-7.65984498052319E-11,5.96397931040826E-11,0.));
#12079=CARTESIAN_POINT('',(59.9834039662792,-45.0221195482652,0.));
#12080=CARTESIAN_POINT('',(-7.65984498052319E-11,5.96397931040826E-11,-30.));
#12081=CARTESIAN_POINT('',(59.9834039662792,-45.0221195482652,-30.));
#12082=CARTESIAN_POINT('',(59.9834039662792,-45.0221195482652,-30.));
#12083=CARTESIAN_POINT('',(59.5835146065033,-44.721972084611,-30.));
#12084=CARTESIAN_POINT('',(59.5835146065033,-44.721972084611,0.));
#12085=CARTESIAN_POINT('',(59.993541035338,-44.4358281913387,0.));
#12086=CARTESIAN_POINT('',(59.5835146065033,-44.721972084611,-30.));
#12087=CARTESIAN_POINT('',(59.993541035338,-44.4358281913387,-30.));
#12088=CARTESIAN_POINT('',(59.993541035338,-44.4358281913387,-30.));
#12089=CARTESIAN_POINT('',(59.993541035338,-44.4358281913387,-30.));
#12090=CARTESIAN_POINT('',(59.993541035338,-44.4358281913387,0.));
#12091=CARTESIAN_POINT('',(56.4747207066378,-39.3935771875167,0.));
#12092=CARTESIAN_POINT('',(59.993541035338,-44.4358281913387,-30.));
#12093=CARTESIAN_POINT('',(56.4747207066378,-39.3935771875167,-30.));
#12094=CARTESIAN_POINT('',(56.4747207066378,-39.3935771875167,-30.));
#12095=CARTESIAN_POINT('',(57.010618609167,-38.8688739970701,-30.));
#12096=CARTESIAN_POINT('',(57.010618609167,-38.8688739970701,0.));
#12097=CARTESIAN_POINT('',(56.3909373935591,-38.4463870848198,0.));
#12098=CARTESIAN_POINT('',(57.010618609167,-38.8688739970701,-30.));
#12099=CARTESIAN_POINT('',(56.3909373935591,-38.4463870848198,-30.));
#12100=CARTESIAN_POINT('',(56.3909373935591,-38.4463870848198,-30.));
#12101=CARTESIAN_POINT('',(5.81340531269348E-11,-3.72202269005584E-11,-30.));
#12102=CARTESIAN_POINT('',(5.81340531269348E-11,-3.72202269005584E-11,0.));
#12103=CARTESIAN_POINT('',(57.0997070401344,-37.3856383646304,0.));
#12104=CARTESIAN_POINT('',(5.81340531269348E-11,-3.72202269005584E-11,-30.));
#12105=CARTESIAN_POINT('',(57.0997070401344,-37.3856383646304,-30.));
#12106=CARTESIAN_POINT('',(57.0997070401344,-37.3856383646304,-30.));
#12107=CARTESIAN_POINT('',(57.7271763482679,-37.7964695554502,-30.));
#12108=CARTESIAN_POINT('',(57.7271763482679,-37.7964695554502,0.));
#12109=CARTESIAN_POINT('',(58.0068596378422,-37.1005692339006,0.));
#12110=CARTESIAN_POINT('',(57.7271763482679,-37.7964695554502,-30.));
#12111=CARTESIAN_POINT('',(58.0068596378422,-37.1005692339006,-30.));
#12112=CARTESIAN_POINT('',(58.0068596378422,-37.1005692339006,-30.));
#12113=CARTESIAN_POINT('',(58.0068596378422,-37.1005692339006,-30.));
#12114=CARTESIAN_POINT('',(58.0068596378422,-37.1005692339006,0.));
#12115=CARTESIAN_POINT('',(64.0118863793062,-38.4219493931803,0.));
#12116=CARTESIAN_POINT('',(58.0068596378422,-37.1005692339006,-30.));
#12117=CARTESIAN_POINT('',(64.0118863793062,-38.4219493931803,-30.));
#12118=CARTESIAN_POINT('',(64.0118863793062,-38.4219493931803,-30.));
#12119=CARTESIAN_POINT('',(64.1193385445087,-37.9336318405639,-30.));
#12120=CARTESIAN_POINT('',(64.1193385445087,-37.9336318405639,0.));
#12121=CARTESIAN_POINT('',(64.5496707422169,-38.1882181709425,0.));
#12122=CARTESIAN_POINT('',(64.1193385445087,-37.9336318405639,-30.));
#12123=CARTESIAN_POINT('',(64.5496707422169,-38.1882181709425,-30.));
#12124=CARTESIAN_POINT('',(64.5496707422169,-38.1882181709425,-30.));
#12125=CARTESIAN_POINT('',(2.38739583657832E-10,-1.3734846593394E-10,-30.));
#12126=CARTESIAN_POINT('',(2.38739583657832E-10,-1.3734846593394E-10,0.));
#12127=CARTESIAN_POINT('',(65.3468034603856,-36.8075437581734,0.));
#12128=CARTESIAN_POINT('',(2.38739583657832E-10,-1.3734846593394E-10,-30.));
#12129=CARTESIAN_POINT('',(65.3468034603856,-36.8075437581734,-30.));
#12130=CARTESIAN_POINT('',(65.3468034603856,-36.8075437581734,-30.));
#12131=CARTESIAN_POINT('',(64.9111581039821,-36.5621601331205,-30.));
#12132=CARTESIAN_POINT('',(64.9111581039821,-36.5621601331205,0.));
#12133=CARTESIAN_POINT('',(65.2803274270634,-36.2249450520584,0.));
#12134=CARTESIAN_POINT('',(64.9111581039821,-36.5621601331205,-30.));
#12135=CARTESIAN_POINT('',(65.2803274270634,-36.2249450520584,-30.));
#12136=CARTESIAN_POINT('',(65.2803274270634,-36.2249450520584,-30.));
#12137=CARTESIAN_POINT('',(65.2803274270634,-36.2249450520584,-30.));
#12138=CARTESIAN_POINT('',(65.2803274270634,-36.2249450520584,0.));
#12139=CARTESIAN_POINT('',(61.1334652703377,-31.6851294231765,0.));
#12140=CARTESIAN_POINT('',(65.2803274270634,-36.2249450520584,-30.));
#12141=CARTESIAN_POINT('',(61.1334652703377,-31.6851294231765,-30.));
#12142=CARTESIAN_POINT('',(61.1334652703377,-31.6851294231765,-30.));
#12143=CARTESIAN_POINT('',(61.5962909825188,-31.0949664286198,-30.));
#12144=CARTESIAN_POINT('',(61.5962909825188,-31.0949664286198,0.));
#12145=CARTESIAN_POINT('',(60.9267660805348,-30.7569776630913,0.));
#12146=CARTESIAN_POINT('',(61.5962909825188,-31.0949664286198,-30.));
#12147=CARTESIAN_POINT('',(60.9267660805348,-30.7569776630913,-30.));
#12148=CARTESIAN_POINT('',(60.9267660805348,-30.7569776630913,-30.));
#12149=CARTESIAN_POINT('',(-5.54417622922188E-11,2.8498037263347E-11,-30.));
#12150=CARTESIAN_POINT('',(-5.54417622922188E-11,2.8498037263347E-11,0.));
#12151=CARTESIAN_POINT('',(61.4910161503417,-29.6127917089647,0.));
#12152=CARTESIAN_POINT('',(-5.54417622922188E-11,2.8498037263347E-11,-30.));
#12153=CARTESIAN_POINT('',(61.4910161503417,-29.6127917089647,-30.));
#12154=CARTESIAN_POINT('',(61.4910161503417,-29.6127917089647,-30.));
#12155=CARTESIAN_POINT('',(62.1667416025432,-29.9382070024699,-30.));
#12156=CARTESIAN_POINT('',(62.1667416025432,-29.9382070024699,0.));
#12157=CARTESIAN_POINT('',(62.3531989436946,-29.2117542098324,0.));
#12158=CARTESIAN_POINT('',(62.1667416025432,-29.9382070024699,-30.));
#12159=CARTESIAN_POINT('',(62.3531989436946,-29.2117542098324,-30.));
#12160=CARTESIAN_POINT('',(62.3531989436946,-29.2117542098324,-30.));
#12161=CARTESIAN_POINT('',(62.3531989436946,-29.2117542098324,-30.));
#12162=CARTESIAN_POINT('',(62.3531989436946,-29.2117542098324,0.));
#12163=CARTESIAN_POINT('',(68.4793265695695,-29.7380165039202,0.));
#12164=CARTESIAN_POINT('',(62.3531989436946,-29.2117542098324,-30.));
#12165=CARTESIAN_POINT('',(68.4793265695695,-29.7380165039202,-30.));
#12166=CARTESIAN_POINT('',(68.4793265695695,-29.7380165039202,-30.));
#12167=CARTESIAN_POINT('',(68.522121235863,-29.2398512536901,-30.));
#12168=CARTESIAN_POINT('',(68.522121235863,-29.2398512536901,0.));
#12169=CARTESIAN_POINT('',(68.9820015681511,-29.4360911068661,0.));
#12170=CARTESIAN_POINT('',(68.522121235863,-29.2398512536901,-30.));
#12171=CARTESIAN_POINT('',(68.9820015681511,-29.4360911068661,-30.));
#12172=CARTESIAN_POINT('',(68.9820015681511,-29.4360911068661,-30.));
#12173=CARTESIAN_POINT('',(7.74935671188359E-11,-3.20576898360514E-11,-30.));
#12174=CARTESIAN_POINT('',(7.74935671188359E-11,-3.20576898360514E-11,0.));
#12175=CARTESIAN_POINT('',(69.5921010297313,-27.9631806893957,0.));
#12176=CARTESIAN_POINT('',(7.74935671188359E-11,-3.20576898360514E-11,-30.));
#12177=CARTESIAN_POINT('',(69.5921010297313,-27.9631806893957,-30.));
#12178=CARTESIAN_POINT('',(69.5921010297313,-27.9631806893957,-30.));
#12179=CARTESIAN_POINT('',(69.1281536895319,-27.7767594848026,-30.));
#12180=CARTESIAN_POINT('',(69.1281536895319,-27.7767594848026,0.));
#12181=CARTESIAN_POINT('',(69.4501493173864,-27.3942430594786,0.));
#12182=CARTESIAN_POINT('',(69.1281536895319,-27.7767594848026,-30.));
#12183=CARTESIAN_POINT('',(69.4501493173864,-27.3942430594786,-30.));
#12184=CARTESIAN_POINT('',(69.4501493173864,-27.3942430594786,-30.));
#12185=CARTESIAN_POINT('',(69.4501493173864,-27.3942430594786,-30.));
#12186=CARTESIAN_POINT('',(69.4501493173864,-27.3942430594786,0.));
#12187=CARTESIAN_POINT('',(64.7461992938602,-23.4345403096201,0.));
#12188=CARTESIAN_POINT('',(69.4501493173864,-27.3942430594786,-30.));
#12189=CARTESIAN_POINT('',(64.7461992938602,-23.4345403096201,-30.));
#12190=CARTESIAN_POINT('',(64.7461992938602,-23.4345403096201,-30.));
#12191=CARTESIAN_POINT('',(65.1280337394424,-22.7890153634197,-30.));
#12192=CARTESIAN_POINT('',(65.1280337394424,-22.7890153634197,0.));
#12193=CARTESIAN_POINT('',(64.420120329231,-22.541308674687,0.));
#12194=CARTESIAN_POINT('',(65.1280337394424,-22.7890153634197,-30.));
#12195=CARTESIAN_POINT('',(64.420120329231,-22.541308674687,-30.));
#12196=CARTESIAN_POINT('',(64.420120329231,-22.541308674687,-30.));
#12197=CARTESIAN_POINT('',(2.93057245137618E-10,-1.00218444654132E-10,-30.));
#12198=CARTESIAN_POINT('',(2.93057245137618E-10,-1.00218444654132E-10,0.));
#12199=CARTESIAN_POINT('',(64.8301969256858,-21.3332619769437,0.));
#12200=CARTESIAN_POINT('',(2.93057245137618E-10,-1.00218444654132E-10,-30.));
#12201=CARTESIAN_POINT('',(64.8301969256858,-21.3332619769437,-30.));
#12202=CARTESIAN_POINT('',(64.8301969256858,-21.3332619769437,-30.));
#12203=CARTESIAN_POINT('',(65.5426166721219,-21.56769342724,-30.));
#12204=CARTESIAN_POINT('',(65.5426166721219,-21.56769342724,0.));
#12205=CARTESIAN_POINT('',(65.6326577279715,-20.8231179721909,0.));
#12206=CARTESIAN_POINT('',(65.5426166721219,-21.56769342724,-30.));
#12207=CARTESIAN_POINT('',(65.6326577279715,-20.8231179721909,-30.));
#12208=CARTESIAN_POINT('',(65.6326577279715,-20.8231179721909,-30.));
#12209=CARTESIAN_POINT('',(65.6326577279715,-20.8231179721909,-30.));
#12210=CARTESIAN_POINT('',(65.6326577279715,-20.8231179721909,0.));
#12211=CARTESIAN_POINT('',(71.7750664961715,-20.5452579073401,0.));
#12212=CARTESIAN_POINT('',(65.6326577279715,-20.8231179721909,-30.));
#12213=CARTESIAN_POINT('',(71.7750664961715,-20.5452579073401,-30.));
#12214=CARTESIAN_POINT('',(71.7750664961715,-20.5452579073401,-30.));
#12215=CARTESIAN_POINT('',(71.7524714349552,-20.0457687050457,-30.));
#12216=CARTESIAN_POINT('',(71.7524714349552,-20.0457687050457,0.));
#12217=CARTESIAN_POINT('',(72.2340313994335,-20.1803049477896,0.));
#12218=CARTESIAN_POINT('',(71.7524714349552,-20.0457687050457,-30.));
#12219=CARTESIAN_POINT('',(72.2340313994335,-20.1803049477896,-30.));
#12220=CARTESIAN_POINT('',(72.2340313994335,-20.1803049477896,-30.));
#12221=CARTESIAN_POINT('',(2.73669975570101E-11,-7.66400831686553E-12,-30.));
#12222=CARTESIAN_POINT('',(2.73669975570101E-11,-7.66400831686553E-12,0.));
#12223=CARTESIAN_POINT('',(72.6466584558833,-18.6403598461611,0.));
#12224=CARTESIAN_POINT('',(2.73669975570101E-11,-7.66400831686553E-12,-30.));
#12225=CARTESIAN_POINT('',(72.6466584558833,-18.6403598461611,-30.));
#12226=CARTESIAN_POINT('',(72.6466584558833,-18.6403598461611,-30.));
#12227=CARTESIAN_POINT('',(72.1623473995097,-18.5160907805238,-30.));
#12228=CARTESIAN_POINT('',(72.1623473995097,-18.5160907805238,0.));
#12229=CARTESIAN_POINT('',(72.4316598976708,-18.0948179730293,0.));
#12230=CARTESIAN_POINT('',(72.1623473995097,-18.5160907805238,-30.));
#12231=CARTESIAN_POINT('',(72.4316598976708,-18.0948179730293,-30.));
#12232=CARTESIAN_POINT('',(72.4316598976708,-18.0948179730293,-30.));
#12233=CARTESIAN_POINT('',(72.4316598976708,-18.0948179730293,-30.));
#12234=CARTESIAN_POINT('',(72.4316598976708,-18.0948179730293,0.));
#12235=CARTESIAN_POINT('',(67.2511078964667,-14.7829797141074,0.));
#12236=CARTESIAN_POINT('',(72.4316598976708,-18.0948179730293,-30.));
#12237=CARTESIAN_POINT('',(67.2511078964667,-14.7829797141074,-30.));
#12238=CARTESIAN_POINT('',(67.2511078964667,-14.7829797141074,-30.));
#12239=CARTESIAN_POINT('',(67.5454177821805,-14.0931379270494,-30.));
#12240=CARTESIAN_POINT('',(67.5454177821805,-14.0931379270494,0.));
#12241=CARTESIAN_POINT('',(66.8112284584609,-13.9399516452339,0.));
#12242=CARTESIAN_POINT('',(67.5454177821805,-14.0931379270494,-30.));
#12243=CARTESIAN_POINT('',(66.8112284584609,-13.9399516452339,-30.));
#12244=CARTESIAN_POINT('',(66.8112284584609,-13.9399516452339,-30.));
#12245=CARTESIAN_POINT('',(1.81687997979907E-10,-3.71178782154757E-11,-30.));
#12246=CARTESIAN_POINT('',(1.81687997979907E-10,-3.71178782154757E-11,0.));
#12247=CARTESIAN_POINT('',(67.0601150573071,-12.6887142177943,0.));
#12248=CARTESIAN_POINT('',(1.81687997979907E-10,-3.71178782154757E-11,-30.));
#12249=CARTESIAN_POINT('',(67.0601150573071,-12.6887142177943,-30.));
#12250=CARTESIAN_POINT('',(67.0601150573071,-12.6887142177943,-30.));
#12251=CARTESIAN_POINT('',(67.7970393985961,-12.82815063777,-30.));
#12252=CARTESIAN_POINT('',(67.7970393985961,-12.82815063777,0.));
#12253=CARTESIAN_POINT('',(67.7891235417653,-12.078192412793,0.));
#12254=CARTESIAN_POINT('',(67.7970393985961,-12.82815063777,-30.));
#12255=CARTESIAN_POINT('',(67.7891235417653,-12.078192412793,-30.));
#12256=CARTESIAN_POINT('',(67.7891235417653,-12.078192412793,-30.));
#12257=CARTESIAN_POINT('',(67.7891235417653,-12.078192412793,-30.));
#12258=CARTESIAN_POINT('',(67.7891235417653,-12.078192412793,0.));
#12259=CARTESIAN_POINT('',(73.8427151352163,-11.0009642517501,0.));
#12260=CARTESIAN_POINT('',(67.7891235417653,-12.078192412793,-30.));
#12261=CARTESIAN_POINT('',(73.8427151352163,-11.0009642517501,-30.));
#12262=CARTESIAN_POINT('',(73.8427151352163,-11.0009642517501,-30.));
#12263=CARTESIAN_POINT('',(73.7551169542504,-10.5086974961273,-30.));
#12264=CARTESIAN_POINT('',(73.7551169542504,-10.5086974961273,0.));
#12265=CARTESIAN_POINT('',(74.2501178746886,-10.5792247161586,0.));
#12266=CARTESIAN_POINT('',(73.7551169542504,-10.5086974961273,-30.));
#12267=CARTESIAN_POINT('',(74.2501178746886,-10.5792247161586,-30.));
#12268=CARTESIAN_POINT('',(74.2501178746886,-10.5792247161586,-30.));
#12269=CARTESIAN_POINT('',(-2.02504679691629E-10,2.75057754350883E-11,-30.));
#12270=CARTESIAN_POINT('',(-2.02504679691629E-10,2.75057754350883E-11,0.));
#12271=CARTESIAN_POINT('',(74.4582114143946,-8.9985972778793,0.));
#12272=CARTESIAN_POINT('',(-2.02504679691629E-10,2.75057754350883E-11,-30.));
#12273=CARTESIAN_POINT('',(74.4582114143946,-8.9985972778793,-30.));
#12274=CARTESIAN_POINT('',(74.4582114143946,-8.9985972778793,-30.));
#12275=CARTESIAN_POINT('',(73.9618233382987,-8.93860662935877,-30.));
#12276=CARTESIAN_POINT('',(73.9618233382987,-8.93860662935877,0.));
#12277=CARTESIAN_POINT('',(74.1738446952566,-8.48578553422978,0.));
#12278=CARTESIAN_POINT('',(73.9618233382987,-8.93860662935877,-30.));
#12279=CARTESIAN_POINT('',(74.1738446952566,-8.48578553422978,-30.));
#12280=CARTESIAN_POINT('',(74.1738446952566,-8.48578553422978,-30.));
#12281=CARTESIAN_POINT('',(74.1738446952566,-8.48578553422978,-30.));
#12282=CARTESIAN_POINT('',(74.1738446952566,-8.48578553422978,0.));
#12283=CARTESIAN_POINT('',(68.6053313973597,-5.87847823702419,0.));
#12284=CARTESIAN_POINT('',(74.1738446952566,-8.48578553422978,-30.));
#12285=CARTESIAN_POINT('',(68.6053313973597,-5.87847823702419,-30.));
#12286=CARTESIAN_POINT('',(68.6053313973597,-5.87847823702419,-30.));
#12287=CARTESIAN_POINT('',(68.80708099954,-5.15612299338001,-30.));
#12288=CARTESIAN_POINT('',(68.80708099954,-5.15612299338001,0.));
#12289=CARTESIAN_POINT('',(68.0591779763755,-5.1000777621686,0.));
#12290=CARTESIAN_POINT('',(68.80708099954,-5.15612299338001,-30.));
#12291=CARTESIAN_POINT('',(68.0591779763755,-5.1000777621686,-30.));
#12292=CARTESIAN_POINT('',(68.0591779763755,-5.1000777621686,-30.));
#12293=CARTESIAN_POINT('',(1.53071999520193E-10,-9.80465708622091E-12,-30.));
#12294=CARTESIAN_POINT('',(1.53071999520193E-10,-9.80465708622091E-12,0.));
#12295=CARTESIAN_POINT('',(68.1426160277204,-3.82705904040946,0.));
#12296=CARTESIAN_POINT('',(1.53071999520193E-10,-9.80465708622091E-12,-30.));
#12297=CARTESIAN_POINT('',(68.1426160277204,-3.82705904040946,-30.));
#12298=CARTESIAN_POINT('',(68.1426160277204,-3.82705904040946,-30.));
#12299=CARTESIAN_POINT('',(68.891435984069,-3.86911463426008,-30.));
#12300=CARTESIAN_POINT('',(68.891435984069,-3.86911463426008,0.));
#12301=CARTESIAN_POINT('',(68.7856986570801,-3.12660563250907,0.));
#12302=CARTESIAN_POINT('',(68.891435984069,-3.86911463426008,-30.));
#12303=CARTESIAN_POINT('',(68.7856986570801,-3.12660563250907,-30.));
#12304=CARTESIAN_POINT('',(68.7856986570801,-3.12660563250907,-30.));
#12305=CARTESIAN_POINT('',(68.7856986570801,-3.12660563250907,-30.));
#12306=CARTESIAN_POINT('',(68.7856986570801,-3.12660563250907,0.));
#12307=CARTESIAN_POINT('',(74.6468944452311,-1.26844104775967,0.));
#12308=CARTESIAN_POINT('',(68.7856986570801,-3.12660563250907,-30.));
#12309=CARTESIAN_POINT('',(74.6468944452311,-1.26844104775967,-30.));
#12310=CARTESIAN_POINT('',(74.6468944452311,-1.26844104775967,-30.));
#12311=CARTESIAN_POINT('',(74.4957919736771,-0.791819559479699,-30.));
#12312=CARTESIAN_POINT('',(74.4957919736771,-0.791819559479699,0.));
#12313=CARTESIAN_POINT('',(74.9957637318896,-0.797133784711428,0.));
#12314=CARTESIAN_POINT('',(74.4957919736771,-0.791819559479699,-30.));
#12315=CARTESIAN_POINT('',(74.9957637318896,-0.797133784711428,-30.));
#12316=CARTESIAN_POINT('',(74.9957637318896,-0.797133784711428,-30.));
#12317=CARTESIAN_POINT('',(-7.22755189030977E-11,2.71050543121376E-16,-30.));
#12318=CARTESIAN_POINT('',(-7.22755189030977E-11,2.71050543121376E-16,0.));
#12319=CARTESIAN_POINT('',(74.9957637318896,0.797133784711407,0.));
#12320=CARTESIAN_POINT('',(-7.22755189030977E-11,2.71050543121376E-16,-30.));
#12321=CARTESIAN_POINT('',(74.9957637318896,0.797133784711407,-30.));
#12322=CARTESIAN_POINT('',(74.9957637318896,0.797133784711407,-30.));
#12323=CARTESIAN_POINT('',(74.495791973677,0.791819559479674,-30.));
#12324=CARTESIAN_POINT('',(74.495791973677,0.791819559479674,0.));
#12325=CARTESIAN_POINT('',(74.6468944452303,1.2684410477599,0.));
#12326=CARTESIAN_POINT('',(74.495791973677,0.791819559479674,-30.));
#12327=CARTESIAN_POINT('',(74.6468944452303,1.2684410477599,-30.));
#12328=CARTESIAN_POINT('',(74.6468944452303,1.2684410477599,-30.));
#12329=CARTESIAN_POINT('',(74.6468944452303,1.26844104775991,-30.));
#12330=CARTESIAN_POINT('',(74.6468944452303,1.26844104775991,0.));
#12331=CARTESIAN_POINT('',(68.7856986570796,3.12660563249923,0.));
#12332=CARTESIAN_POINT('',(74.6468944452303,1.26844104775991,-30.));
#12333=CARTESIAN_POINT('',(68.7856986570796,3.12660563249923,-30.));
#12334=CARTESIAN_POINT('',(68.7856986570796,3.12660563249923,-30.));
#12335=CARTESIAN_POINT('',(68.891435984069,3.8691146342501,-30.));
#12336=CARTESIAN_POINT('',(68.891435984069,3.8691146342501,0.));
#12337=CARTESIAN_POINT('',(68.1426159798668,3.82705989246546,0.));
#12338=CARTESIAN_POINT('',(68.891435984069,3.8691146342501,-30.));
#12339=CARTESIAN_POINT('',(68.1426159798668,3.82705989246546,-30.));
#12340=CARTESIAN_POINT('',(68.1426159798668,3.82705989246546,-30.));
#12341=CARTESIAN_POINT('',(6.0240701316161E-10,4.0986311566904E-11,-30.));
#12342=CARTESIAN_POINT('',(6.0240701316161E-10,4.0986311566904E-11,0.));
#12343=CARTESIAN_POINT('',(68.0591778444145,5.10007952315302,0.));
#12344=CARTESIAN_POINT('',(6.0240701316161E-10,4.0986311566904E-11,-30.));
#12345=CARTESIAN_POINT('',(68.0591778444145,5.10007952315302,-30.));
#12346=CARTESIAN_POINT('',(68.0591778444145,5.10007952315302,-30.));
#12347=CARTESIAN_POINT('',(68.8070809995396,5.15612299336989,-30.));
#12348=CARTESIAN_POINT('',(68.8070809995396,5.15612299336989,0.));
#12349=CARTESIAN_POINT('',(68.6053313973066,5.8784782369993,0.));
#12350=CARTESIAN_POINT('',(68.8070809995396,5.15612299336989,-30.));
#12351=CARTESIAN_POINT('',(68.6053313973066,5.8784782369993,-30.));
#12352=CARTESIAN_POINT('',(68.6053313973066,5.8784782369993,-30.));
#12353=CARTESIAN_POINT('',(68.6053313973066,5.8784782369993,-30.));
#12354=CARTESIAN_POINT('',(68.6053313973066,5.8784782369993,0.));
#12355=CARTESIAN_POINT('',(74.1738446952574,8.48578553423016,0.));
#12356=CARTESIAN_POINT('',(68.6053313973066,5.8784782369993,-30.));
#12357=CARTESIAN_POINT('',(74.1738446952574,8.48578553423016,-30.));
#12358=CARTESIAN_POINT('',(74.1738446952574,8.48578553423016,-30.));
#12359=CARTESIAN_POINT('',(73.9618233382991,8.9386066293589,-30.));
#12360=CARTESIAN_POINT('',(73.9618233382991,8.9386066293589,0.));
#12361=CARTESIAN_POINT('',(74.458211339587,8.99859789686902,0.));
#12362=CARTESIAN_POINT('',(73.9618233382991,8.9386066293589,-30.));
#12363=CARTESIAN_POINT('',(74.458211339587,8.99859789686902,-30.));
#12364=CARTESIAN_POINT('',(74.458211339587,8.99859789686902,-30.));
#12365=CARTESIAN_POINT('',(-1.78440595632878E-10,-2.39912256727592E-11,
-30.));
#12366=CARTESIAN_POINT('',(-1.78440595632878E-10,-2.39912256727592E-11,
0.));
#12367=CARTESIAN_POINT('',(74.2501177391783,10.579225667235,0.));
#12368=CARTESIAN_POINT('',(-1.78440595632878E-10,-2.39912256727592E-11,
-30.));
#12369=CARTESIAN_POINT('',(74.2501177391783,10.579225667235,-30.));
#12370=CARTESIAN_POINT('',(74.2501177391783,10.579225667235,-30.));
#12371=CARTESIAN_POINT('',(73.7551169542509,10.5086974961172,-30.));
#12372=CARTESIAN_POINT('',(73.7551169542509,10.5086974961172,0.));
#12373=CARTESIAN_POINT('',(73.8427151352171,11.00096425174,0.));
#12374=CARTESIAN_POINT('',(73.7551169542509,10.5086974961172,-30.));
#12375=CARTESIAN_POINT('',(73.8427151352171,11.00096425174,-30.));
#12376=CARTESIAN_POINT('',(73.8427151352171,11.00096425174,-30.));
#12377=CARTESIAN_POINT('',(73.8427151352171,11.00096425174,-30.));
#12378=CARTESIAN_POINT('',(73.8427151352171,11.00096425174,0.));
#12379=CARTESIAN_POINT('',(67.7891235418255,12.0781924127823,0.));
#12380=CARTESIAN_POINT('',(73.8427151352171,11.00096425174,-30.));
#12381=CARTESIAN_POINT('',(67.7891235418255,12.0781924127823,-30.));
#12382=CARTESIAN_POINT('',(67.7891235418255,12.0781924127823,-30.));
#12383=CARTESIAN_POINT('',(67.797039398596,12.82815063776,-30.));
#12384=CARTESIAN_POINT('',(67.797039398596,12.82815063776,0.));
#12385=CARTESIAN_POINT('',(67.0601147279863,12.6887159582614,0.));
#12386=CARTESIAN_POINT('',(67.797039398596,12.82815063776,-30.));
#12387=CARTESIAN_POINT('',(67.0601147279863,12.6887159582614,-30.));
#12388=CARTESIAN_POINT('',(67.0601147279863,12.6887159582614,-30.));
#12389=CARTESIAN_POINT('',(4.16888745746746E-11,8.6909646146438E-12,-30.));
#12390=CARTESIAN_POINT('',(4.16888745746746E-11,8.6909646146438E-12,0.));
#12391=CARTESIAN_POINT('',(66.8112287339325,13.9399503249571,0.));
#12392=CARTESIAN_POINT('',(4.16888745746746E-11,8.6909646146438E-12,-30.));
#12393=CARTESIAN_POINT('',(66.8112287339325,13.9399503249571,-30.));
#12394=CARTESIAN_POINT('',(66.8112287339325,13.9399503249571,-30.));
#12395=CARTESIAN_POINT('',(67.5454177821811,14.0931379270397,-30.));
#12396=CARTESIAN_POINT('',(67.5454177821811,14.0931379270397,0.));
#12397=CARTESIAN_POINT('',(67.2511078964193,14.782979714077,0.));
#12398=CARTESIAN_POINT('',(67.5454177821811,14.0931379270397,-30.));
#12399=CARTESIAN_POINT('',(67.2511078964193,14.782979714077,-30.));
#12400=CARTESIAN_POINT('',(67.2511078964193,14.782979714077,-30.));
#12401=CARTESIAN_POINT('',(67.2511078964193,14.782979714077,-30.));
#12402=CARTESIAN_POINT('',(67.2511078964193,14.782979714077,0.));
#12403=CARTESIAN_POINT('',(72.4316598976748,18.0948179730219,0.));
#12404=CARTESIAN_POINT('',(67.2511078964193,14.782979714077,-30.));
#12405=CARTESIAN_POINT('',(72.4316598976748,18.0948179730219,-30.));
#12406=CARTESIAN_POINT('',(72.4316598976748,18.0948179730219,-30.));
#12407=CARTESIAN_POINT('',(72.1623473995122,18.5160907805154,-30.));
#12408=CARTESIAN_POINT('',(72.1623473995122,18.5160907805154,0.));
#12409=CARTESIAN_POINT('',(72.646658593238,18.6403593108517,0.));
#12410=CARTESIAN_POINT('',(72.1623473995122,18.5160907805154,-30.));
#12411=CARTESIAN_POINT('',(72.646658593238,18.6403593108517,-30.));
#12412=CARTESIAN_POINT('',(72.646658593238,18.6403593108517,-30.));
#12413=CARTESIAN_POINT('',(1.47479251033644E-10,3.90867893607094E-11,-30.));
#12414=CARTESIAN_POINT('',(1.47479251033644E-10,3.90867893607094E-11,0.));
#12415=CARTESIAN_POINT('',(72.2340316459287,20.180304065477,0.));
#12416=CARTESIAN_POINT('',(1.47479251033644E-10,3.90867893607094E-11,-30.));
#12417=CARTESIAN_POINT('',(72.2340316459287,20.180304065477,-30.));
#12418=CARTESIAN_POINT('',(72.2340316459287,20.180304065477,-30.));
#12419=CARTESIAN_POINT('',(71.7524714349544,20.045768705046,-30.));
#12420=CARTESIAN_POINT('',(71.7524714349544,20.045768705046,0.));
#12421=CARTESIAN_POINT('',(71.7750664961712,20.5452579073401,0.));
#12422=CARTESIAN_POINT('',(71.7524714349544,20.045768705046,-30.));
#12423=CARTESIAN_POINT('',(71.7750664961712,20.5452579073401,-30.));
#12424=CARTESIAN_POINT('',(71.7750664961712,20.5452579073401,-30.));
#12425=CARTESIAN_POINT('',(71.7750664961712,20.5452579073401,-30.));
#12426=CARTESIAN_POINT('',(71.7750664961712,20.5452579073401,0.));
#12427=CARTESIAN_POINT('',(65.6326577279712,20.8231179721809,0.));
#12428=CARTESIAN_POINT('',(71.7750664961712,20.5452579073401,-30.));
#12429=CARTESIAN_POINT('',(65.6326577279712,20.8231179721809,-30.));
#12430=CARTESIAN_POINT('',(65.6326577279712,20.8231179721809,-30.));
#12431=CARTESIAN_POINT('',(65.542616672123,21.5676934272301,-30.));
#12432=CARTESIAN_POINT('',(65.542616672123,21.5676934272301,0.));
#12433=CARTESIAN_POINT('',(64.8301963890983,21.3332636075931,0.));
#12434=CARTESIAN_POINT('',(65.542616672123,21.5676934272301,-30.));
#12435=CARTESIAN_POINT('',(64.8301963890983,21.3332636075931,-30.));
#12436=CARTESIAN_POINT('',(64.8301963890983,21.3332636075931,-30.));
#12437=CARTESIAN_POINT('',(1.34892097491957E-10,4.65391614135058E-11,-30.));
#12438=CARTESIAN_POINT('',(1.34892097491957E-10,4.65391614135058E-11,0.));
#12439=CARTESIAN_POINT('',(64.420120329231,22.541308674687,0.));
#12440=CARTESIAN_POINT('',(1.34892097491957E-10,4.65391614135058E-11,-30.));
#12441=CARTESIAN_POINT('',(64.420120329231,22.541308674687,-30.));
#12442=CARTESIAN_POINT('',(64.420120329231,22.541308674687,-30.));
#12443=CARTESIAN_POINT('',(65.1280337394423,22.7890153634197,-30.));
#12444=CARTESIAN_POINT('',(65.1280337394423,22.7890153634197,0.));
#12445=CARTESIAN_POINT('',(64.7461992938999,23.4345403096435,0.));
#12446=CARTESIAN_POINT('',(65.1280337394423,22.7890153634197,-30.));
#12447=CARTESIAN_POINT('',(64.7461992938999,23.4345403096435,-30.));
#12448=CARTESIAN_POINT('',(64.7461992938999,23.4345403096435,-30.));
#12449=CARTESIAN_POINT('',(64.7461992938999,23.4345403096435,-30.));
#12450=CARTESIAN_POINT('',(64.7461992938999,23.4345403096435,0.));
#12451=CARTESIAN_POINT('',(69.4501493173864,27.3942430594686,0.));
#12452=CARTESIAN_POINT('',(64.7461992938999,23.4345403096435,-30.));
#12453=CARTESIAN_POINT('',(69.4501493173864,27.3942430594686,-30.));
#12454=CARTESIAN_POINT('',(69.4501493173864,27.3942430594686,-30.));
#12455=CARTESIAN_POINT('',(69.128153689535,27.7767594847952,-30.));
#12456=CARTESIAN_POINT('',(69.128153689535,27.7767594847952,0.));
#12457=CARTESIAN_POINT('',(69.5921010297348,27.963180689387,0.));
#12458=CARTESIAN_POINT('',(69.128153689535,27.7767594847952,-30.));
#12459=CARTESIAN_POINT('',(69.5921010297348,27.963180689387,-30.));
#12460=CARTESIAN_POINT('',(69.5921010297348,27.963180689387,-30.));
#12461=CARTESIAN_POINT('',(3.46167539078124E-10,1.42441614059408E-10,-30.));
#12462=CARTESIAN_POINT('',(3.46167539078124E-10,1.42441614059408E-10,0.));
#12463=CARTESIAN_POINT('',(68.9820012441604,29.436091866122,0.));
#12464=CARTESIAN_POINT('',(3.46167539078124E-10,1.42441614059408E-10,-30.));
#12465=CARTESIAN_POINT('',(68.9820012441604,29.436091866122,-30.));
#12466=CARTESIAN_POINT('',(68.9820012441604,29.436091866122,-30.));
#12467=CARTESIAN_POINT('',(68.5221212358623,29.2398512536897,-30.));
#12468=CARTESIAN_POINT('',(68.5221212358623,29.2398512536897,0.));
#12469=CARTESIAN_POINT('',(68.4793265695679,29.7380165039198,0.));
#12470=CARTESIAN_POINT('',(68.5221212358623,29.2398512536897,-30.));
#12471=CARTESIAN_POINT('',(68.4793265695679,29.7380165039198,-30.));
#12472=CARTESIAN_POINT('',(68.4793265695679,29.7380165039198,-30.));
#12473=CARTESIAN_POINT('',(68.4793265695679,29.7380165039198,-30.));
#12474=CARTESIAN_POINT('',(68.4793265695679,29.7380165039198,0.));
#12475=CARTESIAN_POINT('',(62.3531989436362,29.2117542098174,0.));
#12476=CARTESIAN_POINT('',(68.4793265695679,29.7380165039198,-30.));
#12477=CARTESIAN_POINT('',(62.3531989436362,29.2117542098174,-30.));
#12478=CARTESIAN_POINT('',(62.3531989436362,29.2117542098174,-30.));
#12479=CARTESIAN_POINT('',(62.166741602543,29.9382070024699,-30.));
#12480=CARTESIAN_POINT('',(62.166741602543,29.9382070024699,0.));
#12481=CARTESIAN_POINT('',(61.4910164092412,29.6127911713595,0.));
#12482=CARTESIAN_POINT('',(62.166741602543,29.9382070024699,-30.));
#12483=CARTESIAN_POINT('',(61.4910164092412,29.6127911713595,-30.));
#12484=CARTESIAN_POINT('',(61.4910164092412,29.6127911713595,-30.));
#12485=CARTESIAN_POINT('',(4.14251966063262E-12,3.01841884819964E-13,-30.));
#12486=CARTESIAN_POINT('',(4.14251966063262E-12,3.01841884819964E-13,0.));
#12487=CARTESIAN_POINT('',(60.9267650278094,30.7569797484441,0.));
#12488=CARTESIAN_POINT('',(4.14251966063262E-12,3.01841884819964E-13,-30.));
#12489=CARTESIAN_POINT('',(60.9267650278094,30.7569797484441,-30.));
#12490=CARTESIAN_POINT('',(60.9267650278094,30.7569797484441,-30.));
#12491=CARTESIAN_POINT('',(61.5962909825194,31.0949664286103,-30.));
#12492=CARTESIAN_POINT('',(61.5962909825194,31.0949664286103,0.));
#12493=CARTESIAN_POINT('',(61.1334652703385,31.6851294231672,0.));
#12494=CARTESIAN_POINT('',(61.5962909825194,31.0949664286103,-30.));
#12495=CARTESIAN_POINT('',(61.1334652703385,31.6851294231672,-30.));
#12496=CARTESIAN_POINT('',(61.1334652703385,31.6851294231672,-30.));
#12497=CARTESIAN_POINT('',(61.1334652703385,31.6851294231672,-30.));
#12498=CARTESIAN_POINT('',(61.1334652703385,31.6851294231672,0.));
#12499=CARTESIAN_POINT('',(65.2803274270634,36.2249450520484,0.));
#12500=CARTESIAN_POINT('',(61.1334652703385,31.6851294231672,-30.));
#12501=CARTESIAN_POINT('',(65.2803274270634,36.2249450520484,-30.));
#12502=CARTESIAN_POINT('',(65.2803274270634,36.2249450520484,-30.));
#12503=CARTESIAN_POINT('',(64.9111581039857,36.5621601331144,-30.));
#12504=CARTESIAN_POINT('',(64.9111581039857,36.5621601331144,0.));
#12505=CARTESIAN_POINT('',(65.34680346039,36.8075437581658,0.));
#12506=CARTESIAN_POINT('',(64.9111581039857,36.5621601331144,-30.));
#12507=CARTESIAN_POINT('',(65.34680346039,36.8075437581658,-30.));
#12508=CARTESIAN_POINT('',(65.34680346039,36.8075437581658,-30.));
#12509=CARTESIAN_POINT('',(-2.56877852322646E-11,-1.69309011255336E-11,
-30.));
#12510=CARTESIAN_POINT('',(-2.56877852322646E-11,-1.69309011255336E-11,
0.));
#12511=CARTESIAN_POINT('',(64.549669675677,38.1882199737185,0.));
#12512=CARTESIAN_POINT('',(-2.56877852322646E-11,-1.69309011255336E-11,
-30.));
#12513=CARTESIAN_POINT('',(64.549669675677,38.1882199737185,-30.));
#12514=CARTESIAN_POINT('',(64.549669675677,38.1882199737185,-30.));
#12515=CARTESIAN_POINT('',(64.1193385445043,37.9336318405629,-30.));
#12516=CARTESIAN_POINT('',(64.1193385445043,37.9336318405629,0.));
#12517=CARTESIAN_POINT('',(64.011886379304,38.4219493931798,0.));
#12518=CARTESIAN_POINT('',(64.1193385445043,37.9336318405629,-30.));
#12519=CARTESIAN_POINT('',(64.011886379304,38.4219493931798,-30.));
#12520=CARTESIAN_POINT('',(64.011886379304,38.4219493931798,-30.));
#12521=CARTESIAN_POINT('',(64.011886379304,38.4219493931798,-30.));
#12522=CARTESIAN_POINT('',(64.011886379304,38.4219493931798,0.));
#12523=CARTESIAN_POINT('',(58.0068596378422,37.1005692339006,0.));
#12524=CARTESIAN_POINT('',(64.011886379304,38.4219493931798,-30.));
#12525=CARTESIAN_POINT('',(58.0068596378422,37.1005692339006,-30.));
#12526=CARTESIAN_POINT('',(58.0068596378422,37.1005692339006,-30.));
#12527=CARTESIAN_POINT('',(57.727176348267,37.7964695554499,-30.));
#12528=CARTESIAN_POINT('',(57.727176348267,37.7964695554499,0.));
#12529=CARTESIAN_POINT('',(57.0997067892785,37.3856387477653,0.));
#12530=CARTESIAN_POINT('',(57.727176348267,37.7964695554499,-30.));
#12531=CARTESIAN_POINT('',(57.0997067892785,37.3856387477653,-30.));
#12532=CARTESIAN_POINT('',(57.0997067892785,37.3856387477653,-30.));
#12533=CARTESIAN_POINT('',(-2.543104615782E-10,-1.7068291224831E-10,-30.));
#12534=CARTESIAN_POINT('',(-2.543104615782E-10,-1.7068291224831E-10,0.));
#12535=CARTESIAN_POINT('',(56.3909379721107,38.4463862362323,0.));
#12536=CARTESIAN_POINT('',(-2.543104615782E-10,-1.7068291224831E-10,-30.));
#12537=CARTESIAN_POINT('',(56.3909379721107,38.4463862362323,-30.));
#12538=CARTESIAN_POINT('',(56.3909379721107,38.4463862362323,-30.));
#12539=CARTESIAN_POINT('',(57.0106186091669,38.86887399707,-30.));
#12540=CARTESIAN_POINT('',(57.0106186091669,38.86887399707,0.));
#12541=CARTESIAN_POINT('',(56.4747207066623,39.3935771875418,0.));
#12542=CARTESIAN_POINT('',(57.0106186091669,38.86887399707,-30.));
#12543=CARTESIAN_POINT('',(56.4747207066623,39.3935771875418,-30.));
#12544=CARTESIAN_POINT('',(56.4747207066623,39.3935771875418,-30.));
#12545=CARTESIAN_POINT('',(56.4747207066623,39.3935771875418,-30.));
#12546=CARTESIAN_POINT('',(56.4747207066623,39.3935771875418,0.));
#12547=CARTESIAN_POINT('',(59.9935410353376,44.4358281913394,0.));
#12548=CARTESIAN_POINT('',(56.4747207066623,39.3935771875418,-30.));
#12549=CARTESIAN_POINT('',(59.9935410353376,44.4358281913394,-30.));
#12550=CARTESIAN_POINT('',(59.9935410353376,44.4358281913394,-30.));
#12551=CARTESIAN_POINT('',(59.5835146065027,44.7219720846116,-30.));
#12552=CARTESIAN_POINT('',(59.5835146065027,44.7219720846116,0.));
#12553=CARTESIAN_POINT('',(59.9834044624692,45.022118887185,0.));
#12554=CARTESIAN_POINT('',(59.5835146065027,44.7219720846116,-30.));
#12555=CARTESIAN_POINT('',(59.9834044624692,45.022118887185,-30.));
#12556=CARTESIAN_POINT('',(59.9834044624692,45.022118887185,-30.));
#12557=CARTESIAN_POINT('',(-2.99961444572006E-10,-2.30170049686507E-10,
-30.));
#12558=CARTESIAN_POINT('',(-2.99961444572006E-10,-2.30170049686507E-10,
0.));
#12559=CARTESIAN_POINT('',(59.0128753624956,46.2869370497829,0.));
#12560=CARTESIAN_POINT('',(-2.99961444572006E-10,-2.30170049686507E-10,
-30.));
#12561=CARTESIAN_POINT('',(59.0128753624956,46.2869370497829,-30.));
#12562=CARTESIAN_POINT('',(59.0128753624956,46.2869370497829,-30.));
#12563=CARTESIAN_POINT('',(58.6194561934134,45.9783574694493,-30.));
#12564=CARTESIAN_POINT('',(58.6194561934134,45.9783574694493,0.));
#12565=CARTESIAN_POINT('',(58.4491850656431,46.44847207574,0.));
#12566=CARTESIAN_POINT('',(58.6194561934134,45.9783574694493,-30.));
#12567=CARTESIAN_POINT('',(58.4491850656431,46.44847207574,-30.));
#12568=CARTESIAN_POINT('',(58.4491850656431,46.44847207574,-30.));
#12569=CARTESIAN_POINT('',(58.4491850656431,46.44847207574,-30.));
#12570=CARTESIAN_POINT('',(58.4491850656431,46.44847207574,0.));
#12571=CARTESIAN_POINT('',(52.6680068810911,44.3545832321676,0.));
#12572=CARTESIAN_POINT('',(58.4491850656431,46.44847207574,-30.));
#12573=CARTESIAN_POINT('',(52.6680068810911,44.3545832321676,-30.));
#12574=CARTESIAN_POINT('',(52.6680068810911,44.3545832321676,-30.));
#12575=CARTESIAN_POINT('',(52.299883101675,45.0080240351699,-30.));
#12576=CARTESIAN_POINT('',(52.299883101675,45.0080240351699,0.));
#12577=CARTESIAN_POINT('',(51.7314043752126,44.5188084001381,0.));
#12578=CARTESIAN_POINT('',(52.299883101675,45.0080240351699,-30.));
#12579=CARTESIAN_POINT('',(51.7314043752126,44.5188084001381,-30.));
#12580=CARTESIAN_POINT('',(51.7314043752126,44.5188084001381,-30.));
#12581=CARTESIAN_POINT('',(-1.0893369539744E-10,-9.5215502149415E-11,-30.));
#12582=CARTESIAN_POINT('',(-1.0893369539744E-10,-9.5215502149415E-11,0.));
#12583=CARTESIAN_POINT('',(50.8902440095141,45.4779679037232,0.));
#12584=CARTESIAN_POINT('',(-1.0893369539744E-10,-9.5215502149415E-11,-30.));
#12585=CARTESIAN_POINT('',(50.8902440095141,45.4779679037232,-30.));
#12586=CARTESIAN_POINT('',(50.8902440095141,45.4779679037232,-30.));
#12587=CARTESIAN_POINT('',(51.4494787450827,45.9777243549408,-30.));
#12588=CARTESIAN_POINT('',(51.4494787450827,45.9777243549408,0.));
#12589=CARTESIAN_POINT('',(50.8496780139118,46.4279899242295,0.));
#12590=CARTESIAN_POINT('',(51.4494787450827,45.9777243549408,-30.));
#12591=CARTESIAN_POINT('',(50.8496780139118,46.4279899242295,-30.));
#12592=CARTESIAN_POINT('',(50.8496780139118,46.4279899242295,-30.));
#12593=CARTESIAN_POINT('',(50.8496780139118,46.4279899242295,-30.));
#12594=CARTESIAN_POINT('',(50.8496780139118,46.4279899242295,0.));
#12595=CARTESIAN_POINT('',(53.680248523145,51.8864019903279,0.));
#12596=CARTESIAN_POINT('',(50.8496780139118,46.4279899242295,-30.));
#12597=CARTESIAN_POINT('',(53.680248523145,51.8864019903279,-30.));
#12598=CARTESIAN_POINT('',(53.680248523145,51.8864019903279,-30.));
#12599=CARTESIAN_POINT('',(53.2363806544346,52.1165786944629,-30.));
#12600=CARTESIAN_POINT('',(53.2363806544346,52.1165786944629,0.));
#12601=CARTESIAN_POINT('',(53.5936717997674,52.4663543903977,0.));
#12602=CARTESIAN_POINT('',(53.2363806544346,52.1165786944629,-30.));
#12603=CARTESIAN_POINT('',(53.5936717997674,52.4663543903977,-30.));
#12604=CARTESIAN_POINT('',(53.5936717997674,52.4663543903977,-30.));
#12605=CARTESIAN_POINT('',(-2.69735622726586E-10,-2.69055611124003E-10,
-30.));
#12606=CARTESIAN_POINT('',(-2.69735622726586E-10,-2.69055611124003E-10,
0.));
#12607=CARTESIAN_POINT('',(52.4663543904023,53.5936717997629,0.));
#12608=CARTESIAN_POINT('',(-2.69735622726586E-10,-2.69055611124003E-10,
-30.));
#12609=CARTESIAN_POINT('',(52.4663543904023,53.5936717997629,-30.));
#12610=CARTESIAN_POINT('',(52.4663543904023,53.5936717997629,-30.));
#12611=CARTESIAN_POINT('',(52.1165786944677,53.2363806544299,-30.));
#12612=CARTESIAN_POINT('',(52.1165786944677,53.2363806544299,0.));
#12613=CARTESIAN_POINT('',(51.8864019903333,53.6802485231405,0.));
#12614=CARTESIAN_POINT('',(52.1165786944677,53.2363806544299,-30.));
#12615=CARTESIAN_POINT('',(51.8864019903333,53.6802485231405,-30.));
#12616=CARTESIAN_POINT('',(51.8864019903333,53.6802485231405,-30.));
#12617=CARTESIAN_POINT('',(51.8864019903333,53.6802485231405,-30.));
#12618=CARTESIAN_POINT('',(51.8864019903333,53.6802485231405,0.));
#12619=CARTESIAN_POINT('',(46.4279899242389,50.8496780139121,0.));
#12620=CARTESIAN_POINT('',(51.8864019903333,53.6802485231405,-30.));
#12621=CARTESIAN_POINT('',(46.4279899242389,50.8496780139121,-30.));
#12622=CARTESIAN_POINT('',(46.4279899242389,50.8496780139121,-30.));
#12623=CARTESIAN_POINT('',(45.977724354946,51.4494787450799,-30.));
#12624=CARTESIAN_POINT('',(45.977724354946,51.4494787450799,0.));
#12625=CARTESIAN_POINT('',(45.4779654791316,50.8902461762458,0.));
#12626=CARTESIAN_POINT('',(45.977724354946,51.4494787450799,-30.));
#12627=CARTESIAN_POINT('',(45.4779654791316,50.8902461762458,-30.));
#12628=CARTESIAN_POINT('',(45.4779654791316,50.8902461762458,-30.));
#12629=CARTESIAN_POINT('',(2.90600876695635E-11,3.21825899263217E-11,-30.));
#12630=CARTESIAN_POINT('',(2.90600876695635E-11,3.21825899263217E-11,0.));
#12631=CARTESIAN_POINT('',(44.5188078283356,51.7314048672922,0.));
#12632=CARTESIAN_POINT('',(2.90600876695635E-11,3.21825899263217E-11,-30.));
#12633=CARTESIAN_POINT('',(44.5188078283356,51.7314048672922,-30.));
#12634=CARTESIAN_POINT('',(44.5188078283356,51.7314048672922,-30.));
#12635=CARTESIAN_POINT('',(45.0080240351785,52.2998831016709,-30.));
#12636=CARTESIAN_POINT('',(45.0080240351785,52.2998831016709,0.));
#12637=CARTESIAN_POINT('',(44.3545832321595,52.6680068810574,0.));
#12638=CARTESIAN_POINT('',(45.0080240351785,52.2998831016709,-30.));
#12639=CARTESIAN_POINT('',(44.3545832321595,52.6680068810574,-30.));
#12640=CARTESIAN_POINT('',(44.3545832321595,52.6680068810574,-30.));
#12641=CARTESIAN_POINT('',(44.3545832321595,52.6680068810574,-30.));
#12642=CARTESIAN_POINT('',(44.3545832321595,52.6680068810574,0.));
#12643=CARTESIAN_POINT('',(46.4484720757454,58.4491850656411,0.));
#12644=CARTESIAN_POINT('',(44.3545832321595,52.6680068810574,-30.));
#12645=CARTESIAN_POINT('',(46.4484720757454,58.4491850656411,-30.));
#12646=CARTESIAN_POINT('',(46.4484720757454,58.4491850656411,-30.));
#12647=CARTESIAN_POINT('',(45.9783574694542,58.6194561934098,-30.));
#12648=CARTESIAN_POINT('',(45.9783574694542,58.6194561934098,0.));
#12649=CARTESIAN_POINT('',(46.2869370497852,59.0128753624937,0.));
#12650=CARTESIAN_POINT('',(45.9783574694542,58.6194561934098,-30.));
#12651=CARTESIAN_POINT('',(46.2869370497852,59.0128753624937,-30.));
#12652=CARTESIAN_POINT('',(46.2869370497852,59.0128753624937,-30.));
#12653=CARTESIAN_POINT('',(5.68989300120393E-13,2.28983498828939E-12,-30.));
#12654=CARTESIAN_POINT('',(5.68989300120393E-13,2.28983498828939E-12,0.));
#12655=CARTESIAN_POINT('',(45.0221195482672,59.9834039662767,0.));
#12656=CARTESIAN_POINT('',(5.68989300120393E-13,2.28983498828939E-12,-30.));
#12657=CARTESIAN_POINT('',(45.0221195482672,59.9834039662767,-30.));
#12658=CARTESIAN_POINT('',(45.0221195482672,59.9834039662767,-30.));
#12659=CARTESIAN_POINT('',(44.7219720846091,59.5835146065037,-30.));
#12660=CARTESIAN_POINT('',(44.7219720846091,59.5835146065037,0.));
#12661=CARTESIAN_POINT('',(44.4358281913362,59.9935410353381,0.));
#12662=CARTESIAN_POINT('',(44.7219720846091,59.5835146065037,-30.));
#12663=CARTESIAN_POINT('',(44.4358281913362,59.9935410353381,-30.));
#12664=CARTESIAN_POINT('',(44.4358281913362,59.9935410353381,-30.));
#12665=CARTESIAN_POINT('',(44.4358281913362,59.9935410353381,-30.));
#12666=CARTESIAN_POINT('',(44.4358281913362,59.9935410353381,0.));
#12667=CARTESIAN_POINT('',(39.3935771875274,56.4747207066404,0.));
#12668=CARTESIAN_POINT('',(44.4358281913362,59.9935410353381,-30.));
#12669=CARTESIAN_POINT('',(39.3935771875274,56.4747207066404,-30.));
#12670=CARTESIAN_POINT('',(39.3935771875274,56.4747207066404,-30.));
#12671=CARTESIAN_POINT('',(38.868873997071,57.01061860916,-30.));
#12672=CARTESIAN_POINT('',(38.868873997071,57.01061860916,0.));
#12673=CARTESIAN_POINT('',(38.4463839276884,56.3909395460368,0.));
#12674=CARTESIAN_POINT('',(38.868873997071,57.01061860916,-30.));
#12675=CARTESIAN_POINT('',(38.4463839276884,56.3909395460368,-30.));
#12676=CARTESIAN_POINT('',(38.4463839276884,56.3909395460368,-30.));
#12677=CARTESIAN_POINT('',(-5.81062975513191E-11,-8.62088178621434E-11,
-30.));
#12678=CARTESIAN_POINT('',(-5.81062975513191E-11,-8.62088178621434E-11,
0.));
#12679=CARTESIAN_POINT('',(37.3856357184034,57.0997087727323,0.));
#12680=CARTESIAN_POINT('',(-5.81062975513191E-11,-8.62088178621434E-11,
-30.));
#12681=CARTESIAN_POINT('',(37.3856357184034,57.0997087727323,-30.));
#12682=CARTESIAN_POINT('',(37.3856357184034,57.0997087727323,-30.));
#12683=CARTESIAN_POINT('',(37.7964695554506,57.7271763482589,-30.));
#12684=CARTESIAN_POINT('',(37.7964695554506,57.7271763482589,0.));
#12685=CARTESIAN_POINT('',(37.1005692338957,58.0068596378203,0.));
#12686=CARTESIAN_POINT('',(37.7964695554506,57.7271763482589,-30.));
#12687=CARTESIAN_POINT('',(37.1005692338957,58.0068596378203,-30.));
#12688=CARTESIAN_POINT('',(37.1005692338957,58.0068596378203,-30.));
#12689=CARTESIAN_POINT('',(37.1005692338957,58.0068596378203,-30.));
#12690=CARTESIAN_POINT('',(37.1005692338957,58.0068596378203,0.));
#12691=CARTESIAN_POINT('',(38.4219493931779,64.0118863792997,0.));
#12692=CARTESIAN_POINT('',(37.1005692338957,58.0068596378203,-30.));
#12693=CARTESIAN_POINT('',(38.4219493931779,64.0118863792997,-30.));
#12694=CARTESIAN_POINT('',(38.4219493931779,64.0118863792997,-30.));
#12695=CARTESIAN_POINT('',(37.9336318405619,64.1193385445039,-30.));
#12696=CARTESIAN_POINT('',(37.9336318405619,64.1193385445039,0.));
#12697=CARTESIAN_POINT('',(38.1882199737211,64.5496696756744,0.));
#12698=CARTESIAN_POINT('',(37.9336318405619,64.1193385445039,-30.));
#12699=CARTESIAN_POINT('',(38.1882199737211,64.5496696756744,-30.));
#12700=CARTESIAN_POINT('',(38.1882199737211,64.5496696756744,-30.));
#12701=CARTESIAN_POINT('',(-2.05654937524002E-10,-3.55701579302092E-10,
-30.));
#12702=CARTESIAN_POINT('',(-2.05654937524002E-10,-3.55701579302092E-10,
0.));
#12703=CARTESIAN_POINT('',(36.8075437581714,65.3468034603858,0.));
#12704=CARTESIAN_POINT('',(-2.05654937524002E-10,-3.55701579302092E-10,
-30.));
#12705=CARTESIAN_POINT('',(36.8075437581714,65.3468034603858,-30.));
#12706=CARTESIAN_POINT('',(36.8075437581714,65.3468034603858,-30.));
#12707=CARTESIAN_POINT('',(36.5621601331183,64.9111581039823,-30.));
#12708=CARTESIAN_POINT('',(36.5621601331183,64.9111581039823,0.));
#12709=CARTESIAN_POINT('',(36.224945052052,65.28032742706,0.));
#12710=CARTESIAN_POINT('',(36.5621601331183,64.9111581039823,-30.));
#12711=CARTESIAN_POINT('',(36.224945052052,65.28032742706,-30.));
#12712=CARTESIAN_POINT('',(36.224945052052,65.28032742706,-30.));
#12713=CARTESIAN_POINT('',(36.224945052052,65.28032742706,-30.));
#12714=CARTESIAN_POINT('',(36.224945052052,65.28032742706,0.));
#12715=CARTESIAN_POINT('',(31.6851294231742,61.1334652703382,0.));
#12716=CARTESIAN_POINT('',(36.224945052052,65.28032742706,-30.));
#12717=CARTESIAN_POINT('',(31.6851294231742,61.1334652703382,-30.));
#12718=CARTESIAN_POINT('',(31.6851294231742,61.1334652703382,-30.));
#12719=CARTESIAN_POINT('',(31.0949664286172,61.5962909825191,-30.));
#12720=CARTESIAN_POINT('',(31.0949664286172,61.5962909825191,0.));
#12721=CARTESIAN_POINT('',(30.756977663089,60.926766080535,0.));
#12722=CARTESIAN_POINT('',(31.0949664286172,61.5962909825191,-30.));
#12723=CARTESIAN_POINT('',(30.756977663089,60.926766080535,-30.));
#12724=CARTESIAN_POINT('',(30.756977663089,60.926766080535,-30.));
#12725=CARTESIAN_POINT('',(1.29212612831608E-10,2.61506094556552E-10,-30.));
#12726=CARTESIAN_POINT('',(1.29212612831608E-10,2.61506094556552E-10,0.));
#12727=CARTESIAN_POINT('',(29.6127899905062,61.4910169779144,0.));
#12728=CARTESIAN_POINT('',(1.29212612831608E-10,2.61506094556552E-10,-30.));
#12729=CARTESIAN_POINT('',(29.6127899905062,61.4910169779144,-30.));
#12730=CARTESIAN_POINT('',(29.6127899905062,61.4910169779144,-30.));
#12731=CARTESIAN_POINT('',(29.938207002469,62.1667416025399,-30.));
#12732=CARTESIAN_POINT('',(29.938207002469,62.1667416025399,0.));
#12733=CARTESIAN_POINT('',(29.2117542098243,62.3531989436629,0.));
#12734=CARTESIAN_POINT('',(29.938207002469,62.1667416025399,-30.));
#12735=CARTESIAN_POINT('',(29.2117542098243,62.3531989436629,-30.));
#12736=CARTESIAN_POINT('',(29.2117542098243,62.3531989436629,-30.));
#12737=CARTESIAN_POINT('',(29.2117542098243,62.3531989436629,-30.));
#12738=CARTESIAN_POINT('',(29.2117542098243,62.3531989436629,0.));
#12739=CARTESIAN_POINT('',(29.7380165039177,68.4793265695662,0.));
#12740=CARTESIAN_POINT('',(29.2117542098243,62.3531989436629,-30.));
#12741=CARTESIAN_POINT('',(29.7380165039177,68.4793265695662,-30.));
#12742=CARTESIAN_POINT('',(29.7380165039177,68.4793265695662,-30.));
#12743=CARTESIAN_POINT('',(29.2398512536877,68.5221212358621,-30.));
#12744=CARTESIAN_POINT('',(29.2398512536877,68.5221212358621,0.));
#12745=CARTESIAN_POINT('',(29.4360918661296,68.9820012441561,0.));
#12746=CARTESIAN_POINT('',(29.2398512536877,68.5221212358621,-30.));
#12747=CARTESIAN_POINT('',(29.4360918661296,68.9820012441561,-30.));
#12748=CARTESIAN_POINT('',(29.4360918661296,68.9820012441561,-30.));
#12749=CARTESIAN_POINT('',(5.07580089070814E-12,1.39194211712379E-11,-30.));
#12750=CARTESIAN_POINT('',(5.07580089070814E-12,1.39194211712379E-11,0.));
#12751=CARTESIAN_POINT('',(27.9631806893941,69.5921010297309,0.));
#12752=CARTESIAN_POINT('',(5.07580089070814E-12,1.39194211712379E-11,-30.));
#12753=CARTESIAN_POINT('',(27.9631806893941,69.5921010297309,-30.));
#12754=CARTESIAN_POINT('',(27.9631806893941,69.5921010297309,-30.));
#12755=CARTESIAN_POINT('',(27.7767594847947,69.1281536895341,-30.));
#12756=CARTESIAN_POINT('',(27.7767594847947,69.1281536895341,0.));
#12757=CARTESIAN_POINT('',(27.3942430594693,69.4501493173868,0.));
#12758=CARTESIAN_POINT('',(27.7767594847947,69.1281536895341,-30.));
#12759=CARTESIAN_POINT('',(27.3942430594693,69.4501493173868,-30.));
#12760=CARTESIAN_POINT('',(27.3942430594693,69.4501493173868,-30.));
#12761=CARTESIAN_POINT('',(27.3942430594693,69.4501493173868,-30.));
#12762=CARTESIAN_POINT('',(27.3942430594693,69.4501493173868,0.));
#12763=CARTESIAN_POINT('',(23.4345403096234,64.7461992938663,0.));
#12764=CARTESIAN_POINT('',(27.3942430594693,69.4501493173868,-30.));
#12765=CARTESIAN_POINT('',(23.4345403096234,64.7461992938663,-30.));
#12766=CARTESIAN_POINT('',(23.4345403096234,64.7461992938663,-30.));
#12767=CARTESIAN_POINT('',(22.789015363418,65.1280337394401,-30.));
#12768=CARTESIAN_POINT('',(22.789015363418,65.1280337394401,0.));
#12769=CARTESIAN_POINT('',(22.5413071278901,64.4201208704712,0.));
#12770=CARTESIAN_POINT('',(22.789015363418,65.1280337394401,-30.));
#12771=CARTESIAN_POINT('',(22.5413071278901,64.4201208704712,-30.));
#12772=CARTESIAN_POINT('',(22.5413071278901,64.4201208704712,-30.));
#12773=CARTESIAN_POINT('',(9.74845204559927E-11,2.86076717870287E-10,-30.));
#12774=CARTESIAN_POINT('',(9.74845204559927E-11,2.86076717870287E-10,0.));
#12775=CARTESIAN_POINT('',(21.3332632580596,64.8301965041161,0.));
#12776=CARTESIAN_POINT('',(9.74845204559927E-11,2.86076717870287E-10,-30.));
#12777=CARTESIAN_POINT('',(21.3332632580596,64.8301965041161,-30.));
#12778=CARTESIAN_POINT('',(21.3332632580596,64.8301965041161,-30.));
#12779=CARTESIAN_POINT('',(21.5676934272352,65.5426166721212,-30.));
#12780=CARTESIAN_POINT('',(21.5676934272352,65.5426166721212,0.));
#12781=CARTESIAN_POINT('',(20.8231179721889,65.6326577279935,0.));
#12782=CARTESIAN_POINT('',(21.5676934272352,65.5426166721212,-30.));
#12783=CARTESIAN_POINT('',(20.8231179721889,65.6326577279935,-30.));
#12784=CARTESIAN_POINT('',(20.8231179721889,65.6326577279935,-30.));
#12785=CARTESIAN_POINT('',(20.8231179721889,65.6326577279935,-30.));
#12786=CARTESIAN_POINT('',(20.8231179721889,65.6326577279935,0.));
#12787=CARTESIAN_POINT('',(20.5452579073401,71.7750664961676,0.));
#12788=CARTESIAN_POINT('',(20.8231179721889,65.6326577279935,-30.));
#12789=CARTESIAN_POINT('',(20.5452579073401,71.7750664961676,-30.));
#12790=CARTESIAN_POINT('',(20.5452579073401,71.7750664961676,-30.));
#12791=CARTESIAN_POINT('',(20.0457687050457,71.7524714349533,-30.));
#12792=CARTESIAN_POINT('',(20.0457687050457,71.7524714349533,0.));
#12793=CARTESIAN_POINT('',(20.1803040654834,72.2340316459259,0.));
#12794=CARTESIAN_POINT('',(20.0457687050457,71.7524714349533,-30.));
#12795=CARTESIAN_POINT('',(20.1803040654834,72.2340316459259,-30.));
#12796=CARTESIAN_POINT('',(20.1803040654834,72.2340316459259,-30.));
#12797=CARTESIAN_POINT('',(-1.51129109227099E-11,-6.15618667154649E-11,
-30.));
#12798=CARTESIAN_POINT('',(-1.51129109227099E-11,-6.15618667154649E-11,
0.));
#12799=CARTESIAN_POINT('',(18.640361446143,72.6466580453439,0.));
#12800=CARTESIAN_POINT('',(-1.51129109227099E-11,-6.15618667154649E-11,
-30.));
#12801=CARTESIAN_POINT('',(18.640361446143,72.6466580453439,-30.));
#12802=CARTESIAN_POINT('',(18.640361446143,72.6466580453439,-30.));
#12803=CARTESIAN_POINT('',(18.5160907805224,72.1623473995119,-30.));
#12804=CARTESIAN_POINT('',(18.5160907805224,72.1623473995119,0.));
#12805=CARTESIAN_POINT('',(18.0948179730267,72.4316598976711,0.));
#12806=CARTESIAN_POINT('',(18.5160907805224,72.1623473995119,-30.));
#12807=CARTESIAN_POINT('',(18.0948179730267,72.4316598976711,-30.));
#12808=CARTESIAN_POINT('',(18.0948179730267,72.4316598976711,-30.));
#12809=CARTESIAN_POINT('',(18.0948179730267,72.4316598976711,-30.));
#12810=CARTESIAN_POINT('',(18.0948179730267,72.4316598976711,0.));
#12811=CARTESIAN_POINT('',(14.7829797140773,67.2511078964159,0.));
#12812=CARTESIAN_POINT('',(18.0948179730267,72.4316598976711,-30.));
#12813=CARTESIAN_POINT('',(14.7829797140773,67.2511078964159,-30.));
#12814=CARTESIAN_POINT('',(14.7829797140773,67.2511078964159,-30.));
#12815=CARTESIAN_POINT('',(14.093137927041,67.5454177821801,-30.));
#12816=CARTESIAN_POINT('',(14.093137927041,67.5454177821801,0.));
#12817=CARTESIAN_POINT('',(13.9399505164494,66.8112286939771,0.));
#12818=CARTESIAN_POINT('',(14.093137927041,67.5454177821801,-30.));
#12819=CARTESIAN_POINT('',(13.9399505164494,66.8112286939771,-30.));
#12820=CARTESIAN_POINT('',(13.9399505164494,66.8112286939771,-30.));
#12821=CARTESIAN_POINT('',(-1.00336405850499E-11,-5.17363929475323E-11,
-30.));
#12822=CARTESIAN_POINT('',(-1.00336405850499E-11,-5.17363929475323E-11,
0.));
#12823=CARTESIAN_POINT('',(12.688711567422,67.0601155587935,0.));
#12824=CARTESIAN_POINT('',(-1.00336405850499E-11,-5.17363929475323E-11,
-30.));
#12825=CARTESIAN_POINT('',(12.688711567422,67.0601155587935,-30.));
#12826=CARTESIAN_POINT('',(12.688711567422,67.0601155587935,-30.));
#12827=CARTESIAN_POINT('',(12.828150637768,67.7970393985904,-30.));
#12828=CARTESIAN_POINT('',(12.828150637768,67.7970393985904,0.));
#12829=CARTESIAN_POINT('',(12.0781924127909,67.7891235417753,0.));
#12830=CARTESIAN_POINT('',(12.828150637768,67.7970393985904,-30.));
#12831=CARTESIAN_POINT('',(12.0781924127909,67.7891235417753,-30.));
#12832=CARTESIAN_POINT('',(12.0781924127909,67.7891235417753,-30.));
#12833=CARTESIAN_POINT('',(12.0781924127909,67.7891235417753,-30.));
#12834=CARTESIAN_POINT('',(12.0781924127909,67.7891235417753,0.));
#12835=CARTESIAN_POINT('',(11.0009642517448,73.8427151352171,0.));
#12836=CARTESIAN_POINT('',(12.0781924127909,67.7891235417753,-30.));
#12837=CARTESIAN_POINT('',(11.0009642517448,73.8427151352171,-30.));
#12838=CARTESIAN_POINT('',(11.0009642517448,73.8427151352171,-30.));
#12839=CARTESIAN_POINT('',(10.5086974961219,73.7551169542502,-30.));
#12840=CARTESIAN_POINT('',(10.5086974961219,73.7551169542502,0.));
#12841=CARTESIAN_POINT('',(10.5792266719842,74.2501175960197,0.));
#12842=CARTESIAN_POINT('',(10.5086974961219,73.7551169542502,-30.));
#12843=CARTESIAN_POINT('',(10.5792266719842,74.2501175960197,-30.));
#12844=CARTESIAN_POINT('',(10.5792266719842,74.2501175960197,-30.));
#12845=CARTESIAN_POINT('',(-2.45550108024517E-11,-1.82090453826333E-10,
-30.));
#12846=CARTESIAN_POINT('',(-2.45550108024517E-11,-1.82090453826333E-10,
0.));
#12847=CARTESIAN_POINT('',(8.99859891775786,74.4582112162071,0.));
#12848=CARTESIAN_POINT('',(-2.45550108024517E-11,-1.82090453826333E-10,
-30.));
#12849=CARTESIAN_POINT('',(8.99859891775786,74.4582112162071,-30.));
#12850=CARTESIAN_POINT('',(8.99859891775786,74.4582112162071,-30.));
#12851=CARTESIAN_POINT('',(8.93860662936358,73.9618233383,-30.));
#12852=CARTESIAN_POINT('',(8.93860662936358,73.9618233383,0.));
#12853=CARTESIAN_POINT('',(8.48578553423413,74.1738446952566,0.));
#12854=CARTESIAN_POINT('',(8.93860662936358,73.9618233383,-30.));
#12855=CARTESIAN_POINT('',(8.48578553423413,74.1738446952566,-30.));
#12856=CARTESIAN_POINT('',(8.48578553423413,74.1738446952566,-30.));
#12857=CARTESIAN_POINT('',(8.48578553423413,74.1738446952566,-30.));
#12858=CARTESIAN_POINT('',(8.48578553423413,74.1738446952566,0.));
#12859=CARTESIAN_POINT('',(5.87847823701648,68.6053313973467,0.));
#12860=CARTESIAN_POINT('',(8.48578553423413,74.1738446952566,-30.));
#12861=CARTESIAN_POINT('',(5.87847823701648,68.6053313973467,-30.));
#12862=CARTESIAN_POINT('',(5.87847823701648,68.6053313973467,-30.));
#12863=CARTESIAN_POINT('',(5.15612299337585,68.8070809995394,-30.));
#12864=CARTESIAN_POINT('',(5.15612299337585,68.8070809995394,0.));
#12865=CARTESIAN_POINT('',(5.10007817823058,68.0591779451965,0.));
#12866=CARTESIAN_POINT('',(5.15612299337585,68.8070809995394,-30.));
#12867=CARTESIAN_POINT('',(5.10007817823058,68.0591779451965,-30.));
#12868=CARTESIAN_POINT('',(5.10007817823058,68.0591779451965,-30.));
#12869=CARTESIAN_POINT('',(5.92841747915074E-12,9.52432577250306E-11,-30.));
#12870=CARTESIAN_POINT('',(5.92841747915074E-12,9.52432577250306E-11,0.));
#12871=CARTESIAN_POINT('',(3.82705904040136,68.1426160277199,0.));
#12872=CARTESIAN_POINT('',(5.92841747915074E-12,9.52432577250306E-11,-30.));
#12873=CARTESIAN_POINT('',(3.82705904040136,68.1426160277199,-30.));
#12874=CARTESIAN_POINT('',(3.82705904040136,68.1426160277199,-30.));
#12875=CARTESIAN_POINT('',(3.86911463425224,68.8914359840685,-30.));
#12876=CARTESIAN_POINT('',(3.86911463425224,68.8914359840685,0.));
#12877=CARTESIAN_POINT('',(3.12660563250304,68.7856986570668,0.));
#12878=CARTESIAN_POINT('',(3.86911463425224,68.8914359840685,-30.));
#12879=CARTESIAN_POINT('',(3.12660563250304,68.7856986570668,-30.));
#12880=CARTESIAN_POINT('',(3.12660563250304,68.7856986570668,-30.));
#12881=CARTESIAN_POINT('',(3.12660563250304,68.7856986570668,-30.));
#12882=CARTESIAN_POINT('',(3.12660563250304,68.7856986570668,0.));
#12883=CARTESIAN_POINT('',(1.26844104776189,74.646894445224,0.));
#12884=CARTESIAN_POINT('',(3.12660563250304,68.7856986570668,-30.));
#12885=CARTESIAN_POINT('',(1.26844104776189,74.646894445224,-30.));
#12886=CARTESIAN_POINT('',(1.26844104776189,74.646894445224,-30.));
#12887=CARTESIAN_POINT('',(0.791819559479967,74.4957919736762,-30.));
#12888=CARTESIAN_POINT('',(0.791819559479967,74.4957919736762,0.));
#12889=CARTESIAN_POINT('',(0.797133784711493,74.9957637318887,0.));
#12890=CARTESIAN_POINT('',(0.791819559479967,74.4957919736762,-30.));
#12891=CARTESIAN_POINT('',(0.797133784711493,74.9957637318887,-30.));
#12892=CARTESIAN_POINT('',(0.797133784711493,74.9957637318887,-30.));
#12893=CARTESIAN_POINT('',(-6.39950332309569E-13,-2.05335748404423E-10,
-30.));
#12894=CARTESIAN_POINT('',(-6.39950332309569E-13,-2.05335748404423E-10,
0.));
#12895=CARTESIAN_POINT('',(-0.797133784711466,74.9957637318888,0.));
#12896=CARTESIAN_POINT('',(-6.39950332309569E-13,-2.05335748404423E-10,
-30.));
#12897=CARTESIAN_POINT('',(-0.797133784711466,74.9957637318888,-30.));
#12898=CARTESIAN_POINT('',(-0.797133784711466,74.9957637318888,-30.));
#12899=CARTESIAN_POINT('',(-0.791819559479853,74.4957919736761,-30.));
#12900=CARTESIAN_POINT('',(-0.791819559479853,74.4957919736761,0.));
#12901=CARTESIAN_POINT('',(-1.26844104776186,74.646894445224,0.));
#12902=CARTESIAN_POINT('',(-0.791819559479853,74.4957919736761,-30.));
#12903=CARTESIAN_POINT('',(-1.26844104776186,74.646894445224,-30.));
#12904=CARTESIAN_POINT('',(-1.26844104776186,74.646894445224,-30.));
#12905=CARTESIAN_POINT('',(-1.26844104776187,74.646894445224,-30.));
#12906=CARTESIAN_POINT('',(-1.26844104776187,74.646894445224,0.));
#12907=CARTESIAN_POINT('',(-3.12660563250301,68.7856986570669,0.));
#12908=CARTESIAN_POINT('',(-1.26844104776187,74.646894445224,-30.));
#12909=CARTESIAN_POINT('',(-3.12660563250301,68.7856986570669,-30.));
#12910=CARTESIAN_POINT('',(-3.12660563250301,68.7856986570669,-30.));
#12911=CARTESIAN_POINT('',(-3.86911463425219,68.8914359840685,-30.));
#12912=CARTESIAN_POINT('',(-3.86911463425219,68.8914359840685,0.));
#12913=CARTESIAN_POINT('',(-3.82705904040133,68.1426160277199,0.));
#12914=CARTESIAN_POINT('',(-3.86911463425219,68.8914359840685,-30.));
#12915=CARTESIAN_POINT('',(-3.82705904040133,68.1426160277199,-30.));
#12916=CARTESIAN_POINT('',(-3.82705904040133,68.1426160277199,-30.));
#12917=CARTESIAN_POINT('',(-2.11176562348037E-11,3.2383817849535E-10,-30.));
#12918=CARTESIAN_POINT('',(-2.11176562348037E-11,3.2383817849535E-10,0.));
#12919=CARTESIAN_POINT('',(-5.10007817823155,68.0591779451965,0.));
#12920=CARTESIAN_POINT('',(-2.11176562348037E-11,3.2383817849535E-10,-30.));
#12921=CARTESIAN_POINT('',(-5.10007817823155,68.0591779451965,-30.));
#12922=CARTESIAN_POINT('',(-5.10007817823155,68.0591779451965,-30.));
#12923=CARTESIAN_POINT('',(-5.15612299337682,68.8070809995394,-30.));
#12924=CARTESIAN_POINT('',(-5.15612299337682,68.8070809995394,0.));
#12925=CARTESIAN_POINT('',(-5.87847823701925,68.6053313973527,0.));
#12926=CARTESIAN_POINT('',(-5.15612299337682,68.8070809995394,-30.));
#12927=CARTESIAN_POINT('',(-5.87847823701925,68.6053313973527,-30.));
#12928=CARTESIAN_POINT('',(-5.87847823701925,68.6053313973527,-30.));
#12929=CARTESIAN_POINT('',(-5.87847823701924,68.6053313973527,-30.));
#12930=CARTESIAN_POINT('',(-5.87847823701924,68.6053313973527,0.));
#12931=CARTESIAN_POINT('',(-8.48578553423427,74.173844695257,0.));
#12932=CARTESIAN_POINT('',(-5.87847823701924,68.6053313973527,-30.));
#12933=CARTESIAN_POINT('',(-8.48578553423427,74.173844695257,-30.));
#12934=CARTESIAN_POINT('',(-8.48578553423427,74.173844695257,-30.));
#12935=CARTESIAN_POINT('',(-8.93860662936333,73.9618233382997,-30.));
#12936=CARTESIAN_POINT('',(-8.93860662936333,73.9618233382997,0.));
#12937=CARTESIAN_POINT('',(-8.9985987658413,74.458211234567,0.));
#12938=CARTESIAN_POINT('',(-8.93860662936333,73.9618233382997,-30.));
#12939=CARTESIAN_POINT('',(-8.9985987658413,74.458211234567,-30.));
#12940=CARTESIAN_POINT('',(-8.9985987658413,74.458211234567,-30.));
#12941=CARTESIAN_POINT('',(-6.4545591094145E-11,4.84057238736568E-10,-30.));
#12942=CARTESIAN_POINT('',(-6.4545591094145E-11,4.84057238736568E-10,0.));
#12943=CARTESIAN_POINT('',(-10.5792256672378,74.2501177391771,0.));
#12944=CARTESIAN_POINT('',(-6.4545591094145E-11,4.84057238736568E-10,-30.));
#12945=CARTESIAN_POINT('',(-10.5792256672378,74.2501177391771,-30.));
#12946=CARTESIAN_POINT('',(-10.5792256672378,74.2501177391771,-30.));
#12947=CARTESIAN_POINT('',(-10.5086974961222,73.7551169542494,-30.));
#12948=CARTESIAN_POINT('',(-10.5086974961222,73.7551169542494,0.));
#12949=CARTESIAN_POINT('',(-11.0009642517447,73.8427151352171,0.));
#12950=CARTESIAN_POINT('',(-10.5086974961222,73.7551169542494,-30.));
#12951=CARTESIAN_POINT('',(-11.0009642517447,73.8427151352171,-30.));
#12952=CARTESIAN_POINT('',(-11.0009642517447,73.8427151352171,-30.));
#12953=CARTESIAN_POINT('',(-11.0009642517447,73.8427151352171,-30.));
#12954=CARTESIAN_POINT('',(-11.0009642517447,73.8427151352171,0.));
#12955=CARTESIAN_POINT('',(-12.0781924127907,67.7891235417816,0.));
#12956=CARTESIAN_POINT('',(-11.0009642517447,73.8427151352171,-30.));
#12957=CARTESIAN_POINT('',(-12.0781924127907,67.7891235417816,-30.));
#12958=CARTESIAN_POINT('',(-12.0781924127907,67.7891235417816,-30.));
#12959=CARTESIAN_POINT('',(-12.828150637768,67.7970393985899,-30.));
#12960=CARTESIAN_POINT('',(-12.828150637768,67.7970393985899,0.));
#12961=CARTESIAN_POINT('',(-12.6887113926915,67.0601155918551,0.));
#12962=CARTESIAN_POINT('',(-12.828150637768,67.7970393985899,-30.));
#12963=CARTESIAN_POINT('',(-12.6887113926915,67.0601155918551,-30.));
#12964=CARTESIAN_POINT('',(-12.6887113926915,67.0601155918551,-30.));
#12965=CARTESIAN_POINT('',(-2.50112430766336E-11,1.22915566613813E-10,-30.));
#12966=CARTESIAN_POINT('',(-2.50112430766336E-11,1.22915566613813E-10,0.));
#12967=CARTESIAN_POINT('',(-13.9399516452255,66.8112284584617,0.));
#12968=CARTESIAN_POINT('',(-2.50112430766336E-11,1.22915566613813E-10,-30.));
#12969=CARTESIAN_POINT('',(-13.9399516452255,66.8112284584617,-30.));
#12970=CARTESIAN_POINT('',(-13.9399516452255,66.8112284584617,-30.));
#12971=CARTESIAN_POINT('',(-14.0931379270414,67.545417782181,-30.));
#12972=CARTESIAN_POINT('',(-14.0931379270414,67.545417782181,0.));
#12973=CARTESIAN_POINT('',(-14.7829797140775,67.2511078964162,0.));
#12974=CARTESIAN_POINT('',(-14.0931379270414,67.545417782181,-30.));
#12975=CARTESIAN_POINT('',(-14.7829797140775,67.2511078964162,-30.));
#12976=CARTESIAN_POINT('',(-14.7829797140775,67.2511078964162,-30.));
#12977=CARTESIAN_POINT('',(-14.7829797140775,67.2511078964162,-30.));
#12978=CARTESIAN_POINT('',(-14.7829797140775,67.2511078964162,0.));
#12979=CARTESIAN_POINT('',(-18.0948179730278,72.4316598976712,0.));
#12980=CARTESIAN_POINT('',(-14.7829797140775,67.2511078964162,-30.));
#12981=CARTESIAN_POINT('',(-18.0948179730278,72.4316598976712,-30.));
#12982=CARTESIAN_POINT('',(-18.0948179730278,72.4316598976712,-30.));
#12983=CARTESIAN_POINT('',(-18.5160907805219,72.1623473995098,-30.));
#12984=CARTESIAN_POINT('',(-18.5160907805219,72.1623473995098,0.));
#12985=CARTESIAN_POINT('',(-18.6403605268402,72.6466582812272,0.));
#12986=CARTESIAN_POINT('',(-18.5160907805219,72.1623473995098,-30.));
#12987=CARTESIAN_POINT('',(-18.6403605268402,72.6466582812272,-30.));
#12988=CARTESIAN_POINT('',(-18.6403605268402,72.6466582812272,-30.));
#12989=CARTESIAN_POINT('',(4.42527958721683E-11,-1.68740021955216E-10,-30.));
#12990=CARTESIAN_POINT('',(4.42527958721683E-11,-1.68740021955216E-10,0.));
#12991=CARTESIAN_POINT('',(-20.1803040654834,72.2340316459259,0.));
#12992=CARTESIAN_POINT('',(4.42527958721683E-11,-1.68740021955216E-10,-30.));
#12993=CARTESIAN_POINT('',(-20.1803040654834,72.2340316459259,-30.));
#12994=CARTESIAN_POINT('',(-20.1803040654834,72.2340316459259,-30.));
#12995=CARTESIAN_POINT('',(-20.0457687050457,71.7524714349534,-30.));
#12996=CARTESIAN_POINT('',(-20.0457687050457,71.7524714349534,0.));
#12997=CARTESIAN_POINT('',(-20.5452579073401,71.7750664961676,0.));
#12998=CARTESIAN_POINT('',(-20.0457687050457,71.7524714349534,-30.));
#12999=CARTESIAN_POINT('',(-20.5452579073401,71.7750664961676,-30.));
#13000=CARTESIAN_POINT('',(-20.5452579073401,71.7750664961676,-30.));
#13001=CARTESIAN_POINT('',(-20.5452579073401,71.7750664961676,-30.));
#13002=CARTESIAN_POINT('',(-20.5452579073401,71.7750664961676,0.));
#13003=CARTESIAN_POINT('',(-20.8231179721891,65.6326577279875,0.));
#13004=CARTESIAN_POINT('',(-20.5452579073401,71.7750664961676,-30.));
#13005=CARTESIAN_POINT('',(-20.8231179721891,65.6326577279875,-30.));
#13006=CARTESIAN_POINT('',(-20.8231179721891,65.6326577279875,-30.));
#13007=CARTESIAN_POINT('',(-21.567693427236,65.5426166721199,-30.));
#13008=CARTESIAN_POINT('',(-21.567693427236,65.5426166721199,0.));
#13009=CARTESIAN_POINT('',(-21.3332636427585,64.8301963775256,0.));
#13010=CARTESIAN_POINT('',(-21.567693427236,65.5426166721199,-30.));
#13011=CARTESIAN_POINT('',(-21.3332636427585,64.8301963775256,-30.));
#13012=CARTESIAN_POINT('',(-21.3332636427585,64.8301963775256,-30.));
#13013=CARTESIAN_POINT('',(5.44252143352963E-11,-1.57249213650346E-10,-30.));
#13014=CARTESIAN_POINT('',(5.44252143352963E-11,-1.57249213650346E-10,0.));
#13015=CARTESIAN_POINT('',(-22.5413074016694,64.4201207746727,0.));
#13016=CARTESIAN_POINT('',(5.44252143352963E-11,-1.57249213650346E-10,-30.));
#13017=CARTESIAN_POINT('',(-22.5413074016694,64.4201207746727,-30.));
#13018=CARTESIAN_POINT('',(-22.5413074016694,64.4201207746727,-30.));
#13019=CARTESIAN_POINT('',(-22.7890153634183,65.1280337394405,-30.));
#13020=CARTESIAN_POINT('',(-22.7890153634183,65.1280337394405,0.));
#13021=CARTESIAN_POINT('',(-23.4345403096234,64.7461992938663,0.));
#13022=CARTESIAN_POINT('',(-22.7890153634183,65.1280337394405,-30.));
#13023=CARTESIAN_POINT('',(-23.4345403096234,64.7461992938663,-30.));
#13024=CARTESIAN_POINT('',(-23.4345403096234,64.7461992938663,-30.));
#13025=CARTESIAN_POINT('',(-23.4345403096234,64.7461992938663,-30.));
#13026=CARTESIAN_POINT('',(-23.4345403096234,64.7461992938663,0.));
#13027=CARTESIAN_POINT('',(-27.3942430594699,69.4501493173864,0.));
#13028=CARTESIAN_POINT('',(-23.4345403096234,64.7461992938663,-30.));
#13029=CARTESIAN_POINT('',(-27.3942430594699,69.4501493173864,-30.));
#13030=CARTESIAN_POINT('',(-27.3942430594699,69.4501493173864,-30.));
#13031=CARTESIAN_POINT('',(-27.7767594847956,69.1281536895339,-30.));
#13032=CARTESIAN_POINT('',(-27.7767594847956,69.1281536895339,0.));
#13033=CARTESIAN_POINT('',(-27.9631806893942,69.5921010297311,0.));
#13034=CARTESIAN_POINT('',(-27.7767594847956,69.1281536895339,-30.));
#13035=CARTESIAN_POINT('',(-27.9631806893942,69.5921010297311,-30.));
#13036=CARTESIAN_POINT('',(-27.9631806893942,69.5921010297311,-30.));
#13037=CARTESIAN_POINT('',(-5.06296393698591E-11,1.23664967155435E-10,-30.));
#13038=CARTESIAN_POINT('',(-5.06296393698591E-11,1.23664967155435E-10,0.));
#13039=CARTESIAN_POINT('',(-29.4360918661297,68.9820012441563,0.));
#13040=CARTESIAN_POINT('',(-5.06296393698591E-11,1.23664967155435E-10,-30.));
#13041=CARTESIAN_POINT('',(-29.4360918661297,68.9820012441563,-30.));
#13042=CARTESIAN_POINT('',(-29.4360918661297,68.9820012441563,-30.));
#13043=CARTESIAN_POINT('',(-29.2398512536878,68.5221212358623,-30.));
#13044=CARTESIAN_POINT('',(-29.2398512536878,68.5221212358623,0.));
#13045=CARTESIAN_POINT('',(-29.7380165039177,68.4793265695662,0.));
#13046=CARTESIAN_POINT('',(-29.2398512536878,68.5221212358623,-30.));
#13047=CARTESIAN_POINT('',(-29.7380165039177,68.4793265695662,-30.));
#13048=CARTESIAN_POINT('',(-29.7380165039177,68.4793265695662,-30.));
#13049=CARTESIAN_POINT('',(-29.7380165039177,68.4793265695662,-30.));
#13050=CARTESIAN_POINT('',(-29.7380165039177,68.4793265695662,0.));
#13051=CARTESIAN_POINT('',(-29.2117542098243,62.3531989436633,0.));
#13052=CARTESIAN_POINT('',(-29.7380165039177,68.4793265695662,-30.));
#13053=CARTESIAN_POINT('',(-29.2117542098243,62.3531989436633,-30.));
#13054=CARTESIAN_POINT('',(-29.2117542098243,62.3531989436633,-30.));
#13055=CARTESIAN_POINT('',(-29.938207002469,62.16674160254,-30.));
#13056=CARTESIAN_POINT('',(-29.938207002469,62.16674160254,0.));
#13057=CARTESIAN_POINT('',(-29.6127900132067,61.4910169669824,0.));
#13058=CARTESIAN_POINT('',(-29.938207002469,62.16674160254,-30.));
#13059=CARTESIAN_POINT('',(-29.6127900132067,61.4910169669824,-30.));
#13060=CARTESIAN_POINT('',(-29.6127900132067,61.4910169669824,-30.));
#13061=CARTESIAN_POINT('',(-5.79744585671449E-12,1.14769305170626E-11,-30.));
#13062=CARTESIAN_POINT('',(-5.79744585671449E-12,1.14769305170626E-11,0.));
#13063=CARTESIAN_POINT('',(-30.756977663089,60.926766080535,0.));
#13064=CARTESIAN_POINT('',(-5.79744585671449E-12,1.14769305170626E-11,-30.));
#13065=CARTESIAN_POINT('',(-30.756977663089,60.926766080535,-30.));
#13066=CARTESIAN_POINT('',(-30.756977663089,60.926766080535,-30.));
#13067=CARTESIAN_POINT('',(-31.0949664286173,61.5962909825191,-30.));
#13068=CARTESIAN_POINT('',(-31.0949664286173,61.5962909825191,0.));
#13069=CARTESIAN_POINT('',(-31.6851294231717,61.1334652703351,0.));
#13070=CARTESIAN_POINT('',(-31.0949664286173,61.5962909825191,-30.));
#13071=CARTESIAN_POINT('',(-31.6851294231717,61.1334652703351,-30.));
#13072=CARTESIAN_POINT('',(-31.6851294231717,61.1334652703351,-30.));
#13073=CARTESIAN_POINT('',(-31.6851294231717,61.1334652703351,-30.));
#13074=CARTESIAN_POINT('',(-31.6851294231717,61.1334652703351,0.));
#13075=CARTESIAN_POINT('',(-36.2249450520525,65.2803274270604,0.));
#13076=CARTESIAN_POINT('',(-31.6851294231717,61.1334652703351,-30.));
#13077=CARTESIAN_POINT('',(-36.2249450520525,65.2803274270604,-30.));
#13078=CARTESIAN_POINT('',(-36.2249450520525,65.2803274270604,-30.));
#13079=CARTESIAN_POINT('',(-36.5621601331182,64.9111581039824,-30.));
#13080=CARTESIAN_POINT('',(-36.5621601331182,64.9111581039824,0.));
#13081=CARTESIAN_POINT('',(-36.8075437581721,65.3468034603854,0.));
#13082=CARTESIAN_POINT('',(-36.5621601331182,64.9111581039824,-30.));
#13083=CARTESIAN_POINT('',(-36.8075437581721,65.3468034603854,-30.));
#13084=CARTESIAN_POINT('',(-36.8075437581721,65.3468034603854,-30.));
#13085=CARTESIAN_POINT('',(-5.70099523145018E-11,1.00489061516384E-10,-30.));
#13086=CARTESIAN_POINT('',(-5.70099523145018E-11,1.00489061516384E-10,0.));
#13087=CARTESIAN_POINT('',(-38.1882199737218,64.549669675674,0.));
#13088=CARTESIAN_POINT('',(-5.70099523145018E-11,1.00489061516384E-10,-30.));
#13089=CARTESIAN_POINT('',(-38.1882199737218,64.549669675674,-30.));
#13090=CARTESIAN_POINT('',(-38.1882199737218,64.549669675674,-30.));
#13091=CARTESIAN_POINT('',(-37.9336318405627,64.1193385445033,-30.));
#13092=CARTESIAN_POINT('',(-37.9336318405627,64.1193385445033,0.));
#13093=CARTESIAN_POINT('',(-38.4219493931789,64.0118863792997,0.));
#13094=CARTESIAN_POINT('',(-37.9336318405627,64.1193385445033,-30.));
#13095=CARTESIAN_POINT('',(-38.4219493931789,64.0118863792997,-30.));
#13096=CARTESIAN_POINT('',(-38.4219493931789,64.0118863792997,-30.));
#13097=CARTESIAN_POINT('',(-38.4219493931789,64.0118863792997,-30.));
#13098=CARTESIAN_POINT('',(-38.4219493931789,64.0118863792997,0.));
#13099=CARTESIAN_POINT('',(-37.1005692338978,58.0068596378256,0.));
#13100=CARTESIAN_POINT('',(-38.4219493931789,64.0118863792997,-30.));
#13101=CARTESIAN_POINT('',(-37.1005692338978,58.0068596378256,-30.));
#13102=CARTESIAN_POINT('',(-37.1005692338978,58.0068596378256,-30.));
#13103=CARTESIAN_POINT('',(-37.796469555451,57.7271763482599,-30.));
#13104=CARTESIAN_POINT('',(-37.796469555451,57.7271763482599,0.));
#13105=CARTESIAN_POINT('',(-37.3856359741958,57.0997086052539,0.));
#13106=CARTESIAN_POINT('',(-37.796469555451,57.7271763482599,-30.));
#13107=CARTESIAN_POINT('',(-37.3856359741958,57.0997086052539,-30.));
#13108=CARTESIAN_POINT('',(-37.3856359741958,57.0997086052539,-30.));
#13109=CARTESIAN_POINT('',(-3.41532357950314E-11,5.14657760852799E-11,-30.));
#13110=CARTESIAN_POINT('',(-3.41532357950314E-11,5.14657760852799E-11,0.));
#13111=CARTESIAN_POINT('',(-38.4463840075354,56.3909394915984,0.));
#13112=CARTESIAN_POINT('',(-3.41532357950314E-11,5.14657760852799E-11,-30.));
#13113=CARTESIAN_POINT('',(-38.4463840075354,56.3909394915984,-30.));
#13114=CARTESIAN_POINT('',(-38.4463840075354,56.3909394915984,-30.));
#13115=CARTESIAN_POINT('',(-38.8688739970712,57.0106186091602,-30.));
#13116=CARTESIAN_POINT('',(-38.8688739970712,57.0106186091602,0.));
#13117=CARTESIAN_POINT('',(-39.3935771875276,56.4747207066404,0.));
#13118=CARTESIAN_POINT('',(-38.8688739970712,57.0106186091602,-30.));
#13119=CARTESIAN_POINT('',(-39.3935771875276,56.4747207066404,-30.));
#13120=CARTESIAN_POINT('',(-39.3935771875276,56.4747207066404,-30.));
#13121=CARTESIAN_POINT('',(-39.3935771875276,56.4747207066404,-30.));
#13122=CARTESIAN_POINT('',(-39.3935771875276,56.4747207066404,0.));
#13123=CARTESIAN_POINT('',(-44.4358281913404,59.9935410353318,0.));
#13124=CARTESIAN_POINT('',(-39.3935771875276,56.4747207066404,-30.));
#13125=CARTESIAN_POINT('',(-44.4358281913404,59.9935410353318,-30.));
#13126=CARTESIAN_POINT('',(-44.4358281913404,59.9935410353318,-30.));
#13127=CARTESIAN_POINT('',(-44.7219720846154,59.5835146064989,-30.));
#13128=CARTESIAN_POINT('',(-44.7219720846154,59.5835146064989,0.));
#13129=CARTESIAN_POINT('',(-45.0221195482665,59.9834039662771,0.));
#13130=CARTESIAN_POINT('',(-44.7219720846154,59.5835146064989,-30.));
#13131=CARTESIAN_POINT('',(-45.0221195482665,59.9834039662771,-30.));
#13132=CARTESIAN_POINT('',(-45.0221195482665,59.9834039662771,-30.));
#13133=CARTESIAN_POINT('',(-6.80566714095221E-11,8.97198981775205E-11,-30.));
#13134=CARTESIAN_POINT('',(-6.80566714095221E-11,8.97198981775205E-11,0.));
#13135=CARTESIAN_POINT('',(-46.2869370497852,59.0128753624937,0.));
#13136=CARTESIAN_POINT('',(-6.80566714095221E-11,8.97198981775205E-11,-30.));
#13137=CARTESIAN_POINT('',(-46.2869370497852,59.0128753624937,-30.));
#13138=CARTESIAN_POINT('',(-46.2869370497852,59.0128753624937,-30.));
#13139=CARTESIAN_POINT('',(-45.9783574694533,58.6194561934103,-30.));
#13140=CARTESIAN_POINT('',(-45.9783574694533,58.6194561934103,0.));
#13141=CARTESIAN_POINT('',(-46.4484720757445,58.4491850656415,0.));
#13142=CARTESIAN_POINT('',(-45.9783574694533,58.6194561934103,-30.));
#13143=CARTESIAN_POINT('',(-46.4484720757445,58.4491850656415,-30.));
#13144=CARTESIAN_POINT('',(-46.4484720757445,58.4491850656415,-30.));
#13145=CARTESIAN_POINT('',(-46.4484720757445,58.4491850656415,-30.));
#13146=CARTESIAN_POINT('',(-46.4484720757445,58.4491850656415,0.));
#13147=CARTESIAN_POINT('',(-44.3545832321578,52.6680068810528,0.));
#13148=CARTESIAN_POINT('',(-46.4484720757445,58.4491850656415,-30.));
#13149=CARTESIAN_POINT('',(-44.3545832321578,52.6680068810528,-30.));
#13150=CARTESIAN_POINT('',(-44.3545832321578,52.6680068810528,-30.));
#13151=CARTESIAN_POINT('',(-45.008024035179,52.2998831016701,-30.));
#13152=CARTESIAN_POINT('',(-45.008024035179,52.2998831016701,0.));
#13153=CARTESIAN_POINT('',(-44.5188048171882,51.7314074586136,0.));
#13154=CARTESIAN_POINT('',(-45.008024035179,52.2998831016701,-30.));
#13155=CARTESIAN_POINT('',(-44.5188048171882,51.7314074586136,-30.));
#13156=CARTESIAN_POINT('',(-44.5188048171882,51.7314074586136,-30.));
#13157=CARTESIAN_POINT('',(-2.00880978518114E-11,2.31828445329541E-11,-30.));
#13158=CARTESIAN_POINT('',(-2.00880978518114E-11,2.31828445329541E-11,0.));
#13159=CARTESIAN_POINT('',(-45.4779674871738,50.890244381763,0.));
#13160=CARTESIAN_POINT('',(-2.00880978518114E-11,2.31828445329541E-11,-30.));
#13161=CARTESIAN_POINT('',(-45.4779674871738,50.890244381763,-30.));
#13162=CARTESIAN_POINT('',(-45.4779674871738,50.890244381763,-30.));
#13163=CARTESIAN_POINT('',(-45.9777243549461,51.44947874508,-30.));
#13164=CARTESIAN_POINT('',(-45.9777243549461,51.44947874508,0.));
#13165=CARTESIAN_POINT('',(-46.4279899242391,50.8496780139122,0.));
#13166=CARTESIAN_POINT('',(-45.9777243549461,51.44947874508,-30.));
#13167=CARTESIAN_POINT('',(-46.4279899242391,50.8496780139122,-30.));
#13168=CARTESIAN_POINT('',(-46.4279899242391,50.8496780139122,-30.));
#13169=CARTESIAN_POINT('',(-46.4279899242391,50.8496780139122,-30.));
#13170=CARTESIAN_POINT('',(-46.4279899242391,50.8496780139122,0.));
#13171=CARTESIAN_POINT('',(-51.8864019903333,53.6802485231405,0.));
#13172=CARTESIAN_POINT('',(-46.4279899242391,50.8496780139122,-30.));
#13173=CARTESIAN_POINT('',(-51.8864019903333,53.6802485231405,-30.));
#13174=CARTESIAN_POINT('',(-51.8864019903333,53.6802485231405,-30.));
#13175=CARTESIAN_POINT('',(-52.1165786944675,53.2363806544296,-30.));
#13176=CARTESIAN_POINT('',(-52.1165786944675,53.2363806544296,0.));
#13177=CARTESIAN_POINT('',(-52.4663543904022,53.5936717997629,0.));
#13178=CARTESIAN_POINT('',(-52.1165786944675,53.2363806544296,-30.));
#13179=CARTESIAN_POINT('',(-52.4663543904022,53.5936717997629,-30.));
#13180=CARTESIAN_POINT('',(-52.4663543904022,53.5936717997629,-30.));
#13181=CARTESIAN_POINT('',(-5.6621374255883E-12,4.71844785465692E-12,-30.));
#13182=CARTESIAN_POINT('',(-5.6621374255883E-12,4.71844785465692E-12,0.));
#13183=CARTESIAN_POINT('',(-53.5936717997674,52.4663543903976,0.));
#13184=CARTESIAN_POINT('',(-5.6621374255883E-12,4.71844785465692E-12,-30.));
#13185=CARTESIAN_POINT('',(-53.5936717997674,52.4663543903976,-30.));
#13186=CARTESIAN_POINT('',(-53.5936717997674,52.4663543903976,-30.));
#13187=CARTESIAN_POINT('',(-53.2363806544338,52.1165786944634,-30.));
#13188=CARTESIAN_POINT('',(-53.2363806544338,52.1165786944634,0.));
#13189=CARTESIAN_POINT('',(-53.6802485231442,51.8864019903284,0.));
#13190=CARTESIAN_POINT('',(-53.2363806544338,52.1165786944634,-30.));
#13191=CARTESIAN_POINT('',(-53.6802485231442,51.8864019903284,-30.));
#13192=CARTESIAN_POINT('',(-53.6802485231442,51.8864019903284,-30.));
#13193=CARTESIAN_POINT('',(-53.6802485231442,51.8864019903284,-30.));
#13194=CARTESIAN_POINT('',(-53.6802485231442,51.8864019903284,0.));
#13195=CARTESIAN_POINT('',(-50.8496780139087,46.4279899242254,0.));
#13196=CARTESIAN_POINT('',(-53.6802485231442,51.8864019903284,-30.));
#13197=CARTESIAN_POINT('',(-50.8496780139087,46.4279899242254,-30.));
#13198=CARTESIAN_POINT('',(-50.8496780139087,46.4279899242254,-30.));
#13199=CARTESIAN_POINT('',(-51.449478745082,45.9777243549399,-30.));
#13200=CARTESIAN_POINT('',(-51.449478745082,45.9777243549399,0.));
#13201=CARTESIAN_POINT('',(-50.8902437186581,45.4779682291939,0.));
#13202=CARTESIAN_POINT('',(-51.449478745082,45.9777243549399,-30.));
#13203=CARTESIAN_POINT('',(-50.8902437186581,45.4779682291939,-30.));
#13204=CARTESIAN_POINT('',(-50.8902437186581,45.4779682291939,-30.));
#13205=CARTESIAN_POINT('',(5.04735142570212E-11,-4.38538094726937E-11,-30.));
#13206=CARTESIAN_POINT('',(5.04735142570212E-11,-4.38538094726937E-11,0.));
#13207=CARTESIAN_POINT('',(-51.7314043519566,44.518808427162,0.));
#13208=CARTESIAN_POINT('',(5.04735142570212E-11,-4.38538094726937E-11,-30.));
#13209=CARTESIAN_POINT('',(-51.7314043519566,44.518808427162,-30.));
#13210=CARTESIAN_POINT('',(-51.7314043519566,44.518808427162,-30.));
#13211=CARTESIAN_POINT('',(-52.2998831016751,45.00802403517,-30.));
#13212=CARTESIAN_POINT('',(-52.2998831016751,45.00802403517,0.));
#13213=CARTESIAN_POINT('',(-52.6680068810917,44.3545832321678,0.));
#13214=CARTESIAN_POINT('',(-52.2998831016751,45.00802403517,-30.));
#13215=CARTESIAN_POINT('',(-52.6680068810917,44.3545832321678,-30.));
#13216=CARTESIAN_POINT('',(-52.6680068810917,44.3545832321678,-30.));
#13217=CARTESIAN_POINT('',(-52.6680068810917,44.3545832321678,-30.));
#13218=CARTESIAN_POINT('',(-52.6680068810917,44.3545832321678,0.));
#13219=CARTESIAN_POINT('',(-58.449185065644,46.4484720757404,0.));
#13220=CARTESIAN_POINT('',(-52.6680068810917,44.3545832321678,-30.));
#13221=CARTESIAN_POINT('',(-58.449185065644,46.4484720757404,-30.));
#13222=CARTESIAN_POINT('',(-58.449185065644,46.4484720757404,-30.));
#13223=CARTESIAN_POINT('',(-58.6194561934134,45.9783574694495,-30.));
#13224=CARTESIAN_POINT('',(-58.6194561934134,45.9783574694495,0.));
#13225=CARTESIAN_POINT('',(-59.0128753624959,46.2869370497823,0.));
#13226=CARTESIAN_POINT('',(-58.6194561934134,45.9783574694495,-30.));
#13227=CARTESIAN_POINT('',(-59.0128753624959,46.2869370497823,-30.));
#13228=CARTESIAN_POINT('',(-59.0128753624959,46.2869370497823,-30.));
#13229=CARTESIAN_POINT('',(-7.38020755619573E-11,5.68919911181354E-11,-30.));
#13230=CARTESIAN_POINT('',(-7.38020755619573E-11,5.68919911181354E-11,0.));
#13231=CARTESIAN_POINT('',(-59.9834039662786,45.0221195482645,0.));
#13232=CARTESIAN_POINT('',(-7.38020755619573E-11,5.68919911181354E-11,-30.));
#13233=CARTESIAN_POINT('',(-59.9834039662786,45.0221195482645,-30.));
#13234=CARTESIAN_POINT('',(-59.9834039662786,45.0221195482645,-30.));
#13235=CARTESIAN_POINT('',(-59.5835146065063,44.7219720846054,-30.));
#13236=CARTESIAN_POINT('',(-59.5835146065063,44.7219720846054,0.));
#13237=CARTESIAN_POINT('',(-59.9935410353426,44.4358281913352,0.));
#13238=CARTESIAN_POINT('',(-59.5835146065063,44.7219720846054,-30.));
#13239=CARTESIAN_POINT('',(-59.9935410353426,44.4358281913352,-30.));
#13240=CARTESIAN_POINT('',(-59.9935410353426,44.4358281913352,-30.));
#13241=CARTESIAN_POINT('',(-59.9935410353426,44.4358281913352,-30.));
#13242=CARTESIAN_POINT('',(-59.9935410353426,44.4358281913352,0.));
#13243=CARTESIAN_POINT('',(-56.4747207066619,39.3935771875412,0.));
#13244=CARTESIAN_POINT('',(-59.9935410353426,44.4358281913352,-30.));
#13245=CARTESIAN_POINT('',(-56.4747207066619,39.3935771875412,-30.));
#13246=CARTESIAN_POINT('',(-56.4747207066619,39.3935771875412,-30.));
#13247=CARTESIAN_POINT('',(-57.0106186091668,38.8688739970699,-30.));
#13248=CARTESIAN_POINT('',(-57.0106186091668,38.8688739970699,0.));
#13249=CARTESIAN_POINT('',(-56.3909379721107,38.4463862362323,0.));
#13250=CARTESIAN_POINT('',(-57.0106186091668,38.8688739970699,-30.));
#13251=CARTESIAN_POINT('',(-56.3909379721107,38.4463862362323,-30.));
#13252=CARTESIAN_POINT('',(-56.3909379721107,38.4463862362323,-30.));
#13253=CARTESIAN_POINT('',(9.95939442027804E-11,-6.73766598069392E-11,-30.));
#13254=CARTESIAN_POINT('',(9.95939442027804E-11,-6.73766598069392E-11,0.));
#13255=CARTESIAN_POINT('',(-57.0997070401338,37.3856383646299,0.));
#13256=CARTESIAN_POINT('',(9.95939442027804E-11,-6.73766598069392E-11,-30.));
#13257=CARTESIAN_POINT('',(-57.0997070401338,37.3856383646299,-30.));
#13258=CARTESIAN_POINT('',(-57.0997070401338,37.3856383646299,-30.));
#13259=CARTESIAN_POINT('',(-57.7271763482671,37.79646955545,-30.));
#13260=CARTESIAN_POINT('',(-57.7271763482671,37.79646955545,0.));
#13261=CARTESIAN_POINT('',(-58.0068596378421,37.1005692339006,0.));
#13262=CARTESIAN_POINT('',(-57.7271763482671,37.79646955545,-30.));
#13263=CARTESIAN_POINT('',(-58.0068596378421,37.1005692339006,-30.));
#13264=CARTESIAN_POINT('',(-58.0068596378421,37.1005692339006,-30.));
#13265=CARTESIAN_POINT('',(-58.0068596378421,37.1005692339006,-30.));
#13266=CARTESIAN_POINT('',(-58.0068596378421,37.1005692339006,0.));
#13267=CARTESIAN_POINT('',(-64.011886379304,38.4219493931798,0.));
#13268=CARTESIAN_POINT('',(-58.0068596378421,37.1005692339006,-30.));
#13269=CARTESIAN_POINT('',(-64.011886379304,38.4219493931798,-30.));
#13270=CARTESIAN_POINT('',(-64.011886379304,38.4219493931798,-30.));
#13271=CARTESIAN_POINT('',(-64.1193385445033,37.9336318405627,-30.));
#13272=CARTESIAN_POINT('',(-64.1193385445033,37.9336318405627,0.));
#13273=CARTESIAN_POINT('',(-64.5496696756762,38.188219973718,0.));
#13274=CARTESIAN_POINT('',(-64.1193385445033,37.9336318405627,-30.));
#13275=CARTESIAN_POINT('',(-64.5496696756762,38.188219973718,-30.));
#13276=CARTESIAN_POINT('',(-64.5496696756762,38.188219973718,-30.));
#13277=CARTESIAN_POINT('',(4.63518112781003E-12,-3.19189119579733E-12,-30.));
#13278=CARTESIAN_POINT('',(4.63518112781003E-12,-3.19189119579733E-12,0.));
#13279=CARTESIAN_POINT('',(-65.3468034603892,36.8075437581653,0.));
#13280=CARTESIAN_POINT('',(4.63518112781003E-12,-3.19189119579733E-12,-30.));
#13281=CARTESIAN_POINT('',(-65.3468034603892,36.8075437581653,-30.));
#13282=CARTESIAN_POINT('',(-65.3468034603892,36.8075437581653,-30.));
#13283=CARTESIAN_POINT('',(-64.911158103985,36.5621601331137,-30.));
#13284=CARTESIAN_POINT('',(-64.911158103985,36.5621601331137,0.));
#13285=CARTESIAN_POINT('',(-65.2803274270634,36.2249450520483,0.));
#13286=CARTESIAN_POINT('',(-64.911158103985,36.5621601331137,-30.));
#13287=CARTESIAN_POINT('',(-65.2803274270634,36.2249450520483,-30.));
#13288=CARTESIAN_POINT('',(-65.2803274270634,36.2249450520483,-30.));
#13289=CARTESIAN_POINT('',(-65.2803274270634,36.2249450520483,-30.));
#13290=CARTESIAN_POINT('',(-65.2803274270634,36.2249450520483,0.));
#13291=CARTESIAN_POINT('',(-61.1334652703347,31.6851294231641,0.));
#13292=CARTESIAN_POINT('',(-65.2803274270634,36.2249450520483,-30.));
#13293=CARTESIAN_POINT('',(-61.1334652703347,31.6851294231641,-30.));
#13294=CARTESIAN_POINT('',(-61.1334652703347,31.6851294231641,-30.));
#13295=CARTESIAN_POINT('',(-61.596290982519,31.09496642861,-30.));
#13296=CARTESIAN_POINT('',(-61.596290982519,31.09496642861,0.));
#13297=CARTESIAN_POINT('',(-60.9267650804528,30.7569796441605,0.));
#13298=CARTESIAN_POINT('',(-61.596290982519,31.09496642861,-30.));
#13299=CARTESIAN_POINT('',(-60.9267650804528,30.7569796441605,-30.));
#13300=CARTESIAN_POINT('',(-60.9267650804528,30.7569796441605,-30.));
#13301=CARTESIAN_POINT('',(-3.33857941292592E-10,1.63806468389538E-10,-30.));
#13302=CARTESIAN_POINT('',(-3.33857941292592E-10,1.63806468389538E-10,0.));
#13303=CARTESIAN_POINT('',(-61.4910161503408,29.6127917089645,0.));
#13304=CARTESIAN_POINT('',(-3.33857941292592E-10,1.63806468389538E-10,-30.));
#13305=CARTESIAN_POINT('',(-61.4910161503408,29.6127917089645,-30.));
#13306=CARTESIAN_POINT('',(-61.4910161503408,29.6127917089645,-30.));
#13307=CARTESIAN_POINT('',(-62.1667416025423,29.9382070024697,-30.));
#13308=CARTESIAN_POINT('',(-62.1667416025423,29.9382070024697,0.));
#13309=CARTESIAN_POINT('',(-62.3531989436358,29.2117542098174,0.));
#13310=CARTESIAN_POINT('',(-62.1667416025423,29.9382070024697,-30.));
#13311=CARTESIAN_POINT('',(-62.3531989436358,29.2117542098174,-30.));
#13312=CARTESIAN_POINT('',(-62.3531989436358,29.2117542098174,-30.));
#13313=CARTESIAN_POINT('',(-62.3531989436358,29.2117542098174,-30.));
#13314=CARTESIAN_POINT('',(-62.3531989436358,29.2117542098174,0.));
#13315=CARTESIAN_POINT('',(-68.4793265695695,29.7380165039101,0.));
#13316=CARTESIAN_POINT('',(-62.3531989436358,29.2117542098174,-30.));
#13317=CARTESIAN_POINT('',(-68.4793265695695,29.7380165039101,-30.));
#13318=CARTESIAN_POINT('',(-68.4793265695695,29.7380165039101,-30.));
#13319=CARTESIAN_POINT('',(-68.5221212358654,29.2398512536802,-30.));
#13320=CARTESIAN_POINT('',(-68.5221212358654,29.2398512536802,0.));
#13321=CARTESIAN_POINT('',(-68.9820012441596,29.4360918661217,0.));
#13322=CARTESIAN_POINT('',(-68.5221212358654,29.2398512536802,-30.));
#13323=CARTESIAN_POINT('',(-68.9820012441596,29.4360918661217,-30.));
#13324=CARTESIAN_POINT('',(-68.9820012441596,29.4360918661217,-30.));
#13325=CARTESIAN_POINT('',(2.34826047496028E-10,-9.65200142033495E-11,-30.));
#13326=CARTESIAN_POINT('',(2.34826047496028E-10,-9.65200142033495E-11,0.));
#13327=CARTESIAN_POINT('',(-69.592101029734,27.9631806893867,0.));
#13328=CARTESIAN_POINT('',(2.34826047496028E-10,-9.65200142033495E-11,-30.));
#13329=CARTESIAN_POINT('',(-69.592101029734,27.9631806893867,-30.));
#13330=CARTESIAN_POINT('',(-69.592101029734,27.9631806893867,-30.));
#13331=CARTESIAN_POINT('',(-69.1281536895342,27.7767594847945,-30.));
#13332=CARTESIAN_POINT('',(-69.1281536895342,27.7767594847945,0.));
#13333=CARTESIAN_POINT('',(-69.4501493173863,27.3942430594686,0.));
#13334=CARTESIAN_POINT('',(-69.1281536895342,27.7767594847945,-30.));
#13335=CARTESIAN_POINT('',(-69.4501493173863,27.3942430594686,-30.));
#13336=CARTESIAN_POINT('',(-69.4501493173863,27.3942430594686,-30.));
#13337=CARTESIAN_POINT('',(-69.4501493173863,27.3942430594686,-30.));
#13338=CARTESIAN_POINT('',(-69.4501493173863,27.3942430594686,0.));
#13339=CARTESIAN_POINT('',(-64.7461992938602,23.4345403096101,0.));
#13340=CARTESIAN_POINT('',(-69.4501493173863,27.3942430594686,-30.));
#13341=CARTESIAN_POINT('',(-64.7461992938602,23.4345403096101,-30.));
#13342=CARTESIAN_POINT('',(-64.7461992938602,23.4345403096101,-30.));
#13343=CARTESIAN_POINT('',(-65.1280337394429,22.7890153634101,-30.));
#13344=CARTESIAN_POINT('',(-65.1280337394429,22.7890153634101,0.));
#13345=CARTESIAN_POINT('',(-64.4201198064074,22.5413101688457,0.));
#13346=CARTESIAN_POINT('',(-65.1280337394429,22.7890153634101,-30.));
#13347=CARTESIAN_POINT('',(-64.4201198064074,22.5413101688457,-30.));
#13348=CARTESIAN_POINT('',(-64.4201198064074,22.5413101688457,-30.));
#13349=CARTESIAN_POINT('',(4.18207135588489E-10,-1.41955891486134E-10,-30.));
#13350=CARTESIAN_POINT('',(4.18207135588489E-10,-1.41955891486134E-10,0.));
#13351=CARTESIAN_POINT('',(-64.8301965041179,21.3332632580543,0.));
#13352=CARTESIAN_POINT('',(4.18207135588489E-10,-1.41955891486134E-10,-30.));
#13353=CARTESIAN_POINT('',(-64.8301965041179,21.3332632580543,-30.));
#13354=CARTESIAN_POINT('',(-64.8301965041179,21.3332632580543,-30.));
#13355=CARTESIAN_POINT('',(-65.5426166721229,21.5676934272301,-30.));
#13356=CARTESIAN_POINT('',(-65.5426166721229,21.5676934272301,0.));
#13357=CARTESIAN_POINT('',(-65.6326577279715,20.8231179721809,0.));
#13358=CARTESIAN_POINT('',(-65.5426166721229,21.5676934272301,-30.));
#13359=CARTESIAN_POINT('',(-65.6326577279715,20.8231179721809,-30.));
#13360=CARTESIAN_POINT('',(-65.6326577279715,20.8231179721809,-30.));
#13361=CARTESIAN_POINT('',(-65.6326577279715,20.8231179721809,-30.));
#13362=CARTESIAN_POINT('',(-65.6326577279715,20.8231179721809,0.));
#13363=CARTESIAN_POINT('',(-71.7750664961711,20.5452579073401,0.));
#13364=CARTESIAN_POINT('',(-65.6326577279715,20.8231179721809,-30.));
#13365=CARTESIAN_POINT('',(-71.7750664961711,20.5452579073401,-30.));
#13366=CARTESIAN_POINT('',(-71.7750664961711,20.5452579073401,-30.));
#13367=CARTESIAN_POINT('',(-71.7524714349533,20.0457687050458,-30.));
#13368=CARTESIAN_POINT('',(-71.7524714349533,20.0457687050458,0.));
#13369=CARTESIAN_POINT('',(-72.2340316459277,20.1803040654768,0.));
#13370=CARTESIAN_POINT('',(-71.7524714349533,20.0457687050458,-30.));
#13371=CARTESIAN_POINT('',(-72.2340316459277,20.1803040654768,-30.));
#13372=CARTESIAN_POINT('',(-72.2340316459277,20.1803040654768,-30.));
#13373=CARTESIAN_POINT('',(1.39097067197724E-10,-3.68143016071798E-11,-30.));
#13374=CARTESIAN_POINT('',(1.39097067197724E-10,-3.68143016071798E-11,0.));
#13375=CARTESIAN_POINT('',(-72.6466584558823,18.640359846161,0.));
#13376=CARTESIAN_POINT('',(1.39097067197724E-10,-3.68143016071798E-11,-30.));
#13377=CARTESIAN_POINT('',(-72.6466584558823,18.640359846161,-30.));
#13378=CARTESIAN_POINT('',(-72.6466584558823,18.640359846161,-30.));
#13379=CARTESIAN_POINT('',(-72.1623473995112,18.5160907805146,-30.));
#13380=CARTESIAN_POINT('',(-72.1623473995112,18.5160907805146,0.));
#13381=CARTESIAN_POINT('',(-72.4316598976741,18.0948179730214,0.));
#13382=CARTESIAN_POINT('',(-72.1623473995112,18.5160907805146,-30.));
#13383=CARTESIAN_POINT('',(-72.4316598976741,18.0948179730214,-30.));
#13384=CARTESIAN_POINT('',(-72.4316598976741,18.0948179730214,-30.));
#13385=CARTESIAN_POINT('',(-72.4316598976741,18.0948179730214,-30.));
#13386=CARTESIAN_POINT('',(-72.4316598976741,18.0948179730214,0.));
#13387=CARTESIAN_POINT('',(-67.2511078964198,14.7829797140773,0.));
#13388=CARTESIAN_POINT('',(-72.4316598976741,18.0948179730214,-30.));
#13389=CARTESIAN_POINT('',(-67.2511078964198,14.7829797140773,-30.));
#13390=CARTESIAN_POINT('',(-67.2511078964198,14.7829797140773,-30.));
#13391=CARTESIAN_POINT('',(-67.5454177821814,14.0931379270399,-30.));
#13392=CARTESIAN_POINT('',(-67.5454177821814,14.0931379270399,0.));
#13393=CARTESIAN_POINT('',(-66.811228458462,13.9399516452243,0.));
#13394=CARTESIAN_POINT('',(-67.5454177821814,14.0931379270399,-30.));
#13395=CARTESIAN_POINT('',(-66.811228458462,13.9399516452243,-30.));
#13396=CARTESIAN_POINT('',(-66.811228458462,13.9399516452243,-30.));
#13397=CARTESIAN_POINT('',(2.63233879138625E-10,-5.03538183371788E-11,-30.));
#13398=CARTESIAN_POINT('',(2.63233879138625E-10,-5.03538183371788E-11,0.));
#13399=CARTESIAN_POINT('',(-67.0601148065642,12.6887155429702,0.));
#13400=CARTESIAN_POINT('',(2.63233879138625E-10,-5.03538183371788E-11,-30.));
#13401=CARTESIAN_POINT('',(-67.0601148065642,12.6887155429702,-30.));
#13402=CARTESIAN_POINT('',(-67.0601148065642,12.6887155429702,-30.));
#13403=CARTESIAN_POINT('',(-67.7970393985959,12.82815063776,-30.));
#13404=CARTESIAN_POINT('',(-67.7970393985959,12.82815063776,0.));
#13405=CARTESIAN_POINT('',(-67.7891235418251,12.0781924127824,0.));
#13406=CARTESIAN_POINT('',(-67.7970393985959,12.82815063776,-30.));
#13407=CARTESIAN_POINT('',(-67.7891235418251,12.0781924127824,-30.));
#13408=CARTESIAN_POINT('',(-67.7891235418251,12.0781924127824,-30.));
#13409=CARTESIAN_POINT('',(-67.7891235418251,12.0781924127823,-30.));
#13410=CARTESIAN_POINT('',(-67.7891235418251,12.0781924127823,0.));
#13411=CARTESIAN_POINT('',(-73.8427151352171,11.00096425174,0.));
#13412=CARTESIAN_POINT('',(-67.7891235418251,12.0781924127823,-30.));
#13413=CARTESIAN_POINT('',(-73.8427151352171,11.00096425174,-30.));
#13414=CARTESIAN_POINT('',(-73.8427151352171,11.00096425174,-30.));
#13415=CARTESIAN_POINT('',(-73.7551169542504,10.5086974961172,-30.));
#13416=CARTESIAN_POINT('',(-73.7551169542504,10.5086974961172,0.));
#13417=CARTESIAN_POINT('',(-74.2501178409679,10.5792249528199,0.));
#13418=CARTESIAN_POINT('',(-73.7551169542504,10.5086974961172,-30.));
#13419=CARTESIAN_POINT('',(-74.2501178409679,10.5792249528199,-30.));
#13420=CARTESIAN_POINT('',(-74.2501178409679,10.5792249528199,-30.));
#13421=CARTESIAN_POINT('',(2.43277620270987E-11,-2.00534033822919E-12,-30.));
#13422=CARTESIAN_POINT('',(2.43277620270987E-11,-2.00534033822919E-12,0.));
#13423=CARTESIAN_POINT('',(-74.4582114143936,8.99859727787918,0.));
#13424=CARTESIAN_POINT('',(2.43277620270987E-11,-2.00534033822919E-12,-30.));
#13425=CARTESIAN_POINT('',(-74.4582114143936,8.99859727787918,-30.));
#13426=CARTESIAN_POINT('',(-74.4582114143936,8.99859727787918,-30.));
#13427=CARTESIAN_POINT('',(-73.9618233382977,8.93860662935875,-30.));
#13428=CARTESIAN_POINT('',(-73.9618233382977,8.93860662935875,0.));
#13429=CARTESIAN_POINT('',(-74.173844695257,8.48578553423048,0.));
#13430=CARTESIAN_POINT('',(-73.9618233382977,8.93860662935875,-30.));
#13431=CARTESIAN_POINT('',(-74.173844695257,8.48578553423048,-30.));
#13432=CARTESIAN_POINT('',(-74.173844695257,8.48578553423048,-30.));
#13433=CARTESIAN_POINT('',(-74.173844695257,8.48578553423049,-30.));
#13434=CARTESIAN_POINT('',(-74.173844695257,8.48578553423049,0.));
#13435=CARTESIAN_POINT('',(-68.6053313973573,5.87847823701352,0.));
#13436=CARTESIAN_POINT('',(-74.173844695257,8.48578553423049,-30.));
#13437=CARTESIAN_POINT('',(-68.6053313973573,5.87847823701352,-30.));
#13438=CARTESIAN_POINT('',(-68.6053313973573,5.87847823701352,-30.));
#13439=CARTESIAN_POINT('',(-68.8070809995399,5.15612299336996,-30.));
#13440=CARTESIAN_POINT('',(-68.8070809995399,5.15612299336996,0.));
#13441=CARTESIAN_POINT('',(-68.059177945197,5.10007817822466,0.));
#13442=CARTESIAN_POINT('',(-68.8070809995399,5.15612299336996,-30.));
#13443=CARTESIAN_POINT('',(-68.059177945197,5.10007817822466,-30.));
#13444=CARTESIAN_POINT('',(-68.059177945197,5.10007817822466,-30.));
#13445=CARTESIAN_POINT('',(-3.67775254694891E-10,2.49366499671666E-11,-30.));
#13446=CARTESIAN_POINT('',(-3.67775254694891E-10,2.49366499671666E-11,0.));
#13447=CARTESIAN_POINT('',(-68.14261602772,3.82705904039951,0.));
#13448=CARTESIAN_POINT('',(-3.67775254694891E-10,2.49366499671666E-11,-30.));
#13449=CARTESIAN_POINT('',(-68.14261602772,3.82705904039951,-30.));
#13450=CARTESIAN_POINT('',(-68.14261602772,3.82705904039951,-30.));
#13451=CARTESIAN_POINT('',(-68.8914359840686,3.86911463425013,-30.));
#13452=CARTESIAN_POINT('',(-68.8914359840686,3.86911463425013,0.));
#13453=CARTESIAN_POINT('',(-68.7856986570801,3.12660563249907,0.));
#13454=CARTESIAN_POINT('',(-68.8914359840686,3.86911463425013,-30.));
#13455=CARTESIAN_POINT('',(-68.7856986570801,3.12660563249907,-30.));
#13456=CARTESIAN_POINT('',(-68.7856986570801,3.12660563249907,-30.));
#13457=CARTESIAN_POINT('',(-68.7856986570801,3.12660563249907,-30.));
#13458=CARTESIAN_POINT('',(-68.7856986570801,3.12660563249907,0.));
#13459=CARTESIAN_POINT('',(-68.7856986570801,3.12660563249907,-30.));
#13460=CARTESIAN_POINT('',(-74.4957919736761,0.791819559480026,-30.));
#13461=CARTESIAN_POINT('',(5.,20.8,-30.));
#13462=CARTESIAN_POINT('',(5.,20.8,-30.));
#13463=CARTESIAN_POINT('',(-5.,20.8,-30.));
#13464=CARTESIAN_POINT('',(-5.,20.8,-30.));
#13465=CARTESIAN_POINT('',(-5.,17.3956891211587,-30.));
#13466=CARTESIAN_POINT('',(0.,0.,-30.));
#13467=CARTESIAN_POINT('',(5.,17.3956891211587,-30.));
#13468=CARTESIAN_POINT('',(5.,15.7241851935164,-30.));
#13469=CARTESIAN_POINT('',(-74.4957919736761,0.791819559480026,0.));
#13470=CARTESIAN_POINT('',(-5.,20.8,0.));
#13471=CARTESIAN_POINT('',(-5.,20.8,0.));
#13472=CARTESIAN_POINT('',(-5.,17.3956891211587,0.));
#13473=CARTESIAN_POINT('',(5.,20.8,0.));
#13474=CARTESIAN_POINT('',(5.,20.8,0.));
#13475=CARTESIAN_POINT('',(5.,15.7241851935164,0.));
#13476=CARTESIAN_POINT('',(5.,17.3956891211587,0.));
#13477=CARTESIAN_POINT('',(0.,0.,0.));
#13478=CARTESIAN_POINT('',(0.,0.,0.));
#13479=CARTESIAN_POINT('',(-5.,17.3956891211587,-3.16801631383046E-16));
#13480=CARTESIAN_POINT('',(-5.,17.1874377556625,-0.200147846034751));
#13481=CARTESIAN_POINT('',(-5.,16.979049721475,-0.400153126899912));
#13482=CARTESIAN_POINT('',(-5.,16.7705098312484,-0.6));
#13483=CARTESIAN_POINT('',(-5.,16.7705098312484,-0.6));
#13484=CARTESIAN_POINT('',(5.,16.7705098312484,-0.600000000000002));
#13485=CARTESIAN_POINT('',(5.,16.979049721475,-0.400153126899914));
#13486=CARTESIAN_POINT('',(5.,17.1874377556625,-0.200147846034751));
#13487=CARTESIAN_POINT('',(5.,17.3956891211587,-1.23817282340845E-16));
#13488=CARTESIAN_POINT('',(5.,16.7705098312484,-0.6));
#13489=CARTESIAN_POINT('',(0.,0.,-0.6));
#13490=CARTESIAN_POINT('',(0.,0.,-30.));
#13491=CARTESIAN_POINT('',(-5.,16.7705098312484,-30.));
#13492=CARTESIAN_POINT('',(-5.,16.7705098312484,-29.4));
#13493=CARTESIAN_POINT('',(5.,16.7705098312484,-30.));
#13494=CARTESIAN_POINT('',(5.,16.7705098312484,-29.4));
#13495=CARTESIAN_POINT('',(0.,0.,-29.4));
#13496=CARTESIAN_POINT('',(0.,0.,-29.4));
#13497=CARTESIAN_POINT('',(-5.,16.7705098312484,-29.4));
#13498=CARTESIAN_POINT('',(-5.,16.979049721475,-29.5998468731001));
#13499=CARTESIAN_POINT('',(-5.,17.1874377556625,-29.7998521539653));
#13500=CARTESIAN_POINT('',(-5.,17.3956891211587,-30.));
#13501=CARTESIAN_POINT('',(5.,17.3956891211587,-30.));
#13502=CARTESIAN_POINT('',(5.,17.1874377556625,-29.7998521539652));
#13503=CARTESIAN_POINT('',(5.,16.979049721475,-29.5998468731001));
#13504=CARTESIAN_POINT('',(5.,16.7705098312484,-29.4));
#13505=CARTESIAN_POINT('',(-5.,20.8,-30.));
#13506=CARTESIAN_POINT('',(-5.,20.8,-30.));
#13507=CARTESIAN_POINT('',(5.,15.7241851935164,-30.));
#13508=CARTESIAN_POINT('',(5.,20.8,-30.));
#13509=CARTESIAN_POINT('',(5.,20.8,-30.));
#13510=MECHANICAL_DESIGN_GEOMETRIC_PRESENTATION_REPRESENTATION('',(#7639),
#13511);
#13511=(
GEOMETRIC_REPRESENTATION_CONTEXT(3)
GLOBAL_UNCERTAINTY_ASSIGNED_CONTEXT((#13512))
GLOBAL_UNIT_ASSIGNED_CONTEXT((#13515,#13514,#13513))
REPRESENTATION_CONTEXT('VNR41-3.0-48-B30-A-P35N',
'TOP_LEVEL_ASSEMBLY_PART')
);
#13512=UNCERTAINTY_MEASURE_WITH_UNIT(LENGTH_MEASURE(1.E-5),#13515,
'DISTANCE_ACCURACY_VALUE','Maximum Tolerance applied to model');
#13513=(
NAMED_UNIT(*)
SI_UNIT($,.STERADIAN.)
SOLID_ANGLE_UNIT()
);
#13514=(
NAMED_UNIT(*)
PLANE_ANGLE_UNIT()
SI_UNIT($,.RADIAN.)
);
#13515=(
LENGTH_UNIT()
NAMED_UNIT(*)
SI_UNIT(.MILLI.,.METRE.)
);
#13516=PRODUCT_DEFINITION_SHAPE('','',#13517);
#13517=PRODUCT_DEFINITION('','',#13519,#13518);
#13518=PRODUCT_DEFINITION_CONTEXT('',#13525,'design');
#13519=PRODUCT_DEFINITION_FORMATION_WITH_SPECIFIED_SOURCE('','',#13521,
 .NOT_KNOWN.);
#13520=PRODUCT_RELATED_PRODUCT_CATEGORY('','',(#13521));
#13521=PRODUCT('VNR41-3.0-48-B30-A-P35N','VNR41-3.0-48-B30-A-P35N',
'VNR41-3.0-48-B30-A-P35N',(#13523));
#13522=PRODUCT_CATEGORY('','');
#13523=PRODUCT_CONTEXT('',#13525,'mechanical');
#13524=APPLICATION_PROTOCOL_DEFINITION('international standard',
'automotive_design',2010,#13525);
#13525=APPLICATION_CONTEXT(
'core data for automotive mechanical design processes');
ENDSEC;
END-ISO-10303-21;
