ISO-10303-21;
HEADER;
/* Generated by software containing ST-Developer
 * from STEP Tools, Inc. (www.steptools.com) 
 */
/* OPTION: using custom renumber hook */

FILE_DESCRIPTION(
/* description */ ('STEP AP214'),
/* implementation_level */ '2;1');

FILE_NAME(
/* name */ 'VLK02-60-28-D35',
/* time_stamp */ '2026-07-24T16:36:31+02:00',
/* author */ ('License CC BY-ND 4.0'),
/* organization */ ('CADENAS'),
/* preprocessor_version */ 'ST-DEVELOPER v20',
/* originating_system */ 'PARTsolutions',
/* authorisation */ '  ');

FILE_SCHEMA (('AUTOMOTIVE_DESIGN {1 0 10303 214 3 1 1}'));
ENDSEC;

DATA;
#10=PROPERTY_DEFINITION_REPRESENTATION(#14,#12);
#11=PROPERTY_DEFINITION_REPRESENTATION(#15,#13);
#12=REPRESENTATION('',(#16),#6392);
#13=REPRESENTATION('',(#17),#6392);
#14=PROPERTY_DEFINITION('pmi validation property','',#6397);
#15=PROPERTY_DEFINITION('pmi validation property','',#6397);
#16=VALUE_REPRESENTATION_ITEM('number of annotations',COUNT_MEASURE(0.));
#17=VALUE_REPRESENTATION_ITEM('number of views',COUNT_MEASURE(0.));
#18=SHAPE_REPRESENTATION_RELATIONSHIP('','',#3392,#19);
#19=ADVANCED_BREP_SHAPE_REPRESENTATION('',(#3390),#6392);
#20=TOROIDAL_SURFACE('',#3463,80.4884117689588,19.9999999999999);
#21=TOROIDAL_SURFACE('',#3465,80.4884117689588,19.9999999999999);
#22=TOROIDAL_SURFACE('',#3467,80.4884117689588,19.9999999999999);
#23=TOROIDAL_SURFACE('',#3469,80.4884117689588,19.9999999999999);
#24=TOROIDAL_SURFACE('',#3471,80.4884117689588,19.9999999999999);
#25=TOROIDAL_SURFACE('',#3473,80.4884117689588,19.9999999999999);
#26=TOROIDAL_SURFACE('',#3475,80.4884117689588,19.9999999999999);
#27=TOROIDAL_SURFACE('',#3477,80.4884117689588,19.9999999999999);
#28=TOROIDAL_SURFACE('',#3479,80.4884117689588,19.9999999999999);
#29=TOROIDAL_SURFACE('',#3481,80.4884117689588,19.9999999999999);
#30=TOROIDAL_SURFACE('',#3483,80.4884117689588,19.9999999999999);
#31=TOROIDAL_SURFACE('',#3485,80.4884117689588,19.9999999999999);
#32=TOROIDAL_SURFACE('',#3487,80.4884117689588,19.9999999999999);
#33=TOROIDAL_SURFACE('',#3489,80.4884117689588,19.9999999999999);
#34=TOROIDAL_SURFACE('',#3491,80.4884117689588,19.9999999999999);
#35=TOROIDAL_SURFACE('',#3493,80.4884117689588,19.9999999999999);
#36=TOROIDAL_SURFACE('',#3495,80.4884117689588,19.9999999999999);
#37=TOROIDAL_SURFACE('',#3497,80.4884117689588,19.9999999999999);
#38=TOROIDAL_SURFACE('',#3499,80.4884117689588,19.9999999999999);
#39=TOROIDAL_SURFACE('',#3501,80.4884117689588,19.9999999999999);
#40=TOROIDAL_SURFACE('',#3503,80.4884117689588,19.9999999999999);
#41=TOROIDAL_SURFACE('',#3505,80.4884117689588,19.9999999999999);
#42=TOROIDAL_SURFACE('',#3507,80.4884117689588,19.9999999999999);
#43=TOROIDAL_SURFACE('',#3509,80.4884117689588,19.9999999999999);
#44=TOROIDAL_SURFACE('',#3511,80.4884117689588,19.9999999999999);
#45=TOROIDAL_SURFACE('',#3513,80.4884117689588,19.9999999999999);
#46=TOROIDAL_SURFACE('',#3515,80.4884117689588,19.9999999999999);
#47=TOROIDAL_SURFACE('',#3572,80.4884117689588,20.0000000000001);
#48=TOROIDAL_SURFACE('',#3574,80.4884117689588,20.0000000000001);
#49=TOROIDAL_SURFACE('',#3576,80.4884117689588,20.0000000000001);
#50=TOROIDAL_SURFACE('',#3578,80.4884117689588,20.0000000000001);
#51=TOROIDAL_SURFACE('',#3580,80.4884117689588,20.0000000000001);
#52=TOROIDAL_SURFACE('',#3582,80.4884117689588,20.0000000000001);
#53=TOROIDAL_SURFACE('',#3584,80.4884117689588,20.0000000000001);
#54=TOROIDAL_SURFACE('',#3586,80.4884117689588,20.0000000000001);
#55=TOROIDAL_SURFACE('',#3588,80.4884117689588,20.0000000000001);
#56=TOROIDAL_SURFACE('',#3590,80.4884117689588,20.0000000000001);
#57=TOROIDAL_SURFACE('',#3592,80.4884117689588,20.0000000000001);
#58=TOROIDAL_SURFACE('',#3594,80.4884117689588,20.0000000000001);
#59=TOROIDAL_SURFACE('',#3596,80.4884117689588,20.0000000000001);
#60=TOROIDAL_SURFACE('',#3598,80.4884117689588,20.0000000000001);
#61=TOROIDAL_SURFACE('',#3600,80.4884117689588,20.0000000000001);
#62=TOROIDAL_SURFACE('',#3602,80.4884117689588,20.0000000000001);
#63=TOROIDAL_SURFACE('',#3604,80.4884117689588,20.0000000000001);
#64=TOROIDAL_SURFACE('',#3606,80.4884117689588,20.0000000000001);
#65=TOROIDAL_SURFACE('',#3608,80.4884117689588,20.0000000000001);
#66=TOROIDAL_SURFACE('',#3610,80.4884117689588,20.0000000000001);
#67=TOROIDAL_SURFACE('',#3612,80.4884117689588,20.0000000000001);
#68=TOROIDAL_SURFACE('',#3614,80.4884117689588,20.0000000000001);
#69=TOROIDAL_SURFACE('',#3616,80.4884117689588,20.0000000000001);
#70=TOROIDAL_SURFACE('',#3618,80.4884117689588,20.0000000000001);
#71=TOROIDAL_SURFACE('',#3620,80.4884117689588,20.0000000000001);
#72=TOROIDAL_SURFACE('',#3622,80.4884117689588,20.0000000000001);
#73=TOROIDAL_SURFACE('',#3624,80.4884117689588,20.0000000000001);
#74=TOROIDAL_SURFACE('',#3627,80.4884117689588,19.9999999999999);
#75=TOROIDAL_SURFACE('',#3629,80.4884117689588,20.0000000000001);
#76=CONICAL_SURFACE('',#3461,18.1,0.785398163397434);
#77=CONICAL_SURFACE('',#3462,17.5,0.785398163397435);
#78=CONICAL_SURFACE('',#3744,40.7,0.785398163397448);
#79=CONICAL_SURFACE('',#3749,3.3235,0.785398163397441);
#80=CONICAL_SURFACE('',#3752,4.,0.78539816339745);
#81=PLANE('',#3400);
#82=PLANE('',#3458);
#83=PLANE('',#3631);
#84=PLANE('',#3661);
#85=PLANE('',#3662);
#86=PLANE('',#3664);
#87=PLANE('',#3665);
#88=PLANE('',#3667);
#89=PLANE('',#3668);
#90=PLANE('',#3670);
#91=PLANE('',#3671);
#92=PLANE('',#3673);
#93=PLANE('',#3674);
#94=PLANE('',#3676);
#95=PLANE('',#3677);
#96=PLANE('',#3679);
#97=PLANE('',#3680);
#98=PLANE('',#3682);
#99=PLANE('',#3683);
#100=PLANE('',#3685);
#101=PLANE('',#3686);
#102=PLANE('',#3688);
#103=PLANE('',#3689);
#104=PLANE('',#3691);
#105=PLANE('',#3692);
#106=PLANE('',#3694);
#107=PLANE('',#3695);
#108=PLANE('',#3697);
#109=PLANE('',#3698);
#110=PLANE('',#3700);
#111=PLANE('',#3701);
#112=PLANE('',#3703);
#113=PLANE('',#3704);
#114=PLANE('',#3706);
#115=PLANE('',#3707);
#116=PLANE('',#3709);
#117=PLANE('',#3710);
#118=PLANE('',#3712);
#119=PLANE('',#3713);
#120=PLANE('',#3715);
#121=PLANE('',#3716);
#122=PLANE('',#3718);
#123=PLANE('',#3719);
#124=PLANE('',#3721);
#125=PLANE('',#3722);
#126=PLANE('',#3724);
#127=PLANE('',#3725);
#128=PLANE('',#3727);
#129=PLANE('',#3728);
#130=PLANE('',#3730);
#131=PLANE('',#3731);
#132=PLANE('',#3733);
#133=PLANE('',#3734);
#134=PLANE('',#3736);
#135=PLANE('',#3737);
#136=PLANE('',#3739);
#137=PLANE('',#3740);
#138=PLANE('',#3741);
#139=PLANE('',#3743);
#140=PLANE('',#3745);
#141=PLANE('',#3747);
#142=PLANE('',#3748);
#143=LINE('',#4639,#265);
#144=LINE('',#4643,#266);
#145=LINE('',#4769,#267);
#146=LINE('',#4774,#268);
#147=LINE('',#4776,#269);
#148=LINE('',#4780,#270);
#149=LINE('',#4783,#271);
#150=LINE('',#4785,#272);
#151=LINE('',#5404,#273);
#152=LINE('',#5408,#274);
#153=LINE('',#5410,#275);
#154=LINE('',#5414,#276);
#155=LINE('',#5416,#277);
#156=LINE('',#5420,#278);
#157=LINE('',#5422,#279);
#158=LINE('',#5426,#280);
#159=LINE('',#5428,#281);
#160=LINE('',#5432,#282);
#161=LINE('',#5434,#283);
#162=LINE('',#5438,#284);
#163=LINE('',#5440,#285);
#164=LINE('',#5444,#286);
#165=LINE('',#5446,#287);
#166=LINE('',#5450,#288);
#167=LINE('',#5452,#289);
#168=LINE('',#5456,#290);
#169=LINE('',#5458,#291);
#170=LINE('',#5462,#292);
#171=LINE('',#5464,#293);
#172=LINE('',#5468,#294);
#173=LINE('',#5470,#295);
#174=LINE('',#5474,#296);
#175=LINE('',#5476,#297);
#176=LINE('',#5480,#298);
#177=LINE('',#5482,#299);
#178=LINE('',#5486,#300);
#179=LINE('',#5488,#301);
#180=LINE('',#5492,#302);
#181=LINE('',#5494,#303);
#182=LINE('',#5498,#304);
#183=LINE('',#5500,#305);
#184=LINE('',#5504,#306);
#185=LINE('',#5506,#307);
#186=LINE('',#5510,#308);
#187=LINE('',#5512,#309);
#188=LINE('',#5516,#310);
#189=LINE('',#5518,#311);
#190=LINE('',#5522,#312);
#191=LINE('',#5524,#313);
#192=LINE('',#5528,#314);
#193=LINE('',#5530,#315);
#194=LINE('',#5534,#316);
#195=LINE('',#5536,#317);
#196=LINE('',#5540,#318);
#197=LINE('',#5542,#319);
#198=LINE('',#5546,#320);
#199=LINE('',#5548,#321);
#200=LINE('',#5552,#322);
#201=LINE('',#5554,#323);
#202=LINE('',#5558,#324);
#203=LINE('',#5560,#325);
#204=LINE('',#5564,#326);
#205=LINE('',#6182,#327);
#206=LINE('',#6183,#328);
#207=LINE('',#6236,#329);
#208=LINE('',#6237,#330);
#209=LINE('',#6241,#331);
#210=LINE('',#6242,#332);
#211=LINE('',#6246,#333);
#212=LINE('',#6247,#334);
#213=LINE('',#6251,#335);
#214=LINE('',#6252,#336);
#215=LINE('',#6256,#337);
#216=LINE('',#6257,#338);
#217=LINE('',#6261,#339);
#218=LINE('',#6262,#340);
#219=LINE('',#6266,#341);
#220=LINE('',#6267,#342);
#221=LINE('',#6271,#343);
#222=LINE('',#6272,#344);
#223=LINE('',#6276,#345);
#224=LINE('',#6277,#346);
#225=LINE('',#6281,#347);
#226=LINE('',#6282,#348);
#227=LINE('',#6286,#349);
#228=LINE('',#6287,#350);
#229=LINE('',#6291,#351);
#230=LINE('',#6292,#352);
#231=LINE('',#6296,#353);
#232=LINE('',#6297,#354);
#233=LINE('',#6301,#355);
#234=LINE('',#6302,#356);
#235=LINE('',#6306,#357);
#236=LINE('',#6307,#358);
#237=LINE('',#6311,#359);
#238=LINE('',#6312,#360);
#239=LINE('',#6316,#361);
#240=LINE('',#6317,#362);
#241=LINE('',#6321,#363);
#242=LINE('',#6322,#364);
#243=LINE('',#6326,#365);
#244=LINE('',#6327,#366);
#245=LINE('',#6331,#367);
#246=LINE('',#6332,#368);
#247=LINE('',#6336,#369);
#248=LINE('',#6337,#370);
#249=LINE('',#6341,#371);
#250=LINE('',#6342,#372);
#251=LINE('',#6346,#373);
#252=LINE('',#6347,#374);
#253=LINE('',#6351,#375);
#254=LINE('',#6352,#376);
#255=LINE('',#6356,#377);
#256=LINE('',#6357,#378);
#257=LINE('',#6361,#379);
#258=LINE('',#6362,#380);
#259=LINE('',#6366,#381);
#260=LINE('',#6367,#382);
#261=LINE('',#6371,#383);
#262=LINE('',#6373,#384);
#263=LINE('',#6379,#385);
#264=LINE('',#6380,#386);
#265=VECTOR('',#3767,1000.);
#266=VECTOR('',#3770,1000.);
#267=VECTOR('',#3885,1000.);
#268=VECTOR('',#3888,1000.);
#269=VECTOR('',#3889,1000.);
#270=VECTOR('',#3894,1000.);
#271=VECTOR('',#3895,1000.);
#272=VECTOR('',#3896,1000.);
#273=VECTOR('',#4015,1000.);
#274=VECTOR('',#4018,1000.);
#275=VECTOR('',#4021,1000.);
#276=VECTOR('',#4024,1000.);
#277=VECTOR('',#4027,1000.);
#278=VECTOR('',#4030,1000.);
#279=VECTOR('',#4033,1000.);
#280=VECTOR('',#4036,1000.);
#281=VECTOR('',#4039,1000.);
#282=VECTOR('',#4042,1000.);
#283=VECTOR('',#4045,1000.);
#284=VECTOR('',#4048,1000.);
#285=VECTOR('',#4051,1000.);
#286=VECTOR('',#4054,1000.);
#287=VECTOR('',#4057,1000.);
#288=VECTOR('',#4060,1000.);
#289=VECTOR('',#4063,1000.);
#290=VECTOR('',#4066,1000.);
#291=VECTOR('',#4069,1000.);
#292=VECTOR('',#4072,1000.);
#293=VECTOR('',#4075,1000.);
#294=VECTOR('',#4078,1000.);
#295=VECTOR('',#4081,1000.);
#296=VECTOR('',#4084,1000.);
#297=VECTOR('',#4087,1000.);
#298=VECTOR('',#4090,1000.);
#299=VECTOR('',#4093,1000.);
#300=VECTOR('',#4096,1000.);
#301=VECTOR('',#4099,1000.);
#302=VECTOR('',#4102,1000.);
#303=VECTOR('',#4105,1000.);
#304=VECTOR('',#4108,1000.);
#305=VECTOR('',#4111,1000.);
#306=VECTOR('',#4114,1000.);
#307=VECTOR('',#4117,1000.);
#308=VECTOR('',#4120,1000.);
#309=VECTOR('',#4123,1000.);
#310=VECTOR('',#4126,1000.);
#311=VECTOR('',#4129,1000.);
#312=VECTOR('',#4132,1000.);
#313=VECTOR('',#4135,1000.);
#314=VECTOR('',#4138,1000.);
#315=VECTOR('',#4141,1000.);
#316=VECTOR('',#4144,1000.);
#317=VECTOR('',#4147,1000.);
#318=VECTOR('',#4150,1000.);
#319=VECTOR('',#4153,1000.);
#320=VECTOR('',#4156,1000.);
#321=VECTOR('',#4159,1000.);
#322=VECTOR('',#4162,1000.);
#323=VECTOR('',#4165,1000.);
#324=VECTOR('',#4168,1000.);
#325=VECTOR('',#4171,1000.);
#326=VECTOR('',#4174,1000.);
#327=VECTOR('',#4289,1000.);
#328=VECTOR('',#4290,1000.);
#329=VECTOR('',#4355,1000.);
#330=VECTOR('',#4356,1000.);
#331=VECTOR('',#4363,1000.);
#332=VECTOR('',#4364,1000.);
#333=VECTOR('',#4371,1000.);
#334=VECTOR('',#4372,1000.);
#335=VECTOR('',#4379,1000.);
#336=VECTOR('',#4380,1000.);
#337=VECTOR('',#4387,1000.);
#338=VECTOR('',#4388,1000.);
#339=VECTOR('',#4395,1000.);
#340=VECTOR('',#4396,1000.);
#341=VECTOR('',#4403,1000.);
#342=VECTOR('',#4404,1000.);
#343=VECTOR('',#4411,1000.);
#344=VECTOR('',#4412,1000.);
#345=VECTOR('',#4419,1000.);
#346=VECTOR('',#4420,1000.);
#347=VECTOR('',#4427,1000.);
#348=VECTOR('',#4428,1000.);
#349=VECTOR('',#4435,1000.);
#350=VECTOR('',#4436,1000.);
#351=VECTOR('',#4443,1000.);
#352=VECTOR('',#4444,1000.);
#353=VECTOR('',#4451,1000.);
#354=VECTOR('',#4452,1000.);
#355=VECTOR('',#4459,1000.);
#356=VECTOR('',#4460,1000.);
#357=VECTOR('',#4467,1000.);
#358=VECTOR('',#4468,1000.);
#359=VECTOR('',#4475,1000.);
#360=VECTOR('',#4476,1000.);
#361=VECTOR('',#4483,1000.);
#362=VECTOR('',#4484,1000.);
#363=VECTOR('',#4491,1000.);
#364=VECTOR('',#4492,1000.);
#365=VECTOR('',#4499,1000.);
#366=VECTOR('',#4500,1000.);
#367=VECTOR('',#4507,1000.);
#368=VECTOR('',#4508,1000.);
#369=VECTOR('',#4515,1000.);
#370=VECTOR('',#4516,1000.);
#371=VECTOR('',#4523,1000.);
#372=VECTOR('',#4524,1000.);
#373=VECTOR('',#4531,1000.);
#374=VECTOR('',#4532,1000.);
#375=VECTOR('',#4539,1000.);
#376=VECTOR('',#4540,1000.);
#377=VECTOR('',#4547,1000.);
#378=VECTOR('',#4548,1000.);
#379=VECTOR('',#4555,1000.);
#380=VECTOR('',#4556,1000.);
#381=VECTOR('',#4563,1000.);
#382=VECTOR('',#4564,1000.);
#383=VECTOR('',#4571,1000.);
#384=VECTOR('',#4574,1000.);
#385=VECTOR('',#4583,1000.);
#386=VECTOR('',#4584,1000.);
#387=CIRCLE('',#3395,41.5);
#388=CIRCLE('',#3396,41.5);
#389=CIRCLE('',#3398,17.5);
#390=CIRCLE('',#3399,17.5);
#391=CIRCLE('',#3401,6.02000000000009);
#392=CIRCLE('',#3402,81.0000000000001);
#393=CIRCLE('',#3403,6.01999999999994);
#394=CIRCLE('',#3404,81.0000000000001);
#395=CIRCLE('',#3405,6.02000000000004);
#396=CIRCLE('',#3406,81.0000000000001);
#397=CIRCLE('',#3407,6.01999999999991);
#398=CIRCLE('',#3408,81.0000000000001);
#399=CIRCLE('',#3409,6.02000000000012);
#400=CIRCLE('',#3410,81.0000000000001);
#401=CIRCLE('',#3411,6.01999999999998);
#402=CIRCLE('',#3412,81.0000000000001);
#403=CIRCLE('',#3413,6.02000000000005);
#404=CIRCLE('',#3414,81.0000000000001);
#405=CIRCLE('',#3415,6.02000000000008);
#406=CIRCLE('',#3416,81.0000000000001);
#407=CIRCLE('',#3417,6.02);
#408=CIRCLE('',#3418,81.0000000000001);
#409=CIRCLE('',#3419,6.01999999999994);
#410=CIRCLE('',#3420,81.0000000000001);
#411=CIRCLE('',#3421,6.02000000000002);
#412=CIRCLE('',#3422,81.0000000000001);
#413=CIRCLE('',#3423,6.01999999999997);
#414=CIRCLE('',#3424,81.0000000000001);
#415=CIRCLE('',#3425,6.02000000000002);
#416=CIRCLE('',#3426,81.0000000000001);
#417=CIRCLE('',#3427,6.01999999999998);
#418=CIRCLE('',#3428,81.0000000000001);
#419=CIRCLE('',#3429,6.02000000000004);
#420=CIRCLE('',#3430,81.0000000000001);
#421=CIRCLE('',#3431,6.02000000000012);
#422=CIRCLE('',#3432,81.0000000000001);
#423=CIRCLE('',#3433,6.02000000000001);
#424=CIRCLE('',#3434,81.0000000000001);
#425=CIRCLE('',#3435,6.0199999999999);
#426=CIRCLE('',#3436,81.0000000000001);
#427=CIRCLE('',#3437,6.02000000000011);
#428=CIRCLE('',#3438,81.0000000000001);
#429=CIRCLE('',#3439,6.01999999999997);
#430=CIRCLE('',#3440,81.0000000000001);
#431=CIRCLE('',#3441,6.01999999999997);
#432=CIRCLE('',#3442,81.0000000000001);
#433=CIRCLE('',#3443,6.02000000000008);
#434=CIRCLE('',#3444,81.0000000000001);
#435=CIRCLE('',#3445,6.02000000000004);
#436=CIRCLE('',#3446,81.0000000000001);
#437=CIRCLE('',#3447,6.02000000000003);
#438=CIRCLE('',#3448,81.0000000000001);
#439=CIRCLE('',#3449,6.02000000000002);
#440=CIRCLE('',#3450,81.0000000000001);
#441=CIRCLE('',#3451,6.01999999999997);
#442=CIRCLE('',#3452,81.0000000000001);
#443=CIRCLE('',#3453,6.01999999999995);
#444=CIRCLE('',#3454,81.0000000000001);
#445=CIRCLE('',#3455,6.01999999999997);
#446=CIRCLE('',#3456,81.0000000000001);
#447=CIRCLE('',#3457,18.1);
#448=CIRCLE('',#3459,40.7);
#449=CIRCLE('',#3460,18.1);
#450=CIRCLE('',#3464,90.);
#451=CIRCLE('',#3466,90.);
#452=CIRCLE('',#3468,90.);
#453=CIRCLE('',#3470,90.);
#454=CIRCLE('',#3472,90.);
#455=CIRCLE('',#3474,90.);
#456=CIRCLE('',#3476,90.);
#457=CIRCLE('',#3478,90.);
#458=CIRCLE('',#3480,90.);
#459=CIRCLE('',#3482,90.);
#460=CIRCLE('',#3484,90.);
#461=CIRCLE('',#3486,90.);
#462=CIRCLE('',#3488,90.);
#463=CIRCLE('',#3490,90.);
#464=CIRCLE('',#3492,90.);
#465=CIRCLE('',#3494,90.);
#466=CIRCLE('',#3496,90.);
#467=CIRCLE('',#3498,90.);
#468=CIRCLE('',#3500,90.);
#469=CIRCLE('',#3502,90.);
#470=CIRCLE('',#3504,90.);
#471=CIRCLE('',#3506,90.);
#472=CIRCLE('',#3508,90.);
#473=CIRCLE('',#3510,90.);
#474=CIRCLE('',#3512,90.);
#475=CIRCLE('',#3514,90.);
#476=CIRCLE('',#3516,90.);
#477=CIRCLE('',#3518,90.);
#478=CIRCLE('',#3519,90.);
#479=CIRCLE('',#3521,90.);
#480=CIRCLE('',#3523,90.);
#481=CIRCLE('',#3525,90.);
#482=CIRCLE('',#3527,90.);
#483=CIRCLE('',#3529,90.);
#484=CIRCLE('',#3531,90.);
#485=CIRCLE('',#3533,90.);
#486=CIRCLE('',#3535,90.);
#487=CIRCLE('',#3537,90.);
#488=CIRCLE('',#3539,90.);
#489=CIRCLE('',#3541,90.);
#490=CIRCLE('',#3543,90.);
#491=CIRCLE('',#3545,90.);
#492=CIRCLE('',#3547,90.);
#493=CIRCLE('',#3549,90.);
#494=CIRCLE('',#3551,90.);
#495=CIRCLE('',#3553,90.);
#496=CIRCLE('',#3555,90.);
#497=CIRCLE('',#3557,90.);
#498=CIRCLE('',#3559,90.);
#499=CIRCLE('',#3561,90.);
#500=CIRCLE('',#3563,90.);
#501=CIRCLE('',#3565,90.);
#502=CIRCLE('',#3567,90.);
#503=CIRCLE('',#3569,90.);
#504=CIRCLE('',#3571,90.);
#505=CIRCLE('',#3573,81.0000000000003);
#506=CIRCLE('',#3575,81.0000000000003);
#507=CIRCLE('',#3577,81.0000000000003);
#508=CIRCLE('',#3579,81.0000000000003);
#509=CIRCLE('',#3581,81.0000000000003);
#510=CIRCLE('',#3583,81.0000000000003);
#511=CIRCLE('',#3585,81.0000000000003);
#512=CIRCLE('',#3587,81.0000000000003);
#513=CIRCLE('',#3589,81.0000000000003);
#514=CIRCLE('',#3591,81.0000000000003);
#515=CIRCLE('',#3593,81.0000000000003);
#516=CIRCLE('',#3595,81.0000000000003);
#517=CIRCLE('',#3597,81.0000000000003);
#518=CIRCLE('',#3599,81.0000000000003);
#519=CIRCLE('',#3601,81.0000000000003);
#520=CIRCLE('',#3603,81.0000000000003);
#521=CIRCLE('',#3605,81.0000000000003);
#522=CIRCLE('',#3607,81.0000000000003);
#523=CIRCLE('',#3609,81.0000000000003);
#524=CIRCLE('',#3611,81.0000000000003);
#525=CIRCLE('',#3613,81.0000000000003);
#526=CIRCLE('',#3615,81.0000000000003);
#527=CIRCLE('',#3617,81.0000000000003);
#528=CIRCLE('',#3619,81.0000000000003);
#529=CIRCLE('',#3621,81.0000000000003);
#530=CIRCLE('',#3623,81.0000000000003);
#531=CIRCLE('',#3625,81.0000000000003);
#532=CIRCLE('',#3626,90.);
#533=CIRCLE('',#3630,81.0000000000003);
#534=CIRCLE('',#3632,6.02000000000009);
#535=CIRCLE('',#3633,6.01999999999997);
#536=CIRCLE('',#3634,6.01999999999995);
#537=CIRCLE('',#3635,6.01999999999997);
#538=CIRCLE('',#3636,6.02000000000002);
#539=CIRCLE('',#3637,6.02000000000003);
#540=CIRCLE('',#3638,6.02000000000004);
#541=CIRCLE('',#3639,6.02000000000008);
#542=CIRCLE('',#3640,6.01999999999997);
#543=CIRCLE('',#3641,6.01999999999997);
#544=CIRCLE('',#3642,6.02000000000011);
#545=CIRCLE('',#3643,6.0199999999999);
#546=CIRCLE('',#3644,6.02000000000001);
#547=CIRCLE('',#3645,6.02000000000012);
#548=CIRCLE('',#3646,6.02000000000004);
#549=CIRCLE('',#3647,6.01999999999998);
#550=CIRCLE('',#3648,6.02000000000002);
#551=CIRCLE('',#3649,6.01999999999997);
#552=CIRCLE('',#3650,6.02000000000002);
#553=CIRCLE('',#3651,6.01999999999994);
#554=CIRCLE('',#3652,6.02);
#555=CIRCLE('',#3653,6.02000000000008);
#556=CIRCLE('',#3654,6.02000000000005);
#557=CIRCLE('',#3655,6.01999999999998);
#558=CIRCLE('',#3656,6.02000000000012);
#559=CIRCLE('',#3657,6.01999999999991);
#560=CIRCLE('',#3658,6.02000000000004);
#561=CIRCLE('',#3659,6.01999999999994);
#562=CIRCLE('',#3746,3.3235);
#563=CIRCLE('',#3750,3.3235);
#564=CIRCLE('',#3753,3.32349999999999);
#565=ORIENTED_EDGE('',*,*,#1627,.F.);
#566=ORIENTED_EDGE('',*,*,#1628,.T.);
#567=ORIENTED_EDGE('',*,*,#1629,.T.);
#568=ORIENTED_EDGE('',*,*,#1630,.F.);
#569=ORIENTED_EDGE('',*,*,#1631,.T.);
#570=ORIENTED_EDGE('',*,*,#1632,.T.);
#571=ORIENTED_EDGE('',*,*,#1633,.F.);
#572=ORIENTED_EDGE('',*,*,#1634,.T.);
#573=ORIENTED_EDGE('',*,*,#1635,.T.);
#574=ORIENTED_EDGE('',*,*,#1636,.F.);
#575=ORIENTED_EDGE('',*,*,#1637,.F.);
#576=ORIENTED_EDGE('',*,*,#1638,.F.);
#577=ORIENTED_EDGE('',*,*,#1639,.F.);
#578=ORIENTED_EDGE('',*,*,#1640,.F.);
#579=ORIENTED_EDGE('',*,*,#1641,.F.);
#580=ORIENTED_EDGE('',*,*,#1642,.F.);
#581=ORIENTED_EDGE('',*,*,#1643,.F.);
#582=ORIENTED_EDGE('',*,*,#1644,.F.);
#583=ORIENTED_EDGE('',*,*,#1645,.F.);
#584=ORIENTED_EDGE('',*,*,#1646,.F.);
#585=ORIENTED_EDGE('',*,*,#1647,.F.);
#586=ORIENTED_EDGE('',*,*,#1648,.F.);
#587=ORIENTED_EDGE('',*,*,#1649,.F.);
#588=ORIENTED_EDGE('',*,*,#1650,.F.);
#589=ORIENTED_EDGE('',*,*,#1651,.F.);
#590=ORIENTED_EDGE('',*,*,#1652,.F.);
#591=ORIENTED_EDGE('',*,*,#1653,.F.);
#592=ORIENTED_EDGE('',*,*,#1654,.F.);
#593=ORIENTED_EDGE('',*,*,#1655,.F.);
#594=ORIENTED_EDGE('',*,*,#1656,.F.);
#595=ORIENTED_EDGE('',*,*,#1657,.F.);
#596=ORIENTED_EDGE('',*,*,#1658,.F.);
#597=ORIENTED_EDGE('',*,*,#1659,.F.);
#598=ORIENTED_EDGE('',*,*,#1660,.F.);
#599=ORIENTED_EDGE('',*,*,#1661,.F.);
#600=ORIENTED_EDGE('',*,*,#1662,.F.);
#601=ORIENTED_EDGE('',*,*,#1663,.F.);
#602=ORIENTED_EDGE('',*,*,#1664,.F.);
#603=ORIENTED_EDGE('',*,*,#1665,.F.);
#604=ORIENTED_EDGE('',*,*,#1666,.F.);
#605=ORIENTED_EDGE('',*,*,#1667,.F.);
#606=ORIENTED_EDGE('',*,*,#1668,.F.);
#607=ORIENTED_EDGE('',*,*,#1669,.F.);
#608=ORIENTED_EDGE('',*,*,#1670,.F.);
#609=ORIENTED_EDGE('',*,*,#1671,.F.);
#610=ORIENTED_EDGE('',*,*,#1672,.F.);
#611=ORIENTED_EDGE('',*,*,#1673,.F.);
#612=ORIENTED_EDGE('',*,*,#1674,.F.);
#613=ORIENTED_EDGE('',*,*,#1675,.F.);
#614=ORIENTED_EDGE('',*,*,#1676,.F.);
#615=ORIENTED_EDGE('',*,*,#1677,.F.);
#616=ORIENTED_EDGE('',*,*,#1678,.F.);
#617=ORIENTED_EDGE('',*,*,#1679,.F.);
#618=ORIENTED_EDGE('',*,*,#1680,.F.);
#619=ORIENTED_EDGE('',*,*,#1681,.F.);
#620=ORIENTED_EDGE('',*,*,#1682,.F.);
#621=ORIENTED_EDGE('',*,*,#1683,.F.);
#622=ORIENTED_EDGE('',*,*,#1684,.F.);
#623=ORIENTED_EDGE('',*,*,#1685,.F.);
#624=ORIENTED_EDGE('',*,*,#1686,.F.);
#625=ORIENTED_EDGE('',*,*,#1687,.F.);
#626=ORIENTED_EDGE('',*,*,#1688,.F.);
#627=ORIENTED_EDGE('',*,*,#1689,.F.);
#628=ORIENTED_EDGE('',*,*,#1690,.F.);
#629=ORIENTED_EDGE('',*,*,#1691,.F.);
#630=ORIENTED_EDGE('',*,*,#1692,.T.);
#631=ORIENTED_EDGE('',*,*,#1693,.F.);
#632=ORIENTED_EDGE('',*,*,#1694,.T.);
#633=ORIENTED_EDGE('',*,*,#1695,.T.);
#634=ORIENTED_EDGE('',*,*,#1696,.F.);
#635=ORIENTED_EDGE('',*,*,#1697,.F.);
#636=ORIENTED_EDGE('',*,*,#1698,.F.);
#637=ORIENTED_EDGE('',*,*,#1699,.F.);
#638=ORIENTED_EDGE('',*,*,#1700,.T.);
#639=ORIENTED_EDGE('',*,*,#1633,.T.);
#640=ORIENTED_EDGE('',*,*,#1701,.T.);
#641=ORIENTED_EDGE('',*,*,#1700,.F.);
#642=ORIENTED_EDGE('',*,*,#1702,.T.);
#643=ORIENTED_EDGE('',*,*,#1693,.T.);
#644=ORIENTED_EDGE('',*,*,#1703,.T.);
#645=ORIENTED_EDGE('',*,*,#1631,.F.);
#646=ORIENTED_EDGE('',*,*,#1704,.T.);
#647=ORIENTED_EDGE('',*,*,#1637,.T.);
#648=ORIENTED_EDGE('',*,*,#1705,.T.);
#649=ORIENTED_EDGE('',*,*,#1706,.F.);
#650=ORIENTED_EDGE('',*,*,#1707,.F.);
#651=ORIENTED_EDGE('',*,*,#1708,.F.);
#652=ORIENTED_EDGE('',*,*,#1709,.T.);
#653=ORIENTED_EDGE('',*,*,#1639,.T.);
#654=ORIENTED_EDGE('',*,*,#1710,.T.);
#655=ORIENTED_EDGE('',*,*,#1711,.F.);
#656=ORIENTED_EDGE('',*,*,#1712,.F.);
#657=ORIENTED_EDGE('',*,*,#1713,.F.);
#658=ORIENTED_EDGE('',*,*,#1714,.T.);
#659=ORIENTED_EDGE('',*,*,#1641,.T.);
#660=ORIENTED_EDGE('',*,*,#1715,.T.);
#661=ORIENTED_EDGE('',*,*,#1716,.F.);
#662=ORIENTED_EDGE('',*,*,#1717,.F.);
#663=ORIENTED_EDGE('',*,*,#1718,.F.);
#664=ORIENTED_EDGE('',*,*,#1719,.T.);
#665=ORIENTED_EDGE('',*,*,#1643,.T.);
#666=ORIENTED_EDGE('',*,*,#1720,.T.);
#667=ORIENTED_EDGE('',*,*,#1721,.F.);
#668=ORIENTED_EDGE('',*,*,#1722,.F.);
#669=ORIENTED_EDGE('',*,*,#1723,.F.);
#670=ORIENTED_EDGE('',*,*,#1724,.T.);
#671=ORIENTED_EDGE('',*,*,#1645,.T.);
#672=ORIENTED_EDGE('',*,*,#1725,.T.);
#673=ORIENTED_EDGE('',*,*,#1726,.F.);
#674=ORIENTED_EDGE('',*,*,#1727,.F.);
#675=ORIENTED_EDGE('',*,*,#1728,.F.);
#676=ORIENTED_EDGE('',*,*,#1729,.T.);
#677=ORIENTED_EDGE('',*,*,#1647,.T.);
#678=ORIENTED_EDGE('',*,*,#1730,.T.);
#679=ORIENTED_EDGE('',*,*,#1731,.F.);
#680=ORIENTED_EDGE('',*,*,#1732,.F.);
#681=ORIENTED_EDGE('',*,*,#1733,.F.);
#682=ORIENTED_EDGE('',*,*,#1734,.T.);
#683=ORIENTED_EDGE('',*,*,#1649,.T.);
#684=ORIENTED_EDGE('',*,*,#1735,.T.);
#685=ORIENTED_EDGE('',*,*,#1736,.F.);
#686=ORIENTED_EDGE('',*,*,#1737,.F.);
#687=ORIENTED_EDGE('',*,*,#1738,.F.);
#688=ORIENTED_EDGE('',*,*,#1739,.T.);
#689=ORIENTED_EDGE('',*,*,#1651,.T.);
#690=ORIENTED_EDGE('',*,*,#1740,.T.);
#691=ORIENTED_EDGE('',*,*,#1741,.F.);
#692=ORIENTED_EDGE('',*,*,#1742,.F.);
#693=ORIENTED_EDGE('',*,*,#1743,.F.);
#694=ORIENTED_EDGE('',*,*,#1744,.T.);
#695=ORIENTED_EDGE('',*,*,#1653,.T.);
#696=ORIENTED_EDGE('',*,*,#1745,.T.);
#697=ORIENTED_EDGE('',*,*,#1746,.F.);
#698=ORIENTED_EDGE('',*,*,#1747,.F.);
#699=ORIENTED_EDGE('',*,*,#1748,.F.);
#700=ORIENTED_EDGE('',*,*,#1749,.T.);
#701=ORIENTED_EDGE('',*,*,#1655,.T.);
#702=ORIENTED_EDGE('',*,*,#1750,.T.);
#703=ORIENTED_EDGE('',*,*,#1751,.F.);
#704=ORIENTED_EDGE('',*,*,#1752,.F.);
#705=ORIENTED_EDGE('',*,*,#1753,.F.);
#706=ORIENTED_EDGE('',*,*,#1754,.T.);
#707=ORIENTED_EDGE('',*,*,#1657,.T.);
#708=ORIENTED_EDGE('',*,*,#1755,.T.);
#709=ORIENTED_EDGE('',*,*,#1756,.F.);
#710=ORIENTED_EDGE('',*,*,#1757,.F.);
#711=ORIENTED_EDGE('',*,*,#1758,.F.);
#712=ORIENTED_EDGE('',*,*,#1759,.T.);
#713=ORIENTED_EDGE('',*,*,#1659,.T.);
#714=ORIENTED_EDGE('',*,*,#1760,.T.);
#715=ORIENTED_EDGE('',*,*,#1761,.F.);
#716=ORIENTED_EDGE('',*,*,#1762,.F.);
#717=ORIENTED_EDGE('',*,*,#1763,.F.);
#718=ORIENTED_EDGE('',*,*,#1764,.T.);
#719=ORIENTED_EDGE('',*,*,#1661,.T.);
#720=ORIENTED_EDGE('',*,*,#1765,.T.);
#721=ORIENTED_EDGE('',*,*,#1766,.F.);
#722=ORIENTED_EDGE('',*,*,#1767,.F.);
#723=ORIENTED_EDGE('',*,*,#1768,.F.);
#724=ORIENTED_EDGE('',*,*,#1769,.T.);
#725=ORIENTED_EDGE('',*,*,#1663,.T.);
#726=ORIENTED_EDGE('',*,*,#1770,.T.);
#727=ORIENTED_EDGE('',*,*,#1771,.F.);
#728=ORIENTED_EDGE('',*,*,#1772,.F.);
#729=ORIENTED_EDGE('',*,*,#1773,.F.);
#730=ORIENTED_EDGE('',*,*,#1774,.T.);
#731=ORIENTED_EDGE('',*,*,#1665,.T.);
#732=ORIENTED_EDGE('',*,*,#1775,.T.);
#733=ORIENTED_EDGE('',*,*,#1776,.F.);
#734=ORIENTED_EDGE('',*,*,#1777,.F.);
#735=ORIENTED_EDGE('',*,*,#1778,.F.);
#736=ORIENTED_EDGE('',*,*,#1779,.T.);
#737=ORIENTED_EDGE('',*,*,#1667,.T.);
#738=ORIENTED_EDGE('',*,*,#1780,.T.);
#739=ORIENTED_EDGE('',*,*,#1781,.F.);
#740=ORIENTED_EDGE('',*,*,#1782,.F.);
#741=ORIENTED_EDGE('',*,*,#1783,.F.);
#742=ORIENTED_EDGE('',*,*,#1784,.T.);
#743=ORIENTED_EDGE('',*,*,#1669,.T.);
#744=ORIENTED_EDGE('',*,*,#1785,.T.);
#745=ORIENTED_EDGE('',*,*,#1786,.F.);
#746=ORIENTED_EDGE('',*,*,#1787,.F.);
#747=ORIENTED_EDGE('',*,*,#1788,.F.);
#748=ORIENTED_EDGE('',*,*,#1789,.T.);
#749=ORIENTED_EDGE('',*,*,#1671,.T.);
#750=ORIENTED_EDGE('',*,*,#1790,.T.);
#751=ORIENTED_EDGE('',*,*,#1791,.F.);
#752=ORIENTED_EDGE('',*,*,#1792,.F.);
#753=ORIENTED_EDGE('',*,*,#1793,.F.);
#754=ORIENTED_EDGE('',*,*,#1794,.T.);
#755=ORIENTED_EDGE('',*,*,#1673,.T.);
#756=ORIENTED_EDGE('',*,*,#1795,.T.);
#757=ORIENTED_EDGE('',*,*,#1796,.F.);
#758=ORIENTED_EDGE('',*,*,#1797,.F.);
#759=ORIENTED_EDGE('',*,*,#1798,.F.);
#760=ORIENTED_EDGE('',*,*,#1799,.T.);
#761=ORIENTED_EDGE('',*,*,#1675,.T.);
#762=ORIENTED_EDGE('',*,*,#1800,.T.);
#763=ORIENTED_EDGE('',*,*,#1801,.F.);
#764=ORIENTED_EDGE('',*,*,#1802,.F.);
#765=ORIENTED_EDGE('',*,*,#1803,.F.);
#766=ORIENTED_EDGE('',*,*,#1804,.T.);
#767=ORIENTED_EDGE('',*,*,#1677,.T.);
#768=ORIENTED_EDGE('',*,*,#1805,.T.);
#769=ORIENTED_EDGE('',*,*,#1806,.F.);
#770=ORIENTED_EDGE('',*,*,#1807,.F.);
#771=ORIENTED_EDGE('',*,*,#1808,.F.);
#772=ORIENTED_EDGE('',*,*,#1809,.T.);
#773=ORIENTED_EDGE('',*,*,#1679,.T.);
#774=ORIENTED_EDGE('',*,*,#1810,.T.);
#775=ORIENTED_EDGE('',*,*,#1811,.F.);
#776=ORIENTED_EDGE('',*,*,#1812,.F.);
#777=ORIENTED_EDGE('',*,*,#1813,.F.);
#778=ORIENTED_EDGE('',*,*,#1814,.T.);
#779=ORIENTED_EDGE('',*,*,#1681,.T.);
#780=ORIENTED_EDGE('',*,*,#1815,.T.);
#781=ORIENTED_EDGE('',*,*,#1816,.F.);
#782=ORIENTED_EDGE('',*,*,#1817,.F.);
#783=ORIENTED_EDGE('',*,*,#1818,.F.);
#784=ORIENTED_EDGE('',*,*,#1819,.T.);
#785=ORIENTED_EDGE('',*,*,#1683,.T.);
#786=ORIENTED_EDGE('',*,*,#1820,.T.);
#787=ORIENTED_EDGE('',*,*,#1821,.F.);
#788=ORIENTED_EDGE('',*,*,#1822,.F.);
#789=ORIENTED_EDGE('',*,*,#1823,.F.);
#790=ORIENTED_EDGE('',*,*,#1824,.T.);
#791=ORIENTED_EDGE('',*,*,#1685,.T.);
#792=ORIENTED_EDGE('',*,*,#1825,.T.);
#793=ORIENTED_EDGE('',*,*,#1826,.F.);
#794=ORIENTED_EDGE('',*,*,#1827,.F.);
#795=ORIENTED_EDGE('',*,*,#1828,.F.);
#796=ORIENTED_EDGE('',*,*,#1829,.T.);
#797=ORIENTED_EDGE('',*,*,#1687,.T.);
#798=ORIENTED_EDGE('',*,*,#1830,.T.);
#799=ORIENTED_EDGE('',*,*,#1831,.F.);
#800=ORIENTED_EDGE('',*,*,#1832,.F.);
#801=ORIENTED_EDGE('',*,*,#1833,.F.);
#802=ORIENTED_EDGE('',*,*,#1834,.T.);
#803=ORIENTED_EDGE('',*,*,#1689,.T.);
#804=ORIENTED_EDGE('',*,*,#1835,.T.);
#805=ORIENTED_EDGE('',*,*,#1836,.F.);
#806=ORIENTED_EDGE('',*,*,#1837,.F.);
#807=ORIENTED_EDGE('',*,*,#1838,.F.);
#808=ORIENTED_EDGE('',*,*,#1839,.T.);
#809=ORIENTED_EDGE('',*,*,#1840,.F.);
#810=ORIENTED_EDGE('',*,*,#1841,.T.);
#811=ORIENTED_EDGE('',*,*,#1842,.T.);
#812=ORIENTED_EDGE('',*,*,#1843,.T.);
#813=ORIENTED_EDGE('',*,*,#1707,.T.);
#814=ORIENTED_EDGE('',*,*,#1844,.T.);
#815=ORIENTED_EDGE('',*,*,#1845,.F.);
#816=ORIENTED_EDGE('',*,*,#1846,.T.);
#817=ORIENTED_EDGE('',*,*,#1712,.T.);
#818=ORIENTED_EDGE('',*,*,#1847,.T.);
#819=ORIENTED_EDGE('',*,*,#1848,.F.);
#820=ORIENTED_EDGE('',*,*,#1849,.T.);
#821=ORIENTED_EDGE('',*,*,#1717,.T.);
#822=ORIENTED_EDGE('',*,*,#1850,.T.);
#823=ORIENTED_EDGE('',*,*,#1851,.F.);
#824=ORIENTED_EDGE('',*,*,#1852,.T.);
#825=ORIENTED_EDGE('',*,*,#1722,.T.);
#826=ORIENTED_EDGE('',*,*,#1853,.T.);
#827=ORIENTED_EDGE('',*,*,#1854,.F.);
#828=ORIENTED_EDGE('',*,*,#1855,.T.);
#829=ORIENTED_EDGE('',*,*,#1727,.T.);
#830=ORIENTED_EDGE('',*,*,#1856,.T.);
#831=ORIENTED_EDGE('',*,*,#1857,.F.);
#832=ORIENTED_EDGE('',*,*,#1858,.T.);
#833=ORIENTED_EDGE('',*,*,#1732,.T.);
#834=ORIENTED_EDGE('',*,*,#1859,.T.);
#835=ORIENTED_EDGE('',*,*,#1860,.F.);
#836=ORIENTED_EDGE('',*,*,#1861,.T.);
#837=ORIENTED_EDGE('',*,*,#1737,.T.);
#838=ORIENTED_EDGE('',*,*,#1862,.T.);
#839=ORIENTED_EDGE('',*,*,#1863,.F.);
#840=ORIENTED_EDGE('',*,*,#1864,.T.);
#841=ORIENTED_EDGE('',*,*,#1742,.T.);
#842=ORIENTED_EDGE('',*,*,#1865,.T.);
#843=ORIENTED_EDGE('',*,*,#1866,.F.);
#844=ORIENTED_EDGE('',*,*,#1867,.T.);
#845=ORIENTED_EDGE('',*,*,#1747,.T.);
#846=ORIENTED_EDGE('',*,*,#1868,.T.);
#847=ORIENTED_EDGE('',*,*,#1869,.F.);
#848=ORIENTED_EDGE('',*,*,#1870,.T.);
#849=ORIENTED_EDGE('',*,*,#1752,.T.);
#850=ORIENTED_EDGE('',*,*,#1871,.T.);
#851=ORIENTED_EDGE('',*,*,#1872,.F.);
#852=ORIENTED_EDGE('',*,*,#1873,.T.);
#853=ORIENTED_EDGE('',*,*,#1757,.T.);
#854=ORIENTED_EDGE('',*,*,#1874,.T.);
#855=ORIENTED_EDGE('',*,*,#1875,.F.);
#856=ORIENTED_EDGE('',*,*,#1876,.T.);
#857=ORIENTED_EDGE('',*,*,#1762,.T.);
#858=ORIENTED_EDGE('',*,*,#1877,.T.);
#859=ORIENTED_EDGE('',*,*,#1878,.F.);
#860=ORIENTED_EDGE('',*,*,#1879,.T.);
#861=ORIENTED_EDGE('',*,*,#1767,.T.);
#862=ORIENTED_EDGE('',*,*,#1880,.T.);
#863=ORIENTED_EDGE('',*,*,#1881,.F.);
#864=ORIENTED_EDGE('',*,*,#1882,.T.);
#865=ORIENTED_EDGE('',*,*,#1772,.T.);
#866=ORIENTED_EDGE('',*,*,#1883,.T.);
#867=ORIENTED_EDGE('',*,*,#1884,.F.);
#868=ORIENTED_EDGE('',*,*,#1885,.T.);
#869=ORIENTED_EDGE('',*,*,#1777,.T.);
#870=ORIENTED_EDGE('',*,*,#1886,.T.);
#871=ORIENTED_EDGE('',*,*,#1887,.F.);
#872=ORIENTED_EDGE('',*,*,#1888,.T.);
#873=ORIENTED_EDGE('',*,*,#1782,.T.);
#874=ORIENTED_EDGE('',*,*,#1889,.T.);
#875=ORIENTED_EDGE('',*,*,#1890,.F.);
#876=ORIENTED_EDGE('',*,*,#1891,.T.);
#877=ORIENTED_EDGE('',*,*,#1787,.T.);
#878=ORIENTED_EDGE('',*,*,#1892,.T.);
#879=ORIENTED_EDGE('',*,*,#1893,.F.);
#880=ORIENTED_EDGE('',*,*,#1894,.T.);
#881=ORIENTED_EDGE('',*,*,#1792,.T.);
#882=ORIENTED_EDGE('',*,*,#1895,.T.);
#883=ORIENTED_EDGE('',*,*,#1896,.F.);
#884=ORIENTED_EDGE('',*,*,#1897,.T.);
#885=ORIENTED_EDGE('',*,*,#1797,.T.);
#886=ORIENTED_EDGE('',*,*,#1898,.T.);
#887=ORIENTED_EDGE('',*,*,#1899,.F.);
#888=ORIENTED_EDGE('',*,*,#1900,.T.);
#889=ORIENTED_EDGE('',*,*,#1802,.T.);
#890=ORIENTED_EDGE('',*,*,#1901,.T.);
#891=ORIENTED_EDGE('',*,*,#1902,.F.);
#892=ORIENTED_EDGE('',*,*,#1903,.T.);
#893=ORIENTED_EDGE('',*,*,#1807,.T.);
#894=ORIENTED_EDGE('',*,*,#1904,.T.);
#895=ORIENTED_EDGE('',*,*,#1905,.F.);
#896=ORIENTED_EDGE('',*,*,#1906,.T.);
#897=ORIENTED_EDGE('',*,*,#1812,.T.);
#898=ORIENTED_EDGE('',*,*,#1907,.T.);
#899=ORIENTED_EDGE('',*,*,#1908,.F.);
#900=ORIENTED_EDGE('',*,*,#1909,.T.);
#901=ORIENTED_EDGE('',*,*,#1817,.T.);
#902=ORIENTED_EDGE('',*,*,#1910,.T.);
#903=ORIENTED_EDGE('',*,*,#1911,.F.);
#904=ORIENTED_EDGE('',*,*,#1912,.T.);
#905=ORIENTED_EDGE('',*,*,#1822,.T.);
#906=ORIENTED_EDGE('',*,*,#1913,.T.);
#907=ORIENTED_EDGE('',*,*,#1914,.F.);
#908=ORIENTED_EDGE('',*,*,#1915,.T.);
#909=ORIENTED_EDGE('',*,*,#1827,.T.);
#910=ORIENTED_EDGE('',*,*,#1916,.T.);
#911=ORIENTED_EDGE('',*,*,#1917,.F.);
#912=ORIENTED_EDGE('',*,*,#1918,.T.);
#913=ORIENTED_EDGE('',*,*,#1832,.T.);
#914=ORIENTED_EDGE('',*,*,#1919,.T.);
#915=ORIENTED_EDGE('',*,*,#1920,.F.);
#916=ORIENTED_EDGE('',*,*,#1921,.T.);
#917=ORIENTED_EDGE('',*,*,#1922,.F.);
#918=ORIENTED_EDGE('',*,*,#1923,.T.);
#919=ORIENTED_EDGE('',*,*,#1924,.F.);
#920=ORIENTED_EDGE('',*,*,#1925,.T.);
#921=ORIENTED_EDGE('',*,*,#1926,.F.);
#922=ORIENTED_EDGE('',*,*,#1845,.T.);
#923=ORIENTED_EDGE('',*,*,#1927,.F.);
#924=ORIENTED_EDGE('',*,*,#1928,.T.);
#925=ORIENTED_EDGE('',*,*,#1929,.F.);
#926=ORIENTED_EDGE('',*,*,#1930,.T.);
#927=ORIENTED_EDGE('',*,*,#1931,.F.);
#928=ORIENTED_EDGE('',*,*,#1848,.T.);
#929=ORIENTED_EDGE('',*,*,#1932,.F.);
#930=ORIENTED_EDGE('',*,*,#1933,.T.);
#931=ORIENTED_EDGE('',*,*,#1934,.F.);
#932=ORIENTED_EDGE('',*,*,#1935,.T.);
#933=ORIENTED_EDGE('',*,*,#1936,.F.);
#934=ORIENTED_EDGE('',*,*,#1851,.T.);
#935=ORIENTED_EDGE('',*,*,#1937,.F.);
#936=ORIENTED_EDGE('',*,*,#1938,.T.);
#937=ORIENTED_EDGE('',*,*,#1939,.F.);
#938=ORIENTED_EDGE('',*,*,#1940,.T.);
#939=ORIENTED_EDGE('',*,*,#1941,.F.);
#940=ORIENTED_EDGE('',*,*,#1854,.T.);
#941=ORIENTED_EDGE('',*,*,#1942,.F.);
#942=ORIENTED_EDGE('',*,*,#1943,.T.);
#943=ORIENTED_EDGE('',*,*,#1944,.F.);
#944=ORIENTED_EDGE('',*,*,#1945,.T.);
#945=ORIENTED_EDGE('',*,*,#1946,.F.);
#946=ORIENTED_EDGE('',*,*,#1857,.T.);
#947=ORIENTED_EDGE('',*,*,#1947,.F.);
#948=ORIENTED_EDGE('',*,*,#1948,.T.);
#949=ORIENTED_EDGE('',*,*,#1949,.F.);
#950=ORIENTED_EDGE('',*,*,#1950,.T.);
#951=ORIENTED_EDGE('',*,*,#1951,.F.);
#952=ORIENTED_EDGE('',*,*,#1860,.T.);
#953=ORIENTED_EDGE('',*,*,#1952,.F.);
#954=ORIENTED_EDGE('',*,*,#1953,.T.);
#955=ORIENTED_EDGE('',*,*,#1954,.F.);
#956=ORIENTED_EDGE('',*,*,#1955,.T.);
#957=ORIENTED_EDGE('',*,*,#1956,.F.);
#958=ORIENTED_EDGE('',*,*,#1863,.T.);
#959=ORIENTED_EDGE('',*,*,#1957,.F.);
#960=ORIENTED_EDGE('',*,*,#1958,.T.);
#961=ORIENTED_EDGE('',*,*,#1959,.F.);
#962=ORIENTED_EDGE('',*,*,#1960,.T.);
#963=ORIENTED_EDGE('',*,*,#1961,.F.);
#964=ORIENTED_EDGE('',*,*,#1866,.T.);
#965=ORIENTED_EDGE('',*,*,#1962,.F.);
#966=ORIENTED_EDGE('',*,*,#1963,.T.);
#967=ORIENTED_EDGE('',*,*,#1964,.F.);
#968=ORIENTED_EDGE('',*,*,#1965,.T.);
#969=ORIENTED_EDGE('',*,*,#1966,.F.);
#970=ORIENTED_EDGE('',*,*,#1869,.T.);
#971=ORIENTED_EDGE('',*,*,#1967,.F.);
#972=ORIENTED_EDGE('',*,*,#1968,.T.);
#973=ORIENTED_EDGE('',*,*,#1969,.F.);
#974=ORIENTED_EDGE('',*,*,#1970,.T.);
#975=ORIENTED_EDGE('',*,*,#1971,.F.);
#976=ORIENTED_EDGE('',*,*,#1872,.T.);
#977=ORIENTED_EDGE('',*,*,#1972,.F.);
#978=ORIENTED_EDGE('',*,*,#1973,.T.);
#979=ORIENTED_EDGE('',*,*,#1974,.F.);
#980=ORIENTED_EDGE('',*,*,#1975,.T.);
#981=ORIENTED_EDGE('',*,*,#1976,.F.);
#982=ORIENTED_EDGE('',*,*,#1875,.T.);
#983=ORIENTED_EDGE('',*,*,#1977,.F.);
#984=ORIENTED_EDGE('',*,*,#1978,.T.);
#985=ORIENTED_EDGE('',*,*,#1979,.F.);
#986=ORIENTED_EDGE('',*,*,#1980,.T.);
#987=ORIENTED_EDGE('',*,*,#1981,.F.);
#988=ORIENTED_EDGE('',*,*,#1878,.T.);
#989=ORIENTED_EDGE('',*,*,#1982,.F.);
#990=ORIENTED_EDGE('',*,*,#1983,.T.);
#991=ORIENTED_EDGE('',*,*,#1984,.F.);
#992=ORIENTED_EDGE('',*,*,#1985,.T.);
#993=ORIENTED_EDGE('',*,*,#1986,.F.);
#994=ORIENTED_EDGE('',*,*,#1881,.T.);
#995=ORIENTED_EDGE('',*,*,#1987,.F.);
#996=ORIENTED_EDGE('',*,*,#1988,.T.);
#997=ORIENTED_EDGE('',*,*,#1989,.F.);
#998=ORIENTED_EDGE('',*,*,#1990,.T.);
#999=ORIENTED_EDGE('',*,*,#1991,.F.);
#1000=ORIENTED_EDGE('',*,*,#1884,.T.);
#1001=ORIENTED_EDGE('',*,*,#1992,.F.);
#1002=ORIENTED_EDGE('',*,*,#1993,.T.);
#1003=ORIENTED_EDGE('',*,*,#1994,.F.);
#1004=ORIENTED_EDGE('',*,*,#1995,.T.);
#1005=ORIENTED_EDGE('',*,*,#1996,.F.);
#1006=ORIENTED_EDGE('',*,*,#1887,.T.);
#1007=ORIENTED_EDGE('',*,*,#1997,.F.);
#1008=ORIENTED_EDGE('',*,*,#1998,.T.);
#1009=ORIENTED_EDGE('',*,*,#1999,.F.);
#1010=ORIENTED_EDGE('',*,*,#2000,.T.);
#1011=ORIENTED_EDGE('',*,*,#2001,.F.);
#1012=ORIENTED_EDGE('',*,*,#1890,.T.);
#1013=ORIENTED_EDGE('',*,*,#2002,.F.);
#1014=ORIENTED_EDGE('',*,*,#2003,.T.);
#1015=ORIENTED_EDGE('',*,*,#2004,.F.);
#1016=ORIENTED_EDGE('',*,*,#2005,.T.);
#1017=ORIENTED_EDGE('',*,*,#2006,.F.);
#1018=ORIENTED_EDGE('',*,*,#1893,.T.);
#1019=ORIENTED_EDGE('',*,*,#2007,.F.);
#1020=ORIENTED_EDGE('',*,*,#2008,.T.);
#1021=ORIENTED_EDGE('',*,*,#2009,.F.);
#1022=ORIENTED_EDGE('',*,*,#2010,.T.);
#1023=ORIENTED_EDGE('',*,*,#2011,.F.);
#1024=ORIENTED_EDGE('',*,*,#1896,.T.);
#1025=ORIENTED_EDGE('',*,*,#2012,.F.);
#1026=ORIENTED_EDGE('',*,*,#2013,.T.);
#1027=ORIENTED_EDGE('',*,*,#2014,.F.);
#1028=ORIENTED_EDGE('',*,*,#2015,.T.);
#1029=ORIENTED_EDGE('',*,*,#2016,.F.);
#1030=ORIENTED_EDGE('',*,*,#1899,.T.);
#1031=ORIENTED_EDGE('',*,*,#2017,.F.);
#1032=ORIENTED_EDGE('',*,*,#2018,.T.);
#1033=ORIENTED_EDGE('',*,*,#2019,.F.);
#1034=ORIENTED_EDGE('',*,*,#2020,.T.);
#1035=ORIENTED_EDGE('',*,*,#2021,.F.);
#1036=ORIENTED_EDGE('',*,*,#1902,.T.);
#1037=ORIENTED_EDGE('',*,*,#2022,.F.);
#1038=ORIENTED_EDGE('',*,*,#2023,.T.);
#1039=ORIENTED_EDGE('',*,*,#2024,.F.);
#1040=ORIENTED_EDGE('',*,*,#2025,.T.);
#1041=ORIENTED_EDGE('',*,*,#2026,.F.);
#1042=ORIENTED_EDGE('',*,*,#1905,.T.);
#1043=ORIENTED_EDGE('',*,*,#2027,.F.);
#1044=ORIENTED_EDGE('',*,*,#2028,.T.);
#1045=ORIENTED_EDGE('',*,*,#2029,.F.);
#1046=ORIENTED_EDGE('',*,*,#2030,.T.);
#1047=ORIENTED_EDGE('',*,*,#2031,.F.);
#1048=ORIENTED_EDGE('',*,*,#1908,.T.);
#1049=ORIENTED_EDGE('',*,*,#2032,.F.);
#1050=ORIENTED_EDGE('',*,*,#2033,.T.);
#1051=ORIENTED_EDGE('',*,*,#2034,.F.);
#1052=ORIENTED_EDGE('',*,*,#2035,.T.);
#1053=ORIENTED_EDGE('',*,*,#2036,.F.);
#1054=ORIENTED_EDGE('',*,*,#1911,.T.);
#1055=ORIENTED_EDGE('',*,*,#2037,.F.);
#1056=ORIENTED_EDGE('',*,*,#2038,.T.);
#1057=ORIENTED_EDGE('',*,*,#2039,.F.);
#1058=ORIENTED_EDGE('',*,*,#2040,.T.);
#1059=ORIENTED_EDGE('',*,*,#2041,.F.);
#1060=ORIENTED_EDGE('',*,*,#1914,.T.);
#1061=ORIENTED_EDGE('',*,*,#2042,.F.);
#1062=ORIENTED_EDGE('',*,*,#2043,.T.);
#1063=ORIENTED_EDGE('',*,*,#2044,.F.);
#1064=ORIENTED_EDGE('',*,*,#2045,.T.);
#1065=ORIENTED_EDGE('',*,*,#2046,.F.);
#1066=ORIENTED_EDGE('',*,*,#1917,.T.);
#1067=ORIENTED_EDGE('',*,*,#2047,.F.);
#1068=ORIENTED_EDGE('',*,*,#2048,.T.);
#1069=ORIENTED_EDGE('',*,*,#2049,.F.);
#1070=ORIENTED_EDGE('',*,*,#2050,.T.);
#1071=ORIENTED_EDGE('',*,*,#2051,.F.);
#1072=ORIENTED_EDGE('',*,*,#1920,.T.);
#1073=ORIENTED_EDGE('',*,*,#2052,.F.);
#1074=ORIENTED_EDGE('',*,*,#2053,.T.);
#1075=ORIENTED_EDGE('',*,*,#2054,.F.);
#1076=ORIENTED_EDGE('',*,*,#2055,.T.);
#1077=ORIENTED_EDGE('',*,*,#2056,.F.);
#1078=ORIENTED_EDGE('',*,*,#2057,.T.);
#1079=ORIENTED_EDGE('',*,*,#2058,.F.);
#1080=ORIENTED_EDGE('',*,*,#2059,.T.);
#1081=ORIENTED_EDGE('',*,*,#1691,.T.);
#1082=ORIENTED_EDGE('',*,*,#2060,.T.);
#1083=ORIENTED_EDGE('',*,*,#2061,.F.);
#1084=ORIENTED_EDGE('',*,*,#1842,.F.);
#1085=ORIENTED_EDGE('',*,*,#1837,.T.);
#1086=ORIENTED_EDGE('',*,*,#2062,.T.);
#1087=ORIENTED_EDGE('',*,*,#2057,.F.);
#1088=ORIENTED_EDGE('',*,*,#2063,.T.);
#1089=ORIENTED_EDGE('',*,*,#2064,.F.);
#1090=ORIENTED_EDGE('',*,*,#1840,.T.);
#1091=ORIENTED_EDGE('',*,*,#2065,.F.);
#1092=ORIENTED_EDGE('',*,*,#2066,.T.);
#1093=ORIENTED_EDGE('',*,*,#2067,.F.);
#1094=ORIENTED_EDGE('',*,*,#2068,.T.);
#1095=ORIENTED_EDGE('',*,*,#1629,.F.);
#1096=ORIENTED_EDGE('',*,*,#2069,.F.);
#1097=ORIENTED_EDGE('',*,*,#2067,.T.);
#1098=ORIENTED_EDGE('',*,*,#2070,.F.);
#1099=ORIENTED_EDGE('',*,*,#2054,.T.);
#1100=ORIENTED_EDGE('',*,*,#2071,.F.);
#1101=ORIENTED_EDGE('',*,*,#2049,.T.);
#1102=ORIENTED_EDGE('',*,*,#2072,.F.);
#1103=ORIENTED_EDGE('',*,*,#2044,.T.);
#1104=ORIENTED_EDGE('',*,*,#2073,.F.);
#1105=ORIENTED_EDGE('',*,*,#2039,.T.);
#1106=ORIENTED_EDGE('',*,*,#2074,.F.);
#1107=ORIENTED_EDGE('',*,*,#2034,.T.);
#1108=ORIENTED_EDGE('',*,*,#2075,.F.);
#1109=ORIENTED_EDGE('',*,*,#2029,.T.);
#1110=ORIENTED_EDGE('',*,*,#2076,.F.);
#1111=ORIENTED_EDGE('',*,*,#2024,.T.);
#1112=ORIENTED_EDGE('',*,*,#2077,.F.);
#1113=ORIENTED_EDGE('',*,*,#2019,.T.);
#1114=ORIENTED_EDGE('',*,*,#2078,.F.);
#1115=ORIENTED_EDGE('',*,*,#2014,.T.);
#1116=ORIENTED_EDGE('',*,*,#2079,.F.);
#1117=ORIENTED_EDGE('',*,*,#2009,.T.);
#1118=ORIENTED_EDGE('',*,*,#2080,.F.);
#1119=ORIENTED_EDGE('',*,*,#2004,.T.);
#1120=ORIENTED_EDGE('',*,*,#2081,.F.);
#1121=ORIENTED_EDGE('',*,*,#1999,.T.);
#1122=ORIENTED_EDGE('',*,*,#2082,.F.);
#1123=ORIENTED_EDGE('',*,*,#1994,.T.);
#1124=ORIENTED_EDGE('',*,*,#2083,.F.);
#1125=ORIENTED_EDGE('',*,*,#1989,.T.);
#1126=ORIENTED_EDGE('',*,*,#2084,.F.);
#1127=ORIENTED_EDGE('',*,*,#1984,.T.);
#1128=ORIENTED_EDGE('',*,*,#2085,.F.);
#1129=ORIENTED_EDGE('',*,*,#1979,.T.);
#1130=ORIENTED_EDGE('',*,*,#2086,.F.);
#1131=ORIENTED_EDGE('',*,*,#1974,.T.);
#1132=ORIENTED_EDGE('',*,*,#2087,.F.);
#1133=ORIENTED_EDGE('',*,*,#1969,.T.);
#1134=ORIENTED_EDGE('',*,*,#2088,.F.);
#1135=ORIENTED_EDGE('',*,*,#1964,.T.);
#1136=ORIENTED_EDGE('',*,*,#2089,.F.);
#1137=ORIENTED_EDGE('',*,*,#1959,.T.);
#1138=ORIENTED_EDGE('',*,*,#2090,.F.);
#1139=ORIENTED_EDGE('',*,*,#1954,.T.);
#1140=ORIENTED_EDGE('',*,*,#2091,.F.);
#1141=ORIENTED_EDGE('',*,*,#1949,.T.);
#1142=ORIENTED_EDGE('',*,*,#2092,.F.);
#1143=ORIENTED_EDGE('',*,*,#1944,.T.);
#1144=ORIENTED_EDGE('',*,*,#2093,.F.);
#1145=ORIENTED_EDGE('',*,*,#1939,.T.);
#1146=ORIENTED_EDGE('',*,*,#2094,.F.);
#1147=ORIENTED_EDGE('',*,*,#1934,.T.);
#1148=ORIENTED_EDGE('',*,*,#2095,.F.);
#1149=ORIENTED_EDGE('',*,*,#1929,.T.);
#1150=ORIENTED_EDGE('',*,*,#2096,.F.);
#1151=ORIENTED_EDGE('',*,*,#1924,.T.);
#1152=ORIENTED_EDGE('',*,*,#1690,.T.);
#1153=ORIENTED_EDGE('',*,*,#1839,.F.);
#1154=ORIENTED_EDGE('',*,*,#2097,.F.);
#1155=ORIENTED_EDGE('',*,*,#2055,.F.);
#1156=ORIENTED_EDGE('',*,*,#2070,.T.);
#1157=ORIENTED_EDGE('',*,*,#2066,.F.);
#1158=ORIENTED_EDGE('',*,*,#2098,.T.);
#1159=ORIENTED_EDGE('',*,*,#2060,.F.);
#1160=ORIENTED_EDGE('',*,*,#2061,.T.);
#1161=ORIENTED_EDGE('',*,*,#2098,.F.);
#1162=ORIENTED_EDGE('',*,*,#2065,.T.);
#1163=ORIENTED_EDGE('',*,*,#1843,.F.);
#1164=ORIENTED_EDGE('',*,*,#1838,.T.);
#1165=ORIENTED_EDGE('',*,*,#2063,.F.);
#1166=ORIENTED_EDGE('',*,*,#2056,.T.);
#1167=ORIENTED_EDGE('',*,*,#2097,.T.);
#1168=ORIENTED_EDGE('',*,*,#1688,.T.);
#1169=ORIENTED_EDGE('',*,*,#1834,.F.);
#1170=ORIENTED_EDGE('',*,*,#2099,.F.);
#1171=ORIENTED_EDGE('',*,*,#2050,.F.);
#1172=ORIENTED_EDGE('',*,*,#2071,.T.);
#1173=ORIENTED_EDGE('',*,*,#2053,.F.);
#1174=ORIENTED_EDGE('',*,*,#2100,.T.);
#1175=ORIENTED_EDGE('',*,*,#1835,.F.);
#1176=ORIENTED_EDGE('',*,*,#1836,.T.);
#1177=ORIENTED_EDGE('',*,*,#2100,.F.);
#1178=ORIENTED_EDGE('',*,*,#2052,.T.);
#1179=ORIENTED_EDGE('',*,*,#2062,.F.);
#1180=ORIENTED_EDGE('',*,*,#1833,.T.);
#1181=ORIENTED_EDGE('',*,*,#1921,.F.);
#1182=ORIENTED_EDGE('',*,*,#2051,.T.);
#1183=ORIENTED_EDGE('',*,*,#2099,.T.);
#1184=ORIENTED_EDGE('',*,*,#1686,.T.);
#1185=ORIENTED_EDGE('',*,*,#1829,.F.);
#1186=ORIENTED_EDGE('',*,*,#2101,.F.);
#1187=ORIENTED_EDGE('',*,*,#2045,.F.);
#1188=ORIENTED_EDGE('',*,*,#2072,.T.);
#1189=ORIENTED_EDGE('',*,*,#2048,.F.);
#1190=ORIENTED_EDGE('',*,*,#2102,.T.);
#1191=ORIENTED_EDGE('',*,*,#1830,.F.);
#1192=ORIENTED_EDGE('',*,*,#1831,.T.);
#1193=ORIENTED_EDGE('',*,*,#2102,.F.);
#1194=ORIENTED_EDGE('',*,*,#2047,.T.);
#1195=ORIENTED_EDGE('',*,*,#1919,.F.);
#1196=ORIENTED_EDGE('',*,*,#1828,.T.);
#1197=ORIENTED_EDGE('',*,*,#1918,.F.);
#1198=ORIENTED_EDGE('',*,*,#2046,.T.);
#1199=ORIENTED_EDGE('',*,*,#2101,.T.);
#1200=ORIENTED_EDGE('',*,*,#1684,.T.);
#1201=ORIENTED_EDGE('',*,*,#1824,.F.);
#1202=ORIENTED_EDGE('',*,*,#2103,.F.);
#1203=ORIENTED_EDGE('',*,*,#2040,.F.);
#1204=ORIENTED_EDGE('',*,*,#2073,.T.);
#1205=ORIENTED_EDGE('',*,*,#2043,.F.);
#1206=ORIENTED_EDGE('',*,*,#2104,.T.);
#1207=ORIENTED_EDGE('',*,*,#1825,.F.);
#1208=ORIENTED_EDGE('',*,*,#1826,.T.);
#1209=ORIENTED_EDGE('',*,*,#2104,.F.);
#1210=ORIENTED_EDGE('',*,*,#2042,.T.);
#1211=ORIENTED_EDGE('',*,*,#1916,.F.);
#1212=ORIENTED_EDGE('',*,*,#1823,.T.);
#1213=ORIENTED_EDGE('',*,*,#1915,.F.);
#1214=ORIENTED_EDGE('',*,*,#2041,.T.);
#1215=ORIENTED_EDGE('',*,*,#2103,.T.);
#1216=ORIENTED_EDGE('',*,*,#1682,.T.);
#1217=ORIENTED_EDGE('',*,*,#1819,.F.);
#1218=ORIENTED_EDGE('',*,*,#2105,.F.);
#1219=ORIENTED_EDGE('',*,*,#2035,.F.);
#1220=ORIENTED_EDGE('',*,*,#2074,.T.);
#1221=ORIENTED_EDGE('',*,*,#2038,.F.);
#1222=ORIENTED_EDGE('',*,*,#2106,.T.);
#1223=ORIENTED_EDGE('',*,*,#1820,.F.);
#1224=ORIENTED_EDGE('',*,*,#1821,.T.);
#1225=ORIENTED_EDGE('',*,*,#2106,.F.);
#1226=ORIENTED_EDGE('',*,*,#2037,.T.);
#1227=ORIENTED_EDGE('',*,*,#1913,.F.);
#1228=ORIENTED_EDGE('',*,*,#1818,.T.);
#1229=ORIENTED_EDGE('',*,*,#1912,.F.);
#1230=ORIENTED_EDGE('',*,*,#2036,.T.);
#1231=ORIENTED_EDGE('',*,*,#2105,.T.);
#1232=ORIENTED_EDGE('',*,*,#1680,.T.);
#1233=ORIENTED_EDGE('',*,*,#1814,.F.);
#1234=ORIENTED_EDGE('',*,*,#2107,.F.);
#1235=ORIENTED_EDGE('',*,*,#2030,.F.);
#1236=ORIENTED_EDGE('',*,*,#2075,.T.);
#1237=ORIENTED_EDGE('',*,*,#2033,.F.);
#1238=ORIENTED_EDGE('',*,*,#2108,.T.);
#1239=ORIENTED_EDGE('',*,*,#1815,.F.);
#1240=ORIENTED_EDGE('',*,*,#1816,.T.);
#1241=ORIENTED_EDGE('',*,*,#2108,.F.);
#1242=ORIENTED_EDGE('',*,*,#2032,.T.);
#1243=ORIENTED_EDGE('',*,*,#1910,.F.);
#1244=ORIENTED_EDGE('',*,*,#1813,.T.);
#1245=ORIENTED_EDGE('',*,*,#1909,.F.);
#1246=ORIENTED_EDGE('',*,*,#2031,.T.);
#1247=ORIENTED_EDGE('',*,*,#2107,.T.);
#1248=ORIENTED_EDGE('',*,*,#1678,.T.);
#1249=ORIENTED_EDGE('',*,*,#1809,.F.);
#1250=ORIENTED_EDGE('',*,*,#2109,.F.);
#1251=ORIENTED_EDGE('',*,*,#2025,.F.);
#1252=ORIENTED_EDGE('',*,*,#2076,.T.);
#1253=ORIENTED_EDGE('',*,*,#2028,.F.);
#1254=ORIENTED_EDGE('',*,*,#2110,.T.);
#1255=ORIENTED_EDGE('',*,*,#1810,.F.);
#1256=ORIENTED_EDGE('',*,*,#1811,.T.);
#1257=ORIENTED_EDGE('',*,*,#2110,.F.);
#1258=ORIENTED_EDGE('',*,*,#2027,.T.);
#1259=ORIENTED_EDGE('',*,*,#1907,.F.);
#1260=ORIENTED_EDGE('',*,*,#1808,.T.);
#1261=ORIENTED_EDGE('',*,*,#1906,.F.);
#1262=ORIENTED_EDGE('',*,*,#2026,.T.);
#1263=ORIENTED_EDGE('',*,*,#2109,.T.);
#1264=ORIENTED_EDGE('',*,*,#1676,.T.);
#1265=ORIENTED_EDGE('',*,*,#1804,.F.);
#1266=ORIENTED_EDGE('',*,*,#2111,.F.);
#1267=ORIENTED_EDGE('',*,*,#2020,.F.);
#1268=ORIENTED_EDGE('',*,*,#2077,.T.);
#1269=ORIENTED_EDGE('',*,*,#2023,.F.);
#1270=ORIENTED_EDGE('',*,*,#2112,.T.);
#1271=ORIENTED_EDGE('',*,*,#1805,.F.);
#1272=ORIENTED_EDGE('',*,*,#1806,.T.);
#1273=ORIENTED_EDGE('',*,*,#2112,.F.);
#1274=ORIENTED_EDGE('',*,*,#2022,.T.);
#1275=ORIENTED_EDGE('',*,*,#1904,.F.);
#1276=ORIENTED_EDGE('',*,*,#1803,.T.);
#1277=ORIENTED_EDGE('',*,*,#1903,.F.);
#1278=ORIENTED_EDGE('',*,*,#2021,.T.);
#1279=ORIENTED_EDGE('',*,*,#2111,.T.);
#1280=ORIENTED_EDGE('',*,*,#1674,.T.);
#1281=ORIENTED_EDGE('',*,*,#1799,.F.);
#1282=ORIENTED_EDGE('',*,*,#2113,.F.);
#1283=ORIENTED_EDGE('',*,*,#2015,.F.);
#1284=ORIENTED_EDGE('',*,*,#2078,.T.);
#1285=ORIENTED_EDGE('',*,*,#2018,.F.);
#1286=ORIENTED_EDGE('',*,*,#2114,.T.);
#1287=ORIENTED_EDGE('',*,*,#1800,.F.);
#1288=ORIENTED_EDGE('',*,*,#1801,.T.);
#1289=ORIENTED_EDGE('',*,*,#2114,.F.);
#1290=ORIENTED_EDGE('',*,*,#2017,.T.);
#1291=ORIENTED_EDGE('',*,*,#1901,.F.);
#1292=ORIENTED_EDGE('',*,*,#1798,.T.);
#1293=ORIENTED_EDGE('',*,*,#1900,.F.);
#1294=ORIENTED_EDGE('',*,*,#2016,.T.);
#1295=ORIENTED_EDGE('',*,*,#2113,.T.);
#1296=ORIENTED_EDGE('',*,*,#1672,.T.);
#1297=ORIENTED_EDGE('',*,*,#1794,.F.);
#1298=ORIENTED_EDGE('',*,*,#2115,.F.);
#1299=ORIENTED_EDGE('',*,*,#2010,.F.);
#1300=ORIENTED_EDGE('',*,*,#2079,.T.);
#1301=ORIENTED_EDGE('',*,*,#2013,.F.);
#1302=ORIENTED_EDGE('',*,*,#2116,.T.);
#1303=ORIENTED_EDGE('',*,*,#1795,.F.);
#1304=ORIENTED_EDGE('',*,*,#1796,.T.);
#1305=ORIENTED_EDGE('',*,*,#2116,.F.);
#1306=ORIENTED_EDGE('',*,*,#2012,.T.);
#1307=ORIENTED_EDGE('',*,*,#1898,.F.);
#1308=ORIENTED_EDGE('',*,*,#1793,.T.);
#1309=ORIENTED_EDGE('',*,*,#1897,.F.);
#1310=ORIENTED_EDGE('',*,*,#2011,.T.);
#1311=ORIENTED_EDGE('',*,*,#2115,.T.);
#1312=ORIENTED_EDGE('',*,*,#1670,.T.);
#1313=ORIENTED_EDGE('',*,*,#1789,.F.);
#1314=ORIENTED_EDGE('',*,*,#2117,.F.);
#1315=ORIENTED_EDGE('',*,*,#2005,.F.);
#1316=ORIENTED_EDGE('',*,*,#2080,.T.);
#1317=ORIENTED_EDGE('',*,*,#2008,.F.);
#1318=ORIENTED_EDGE('',*,*,#2118,.T.);
#1319=ORIENTED_EDGE('',*,*,#1790,.F.);
#1320=ORIENTED_EDGE('',*,*,#1791,.T.);
#1321=ORIENTED_EDGE('',*,*,#2118,.F.);
#1322=ORIENTED_EDGE('',*,*,#2007,.T.);
#1323=ORIENTED_EDGE('',*,*,#1895,.F.);
#1324=ORIENTED_EDGE('',*,*,#1788,.T.);
#1325=ORIENTED_EDGE('',*,*,#1894,.F.);
#1326=ORIENTED_EDGE('',*,*,#2006,.T.);
#1327=ORIENTED_EDGE('',*,*,#2117,.T.);
#1328=ORIENTED_EDGE('',*,*,#1668,.T.);
#1329=ORIENTED_EDGE('',*,*,#1784,.F.);
#1330=ORIENTED_EDGE('',*,*,#2119,.F.);
#1331=ORIENTED_EDGE('',*,*,#2000,.F.);
#1332=ORIENTED_EDGE('',*,*,#2081,.T.);
#1333=ORIENTED_EDGE('',*,*,#2003,.F.);
#1334=ORIENTED_EDGE('',*,*,#2120,.T.);
#1335=ORIENTED_EDGE('',*,*,#1785,.F.);
#1336=ORIENTED_EDGE('',*,*,#1786,.T.);
#1337=ORIENTED_EDGE('',*,*,#2120,.F.);
#1338=ORIENTED_EDGE('',*,*,#2002,.T.);
#1339=ORIENTED_EDGE('',*,*,#1892,.F.);
#1340=ORIENTED_EDGE('',*,*,#1783,.T.);
#1341=ORIENTED_EDGE('',*,*,#1891,.F.);
#1342=ORIENTED_EDGE('',*,*,#2001,.T.);
#1343=ORIENTED_EDGE('',*,*,#2119,.T.);
#1344=ORIENTED_EDGE('',*,*,#1666,.T.);
#1345=ORIENTED_EDGE('',*,*,#1779,.F.);
#1346=ORIENTED_EDGE('',*,*,#2121,.F.);
#1347=ORIENTED_EDGE('',*,*,#1995,.F.);
#1348=ORIENTED_EDGE('',*,*,#2082,.T.);
#1349=ORIENTED_EDGE('',*,*,#1998,.F.);
#1350=ORIENTED_EDGE('',*,*,#2122,.T.);
#1351=ORIENTED_EDGE('',*,*,#1780,.F.);
#1352=ORIENTED_EDGE('',*,*,#1781,.T.);
#1353=ORIENTED_EDGE('',*,*,#2122,.F.);
#1354=ORIENTED_EDGE('',*,*,#1997,.T.);
#1355=ORIENTED_EDGE('',*,*,#1889,.F.);
#1356=ORIENTED_EDGE('',*,*,#1778,.T.);
#1357=ORIENTED_EDGE('',*,*,#1888,.F.);
#1358=ORIENTED_EDGE('',*,*,#1996,.T.);
#1359=ORIENTED_EDGE('',*,*,#2121,.T.);
#1360=ORIENTED_EDGE('',*,*,#1664,.T.);
#1361=ORIENTED_EDGE('',*,*,#1774,.F.);
#1362=ORIENTED_EDGE('',*,*,#2123,.F.);
#1363=ORIENTED_EDGE('',*,*,#1990,.F.);
#1364=ORIENTED_EDGE('',*,*,#2083,.T.);
#1365=ORIENTED_EDGE('',*,*,#1993,.F.);
#1366=ORIENTED_EDGE('',*,*,#2124,.T.);
#1367=ORIENTED_EDGE('',*,*,#1775,.F.);
#1368=ORIENTED_EDGE('',*,*,#1776,.T.);
#1369=ORIENTED_EDGE('',*,*,#2124,.F.);
#1370=ORIENTED_EDGE('',*,*,#1992,.T.);
#1371=ORIENTED_EDGE('',*,*,#1886,.F.);
#1372=ORIENTED_EDGE('',*,*,#1773,.T.);
#1373=ORIENTED_EDGE('',*,*,#1885,.F.);
#1374=ORIENTED_EDGE('',*,*,#1991,.T.);
#1375=ORIENTED_EDGE('',*,*,#2123,.T.);
#1376=ORIENTED_EDGE('',*,*,#1662,.T.);
#1377=ORIENTED_EDGE('',*,*,#1769,.F.);
#1378=ORIENTED_EDGE('',*,*,#2125,.F.);
#1379=ORIENTED_EDGE('',*,*,#1985,.F.);
#1380=ORIENTED_EDGE('',*,*,#2084,.T.);
#1381=ORIENTED_EDGE('',*,*,#1988,.F.);
#1382=ORIENTED_EDGE('',*,*,#2126,.T.);
#1383=ORIENTED_EDGE('',*,*,#1770,.F.);
#1384=ORIENTED_EDGE('',*,*,#1771,.T.);
#1385=ORIENTED_EDGE('',*,*,#2126,.F.);
#1386=ORIENTED_EDGE('',*,*,#1987,.T.);
#1387=ORIENTED_EDGE('',*,*,#1883,.F.);
#1388=ORIENTED_EDGE('',*,*,#1768,.T.);
#1389=ORIENTED_EDGE('',*,*,#1882,.F.);
#1390=ORIENTED_EDGE('',*,*,#1986,.T.);
#1391=ORIENTED_EDGE('',*,*,#2125,.T.);
#1392=ORIENTED_EDGE('',*,*,#1660,.T.);
#1393=ORIENTED_EDGE('',*,*,#1764,.F.);
#1394=ORIENTED_EDGE('',*,*,#2127,.F.);
#1395=ORIENTED_EDGE('',*,*,#1980,.F.);
#1396=ORIENTED_EDGE('',*,*,#2085,.T.);
#1397=ORIENTED_EDGE('',*,*,#1983,.F.);
#1398=ORIENTED_EDGE('',*,*,#2128,.T.);
#1399=ORIENTED_EDGE('',*,*,#1765,.F.);
#1400=ORIENTED_EDGE('',*,*,#1766,.T.);
#1401=ORIENTED_EDGE('',*,*,#2128,.F.);
#1402=ORIENTED_EDGE('',*,*,#1982,.T.);
#1403=ORIENTED_EDGE('',*,*,#1880,.F.);
#1404=ORIENTED_EDGE('',*,*,#1763,.T.);
#1405=ORIENTED_EDGE('',*,*,#1879,.F.);
#1406=ORIENTED_EDGE('',*,*,#1981,.T.);
#1407=ORIENTED_EDGE('',*,*,#2127,.T.);
#1408=ORIENTED_EDGE('',*,*,#1658,.T.);
#1409=ORIENTED_EDGE('',*,*,#1759,.F.);
#1410=ORIENTED_EDGE('',*,*,#2129,.F.);
#1411=ORIENTED_EDGE('',*,*,#1975,.F.);
#1412=ORIENTED_EDGE('',*,*,#2086,.T.);
#1413=ORIENTED_EDGE('',*,*,#1978,.F.);
#1414=ORIENTED_EDGE('',*,*,#2130,.T.);
#1415=ORIENTED_EDGE('',*,*,#1760,.F.);
#1416=ORIENTED_EDGE('',*,*,#1761,.T.);
#1417=ORIENTED_EDGE('',*,*,#2130,.F.);
#1418=ORIENTED_EDGE('',*,*,#1977,.T.);
#1419=ORIENTED_EDGE('',*,*,#1877,.F.);
#1420=ORIENTED_EDGE('',*,*,#1758,.T.);
#1421=ORIENTED_EDGE('',*,*,#1876,.F.);
#1422=ORIENTED_EDGE('',*,*,#1976,.T.);
#1423=ORIENTED_EDGE('',*,*,#2129,.T.);
#1424=ORIENTED_EDGE('',*,*,#1656,.T.);
#1425=ORIENTED_EDGE('',*,*,#1754,.F.);
#1426=ORIENTED_EDGE('',*,*,#2131,.F.);
#1427=ORIENTED_EDGE('',*,*,#1970,.F.);
#1428=ORIENTED_EDGE('',*,*,#2087,.T.);
#1429=ORIENTED_EDGE('',*,*,#1973,.F.);
#1430=ORIENTED_EDGE('',*,*,#2132,.T.);
#1431=ORIENTED_EDGE('',*,*,#1755,.F.);
#1432=ORIENTED_EDGE('',*,*,#1756,.T.);
#1433=ORIENTED_EDGE('',*,*,#2132,.F.);
#1434=ORIENTED_EDGE('',*,*,#1972,.T.);
#1435=ORIENTED_EDGE('',*,*,#1874,.F.);
#1436=ORIENTED_EDGE('',*,*,#1753,.T.);
#1437=ORIENTED_EDGE('',*,*,#1873,.F.);
#1438=ORIENTED_EDGE('',*,*,#1971,.T.);
#1439=ORIENTED_EDGE('',*,*,#2131,.T.);
#1440=ORIENTED_EDGE('',*,*,#1654,.T.);
#1441=ORIENTED_EDGE('',*,*,#1749,.F.);
#1442=ORIENTED_EDGE('',*,*,#2133,.F.);
#1443=ORIENTED_EDGE('',*,*,#1965,.F.);
#1444=ORIENTED_EDGE('',*,*,#2088,.T.);
#1445=ORIENTED_EDGE('',*,*,#1968,.F.);
#1446=ORIENTED_EDGE('',*,*,#2134,.T.);
#1447=ORIENTED_EDGE('',*,*,#1750,.F.);
#1448=ORIENTED_EDGE('',*,*,#1751,.T.);
#1449=ORIENTED_EDGE('',*,*,#2134,.F.);
#1450=ORIENTED_EDGE('',*,*,#1967,.T.);
#1451=ORIENTED_EDGE('',*,*,#1871,.F.);
#1452=ORIENTED_EDGE('',*,*,#1748,.T.);
#1453=ORIENTED_EDGE('',*,*,#1870,.F.);
#1454=ORIENTED_EDGE('',*,*,#1966,.T.);
#1455=ORIENTED_EDGE('',*,*,#2133,.T.);
#1456=ORIENTED_EDGE('',*,*,#1652,.T.);
#1457=ORIENTED_EDGE('',*,*,#1744,.F.);
#1458=ORIENTED_EDGE('',*,*,#2135,.F.);
#1459=ORIENTED_EDGE('',*,*,#1960,.F.);
#1460=ORIENTED_EDGE('',*,*,#2089,.T.);
#1461=ORIENTED_EDGE('',*,*,#1963,.F.);
#1462=ORIENTED_EDGE('',*,*,#2136,.T.);
#1463=ORIENTED_EDGE('',*,*,#1745,.F.);
#1464=ORIENTED_EDGE('',*,*,#1746,.T.);
#1465=ORIENTED_EDGE('',*,*,#2136,.F.);
#1466=ORIENTED_EDGE('',*,*,#1962,.T.);
#1467=ORIENTED_EDGE('',*,*,#1868,.F.);
#1468=ORIENTED_EDGE('',*,*,#1743,.T.);
#1469=ORIENTED_EDGE('',*,*,#1867,.F.);
#1470=ORIENTED_EDGE('',*,*,#1961,.T.);
#1471=ORIENTED_EDGE('',*,*,#2135,.T.);
#1472=ORIENTED_EDGE('',*,*,#1650,.T.);
#1473=ORIENTED_EDGE('',*,*,#1739,.F.);
#1474=ORIENTED_EDGE('',*,*,#2137,.F.);
#1475=ORIENTED_EDGE('',*,*,#1955,.F.);
#1476=ORIENTED_EDGE('',*,*,#2090,.T.);
#1477=ORIENTED_EDGE('',*,*,#1958,.F.);
#1478=ORIENTED_EDGE('',*,*,#2138,.T.);
#1479=ORIENTED_EDGE('',*,*,#1740,.F.);
#1480=ORIENTED_EDGE('',*,*,#1741,.T.);
#1481=ORIENTED_EDGE('',*,*,#2138,.F.);
#1482=ORIENTED_EDGE('',*,*,#1957,.T.);
#1483=ORIENTED_EDGE('',*,*,#1865,.F.);
#1484=ORIENTED_EDGE('',*,*,#1738,.T.);
#1485=ORIENTED_EDGE('',*,*,#1864,.F.);
#1486=ORIENTED_EDGE('',*,*,#1956,.T.);
#1487=ORIENTED_EDGE('',*,*,#2137,.T.);
#1488=ORIENTED_EDGE('',*,*,#1648,.T.);
#1489=ORIENTED_EDGE('',*,*,#1734,.F.);
#1490=ORIENTED_EDGE('',*,*,#2139,.F.);
#1491=ORIENTED_EDGE('',*,*,#1950,.F.);
#1492=ORIENTED_EDGE('',*,*,#2091,.T.);
#1493=ORIENTED_EDGE('',*,*,#1953,.F.);
#1494=ORIENTED_EDGE('',*,*,#2140,.T.);
#1495=ORIENTED_EDGE('',*,*,#1735,.F.);
#1496=ORIENTED_EDGE('',*,*,#1736,.T.);
#1497=ORIENTED_EDGE('',*,*,#2140,.F.);
#1498=ORIENTED_EDGE('',*,*,#1952,.T.);
#1499=ORIENTED_EDGE('',*,*,#1862,.F.);
#1500=ORIENTED_EDGE('',*,*,#1733,.T.);
#1501=ORIENTED_EDGE('',*,*,#1861,.F.);
#1502=ORIENTED_EDGE('',*,*,#1951,.T.);
#1503=ORIENTED_EDGE('',*,*,#2139,.T.);
#1504=ORIENTED_EDGE('',*,*,#1646,.T.);
#1505=ORIENTED_EDGE('',*,*,#1729,.F.);
#1506=ORIENTED_EDGE('',*,*,#2141,.F.);
#1507=ORIENTED_EDGE('',*,*,#1945,.F.);
#1508=ORIENTED_EDGE('',*,*,#2092,.T.);
#1509=ORIENTED_EDGE('',*,*,#1948,.F.);
#1510=ORIENTED_EDGE('',*,*,#2142,.T.);
#1511=ORIENTED_EDGE('',*,*,#1730,.F.);
#1512=ORIENTED_EDGE('',*,*,#1731,.T.);
#1513=ORIENTED_EDGE('',*,*,#2142,.F.);
#1514=ORIENTED_EDGE('',*,*,#1947,.T.);
#1515=ORIENTED_EDGE('',*,*,#1859,.F.);
#1516=ORIENTED_EDGE('',*,*,#1728,.T.);
#1517=ORIENTED_EDGE('',*,*,#1858,.F.);
#1518=ORIENTED_EDGE('',*,*,#1946,.T.);
#1519=ORIENTED_EDGE('',*,*,#2141,.T.);
#1520=ORIENTED_EDGE('',*,*,#1644,.T.);
#1521=ORIENTED_EDGE('',*,*,#1724,.F.);
#1522=ORIENTED_EDGE('',*,*,#2143,.F.);
#1523=ORIENTED_EDGE('',*,*,#1940,.F.);
#1524=ORIENTED_EDGE('',*,*,#2093,.T.);
#1525=ORIENTED_EDGE('',*,*,#1943,.F.);
#1526=ORIENTED_EDGE('',*,*,#2144,.T.);
#1527=ORIENTED_EDGE('',*,*,#1725,.F.);
#1528=ORIENTED_EDGE('',*,*,#1726,.T.);
#1529=ORIENTED_EDGE('',*,*,#2144,.F.);
#1530=ORIENTED_EDGE('',*,*,#1942,.T.);
#1531=ORIENTED_EDGE('',*,*,#1856,.F.);
#1532=ORIENTED_EDGE('',*,*,#1723,.T.);
#1533=ORIENTED_EDGE('',*,*,#1855,.F.);
#1534=ORIENTED_EDGE('',*,*,#1941,.T.);
#1535=ORIENTED_EDGE('',*,*,#2143,.T.);
#1536=ORIENTED_EDGE('',*,*,#1642,.T.);
#1537=ORIENTED_EDGE('',*,*,#1719,.F.);
#1538=ORIENTED_EDGE('',*,*,#2145,.F.);
#1539=ORIENTED_EDGE('',*,*,#1935,.F.);
#1540=ORIENTED_EDGE('',*,*,#2094,.T.);
#1541=ORIENTED_EDGE('',*,*,#1938,.F.);
#1542=ORIENTED_EDGE('',*,*,#2146,.T.);
#1543=ORIENTED_EDGE('',*,*,#1720,.F.);
#1544=ORIENTED_EDGE('',*,*,#1721,.T.);
#1545=ORIENTED_EDGE('',*,*,#2146,.F.);
#1546=ORIENTED_EDGE('',*,*,#1937,.T.);
#1547=ORIENTED_EDGE('',*,*,#1853,.F.);
#1548=ORIENTED_EDGE('',*,*,#1718,.T.);
#1549=ORIENTED_EDGE('',*,*,#1852,.F.);
#1550=ORIENTED_EDGE('',*,*,#1936,.T.);
#1551=ORIENTED_EDGE('',*,*,#2145,.T.);
#1552=ORIENTED_EDGE('',*,*,#1640,.T.);
#1553=ORIENTED_EDGE('',*,*,#1714,.F.);
#1554=ORIENTED_EDGE('',*,*,#2147,.F.);
#1555=ORIENTED_EDGE('',*,*,#1930,.F.);
#1556=ORIENTED_EDGE('',*,*,#2095,.T.);
#1557=ORIENTED_EDGE('',*,*,#1933,.F.);
#1558=ORIENTED_EDGE('',*,*,#2148,.T.);
#1559=ORIENTED_EDGE('',*,*,#1715,.F.);
#1560=ORIENTED_EDGE('',*,*,#1716,.T.);
#1561=ORIENTED_EDGE('',*,*,#2148,.F.);
#1562=ORIENTED_EDGE('',*,*,#1932,.T.);
#1563=ORIENTED_EDGE('',*,*,#1850,.F.);
#1564=ORIENTED_EDGE('',*,*,#1713,.T.);
#1565=ORIENTED_EDGE('',*,*,#1849,.F.);
#1566=ORIENTED_EDGE('',*,*,#1931,.T.);
#1567=ORIENTED_EDGE('',*,*,#2147,.T.);
#1568=ORIENTED_EDGE('',*,*,#1638,.T.);
#1569=ORIENTED_EDGE('',*,*,#1709,.F.);
#1570=ORIENTED_EDGE('',*,*,#2149,.F.);
#1571=ORIENTED_EDGE('',*,*,#1925,.F.);
#1572=ORIENTED_EDGE('',*,*,#2096,.T.);
#1573=ORIENTED_EDGE('',*,*,#1928,.F.);
#1574=ORIENTED_EDGE('',*,*,#2150,.T.);
#1575=ORIENTED_EDGE('',*,*,#1710,.F.);
#1576=ORIENTED_EDGE('',*,*,#1711,.T.);
#1577=ORIENTED_EDGE('',*,*,#2150,.F.);
#1578=ORIENTED_EDGE('',*,*,#1927,.T.);
#1579=ORIENTED_EDGE('',*,*,#1847,.F.);
#1580=ORIENTED_EDGE('',*,*,#1708,.T.);
#1581=ORIENTED_EDGE('',*,*,#1846,.F.);
#1582=ORIENTED_EDGE('',*,*,#1926,.T.);
#1583=ORIENTED_EDGE('',*,*,#2149,.T.);
#1584=ORIENTED_EDGE('',*,*,#2058,.T.);
#1585=ORIENTED_EDGE('',*,*,#1841,.F.);
#1586=ORIENTED_EDGE('',*,*,#2064,.T.);
#1587=ORIENTED_EDGE('',*,*,#2151,.T.);
#1588=ORIENTED_EDGE('',*,*,#1636,.T.);
#1589=ORIENTED_EDGE('',*,*,#2059,.F.);
#1590=ORIENTED_EDGE('',*,*,#2151,.F.);
#1591=ORIENTED_EDGE('',*,*,#2068,.F.);
#1592=ORIENTED_EDGE('',*,*,#2069,.T.);
#1593=ORIENTED_EDGE('',*,*,#1923,.F.);
#1594=ORIENTED_EDGE('',*,*,#2152,.T.);
#1595=ORIENTED_EDGE('',*,*,#1705,.F.);
#1596=ORIENTED_EDGE('',*,*,#1706,.T.);
#1597=ORIENTED_EDGE('',*,*,#2152,.F.);
#1598=ORIENTED_EDGE('',*,*,#1922,.T.);
#1599=ORIENTED_EDGE('',*,*,#1844,.F.);
#1600=ORIENTED_EDGE('',*,*,#1628,.F.);
#1601=ORIENTED_EDGE('',*,*,#1696,.T.);
#1602=ORIENTED_EDGE('',*,*,#2153,.T.);
#1603=ORIENTED_EDGE('',*,*,#1695,.F.);
#1604=ORIENTED_EDGE('',*,*,#2154,.F.);
#1605=ORIENTED_EDGE('',*,*,#1698,.T.);
#1606=ORIENTED_EDGE('',*,*,#2155,.T.);
#1607=ORIENTED_EDGE('',*,*,#1632,.F.);
#1608=ORIENTED_EDGE('',*,*,#1703,.F.);
#1609=ORIENTED_EDGE('',*,*,#1692,.F.);
#1610=ORIENTED_EDGE('',*,*,#2155,.F.);
#1611=ORIENTED_EDGE('',*,*,#1697,.T.);
#1612=ORIENTED_EDGE('',*,*,#1701,.F.);
#1613=ORIENTED_EDGE('',*,*,#1699,.T.);
#1614=ORIENTED_EDGE('',*,*,#2154,.T.);
#1615=ORIENTED_EDGE('',*,*,#1694,.F.);
#1616=ORIENTED_EDGE('',*,*,#1704,.F.);
#1617=ORIENTED_EDGE('',*,*,#1634,.F.);
#1618=ORIENTED_EDGE('',*,*,#1702,.F.);
#1619=ORIENTED_EDGE('',*,*,#2156,.F.);
#1620=ORIENTED_EDGE('',*,*,#1627,.T.);
#1621=ORIENTED_EDGE('',*,*,#2153,.F.);
#1622=ORIENTED_EDGE('',*,*,#2156,.T.);
#1623=ORIENTED_EDGE('',*,*,#2157,.T.);
#1624=ORIENTED_EDGE('',*,*,#1630,.T.);
#1625=ORIENTED_EDGE('',*,*,#1635,.F.);
#1626=ORIENTED_EDGE('',*,*,#2157,.F.);
#1627=EDGE_CURVE('',#2158,#2158,#2515,.T.);
#1628=EDGE_CURVE('',#2159,#2159,#387,.T.);
#1629=EDGE_CURVE('',#2160,#2160,#388,.F.);
#1630=EDGE_CURVE('',#2161,#2161,#2516,.T.);
#1631=EDGE_CURVE('',#2162,#2163,#389,.T.);
#1632=EDGE_CURVE('',#2163,#2164,#143,.F.);
#1633=EDGE_CURVE('',#2165,#2164,#390,.T.);
#1634=EDGE_CURVE('',#2165,#2162,#144,.T.);
#1635=EDGE_CURVE('',#2166,#2166,#2517,.T.);
#1636=EDGE_CURVE('',#2167,#2168,#391,.F.);
#1637=EDGE_CURVE('',#2169,#2167,#392,.T.);
#1638=EDGE_CURVE('',#2170,#2169,#393,.F.);
#1639=EDGE_CURVE('',#2171,#2170,#394,.T.);
#1640=EDGE_CURVE('',#2172,#2171,#395,.F.);
#1641=EDGE_CURVE('',#2173,#2172,#396,.T.);
#1642=EDGE_CURVE('',#2174,#2173,#397,.F.);
#1643=EDGE_CURVE('',#2175,#2174,#398,.T.);
#1644=EDGE_CURVE('',#2176,#2175,#399,.F.);
#1645=EDGE_CURVE('',#2177,#2176,#400,.T.);
#1646=EDGE_CURVE('',#2178,#2177,#401,.F.);
#1647=EDGE_CURVE('',#2179,#2178,#402,.T.);
#1648=EDGE_CURVE('',#2180,#2179,#403,.F.);
#1649=EDGE_CURVE('',#2181,#2180,#404,.T.);
#1650=EDGE_CURVE('',#2182,#2181,#405,.F.);
#1651=EDGE_CURVE('',#2183,#2182,#406,.T.);
#1652=EDGE_CURVE('',#2184,#2183,#407,.F.);
#1653=EDGE_CURVE('',#2185,#2184,#408,.T.);
#1654=EDGE_CURVE('',#2186,#2185,#409,.F.);
#1655=EDGE_CURVE('',#2187,#2186,#410,.T.);
#1656=EDGE_CURVE('',#2188,#2187,#411,.F.);
#1657=EDGE_CURVE('',#2189,#2188,#412,.T.);
#1658=EDGE_CURVE('',#2190,#2189,#413,.F.);
#1659=EDGE_CURVE('',#2191,#2190,#414,.T.);
#1660=EDGE_CURVE('',#2192,#2191,#415,.F.);
#1661=EDGE_CURVE('',#2193,#2192,#416,.T.);
#1662=EDGE_CURVE('',#2194,#2193,#417,.F.);
#1663=EDGE_CURVE('',#2195,#2194,#418,.T.);
#1664=EDGE_CURVE('',#2196,#2195,#419,.F.);
#1665=EDGE_CURVE('',#2197,#2196,#420,.T.);
#1666=EDGE_CURVE('',#2198,#2197,#421,.F.);
#1667=EDGE_CURVE('',#2199,#2198,#422,.T.);
#1668=EDGE_CURVE('',#2200,#2199,#423,.F.);
#1669=EDGE_CURVE('',#2201,#2200,#424,.T.);
#1670=EDGE_CURVE('',#2202,#2201,#425,.F.);
#1671=EDGE_CURVE('',#2203,#2202,#426,.T.);
#1672=EDGE_CURVE('',#2204,#2203,#427,.F.);
#1673=EDGE_CURVE('',#2205,#2204,#428,.T.);
#1674=EDGE_CURVE('',#2206,#2205,#429,.F.);
#1675=EDGE_CURVE('',#2207,#2206,#430,.T.);
#1676=EDGE_CURVE('',#2208,#2207,#431,.F.);
#1677=EDGE_CURVE('',#2209,#2208,#432,.T.);
#1678=EDGE_CURVE('',#2210,#2209,#433,.F.);
#1679=EDGE_CURVE('',#2211,#2210,#434,.T.);
#1680=EDGE_CURVE('',#2212,#2211,#435,.F.);
#1681=EDGE_CURVE('',#2213,#2212,#436,.T.);
#1682=EDGE_CURVE('',#2214,#2213,#437,.F.);
#1683=EDGE_CURVE('',#2215,#2214,#438,.T.);
#1684=EDGE_CURVE('',#2216,#2215,#439,.F.);
#1685=EDGE_CURVE('',#2217,#2216,#440,.T.);
#1686=EDGE_CURVE('',#2218,#2217,#441,.F.);
#1687=EDGE_CURVE('',#2219,#2218,#442,.T.);
#1688=EDGE_CURVE('',#2220,#2219,#443,.F.);
#1689=EDGE_CURVE('',#2221,#2220,#444,.T.);
#1690=EDGE_CURVE('',#2222,#2221,#445,.F.);
#1691=EDGE_CURVE('',#2168,#2222,#446,.T.);
#1692=EDGE_CURVE('',#2223,#2224,#145,.T.);
#1693=EDGE_CURVE('',#2225,#2224,#447,.T.);
#1694=EDGE_CURVE('',#2225,#2226,#146,.T.);
#1695=EDGE_CURVE('',#2226,#2223,#147,.T.);
#1696=EDGE_CURVE('',#2227,#2227,#448,.T.);
#1697=EDGE_CURVE('',#2228,#2229,#148,.T.);
#1698=EDGE_CURVE('',#2230,#2228,#149,.T.);
#1699=EDGE_CURVE('',#2231,#2230,#150,.T.);
#1700=EDGE_CURVE('',#2231,#2229,#449,.T.);
#1701=EDGE_CURVE('',#2164,#2229,#2518,.T.);
#1702=EDGE_CURVE('',#2231,#2165,#2519,.T.);
#1703=EDGE_CURVE('',#2224,#2163,#2520,.T.);
#1704=EDGE_CURVE('',#2162,#2225,#2521,.T.);
#1705=EDGE_CURVE('',#2167,#2232,#2522,.T.);
#1706=EDGE_CURVE('',#2233,#2232,#2523,.T.);
#1707=EDGE_CURVE('',#2234,#2233,#450,.T.);
#1708=EDGE_CURVE('',#2235,#2234,#2524,.T.);
#1709=EDGE_CURVE('',#2235,#2169,#2525,.T.);
#1710=EDGE_CURVE('',#2170,#2236,#2526,.T.);
#1711=EDGE_CURVE('',#2237,#2236,#2527,.T.);
#1712=EDGE_CURVE('',#2238,#2237,#451,.T.);
#1713=EDGE_CURVE('',#2239,#2238,#2528,.T.);
#1714=EDGE_CURVE('',#2239,#2171,#2529,.T.);
#1715=EDGE_CURVE('',#2172,#2240,#2530,.T.);
#1716=EDGE_CURVE('',#2241,#2240,#2531,.T.);
#1717=EDGE_CURVE('',#2242,#2241,#452,.T.);
#1718=EDGE_CURVE('',#2243,#2242,#2532,.T.);
#1719=EDGE_CURVE('',#2243,#2173,#2533,.T.);
#1720=EDGE_CURVE('',#2174,#2244,#2534,.T.);
#1721=EDGE_CURVE('',#2245,#2244,#2535,.T.);
#1722=EDGE_CURVE('',#2246,#2245,#453,.T.);
#1723=EDGE_CURVE('',#2247,#2246,#2536,.T.);
#1724=EDGE_CURVE('',#2247,#2175,#2537,.T.);
#1725=EDGE_CURVE('',#2176,#2248,#2538,.T.);
#1726=EDGE_CURVE('',#2249,#2248,#2539,.T.);
#1727=EDGE_CURVE('',#2250,#2249,#454,.T.);
#1728=EDGE_CURVE('',#2251,#2250,#2540,.T.);
#1729=EDGE_CURVE('',#2251,#2177,#2541,.T.);
#1730=EDGE_CURVE('',#2178,#2252,#2542,.T.);
#1731=EDGE_CURVE('',#2253,#2252,#2543,.T.);
#1732=EDGE_CURVE('',#2254,#2253,#455,.T.);
#1733=EDGE_CURVE('',#2255,#2254,#2544,.T.);
#1734=EDGE_CURVE('',#2255,#2179,#2545,.T.);
#1735=EDGE_CURVE('',#2180,#2256,#2546,.T.);
#1736=EDGE_CURVE('',#2257,#2256,#2547,.T.);
#1737=EDGE_CURVE('',#2258,#2257,#456,.T.);
#1738=EDGE_CURVE('',#2259,#2258,#2548,.T.);
#1739=EDGE_CURVE('',#2259,#2181,#2549,.T.);
#1740=EDGE_CURVE('',#2182,#2260,#2550,.T.);
#1741=EDGE_CURVE('',#2261,#2260,#2551,.T.);
#1742=EDGE_CURVE('',#2262,#2261,#457,.T.);
#1743=EDGE_CURVE('',#2263,#2262,#2552,.T.);
#1744=EDGE_CURVE('',#2263,#2183,#2553,.T.);
#1745=EDGE_CURVE('',#2184,#2264,#2554,.T.);
#1746=EDGE_CURVE('',#2265,#2264,#2555,.T.);
#1747=EDGE_CURVE('',#2266,#2265,#458,.T.);
#1748=EDGE_CURVE('',#2267,#2266,#2556,.T.);
#1749=EDGE_CURVE('',#2267,#2185,#2557,.T.);
#1750=EDGE_CURVE('',#2186,#2268,#2558,.T.);
#1751=EDGE_CURVE('',#2269,#2268,#2559,.T.);
#1752=EDGE_CURVE('',#2270,#2269,#459,.T.);
#1753=EDGE_CURVE('',#2271,#2270,#2560,.T.);
#1754=EDGE_CURVE('',#2271,#2187,#2561,.T.);
#1755=EDGE_CURVE('',#2188,#2272,#2562,.T.);
#1756=EDGE_CURVE('',#2273,#2272,#2563,.T.);
#1757=EDGE_CURVE('',#2274,#2273,#460,.T.);
#1758=EDGE_CURVE('',#2275,#2274,#2564,.T.);
#1759=EDGE_CURVE('',#2275,#2189,#2565,.T.);
#1760=EDGE_CURVE('',#2190,#2276,#2566,.T.);
#1761=EDGE_CURVE('',#2277,#2276,#2567,.T.);
#1762=EDGE_CURVE('',#2278,#2277,#461,.T.);
#1763=EDGE_CURVE('',#2279,#2278,#2568,.T.);
#1764=EDGE_CURVE('',#2279,#2191,#2569,.T.);
#1765=EDGE_CURVE('',#2192,#2280,#2570,.T.);
#1766=EDGE_CURVE('',#2281,#2280,#2571,.T.);
#1767=EDGE_CURVE('',#2282,#2281,#462,.T.);
#1768=EDGE_CURVE('',#2283,#2282,#2572,.T.);
#1769=EDGE_CURVE('',#2283,#2193,#2573,.T.);
#1770=EDGE_CURVE('',#2194,#2284,#2574,.T.);
#1771=EDGE_CURVE('',#2285,#2284,#2575,.T.);
#1772=EDGE_CURVE('',#2286,#2285,#463,.T.);
#1773=EDGE_CURVE('',#2287,#2286,#2576,.T.);
#1774=EDGE_CURVE('',#2287,#2195,#2577,.T.);
#1775=EDGE_CURVE('',#2196,#2288,#2578,.T.);
#1776=EDGE_CURVE('',#2289,#2288,#2579,.T.);
#1777=EDGE_CURVE('',#2290,#2289,#464,.T.);
#1778=EDGE_CURVE('',#2291,#2290,#2580,.T.);
#1779=EDGE_CURVE('',#2291,#2197,#2581,.T.);
#1780=EDGE_CURVE('',#2198,#2292,#2582,.T.);
#1781=EDGE_CURVE('',#2293,#2292,#2583,.T.);
#1782=EDGE_CURVE('',#2294,#2293,#465,.T.);
#1783=EDGE_CURVE('',#2295,#2294,#2584,.T.);
#1784=EDGE_CURVE('',#2295,#2199,#2585,.T.);
#1785=EDGE_CURVE('',#2200,#2296,#2586,.T.);
#1786=EDGE_CURVE('',#2297,#2296,#2587,.T.);
#1787=EDGE_CURVE('',#2298,#2297,#466,.T.);
#1788=EDGE_CURVE('',#2299,#2298,#2588,.T.);
#1789=EDGE_CURVE('',#2299,#2201,#2589,.T.);
#1790=EDGE_CURVE('',#2202,#2300,#2590,.T.);
#1791=EDGE_CURVE('',#2301,#2300,#2591,.T.);
#1792=EDGE_CURVE('',#2302,#2301,#467,.T.);
#1793=EDGE_CURVE('',#2303,#2302,#2592,.T.);
#1794=EDGE_CURVE('',#2303,#2203,#2593,.T.);
#1795=EDGE_CURVE('',#2204,#2304,#2594,.T.);
#1796=EDGE_CURVE('',#2305,#2304,#2595,.T.);
#1797=EDGE_CURVE('',#2306,#2305,#468,.T.);
#1798=EDGE_CURVE('',#2307,#2306,#2596,.T.);
#1799=EDGE_CURVE('',#2307,#2205,#2597,.T.);
#1800=EDGE_CURVE('',#2206,#2308,#2598,.T.);
#1801=EDGE_CURVE('',#2309,#2308,#2599,.T.);
#1802=EDGE_CURVE('',#2310,#2309,#469,.T.);
#1803=EDGE_CURVE('',#2311,#2310,#2600,.T.);
#1804=EDGE_CURVE('',#2311,#2207,#2601,.T.);
#1805=EDGE_CURVE('',#2208,#2312,#2602,.T.);
#1806=EDGE_CURVE('',#2313,#2312,#2603,.T.);
#1807=EDGE_CURVE('',#2314,#2313,#470,.T.);
#1808=EDGE_CURVE('',#2315,#2314,#2604,.T.);
#1809=EDGE_CURVE('',#2315,#2209,#2605,.T.);
#1810=EDGE_CURVE('',#2210,#2316,#2606,.T.);
#1811=EDGE_CURVE('',#2317,#2316,#2607,.T.);
#1812=EDGE_CURVE('',#2318,#2317,#471,.T.);
#1813=EDGE_CURVE('',#2319,#2318,#2608,.T.);
#1814=EDGE_CURVE('',#2319,#2211,#2609,.T.);
#1815=EDGE_CURVE('',#2212,#2320,#2610,.T.);
#1816=EDGE_CURVE('',#2321,#2320,#2611,.T.);
#1817=EDGE_CURVE('',#2322,#2321,#472,.T.);
#1818=EDGE_CURVE('',#2323,#2322,#2612,.T.);
#1819=EDGE_CURVE('',#2323,#2213,#2613,.T.);
#1820=EDGE_CURVE('',#2214,#2324,#2614,.T.);
#1821=EDGE_CURVE('',#2325,#2324,#2615,.T.);
#1822=EDGE_CURVE('',#2326,#2325,#473,.T.);
#1823=EDGE_CURVE('',#2327,#2326,#2616,.T.);
#1824=EDGE_CURVE('',#2327,#2215,#2617,.T.);
#1825=EDGE_CURVE('',#2216,#2328,#2618,.T.);
#1826=EDGE_CURVE('',#2329,#2328,#2619,.T.);
#1827=EDGE_CURVE('',#2330,#2329,#474,.T.);
#1828=EDGE_CURVE('',#2331,#2330,#2620,.T.);
#1829=EDGE_CURVE('',#2331,#2217,#2621,.T.);
#1830=EDGE_CURVE('',#2218,#2332,#2622,.T.);
#1831=EDGE_CURVE('',#2333,#2332,#2623,.T.);
#1832=EDGE_CURVE('',#2334,#2333,#475,.T.);
#1833=EDGE_CURVE('',#2335,#2334,#2624,.T.);
#1834=EDGE_CURVE('',#2335,#2219,#2625,.T.);
#1835=EDGE_CURVE('',#2220,#2336,#2626,.T.);
#1836=EDGE_CURVE('',#2337,#2336,#2627,.T.);
#1837=EDGE_CURVE('',#2338,#2337,#476,.T.);
#1838=EDGE_CURVE('',#2339,#2338,#2628,.T.);
#1839=EDGE_CURVE('',#2339,#2221,#2629,.T.);
#1840=EDGE_CURVE('',#2340,#2341,#477,.T.);
#1841=EDGE_CURVE('',#2340,#2342,#151,.F.);
#1842=EDGE_CURVE('',#2342,#2343,#478,.T.);
#1843=EDGE_CURVE('',#2343,#2341,#152,.T.);
#1844=EDGE_CURVE('',#2233,#2344,#153,.T.);
#1845=EDGE_CURVE('',#2345,#2344,#479,.T.);
#1846=EDGE_CURVE('',#2345,#2234,#154,.F.);
#1847=EDGE_CURVE('',#2237,#2346,#155,.T.);
#1848=EDGE_CURVE('',#2347,#2346,#480,.T.);
#1849=EDGE_CURVE('',#2347,#2238,#156,.F.);
#1850=EDGE_CURVE('',#2241,#2348,#157,.T.);
#1851=EDGE_CURVE('',#2349,#2348,#481,.T.);
#1852=EDGE_CURVE('',#2349,#2242,#158,.F.);
#1853=EDGE_CURVE('',#2245,#2350,#159,.T.);
#1854=EDGE_CURVE('',#2351,#2350,#482,.T.);
#1855=EDGE_CURVE('',#2351,#2246,#160,.F.);
#1856=EDGE_CURVE('',#2249,#2352,#161,.T.);
#1857=EDGE_CURVE('',#2353,#2352,#483,.T.);
#1858=EDGE_CURVE('',#2353,#2250,#162,.F.);
#1859=EDGE_CURVE('',#2253,#2354,#163,.T.);
#1860=EDGE_CURVE('',#2355,#2354,#484,.T.);
#1861=EDGE_CURVE('',#2355,#2254,#164,.F.);
#1862=EDGE_CURVE('',#2257,#2356,#165,.T.);
#1863=EDGE_CURVE('',#2357,#2356,#485,.T.);
#1864=EDGE_CURVE('',#2357,#2258,#166,.F.);
#1865=EDGE_CURVE('',#2261,#2358,#167,.T.);
#1866=EDGE_CURVE('',#2359,#2358,#486,.T.);
#1867=EDGE_CURVE('',#2359,#2262,#168,.F.);
#1868=EDGE_CURVE('',#2265,#2360,#169,.T.);
#1869=EDGE_CURVE('',#2361,#2360,#487,.T.);
#1870=EDGE_CURVE('',#2361,#2266,#170,.F.);
#1871=EDGE_CURVE('',#2269,#2362,#171,.T.);
#1872=EDGE_CURVE('',#2363,#2362,#488,.T.);
#1873=EDGE_CURVE('',#2363,#2270,#172,.F.);
#1874=EDGE_CURVE('',#2273,#2364,#173,.T.);
#1875=EDGE_CURVE('',#2365,#2364,#489,.T.);
#1876=EDGE_CURVE('',#2365,#2274,#174,.F.);
#1877=EDGE_CURVE('',#2277,#2366,#175,.T.);
#1878=EDGE_CURVE('',#2367,#2366,#490,.T.);
#1879=EDGE_CURVE('',#2367,#2278,#176,.F.);
#1880=EDGE_CURVE('',#2281,#2368,#177,.T.);
#1881=EDGE_CURVE('',#2369,#2368,#491,.T.);
#1882=EDGE_CURVE('',#2369,#2282,#178,.F.);
#1883=EDGE_CURVE('',#2285,#2370,#179,.T.);
#1884=EDGE_CURVE('',#2371,#2370,#492,.T.);
#1885=EDGE_CURVE('',#2371,#2286,#180,.F.);
#1886=EDGE_CURVE('',#2289,#2372,#181,.T.);
#1887=EDGE_CURVE('',#2373,#2372,#493,.T.);
#1888=EDGE_CURVE('',#2373,#2290,#182,.F.);
#1889=EDGE_CURVE('',#2293,#2374,#183,.T.);
#1890=EDGE_CURVE('',#2375,#2374,#494,.T.);
#1891=EDGE_CURVE('',#2375,#2294,#184,.F.);
#1892=EDGE_CURVE('',#2297,#2376,#185,.T.);
#1893=EDGE_CURVE('',#2377,#2376,#495,.T.);
#1894=EDGE_CURVE('',#2377,#2298,#186,.F.);
#1895=EDGE_CURVE('',#2301,#2378,#187,.T.);
#1896=EDGE_CURVE('',#2379,#2378,#496,.T.);
#1897=EDGE_CURVE('',#2379,#2302,#188,.F.);
#1898=EDGE_CURVE('',#2305,#2380,#189,.T.);
#1899=EDGE_CURVE('',#2381,#2380,#497,.T.);
#1900=EDGE_CURVE('',#2381,#2306,#190,.F.);
#1901=EDGE_CURVE('',#2309,#2382,#191,.T.);
#1902=EDGE_CURVE('',#2383,#2382,#498,.T.);
#1903=EDGE_CURVE('',#2383,#2310,#192,.F.);
#1904=EDGE_CURVE('',#2313,#2384,#193,.T.);
#1905=EDGE_CURVE('',#2385,#2384,#499,.T.);
#1906=EDGE_CURVE('',#2385,#2314,#194,.F.);
#1907=EDGE_CURVE('',#2317,#2386,#195,.T.);
#1908=EDGE_CURVE('',#2387,#2386,#500,.T.);
#1909=EDGE_CURVE('',#2387,#2318,#196,.F.);
#1910=EDGE_CURVE('',#2321,#2388,#197,.T.);
#1911=EDGE_CURVE('',#2389,#2388,#501,.T.);
#1912=EDGE_CURVE('',#2389,#2322,#198,.F.);
#1913=EDGE_CURVE('',#2325,#2390,#199,.T.);
#1914=EDGE_CURVE('',#2391,#2390,#502,.T.);
#1915=EDGE_CURVE('',#2391,#2326,#200,.F.);
#1916=EDGE_CURVE('',#2329,#2392,#201,.T.);
#1917=EDGE_CURVE('',#2393,#2392,#503,.T.);
#1918=EDGE_CURVE('',#2393,#2330,#202,.F.);
#1919=EDGE_CURVE('',#2333,#2394,#203,.T.);
#1920=EDGE_CURVE('',#2395,#2394,#504,.T.);
#1921=EDGE_CURVE('',#2395,#2334,#204,.F.);
#1922=EDGE_CURVE('',#2396,#2344,#2630,.T.);
#1923=EDGE_CURVE('',#2396,#2397,#2631,.T.);
#1924=EDGE_CURVE('',#2398,#2397,#505,.T.);
#1925=EDGE_CURVE('',#2398,#2399,#2632,.T.);
#1926=EDGE_CURVE('',#2345,#2399,#2633,.T.);
#1927=EDGE_CURVE('',#2400,#2346,#2634,.T.);
#1928=EDGE_CURVE('',#2400,#2401,#2635,.T.);
#1929=EDGE_CURVE('',#2402,#2401,#506,.T.);
#1930=EDGE_CURVE('',#2402,#2403,#2636,.T.);
#1931=EDGE_CURVE('',#2347,#2403,#2637,.T.);
#1932=EDGE_CURVE('',#2404,#2348,#2638,.T.);
#1933=EDGE_CURVE('',#2404,#2405,#2639,.T.);
#1934=EDGE_CURVE('',#2406,#2405,#507,.T.);
#1935=EDGE_CURVE('',#2406,#2407,#2640,.T.);
#1936=EDGE_CURVE('',#2349,#2407,#2641,.T.);
#1937=EDGE_CURVE('',#2408,#2350,#2642,.T.);
#1938=EDGE_CURVE('',#2408,#2409,#2643,.T.);
#1939=EDGE_CURVE('',#2410,#2409,#508,.T.);
#1940=EDGE_CURVE('',#2410,#2411,#2644,.T.);
#1941=EDGE_CURVE('',#2351,#2411,#2645,.T.);
#1942=EDGE_CURVE('',#2412,#2352,#2646,.T.);
#1943=EDGE_CURVE('',#2412,#2413,#2647,.T.);
#1944=EDGE_CURVE('',#2414,#2413,#509,.T.);
#1945=EDGE_CURVE('',#2414,#2415,#2648,.T.);
#1946=EDGE_CURVE('',#2353,#2415,#2649,.T.);
#1947=EDGE_CURVE('',#2416,#2354,#2650,.T.);
#1948=EDGE_CURVE('',#2416,#2417,#2651,.T.);
#1949=EDGE_CURVE('',#2418,#2417,#510,.T.);
#1950=EDGE_CURVE('',#2418,#2419,#2652,.T.);
#1951=EDGE_CURVE('',#2355,#2419,#2653,.T.);
#1952=EDGE_CURVE('',#2420,#2356,#2654,.T.);
#1953=EDGE_CURVE('',#2420,#2421,#2655,.T.);
#1954=EDGE_CURVE('',#2422,#2421,#511,.T.);
#1955=EDGE_CURVE('',#2422,#2423,#2656,.T.);
#1956=EDGE_CURVE('',#2357,#2423,#2657,.T.);
#1957=EDGE_CURVE('',#2424,#2358,#2658,.T.);
#1958=EDGE_CURVE('',#2424,#2425,#2659,.T.);
#1959=EDGE_CURVE('',#2426,#2425,#512,.T.);
#1960=EDGE_CURVE('',#2426,#2427,#2660,.T.);
#1961=EDGE_CURVE('',#2359,#2427,#2661,.T.);
#1962=EDGE_CURVE('',#2428,#2360,#2662,.T.);
#1963=EDGE_CURVE('',#2428,#2429,#2663,.T.);
#1964=EDGE_CURVE('',#2430,#2429,#513,.T.);
#1965=EDGE_CURVE('',#2430,#2431,#2664,.T.);
#1966=EDGE_CURVE('',#2361,#2431,#2665,.T.);
#1967=EDGE_CURVE('',#2432,#2362,#2666,.T.);
#1968=EDGE_CURVE('',#2432,#2433,#2667,.T.);
#1969=EDGE_CURVE('',#2434,#2433,#514,.T.);
#1970=EDGE_CURVE('',#2434,#2435,#2668,.T.);
#1971=EDGE_CURVE('',#2363,#2435,#2669,.T.);
#1972=EDGE_CURVE('',#2436,#2364,#2670,.T.);
#1973=EDGE_CURVE('',#2436,#2437,#2671,.T.);
#1974=EDGE_CURVE('',#2438,#2437,#515,.T.);
#1975=EDGE_CURVE('',#2438,#2439,#2672,.T.);
#1976=EDGE_CURVE('',#2365,#2439,#2673,.T.);
#1977=EDGE_CURVE('',#2440,#2366,#2674,.T.);
#1978=EDGE_CURVE('',#2440,#2441,#2675,.T.);
#1979=EDGE_CURVE('',#2442,#2441,#516,.T.);
#1980=EDGE_CURVE('',#2442,#2443,#2676,.T.);
#1981=EDGE_CURVE('',#2367,#2443,#2677,.T.);
#1982=EDGE_CURVE('',#2444,#2368,#2678,.T.);
#1983=EDGE_CURVE('',#2444,#2445,#2679,.T.);
#1984=EDGE_CURVE('',#2446,#2445,#517,.T.);
#1985=EDGE_CURVE('',#2446,#2447,#2680,.T.);
#1986=EDGE_CURVE('',#2369,#2447,#2681,.T.);
#1987=EDGE_CURVE('',#2448,#2370,#2682,.T.);
#1988=EDGE_CURVE('',#2448,#2449,#2683,.T.);
#1989=EDGE_CURVE('',#2450,#2449,#518,.T.);
#1990=EDGE_CURVE('',#2450,#2451,#2684,.T.);
#1991=EDGE_CURVE('',#2371,#2451,#2685,.T.);
#1992=EDGE_CURVE('',#2452,#2372,#2686,.T.);
#1993=EDGE_CURVE('',#2452,#2453,#2687,.T.);
#1994=EDGE_CURVE('',#2454,#2453,#519,.T.);
#1995=EDGE_CURVE('',#2454,#2455,#2688,.T.);
#1996=EDGE_CURVE('',#2373,#2455,#2689,.T.);
#1997=EDGE_CURVE('',#2456,#2374,#2690,.T.);
#1998=EDGE_CURVE('',#2456,#2457,#2691,.T.);
#1999=EDGE_CURVE('',#2458,#2457,#520,.T.);
#2000=EDGE_CURVE('',#2458,#2459,#2692,.T.);
#2001=EDGE_CURVE('',#2375,#2459,#2693,.T.);
#2002=EDGE_CURVE('',#2460,#2376,#2694,.T.);
#2003=EDGE_CURVE('',#2460,#2461,#2695,.T.);
#2004=EDGE_CURVE('',#2462,#2461,#521,.T.);
#2005=EDGE_CURVE('',#2462,#2463,#2696,.T.);
#2006=EDGE_CURVE('',#2377,#2463,#2697,.T.);
#2007=EDGE_CURVE('',#2464,#2378,#2698,.T.);
#2008=EDGE_CURVE('',#2464,#2465,#2699,.T.);
#2009=EDGE_CURVE('',#2466,#2465,#522,.T.);
#2010=EDGE_CURVE('',#2466,#2467,#2700,.T.);
#2011=EDGE_CURVE('',#2379,#2467,#2701,.T.);
#2012=EDGE_CURVE('',#2468,#2380,#2702,.T.);
#2013=EDGE_CURVE('',#2468,#2469,#2703,.T.);
#2014=EDGE_CURVE('',#2470,#2469,#523,.T.);
#2015=EDGE_CURVE('',#2470,#2471,#2704,.T.);
#2016=EDGE_CURVE('',#2381,#2471,#2705,.T.);
#2017=EDGE_CURVE('',#2472,#2382,#2706,.T.);
#2018=EDGE_CURVE('',#2472,#2473,#2707,.T.);
#2019=EDGE_CURVE('',#2474,#2473,#524,.T.);
#2020=EDGE_CURVE('',#2474,#2475,#2708,.T.);
#2021=EDGE_CURVE('',#2383,#2475,#2709,.T.);
#2022=EDGE_CURVE('',#2476,#2384,#2710,.T.);
#2023=EDGE_CURVE('',#2476,#2477,#2711,.T.);
#2024=EDGE_CURVE('',#2478,#2477,#525,.T.);
#2025=EDGE_CURVE('',#2478,#2479,#2712,.T.);
#2026=EDGE_CURVE('',#2385,#2479,#2713,.T.);
#2027=EDGE_CURVE('',#2480,#2386,#2714,.T.);
#2028=EDGE_CURVE('',#2480,#2481,#2715,.T.);
#2029=EDGE_CURVE('',#2482,#2481,#526,.T.);
#2030=EDGE_CURVE('',#2482,#2483,#2716,.T.);
#2031=EDGE_CURVE('',#2387,#2483,#2717,.T.);
#2032=EDGE_CURVE('',#2484,#2388,#2718,.T.);
#2033=EDGE_CURVE('',#2484,#2485,#2719,.T.);
#2034=EDGE_CURVE('',#2486,#2485,#527,.T.);
#2035=EDGE_CURVE('',#2486,#2487,#2720,.T.);
#2036=EDGE_CURVE('',#2389,#2487,#2721,.T.);
#2037=EDGE_CURVE('',#2488,#2390,#2722,.T.);
#2038=EDGE_CURVE('',#2488,#2489,#2723,.T.);
#2039=EDGE_CURVE('',#2490,#2489,#528,.T.);
#2040=EDGE_CURVE('',#2490,#2491,#2724,.T.);
#2041=EDGE_CURVE('',#2391,#2491,#2725,.T.);
#2042=EDGE_CURVE('',#2492,#2392,#2726,.T.);
#2043=EDGE_CURVE('',#2492,#2493,#2727,.T.);
#2044=EDGE_CURVE('',#2494,#2493,#529,.T.);
#2045=EDGE_CURVE('',#2494,#2495,#2728,.T.);
#2046=EDGE_CURVE('',#2393,#2495,#2729,.T.);
#2047=EDGE_CURVE('',#2496,#2394,#2730,.T.);
#2048=EDGE_CURVE('',#2496,#2497,#2731,.T.);
#2049=EDGE_CURVE('',#2498,#2497,#530,.T.);
#2050=EDGE_CURVE('',#2498,#2499,#2732,.T.);
#2051=EDGE_CURVE('',#2395,#2499,#2733,.T.);
#2052=EDGE_CURVE('',#2500,#2501,#2734,.T.);
#2053=EDGE_CURVE('',#2500,#2502,#2735,.T.);
#2054=EDGE_CURVE('',#2503,#2502,#531,.T.);
#2055=EDGE_CURVE('',#2503,#2504,#2736,.T.);
#2056=EDGE_CURVE('',#2505,#2504,#2737,.T.);
#2057=EDGE_CURVE('',#2505,#2501,#532,.T.);
#2058=EDGE_CURVE('',#2506,#2342,#2738,.T.);
#2059=EDGE_CURVE('',#2506,#2168,#2739,.T.);
#2060=EDGE_CURVE('',#2222,#2507,#2740,.T.);
#2061=EDGE_CURVE('',#2343,#2507,#2741,.T.);
#2062=EDGE_CURVE('',#2337,#2501,#205,.T.);
#2063=EDGE_CURVE('',#2505,#2338,#206,.F.);
#2064=EDGE_CURVE('',#2340,#2508,#2742,.T.);
#2065=EDGE_CURVE('',#2509,#2341,#2743,.T.);
#2066=EDGE_CURVE('',#2509,#2510,#2744,.T.);
#2067=EDGE_CURVE('',#2511,#2510,#533,.T.);
#2068=EDGE_CURVE('',#2511,#2508,#2745,.T.);
#2069=EDGE_CURVE('',#2511,#2397,#534,.F.);
#2070=EDGE_CURVE('',#2503,#2510,#535,.F.);
#2071=EDGE_CURVE('',#2498,#2502,#536,.F.);
#2072=EDGE_CURVE('',#2494,#2497,#537,.F.);
#2073=EDGE_CURVE('',#2490,#2493,#538,.F.);
#2074=EDGE_CURVE('',#2486,#2489,#539,.F.);
#2075=EDGE_CURVE('',#2482,#2485,#540,.F.);
#2076=EDGE_CURVE('',#2478,#2481,#541,.F.);
#2077=EDGE_CURVE('',#2474,#2477,#542,.F.);
#2078=EDGE_CURVE('',#2470,#2473,#543,.F.);
#2079=EDGE_CURVE('',#2466,#2469,#544,.F.);
#2080=EDGE_CURVE('',#2462,#2465,#545,.F.);
#2081=EDGE_CURVE('',#2458,#2461,#546,.F.);
#2082=EDGE_CURVE('',#2454,#2457,#547,.F.);
#2083=EDGE_CURVE('',#2450,#2453,#548,.F.);
#2084=EDGE_CURVE('',#2446,#2449,#549,.F.);
#2085=EDGE_CURVE('',#2442,#2445,#550,.F.);
#2086=EDGE_CURVE('',#2438,#2441,#551,.F.);
#2087=EDGE_CURVE('',#2434,#2437,#552,.F.);
#2088=EDGE_CURVE('',#2430,#2433,#553,.F.);
#2089=EDGE_CURVE('',#2426,#2429,#554,.F.);
#2090=EDGE_CURVE('',#2422,#2425,#555,.F.);
#2091=EDGE_CURVE('',#2418,#2421,#556,.F.);
#2092=EDGE_CURVE('',#2414,#2417,#557,.F.);
#2093=EDGE_CURVE('',#2410,#2413,#558,.F.);
#2094=EDGE_CURVE('',#2406,#2409,#559,.F.);
#2095=EDGE_CURVE('',#2402,#2405,#560,.F.);
#2096=EDGE_CURVE('',#2398,#2401,#561,.F.);
#2097=EDGE_CURVE('',#2504,#2339,#207,.T.);
#2098=EDGE_CURVE('',#2509,#2507,#208,.T.);
#2099=EDGE_CURVE('',#2499,#2335,#209,.T.);
#2100=EDGE_CURVE('',#2500,#2336,#210,.T.);
#2101=EDGE_CURVE('',#2495,#2331,#211,.T.);
#2102=EDGE_CURVE('',#2496,#2332,#212,.T.);
#2103=EDGE_CURVE('',#2491,#2327,#213,.T.);
#2104=EDGE_CURVE('',#2492,#2328,#214,.T.);
#2105=EDGE_CURVE('',#2487,#2323,#215,.T.);
#2106=EDGE_CURVE('',#2488,#2324,#216,.T.);
#2107=EDGE_CURVE('',#2483,#2319,#217,.T.);
#2108=EDGE_CURVE('',#2484,#2320,#218,.T.);
#2109=EDGE_CURVE('',#2479,#2315,#219,.T.);
#2110=EDGE_CURVE('',#2480,#2316,#220,.T.);
#2111=EDGE_CURVE('',#2475,#2311,#221,.T.);
#2112=EDGE_CURVE('',#2476,#2312,#222,.T.);
#2113=EDGE_CURVE('',#2471,#2307,#223,.T.);
#2114=EDGE_CURVE('',#2472,#2308,#224,.T.);
#2115=EDGE_CURVE('',#2467,#2303,#225,.T.);
#2116=EDGE_CURVE('',#2468,#2304,#226,.T.);
#2117=EDGE_CURVE('',#2463,#2299,#227,.T.);
#2118=EDGE_CURVE('',#2464,#2300,#228,.T.);
#2119=EDGE_CURVE('',#2459,#2295,#229,.T.);
#2120=EDGE_CURVE('',#2460,#2296,#230,.T.);
#2121=EDGE_CURVE('',#2455,#2291,#231,.T.);
#2122=EDGE_CURVE('',#2456,#2292,#232,.T.);
#2123=EDGE_CURVE('',#2451,#2287,#233,.T.);
#2124=EDGE_CURVE('',#2452,#2288,#234,.T.);
#2125=EDGE_CURVE('',#2447,#2283,#235,.T.);
#2126=EDGE_CURVE('',#2448,#2284,#236,.T.);
#2127=EDGE_CURVE('',#2443,#2279,#237,.T.);
#2128=EDGE_CURVE('',#2444,#2280,#238,.T.);
#2129=EDGE_CURVE('',#2439,#2275,#239,.T.);
#2130=EDGE_CURVE('',#2440,#2276,#240,.T.);
#2131=EDGE_CURVE('',#2435,#2271,#241,.T.);
#2132=EDGE_CURVE('',#2436,#2272,#242,.T.);
#2133=EDGE_CURVE('',#2431,#2267,#243,.T.);
#2134=EDGE_CURVE('',#2432,#2268,#244,.T.);
#2135=EDGE_CURVE('',#2427,#2263,#245,.T.);
#2136=EDGE_CURVE('',#2428,#2264,#246,.T.);
#2137=EDGE_CURVE('',#2423,#2259,#247,.T.);
#2138=EDGE_CURVE('',#2424,#2260,#248,.T.);
#2139=EDGE_CURVE('',#2419,#2255,#249,.T.);
#2140=EDGE_CURVE('',#2420,#2256,#250,.T.);
#2141=EDGE_CURVE('',#2415,#2251,#251,.T.);
#2142=EDGE_CURVE('',#2416,#2252,#252,.T.);
#2143=EDGE_CURVE('',#2411,#2247,#253,.T.);
#2144=EDGE_CURVE('',#2412,#2248,#254,.T.);
#2145=EDGE_CURVE('',#2407,#2243,#255,.T.);
#2146=EDGE_CURVE('',#2408,#2244,#256,.T.);
#2147=EDGE_CURVE('',#2403,#2239,#257,.T.);
#2148=EDGE_CURVE('',#2404,#2240,#258,.T.);
#2149=EDGE_CURVE('',#2399,#2235,#259,.T.);
#2150=EDGE_CURVE('',#2400,#2236,#260,.T.);
#2151=EDGE_CURVE('',#2508,#2506,#261,.T.);
#2152=EDGE_CURVE('',#2396,#2232,#262,.T.);
#2153=EDGE_CURVE('',#2512,#2512,#562,.F.);
#2154=EDGE_CURVE('',#2230,#2226,#263,.T.);
#2155=EDGE_CURVE('',#2228,#2223,#264,.T.);
#2156=EDGE_CURVE('',#2513,#2513,#563,.T.);
#2157=EDGE_CURVE('',#2514,#2514,#564,.T.);
#2158=VERTEX_POINT('',#4616);
#2159=VERTEX_POINT('',#4618);
#2160=VERTEX_POINT('',#4620);
#2161=VERTEX_POINT('',#4634);
#2162=VERTEX_POINT('',#4637);
#2163=VERTEX_POINT('',#4638);
#2164=VERTEX_POINT('',#4640);
#2165=VERTEX_POINT('',#4642);
#2166=VERTEX_POINT('',#4655);
#2167=VERTEX_POINT('',#4658);
#2168=VERTEX_POINT('',#4659);
#2169=VERTEX_POINT('',#4661);
#2170=VERTEX_POINT('',#4663);
#2171=VERTEX_POINT('',#4665);
#2172=VERTEX_POINT('',#4667);
#2173=VERTEX_POINT('',#4669);
#2174=VERTEX_POINT('',#4671);
#2175=VERTEX_POINT('',#4673);
#2176=VERTEX_POINT('',#4675);
#2177=VERTEX_POINT('',#4677);
#2178=VERTEX_POINT('',#4679);
#2179=VERTEX_POINT('',#4681);
#2180=VERTEX_POINT('',#4683);
#2181=VERTEX_POINT('',#4685);
#2182=VERTEX_POINT('',#4687);
#2183=VERTEX_POINT('',#4689);
#2184=VERTEX_POINT('',#4691);
#2185=VERTEX_POINT('',#4693);
#2186=VERTEX_POINT('',#4695);
#2187=VERTEX_POINT('',#4697);
#2188=VERTEX_POINT('',#4699);
#2189=VERTEX_POINT('',#4701);
#2190=VERTEX_POINT('',#4703);
#2191=VERTEX_POINT('',#4705);
#2192=VERTEX_POINT('',#4707);
#2193=VERTEX_POINT('',#4709);
#2194=VERTEX_POINT('',#4711);
#2195=VERTEX_POINT('',#4713);
#2196=VERTEX_POINT('',#4715);
#2197=VERTEX_POINT('',#4717);
#2198=VERTEX_POINT('',#4719);
#2199=VERTEX_POINT('',#4721);
#2200=VERTEX_POINT('',#4723);
#2201=VERTEX_POINT('',#4725);
#2202=VERTEX_POINT('',#4727);
#2203=VERTEX_POINT('',#4729);
#2204=VERTEX_POINT('',#4731);
#2205=VERTEX_POINT('',#4733);
#2206=VERTEX_POINT('',#4735);
#2207=VERTEX_POINT('',#4737);
#2208=VERTEX_POINT('',#4739);
#2209=VERTEX_POINT('',#4741);
#2210=VERTEX_POINT('',#4743);
#2211=VERTEX_POINT('',#4745);
#2212=VERTEX_POINT('',#4747);
#2213=VERTEX_POINT('',#4749);
#2214=VERTEX_POINT('',#4751);
#2215=VERTEX_POINT('',#4753);
#2216=VERTEX_POINT('',#4755);
#2217=VERTEX_POINT('',#4757);
#2218=VERTEX_POINT('',#4759);
#2219=VERTEX_POINT('',#4761);
#2220=VERTEX_POINT('',#4763);
#2221=VERTEX_POINT('',#4765);
#2222=VERTEX_POINT('',#4767);
#2223=VERTEX_POINT('',#4770);
#2224=VERTEX_POINT('',#4771);
#2225=VERTEX_POINT('',#4773);
#2226=VERTEX_POINT('',#4775);
#2227=VERTEX_POINT('',#4779);
#2228=VERTEX_POINT('',#4781);
#2229=VERTEX_POINT('',#4782);
#2230=VERTEX_POINT('',#4784);
#2231=VERTEX_POINT('',#4786);
#2232=VERTEX_POINT('',#4811);
#2233=VERTEX_POINT('',#4816);
#2234=VERTEX_POINT('',#4818);
#2235=VERTEX_POINT('',#4823);
#2236=VERTEX_POINT('',#4833);
#2237=VERTEX_POINT('',#4838);
#2238=VERTEX_POINT('',#4840);
#2239=VERTEX_POINT('',#4845);
#2240=VERTEX_POINT('',#4855);
#2241=VERTEX_POINT('',#4860);
#2242=VERTEX_POINT('',#4862);
#2243=VERTEX_POINT('',#4867);
#2244=VERTEX_POINT('',#4877);
#2245=VERTEX_POINT('',#4882);
#2246=VERTEX_POINT('',#4884);
#2247=VERTEX_POINT('',#4889);
#2248=VERTEX_POINT('',#4899);
#2249=VERTEX_POINT('',#4904);
#2250=VERTEX_POINT('',#4906);
#2251=VERTEX_POINT('',#4911);
#2252=VERTEX_POINT('',#4921);
#2253=VERTEX_POINT('',#4926);
#2254=VERTEX_POINT('',#4928);
#2255=VERTEX_POINT('',#4933);
#2256=VERTEX_POINT('',#4943);
#2257=VERTEX_POINT('',#4948);
#2258=VERTEX_POINT('',#4950);
#2259=VERTEX_POINT('',#4955);
#2260=VERTEX_POINT('',#4965);
#2261=VERTEX_POINT('',#4970);
#2262=VERTEX_POINT('',#4972);
#2263=VERTEX_POINT('',#4977);
#2264=VERTEX_POINT('',#4987);
#2265=VERTEX_POINT('',#4992);
#2266=VERTEX_POINT('',#4994);
#2267=VERTEX_POINT('',#4999);
#2268=VERTEX_POINT('',#5009);
#2269=VERTEX_POINT('',#5014);
#2270=VERTEX_POINT('',#5016);
#2271=VERTEX_POINT('',#5021);
#2272=VERTEX_POINT('',#5031);
#2273=VERTEX_POINT('',#5036);
#2274=VERTEX_POINT('',#5038);
#2275=VERTEX_POINT('',#5043);
#2276=VERTEX_POINT('',#5053);
#2277=VERTEX_POINT('',#5058);
#2278=VERTEX_POINT('',#5060);
#2279=VERTEX_POINT('',#5065);
#2280=VERTEX_POINT('',#5075);
#2281=VERTEX_POINT('',#5080);
#2282=VERTEX_POINT('',#5082);
#2283=VERTEX_POINT('',#5087);
#2284=VERTEX_POINT('',#5097);
#2285=VERTEX_POINT('',#5102);
#2286=VERTEX_POINT('',#5104);
#2287=VERTEX_POINT('',#5109);
#2288=VERTEX_POINT('',#5119);
#2289=VERTEX_POINT('',#5124);
#2290=VERTEX_POINT('',#5126);
#2291=VERTEX_POINT('',#5131);
#2292=VERTEX_POINT('',#5141);
#2293=VERTEX_POINT('',#5146);
#2294=VERTEX_POINT('',#5148);
#2295=VERTEX_POINT('',#5153);
#2296=VERTEX_POINT('',#5163);
#2297=VERTEX_POINT('',#5168);
#2298=VERTEX_POINT('',#5170);
#2299=VERTEX_POINT('',#5175);
#2300=VERTEX_POINT('',#5185);
#2301=VERTEX_POINT('',#5190);
#2302=VERTEX_POINT('',#5192);
#2303=VERTEX_POINT('',#5197);
#2304=VERTEX_POINT('',#5207);
#2305=VERTEX_POINT('',#5212);
#2306=VERTEX_POINT('',#5214);
#2307=VERTEX_POINT('',#5219);
#2308=VERTEX_POINT('',#5229);
#2309=VERTEX_POINT('',#5234);
#2310=VERTEX_POINT('',#5236);
#2311=VERTEX_POINT('',#5241);
#2312=VERTEX_POINT('',#5251);
#2313=VERTEX_POINT('',#5256);
#2314=VERTEX_POINT('',#5258);
#2315=VERTEX_POINT('',#5263);
#2316=VERTEX_POINT('',#5273);
#2317=VERTEX_POINT('',#5278);
#2318=VERTEX_POINT('',#5280);
#2319=VERTEX_POINT('',#5285);
#2320=VERTEX_POINT('',#5295);
#2321=VERTEX_POINT('',#5300);
#2322=VERTEX_POINT('',#5302);
#2323=VERTEX_POINT('',#5307);
#2324=VERTEX_POINT('',#5317);
#2325=VERTEX_POINT('',#5322);
#2326=VERTEX_POINT('',#5324);
#2327=VERTEX_POINT('',#5329);
#2328=VERTEX_POINT('',#5339);
#2329=VERTEX_POINT('',#5344);
#2330=VERTEX_POINT('',#5346);
#2331=VERTEX_POINT('',#5351);
#2332=VERTEX_POINT('',#5361);
#2333=VERTEX_POINT('',#5366);
#2334=VERTEX_POINT('',#5368);
#2335=VERTEX_POINT('',#5373);
#2336=VERTEX_POINT('',#5383);
#2337=VERTEX_POINT('',#5388);
#2338=VERTEX_POINT('',#5390);
#2339=VERTEX_POINT('',#5395);
#2340=VERTEX_POINT('',#5402);
#2341=VERTEX_POINT('',#5403);
#2342=VERTEX_POINT('',#5405);
#2343=VERTEX_POINT('',#5407);
#2344=VERTEX_POINT('',#5411);
#2345=VERTEX_POINT('',#5413);
#2346=VERTEX_POINT('',#5417);
#2347=VERTEX_POINT('',#5419);
#2348=VERTEX_POINT('',#5423);
#2349=VERTEX_POINT('',#5425);
#2350=VERTEX_POINT('',#5429);
#2351=VERTEX_POINT('',#5431);
#2352=VERTEX_POINT('',#5435);
#2353=VERTEX_POINT('',#5437);
#2354=VERTEX_POINT('',#5441);
#2355=VERTEX_POINT('',#5443);
#2356=VERTEX_POINT('',#5447);
#2357=VERTEX_POINT('',#5449);
#2358=VERTEX_POINT('',#5453);
#2359=VERTEX_POINT('',#5455);
#2360=VERTEX_POINT('',#5459);
#2361=VERTEX_POINT('',#5461);
#2362=VERTEX_POINT('',#5465);
#2363=VERTEX_POINT('',#5467);
#2364=VERTEX_POINT('',#5471);
#2365=VERTEX_POINT('',#5473);
#2366=VERTEX_POINT('',#5477);
#2367=VERTEX_POINT('',#5479);
#2368=VERTEX_POINT('',#5483);
#2369=VERTEX_POINT('',#5485);
#2370=VERTEX_POINT('',#5489);
#2371=VERTEX_POINT('',#5491);
#2372=VERTEX_POINT('',#5495);
#2373=VERTEX_POINT('',#5497);
#2374=VERTEX_POINT('',#5501);
#2375=VERTEX_POINT('',#5503);
#2376=VERTEX_POINT('',#5507);
#2377=VERTEX_POINT('',#5509);
#2378=VERTEX_POINT('',#5513);
#2379=VERTEX_POINT('',#5515);
#2380=VERTEX_POINT('',#5519);
#2381=VERTEX_POINT('',#5521);
#2382=VERTEX_POINT('',#5525);
#2383=VERTEX_POINT('',#5527);
#2384=VERTEX_POINT('',#5531);
#2385=VERTEX_POINT('',#5533);
#2386=VERTEX_POINT('',#5537);
#2387=VERTEX_POINT('',#5539);
#2388=VERTEX_POINT('',#5543);
#2389=VERTEX_POINT('',#5545);
#2390=VERTEX_POINT('',#5549);
#2391=VERTEX_POINT('',#5551);
#2392=VERTEX_POINT('',#5555);
#2393=VERTEX_POINT('',#5557);
#2394=VERTEX_POINT('',#5561);
#2395=VERTEX_POINT('',#5563);
#2396=VERTEX_POINT('',#5570);
#2397=VERTEX_POINT('',#5575);
#2398=VERTEX_POINT('',#5577);
#2399=VERTEX_POINT('',#5582);
#2400=VERTEX_POINT('',#5592);
#2401=VERTEX_POINT('',#5597);
#2402=VERTEX_POINT('',#5599);
#2403=VERTEX_POINT('',#5604);
#2404=VERTEX_POINT('',#5614);
#2405=VERTEX_POINT('',#5619);
#2406=VERTEX_POINT('',#5621);
#2407=VERTEX_POINT('',#5626);
#2408=VERTEX_POINT('',#5636);
#2409=VERTEX_POINT('',#5641);
#2410=VERTEX_POINT('',#5643);
#2411=VERTEX_POINT('',#5648);
#2412=VERTEX_POINT('',#5658);
#2413=VERTEX_POINT('',#5663);
#2414=VERTEX_POINT('',#5665);
#2415=VERTEX_POINT('',#5670);
#2416=VERTEX_POINT('',#5680);
#2417=VERTEX_POINT('',#5685);
#2418=VERTEX_POINT('',#5687);
#2419=VERTEX_POINT('',#5692);
#2420=VERTEX_POINT('',#5702);
#2421=VERTEX_POINT('',#5707);
#2422=VERTEX_POINT('',#5709);
#2423=VERTEX_POINT('',#5714);
#2424=VERTEX_POINT('',#5724);
#2425=VERTEX_POINT('',#5729);
#2426=VERTEX_POINT('',#5731);
#2427=VERTEX_POINT('',#5736);
#2428=VERTEX_POINT('',#5746);
#2429=VERTEX_POINT('',#5751);
#2430=VERTEX_POINT('',#5753);
#2431=VERTEX_POINT('',#5758);
#2432=VERTEX_POINT('',#5768);
#2433=VERTEX_POINT('',#5773);
#2434=VERTEX_POINT('',#5775);
#2435=VERTEX_POINT('',#5780);
#2436=VERTEX_POINT('',#5790);
#2437=VERTEX_POINT('',#5795);
#2438=VERTEX_POINT('',#5797);
#2439=VERTEX_POINT('',#5802);
#2440=VERTEX_POINT('',#5812);
#2441=VERTEX_POINT('',#5817);
#2442=VERTEX_POINT('',#5819);
#2443=VERTEX_POINT('',#5824);
#2444=VERTEX_POINT('',#5834);
#2445=VERTEX_POINT('',#5839);
#2446=VERTEX_POINT('',#5841);
#2447=VERTEX_POINT('',#5846);
#2448=VERTEX_POINT('',#5856);
#2449=VERTEX_POINT('',#5861);
#2450=VERTEX_POINT('',#5863);
#2451=VERTEX_POINT('',#5868);
#2452=VERTEX_POINT('',#5878);
#2453=VERTEX_POINT('',#5883);
#2454=VERTEX_POINT('',#5885);
#2455=VERTEX_POINT('',#5890);
#2456=VERTEX_POINT('',#5900);
#2457=VERTEX_POINT('',#5905);
#2458=VERTEX_POINT('',#5907);
#2459=VERTEX_POINT('',#5912);
#2460=VERTEX_POINT('',#5922);
#2461=VERTEX_POINT('',#5927);
#2462=VERTEX_POINT('',#5929);
#2463=VERTEX_POINT('',#5934);
#2464=VERTEX_POINT('',#5944);
#2465=VERTEX_POINT('',#5949);
#2466=VERTEX_POINT('',#5951);
#2467=VERTEX_POINT('',#5956);
#2468=VERTEX_POINT('',#5966);
#2469=VERTEX_POINT('',#5971);
#2470=VERTEX_POINT('',#5973);
#2471=VERTEX_POINT('',#5978);
#2472=VERTEX_POINT('',#5988);
#2473=VERTEX_POINT('',#5993);
#2474=VERTEX_POINT('',#5995);
#2475=VERTEX_POINT('',#6000);
#2476=VERTEX_POINT('',#6010);
#2477=VERTEX_POINT('',#6015);
#2478=VERTEX_POINT('',#6017);
#2479=VERTEX_POINT('',#6022);
#2480=VERTEX_POINT('',#6032);
#2481=VERTEX_POINT('',#6037);
#2482=VERTEX_POINT('',#6039);
#2483=VERTEX_POINT('',#6044);
#2484=VERTEX_POINT('',#6054);
#2485=VERTEX_POINT('',#6059);
#2486=VERTEX_POINT('',#6061);
#2487=VERTEX_POINT('',#6066);
#2488=VERTEX_POINT('',#6076);
#2489=VERTEX_POINT('',#6081);
#2490=VERTEX_POINT('',#6083);
#2491=VERTEX_POINT('',#6088);
#2492=VERTEX_POINT('',#6098);
#2493=VERTEX_POINT('',#6103);
#2494=VERTEX_POINT('',#6105);
#2495=VERTEX_POINT('',#6110);
#2496=VERTEX_POINT('',#6120);
#2497=VERTEX_POINT('',#6125);
#2498=VERTEX_POINT('',#6127);
#2499=VERTEX_POINT('',#6132);
#2500=VERTEX_POINT('',#6142);
#2501=VERTEX_POINT('',#6143);
#2502=VERTEX_POINT('',#6148);
#2503=VERTEX_POINT('',#6150);
#2504=VERTEX_POINT('',#6155);
#2505=VERTEX_POINT('',#6160);
#2506=VERTEX_POINT('',#6167);
#2507=VERTEX_POINT('',#6176);
#2508=VERTEX_POINT('',#6189);
#2509=VERTEX_POINT('',#6194);
#2510=VERTEX_POINT('',#6199);
#2511=VERTEX_POINT('',#6201);
#2512=VERTEX_POINT('',#6378);
#2513=VERTEX_POINT('',#6385);
#2514=VERTEX_POINT('',#6389);
#2515=B_SPLINE_CURVE_WITH_KNOTS('',3,(#4603,#4604,#4605,#4606,#4607,#4608,
#4609,#4610,#4611,#4612,#4613,#4614,#4615),.UNSPECIFIED.,.T.,.F.,(1,1,1,
1,1,1,1,1,1,1,1,1,1,1,1,1,1),(-0.00920720578314333,-0.00613813718876222,
-0.00306906859438111,0.,0.00306906859438111,0.00613813718876222,0.00767267148595278,
0.00920720578314333,0.0107417400803339,0.0122762743775244,0.0153453429719056,
0.0184144115662867,0.0214834801606678,0.0245525487550489,0.02762161734943,
0.0306906859438111,0.0322252202410017),.UNSPECIFIED.);
#2516=B_SPLINE_CURVE_WITH_KNOTS('',3,(#4621,#4622,#4623,#4624,#4625,#4626,
#4627,#4628,#4629,#4630,#4631,#4632,#4633),.UNSPECIFIED.,.T.,.F.,(1,1,1,
1,1,1,1,1,1,1,1,1,1,1,1,1,1),(-0.0076667435180415,-0.0061333948144332,-0.0030666974072166,
0.,0.0030666974072166,0.0061333948144332,0.0092000922216498,0.0122667896288664,
0.0138001383324747,0.015333487036083,0.0168668357396913,0.0184001844432996,
0.0214668818505162,0.0245335792577328,0.0276002766649494,0.030666974072166,
0.0337336714793826),.UNSPECIFIED.);
#2517=B_SPLINE_CURVE_WITH_KNOTS('',3,(#4644,#4645,#4646,#4647,#4648,#4649,
#4650,#4651,#4652,#4653,#4654),.UNSPECIFIED.,.T.,.F.,(1,1,1,1,1,1,1,1,1,
1,1,1,1,1,1),(-0.00780981997811046,-0.00520654665207364,-0.00260327332603682,
0.,0.00260327332603682,0.00520654665207364,0.00780981997811046,0.0104130933041473,
0.0130163666301841,0.0156196399562209,0.0182229132822577,0.0208261866082946,
0.0234294599343314,0.0260327332603682,0.028636006586405),.UNSPECIFIED.);
#2518=B_SPLINE_CURVE_WITH_KNOTS('',3,(#4789,#4790,#4791,#4792),
 .UNSPECIFIED.,.F.,.F.,(4,4),(0.00506059530476953,0.00592711029650591),
 .UNSPECIFIED.);
#2519=B_SPLINE_CURVE_WITH_KNOTS('',3,(#4793,#4794,#4795,#4796),
 .UNSPECIFIED.,.F.,.F.,(4,4),(0.00500616630990611,0.00587268130164249),
 .UNSPECIFIED.);
#2520=B_SPLINE_CURVE_WITH_KNOTS('',3,(#4798,#4799,#4800,#4801),
 .UNSPECIFIED.,.F.,.F.,(4,4),(0.00500616630990613,0.0058726813016425),
 .UNSPECIFIED.);
#2521=B_SPLINE_CURVE_WITH_KNOTS('',3,(#4802,#4803,#4804,#4805),
 .UNSPECIFIED.,.F.,.F.,(4,4),(0.00506059530476954,0.00592711029650591),
 .UNSPECIFIED.);
#2522=B_SPLINE_CURVE_WITH_KNOTS('',3,(#4807,#4808,#4809,#4810),
 .UNSPECIFIED.,.F.,.F.,(4,4),(1.16770398324313E-5,0.00220715662466984),
 .UNSPECIFIED.);
#2523=B_SPLINE_CURVE_WITH_KNOTS('',3,(#4812,#4813,#4814,#4815),
 .UNSPECIFIED.,.F.,.F.,(4,4),(4.44827155711389E-7,0.00835023317636472),
 .UNSPECIFIED.);
#2524=B_SPLINE_CURVE_WITH_KNOTS('',3,(#4819,#4820,#4821,#4822),
 .UNSPECIFIED.,.F.,.F.,(4,4),(2.01526310120109E-7,0.00834998987549298),
 .UNSPECIFIED.);
#2525=B_SPLINE_CURVE_WITH_KNOTS('',3,(#4824,#4825,#4826,#4827),
 .UNSPECIFIED.,.F.,.F.,(4,4),(2.01013671968116E-7,0.00219568057408393),
 .UNSPECIFIED.);
#2526=B_SPLINE_CURVE_WITH_KNOTS('',3,(#4829,#4830,#4831,#4832),
 .UNSPECIFIED.,.F.,.F.,(4,4),(1.16770535277588E-5,0.00220715662501415),
 .UNSPECIFIED.);
#2527=B_SPLINE_CURVE_WITH_KNOTS('',3,(#4834,#4835,#4836,#4837),
 .UNSPECIFIED.,.F.,.F.,(4,4),(4.44827130848523E-7,0.00835023317635624),
 .UNSPECIFIED.);
#2528=B_SPLINE_CURVE_WITH_KNOTS('',3,(#4841,#4842,#4843,#4844),
 .UNSPECIFIED.,.F.,.F.,(4,4),(1.98063588179681E-7,0.00834998641276597),
 .UNSPECIFIED.);
#2529=B_SPLINE_CURVE_WITH_KNOTS('',3,(#4846,#4847,#4848,#4849),
 .UNSPECIFIED.,.F.,.F.,(4,4),(1.97560510790418E-7,0.00219567712027783),
 .UNSPECIFIED.);
#2530=B_SPLINE_CURVE_WITH_KNOTS('',3,(#4851,#4852,#4853,#4854),
 .UNSPECIFIED.,.F.,.F.,(4,4),(1.16770606003292E-5,0.00220715662516574),
 .UNSPECIFIED.);
#2531=B_SPLINE_CURVE_WITH_KNOTS('',3,(#4856,#4857,#4858,#4859),
 .UNSPECIFIED.,.F.,.F.,(4,4),(4.4482719511515E-7,0.00835023317639381),
 .UNSPECIFIED.);
#2532=B_SPLINE_CURVE_WITH_KNOTS('',3,(#4863,#4864,#4865,#4866),
 .UNSPECIFIED.,.F.,.F.,(4,4),(2.0481462122612E-7,0.00834999316380284),
 .UNSPECIFIED.);
#2533=B_SPLINE_CURVE_WITH_KNOTS('',3,(#4868,#4869,#4870,#4871),
 .UNSPECIFIED.,.F.,.F.,(4,4),(2.04295215553205E-7,0.00219568385624776),
 .UNSPECIFIED.);
#2534=B_SPLINE_CURVE_WITH_KNOTS('',3,(#4873,#4874,#4875,#4876),
 .UNSPECIFIED.,.F.,.F.,(4,4),(1.167706419615E-5,0.00220715662522723),
 .UNSPECIFIED.);
#2535=B_SPLINE_CURVE_WITH_KNOTS('',3,(#4878,#4879,#4880,#4881),
 .UNSPECIFIED.,.F.,.F.,(4,4),(4.44827227745409E-7,0.00835023317640983),
 .UNSPECIFIED.);
#2536=B_SPLINE_CURVE_WITH_KNOTS('',3,(#4885,#4886,#4887,#4888),
 .UNSPECIFIED.,.F.,.F.,(4,4),(2.2365274361188E-7,0.00835001200194448),
 .UNSPECIFIED.);
#2537=B_SPLINE_CURVE_WITH_KNOTS('',3,(#4890,#4891,#4892,#4893),
 .UNSPECIFIED.,.F.,.F.,(4,4),(2.23086765881292E-7,0.00219570265132979),
 .UNSPECIFIED.);
#2538=B_SPLINE_CURVE_WITH_KNOTS('',3,(#4895,#4896,#4897,#4898),
 .UNSPECIFIED.,.F.,.F.,(4,4),(1.16770654748268E-5,0.002207156625243),
 .UNSPECIFIED.);
#2539=B_SPLINE_CURVE_WITH_KNOTS('',3,(#4900,#4901,#4902,#4903),
 .UNSPECIFIED.,.F.,.F.,(4,4),(4.4482723944657E-7,0.00835023317641791),
 .UNSPECIFIED.);
#2540=B_SPLINE_CURVE_WITH_KNOTS('',3,(#4907,#4908,#4909,#4910),
 .UNSPECIFIED.,.F.,.F.,(4,4),(2.6070417914745E-7,0.00835004905340878),
 .UNSPECIFIED.);
#2541=B_SPLINE_CURVE_WITH_KNOTS('',3,(#4912,#4913,#4914,#4915),
 .UNSPECIFIED.,.F.,.F.,(4,4),(2.60046790529328E-7,0.00219573961827231),
 .UNSPECIFIED.);
#2542=B_SPLINE_CURVE_WITH_KNOTS('',3,(#4917,#4918,#4919,#4920),
 .UNSPECIFIED.,.F.,.F.,(4,4),(1.16770648243262E-5,0.00220715662524124),
 .UNSPECIFIED.);
#2543=B_SPLINE_CURVE_WITH_KNOTS('',3,(#4922,#4923,#4924,#4925),
 .UNSPECIFIED.,.F.,.F.,(4,4),(4.4482723343723E-7,0.00835023317640495),
 .UNSPECIFIED.);
#2544=B_SPLINE_CURVE_WITH_KNOTS('',3,(#4929,#4930,#4931,#4932),
 .UNSPECIFIED.,.F.,.F.,(4,4),(2.46366827198768E-7,0.00835003461117878),
 .UNSPECIFIED.);
#2545=B_SPLINE_CURVE_WITH_KNOTS('',3,(#4934,#4935,#4936,#4937),
 .UNSPECIFIED.,.F.,.F.,(4,4),(3.31617992310865E-7,0.00219581126889204),
 .UNSPECIFIED.);
#2546=B_SPLINE_CURVE_WITH_KNOTS('',3,(#4939,#4940,#4941,#4942),
 .UNSPECIFIED.,.F.,.F.,(4,4),(1.16770620480354E-5,0.00220715655913468),
 .UNSPECIFIED.);
#2547=B_SPLINE_CURVE_WITH_KNOTS('',3,(#4944,#4945,#4946,#4947),
 .UNSPECIFIED.,.F.,.F.,(4,4),(4.44827209623498E-7,0.00835023328126774),
 .UNSPECIFIED.);
#2548=B_SPLINE_CURVE_WITH_KNOTS('',3,(#4951,#4952,#4953,#4954),
 .UNSPECIFIED.,.F.,.F.,(4,4),(2.16143451508155E-7,0.00835000449264539),
 .UNSPECIFIED.);
#2549=B_SPLINE_CURVE_WITH_KNOTS('',3,(#4956,#4957,#4958,#4959),
 .UNSPECIFIED.,.F.,.F.,(4,4),(2.15592625900547E-7,0.00219569515578107),
 .UNSPECIFIED.);
#2550=B_SPLINE_CURVE_WITH_KNOTS('',3,(#4961,#4962,#4963,#4964),
 .UNSPECIFIED.,.F.,.F.,(4,4),(1.16770398349033E-5,0.00220715662466096),
 .UNSPECIFIED.);
#2551=B_SPLINE_CURVE_WITH_KNOTS('',3,(#4966,#4967,#4968,#4969),
 .UNSPECIFIED.,.F.,.F.,(4,4),(4.44827155657536E-7,0.00835023317637663),
 .UNSPECIFIED.);
#2552=B_SPLINE_CURVE_WITH_KNOTS('',3,(#4973,#4974,#4975,#4976),
 .UNSPECIFIED.,.F.,.F.,(4,4),(2.01526310120346E-7,0.00834998987548514),
 .UNSPECIFIED.);
#2553=B_SPLINE_CURVE_WITH_KNOTS('',3,(#4978,#4979,#4980,#4981),
 .UNSPECIFIED.,.F.,.F.,(4,4),(2.01013671968116E-7,0.00219568057408923),
 .UNSPECIFIED.);
#2554=B_SPLINE_CURVE_WITH_KNOTS('',3,(#4983,#4984,#4985,#4986),
 .UNSPECIFIED.,.F.,.F.,(4,4),(1.1677053530411E-5,0.00220715662501243),
 .UNSPECIFIED.);
#2555=B_SPLINE_CURVE_WITH_KNOTS('',3,(#4988,#4989,#4990,#4991),
 .UNSPECIFIED.,.F.,.F.,(4,4),(4.4482713078743E-7,0.00835023317636176),
 .UNSPECIFIED.);
#2556=B_SPLINE_CURVE_WITH_KNOTS('',3,(#4995,#4996,#4997,#4998),
 .UNSPECIFIED.,.F.,.F.,(4,4),(1.98063588179681E-7,0.0083499864127646),
 .UNSPECIFIED.);
#2557=B_SPLINE_CURVE_WITH_KNOTS('',3,(#5000,#5001,#5002,#5003),
 .UNSPECIFIED.,.F.,.F.,(4,4),(1.97560510790418E-7,0.00219567712027854),
 .UNSPECIFIED.);
#2558=B_SPLINE_CURVE_WITH_KNOTS('',3,(#5005,#5006,#5007,#5008),
 .UNSPECIFIED.,.F.,.F.,(4,4),(1.16770606030811E-5,0.00220715662516317),
 .UNSPECIFIED.);
#2559=B_SPLINE_CURVE_WITH_KNOTS('',3,(#5010,#5011,#5012,#5013),
 .UNSPECIFIED.,.F.,.F.,(4,4),(4.4482719501177E-7,0.00835023317639726),
 .UNSPECIFIED.);
#2560=B_SPLINE_CURVE_WITH_KNOTS('',3,(#5017,#5018,#5019,#5020),
 .UNSPECIFIED.,.F.,.F.,(4,4),(2.0481462122612E-7,0.00834999316380769),
 .UNSPECIFIED.);
#2561=B_SPLINE_CURVE_WITH_KNOTS('',3,(#5022,#5023,#5024,#5025),
 .UNSPECIFIED.,.F.,.F.,(4,4),(2.04295215553205E-7,0.00219568385624641),
 .UNSPECIFIED.);
#2562=B_SPLINE_CURVE_WITH_KNOTS('',3,(#5027,#5028,#5029,#5030),
 .UNSPECIFIED.,.F.,.F.,(4,4),(1.16770641988873E-5,0.00220715662522787),
 .UNSPECIFIED.);
#2563=B_SPLINE_CURVE_WITH_KNOTS('',3,(#5032,#5033,#5034,#5035),
 .UNSPECIFIED.,.F.,.F.,(4,4),(4.44827227685397E-7,0.00835023317641387),
 .UNSPECIFIED.);
#2564=B_SPLINE_CURVE_WITH_KNOTS('',3,(#5039,#5040,#5041,#5042),
 .UNSPECIFIED.,.F.,.F.,(4,4),(2.2365274362495E-7,0.00835001200194302),
 .UNSPECIFIED.);
#2565=B_SPLINE_CURVE_WITH_KNOTS('',3,(#5044,#5045,#5046,#5047),
 .UNSPECIFIED.,.F.,.F.,(4,4),(2.23086765881292E-7,0.00219570265132395),
 .UNSPECIFIED.);
#2566=B_SPLINE_CURVE_WITH_KNOTS('',3,(#5049,#5050,#5051,#5052),
 .UNSPECIFIED.,.F.,.F.,(4,4),(1.16770654777613E-5,0.00220715662523777),
 .UNSPECIFIED.);
#2567=B_SPLINE_CURVE_WITH_KNOTS('',3,(#5054,#5055,#5056,#5057),
 .UNSPECIFIED.,.F.,.F.,(4,4),(4.44827239373702E-7,0.00835023317641945),
 .UNSPECIFIED.);
#2568=B_SPLINE_CURVE_WITH_KNOTS('',3,(#5061,#5062,#5063,#5064),
 .UNSPECIFIED.,.F.,.F.,(4,4),(2.60704179132983E-7,0.00835004905341169),
 .UNSPECIFIED.);
#2569=B_SPLINE_CURVE_WITH_KNOTS('',3,(#5066,#5067,#5068,#5069),
 .UNSPECIFIED.,.F.,.F.,(4,4),(2.60046790529328E-7,0.00219573961827243),
 .UNSPECIFIED.);
#2570=B_SPLINE_CURVE_WITH_KNOTS('',3,(#5071,#5072,#5073,#5074),
 .UNSPECIFIED.,.F.,.F.,(4,4),(1.16770648272165E-5,0.00220715662523837),
 .UNSPECIFIED.);
#2571=B_SPLINE_CURVE_WITH_KNOTS('',3,(#5076,#5077,#5078,#5079),
 .UNSPECIFIED.,.F.,.F.,(4,4),(4.44827233365049E-7,0.0083502331764162),
 .UNSPECIFIED.);
#2572=B_SPLINE_CURVE_WITH_KNOTS('',3,(#5083,#5084,#5085,#5086),
 .UNSPECIFIED.,.F.,.F.,(4,4),(2.46366828920543E-7,0.00835003471605499),
 .UNSPECIFIED.);
#2573=B_SPLINE_CURVE_WITH_KNOTS('',3,(#5088,#5089,#5090,#5091),
 .UNSPECIFIED.,.F.,.F.,(4,4),(3.31617988103119E-7,0.00219581120280848),
 .UNSPECIFIED.);
#2574=B_SPLINE_CURVE_WITH_KNOTS('',3,(#5093,#5094,#5095,#5096),
 .UNSPECIFIED.,.F.,.F.,(4,4),(1.16770620377141E-5,0.00220715662518763),
 .UNSPECIFIED.);
#2575=B_SPLINE_CURVE_WITH_KNOTS('',3,(#5098,#5099,#5100,#5101),
 .UNSPECIFIED.,.F.,.F.,(4,4),(4.44827207987367E-7,0.00835023317640263),
 .UNSPECIFIED.);
#2576=B_SPLINE_CURVE_WITH_KNOTS('',3,(#5105,#5106,#5107,#5108),
 .UNSPECIFIED.,.F.,.F.,(4,4),(2.16143451508155E-7,0.00835000449264742),
 .UNSPECIFIED.);
#2577=B_SPLINE_CURVE_WITH_KNOTS('',3,(#5110,#5111,#5112,#5113),
 .UNSPECIFIED.,.F.,.F.,(4,4),(2.15592625900547E-7,0.002195695155776),
 .UNSPECIFIED.);
#2578=B_SPLINE_CURVE_WITH_KNOTS('',3,(#5115,#5116,#5117,#5118),
 .UNSPECIFIED.,.F.,.F.,(4,4),(1.16770398365713E-5,0.0022071566246597),
 .UNSPECIFIED.);
#2579=B_SPLINE_CURVE_WITH_KNOTS('',3,(#5120,#5121,#5122,#5123),
 .UNSPECIFIED.,.F.,.F.,(4,4),(4.44827155605552E-7,0.00835023317638013),
 .UNSPECIFIED.);
#2580=B_SPLINE_CURVE_WITH_KNOTS('',3,(#5127,#5128,#5129,#5130),
 .UNSPECIFIED.,.F.,.F.,(4,4),(2.01526310120346E-7,0.00834998987549324),
 .UNSPECIFIED.);
#2581=B_SPLINE_CURVE_WITH_KNOTS('',3,(#5132,#5133,#5134,#5135),
 .UNSPECIFIED.,.F.,.F.,(4,4),(2.01013671968116E-7,0.00219568057408247),
 .UNSPECIFIED.);
#2582=B_SPLINE_CURVE_WITH_KNOTS('',3,(#5137,#5138,#5139,#5140),
 .UNSPECIFIED.,.F.,.F.,(4,4),(1.16770535315915E-5,0.00220715662501713),
 .UNSPECIFIED.);
#2583=B_SPLINE_CURVE_WITH_KNOTS('',3,(#5142,#5143,#5144,#5145),
 .UNSPECIFIED.,.F.,.F.,(4,4),(4.44827130755746E-7,0.00835023317635604),
 .UNSPECIFIED.);
#2584=B_SPLINE_CURVE_WITH_KNOTS('',3,(#5149,#5150,#5151,#5152),
 .UNSPECIFIED.,.F.,.F.,(4,4),(1.98063588179681E-7,0.00834998641276691),
 .UNSPECIFIED.);
#2585=B_SPLINE_CURVE_WITH_KNOTS('',3,(#5154,#5155,#5156,#5157),
 .UNSPECIFIED.,.F.,.F.,(4,4),(1.97560510790418E-7,0.0021956771202727),
 .UNSPECIFIED.);
#2586=B_SPLINE_CURVE_WITH_KNOTS('',3,(#5159,#5160,#5161,#5162),
 .UNSPECIFIED.,.F.,.F.,(4,4),(1.16770606018365E-5,0.00220715662515799),
 .UNSPECIFIED.);
#2587=B_SPLINE_CURVE_WITH_KNOTS('',3,(#5164,#5165,#5166,#5167),
 .UNSPECIFIED.,.F.,.F.,(4,4),(4.44827194985582E-7,0.00835023317639847),
 .UNSPECIFIED.);
#2588=B_SPLINE_CURVE_WITH_KNOTS('',3,(#5171,#5172,#5173,#5174),
 .UNSPECIFIED.,.F.,.F.,(4,4),(2.04814621219432E-7,0.0083499931638117),
 .UNSPECIFIED.);
#2589=B_SPLINE_CURVE_WITH_KNOTS('',3,(#5176,#5177,#5178,#5179),
 .UNSPECIFIED.,.F.,.F.,(4,4),(2.04295215553205E-7,0.00219568385624025),
 .UNSPECIFIED.);
#2590=B_SPLINE_CURVE_WITH_KNOTS('',3,(#5181,#5182,#5183,#5184),
 .UNSPECIFIED.,.F.,.F.,(4,4),(1.16770641990621E-5,0.0022071566252279),
 .UNSPECIFIED.);
#2591=B_SPLINE_CURVE_WITH_KNOTS('',3,(#5186,#5187,#5188,#5189),
 .UNSPECIFIED.,.F.,.F.,(4,4),(4.44827227685515E-7,0.0083502331764132),
 .UNSPECIFIED.);
#2592=B_SPLINE_CURVE_WITH_KNOTS('',3,(#5193,#5194,#5195,#5196),
 .UNSPECIFIED.,.F.,.F.,(4,4),(2.2365274362495E-7,0.00835001200194645),
 .UNSPECIFIED.);
#2593=B_SPLINE_CURVE_WITH_KNOTS('',3,(#5198,#5199,#5200,#5201),
 .UNSPECIFIED.,.F.,.F.,(4,4),(2.23086765881292E-7,0.00219570265132339),
 .UNSPECIFIED.);
#2594=B_SPLINE_CURVE_WITH_KNOTS('',3,(#5203,#5204,#5205,#5206),
 .UNSPECIFIED.,.F.,.F.,(4,4),(1.16770654871912E-5,0.00220715662525111),
 .UNSPECIFIED.);
#2595=B_SPLINE_CURVE_WITH_KNOTS('',3,(#5208,#5209,#5210,#5211),
 .UNSPECIFIED.,.F.,.F.,(4,4),(4.44827239403346E-7,0.00835023317641319),
 .UNSPECIFIED.);
#2596=B_SPLINE_CURVE_WITH_KNOTS('',3,(#5215,#5216,#5217,#5218),
 .UNSPECIFIED.,.F.,.F.,(4,4),(2.60704179147213E-7,0.00835004905340803),
 .UNSPECIFIED.);
#2597=B_SPLINE_CURVE_WITH_KNOTS('',3,(#5220,#5221,#5222,#5223),
 .UNSPECIFIED.,.F.,.F.,(4,4),(2.60046790529328E-7,0.00219573961827615),
 .UNSPECIFIED.);
#2598=B_SPLINE_CURVE_WITH_KNOTS('',3,(#5225,#5226,#5227,#5228),
 .UNSPECIFIED.,.F.,.F.,(4,4),(1.16770648260809E-5,0.00220715662523661),
 .UNSPECIFIED.);
#2599=B_SPLINE_CURVE_WITH_KNOTS('',3,(#5230,#5231,#5232,#5233),
 .UNSPECIFIED.,.F.,.F.,(4,4),(4.44827233423288E-7,0.00835023317641794),
 .UNSPECIFIED.);
#2600=B_SPLINE_CURVE_WITH_KNOTS('',3,(#5237,#5238,#5239,#5240),
 .UNSPECIFIED.,.F.,.F.,(4,4),(2.46366827198531E-7,0.00835003461119202),
 .UNSPECIFIED.);
#2601=B_SPLINE_CURVE_WITH_KNOTS('',3,(#5242,#5243,#5244,#5245),
 .UNSPECIFIED.,.F.,.F.,(4,4),(3.31617992325422E-7,0.00219581126888231),
 .UNSPECIFIED.);
#2602=B_SPLINE_CURVE_WITH_KNOTS('',3,(#5247,#5248,#5249,#5250),
 .UNSPECIFIED.,.F.,.F.,(4,4),(1.16770620484884E-5,0.00220715655913974),
 .UNSPECIFIED.);
#2603=B_SPLINE_CURVE_WITH_KNOTS('',3,(#5252,#5253,#5254,#5255),
 .UNSPECIFIED.,.F.,.F.,(4,4),(4.44827209609751E-7,0.00835023328125843),
 .UNSPECIFIED.);
#2604=B_SPLINE_CURVE_WITH_KNOTS('',3,(#5259,#5260,#5261,#5262),
 .UNSPECIFIED.,.F.,.F.,(4,4),(2.16143451495594E-7,0.00835000449264949),
 .UNSPECIFIED.);
#2605=B_SPLINE_CURVE_WITH_KNOTS('',3,(#5264,#5265,#5266,#5267),
 .UNSPECIFIED.,.F.,.F.,(4,4),(2.15592625900547E-7,0.00219569515577663),
 .UNSPECIFIED.);
#2606=B_SPLINE_CURVE_WITH_KNOTS('',3,(#5269,#5270,#5271,#5272),
 .UNSPECIFIED.,.F.,.F.,(4,4),(1.16770398340783E-5,0.00220715662466508),
 .UNSPECIFIED.);
#2607=B_SPLINE_CURVE_WITH_KNOTS('',3,(#5274,#5275,#5276,#5277),
 .UNSPECIFIED.,.F.,.F.,(4,4),(4.44827155688714E-7,0.00835023317637161),
 .UNSPECIFIED.);
#2608=B_SPLINE_CURVE_WITH_KNOTS('',3,(#5281,#5282,#5283,#5284),
 .UNSPECIFIED.,.F.,.F.,(4,4),(2.01526310120346E-7,0.00834998987548667),
 .UNSPECIFIED.);
#2609=B_SPLINE_CURVE_WITH_KNOTS('',3,(#5286,#5287,#5288,#5289),
 .UNSPECIFIED.,.F.,.F.,(4,4),(2.01013671968116E-7,0.002195680574087),
 .UNSPECIFIED.);
#2610=B_SPLINE_CURVE_WITH_KNOTS('',3,(#5291,#5292,#5293,#5294),
 .UNSPECIFIED.,.F.,.F.,(4,4),(1.16770535290144E-5,0.0022071566250173),
 .UNSPECIFIED.);
#2611=B_SPLINE_CURVE_WITH_KNOTS('',3,(#5296,#5297,#5298,#5299),
 .UNSPECIFIED.,.F.,.F.,(4,4),(4.44827130848641E-7,0.00835023317635474),
 .UNSPECIFIED.);
#2612=B_SPLINE_CURVE_WITH_KNOTS('',3,(#5303,#5304,#5305,#5306),
 .UNSPECIFIED.,.F.,.F.,(4,4),(1.98063588179681E-7,0.00834998641276551),
 .UNSPECIFIED.);
#2613=B_SPLINE_CURVE_WITH_KNOTS('',3,(#5308,#5309,#5310,#5311),
 .UNSPECIFIED.,.F.,.F.,(4,4),(1.97560510790418E-7,0.00219567712027714),
 .UNSPECIFIED.);
#2614=B_SPLINE_CURVE_WITH_KNOTS('',3,(#5313,#5314,#5315,#5316),
 .UNSPECIFIED.,.F.,.F.,(4,4),(1.16770605990739E-5,0.00220715662515818),
 .UNSPECIFIED.);
#2615=B_SPLINE_CURVE_WITH_KNOTS('',3,(#5318,#5319,#5320,#5321),
 .UNSPECIFIED.,.F.,.F.,(4,4),(4.44827195114676E-7,0.00835023317639727),
 .UNSPECIFIED.);
#2616=B_SPLINE_CURVE_WITH_KNOTS('',3,(#5325,#5326,#5327,#5328),
 .UNSPECIFIED.,.F.,.F.,(4,4),(2.0481462122612E-7,0.00834999316380549),
 .UNSPECIFIED.);
#2617=B_SPLINE_CURVE_WITH_KNOTS('',3,(#5330,#5331,#5332,#5333),
 .UNSPECIFIED.,.F.,.F.,(4,4),(2.04295215553205E-7,0.00219568385624826),
 .UNSPECIFIED.);
#2618=B_SPLINE_CURVE_WITH_KNOTS('',3,(#5335,#5336,#5337,#5338),
 .UNSPECIFIED.,.F.,.F.,(4,4),(1.16770641960029E-5,0.0022071566252331),
 .UNSPECIFIED.);
#2619=B_SPLINE_CURVE_WITH_KNOTS('',3,(#5340,#5341,#5342,#5343),
 .UNSPECIFIED.,.F.,.F.,(4,4),(4.44827227759377E-7,0.00835023317640531),
 .UNSPECIFIED.);
#2620=B_SPLINE_CURVE_WITH_KNOTS('',3,(#5347,#5348,#5349,#5350),
 .UNSPECIFIED.,.F.,.F.,(4,4),(2.23652743624713E-7,0.00835001200194427),
 .UNSPECIFIED.);
#2621=B_SPLINE_CURVE_WITH_KNOTS('',3,(#5352,#5353,#5354,#5355),
 .UNSPECIFIED.,.F.,.F.,(4,4),(2.23086765892008E-7,0.00219570265132946),
 .UNSPECIFIED.);
#2622=B_SPLINE_CURVE_WITH_KNOTS('',3,(#5357,#5358,#5359,#5360),
 .UNSPECIFIED.,.F.,.F.,(4,4),(1.16770654843403E-5,0.00220715662525639),
 .UNSPECIFIED.);
#2623=B_SPLINE_CURVE_WITH_KNOTS('',3,(#5362,#5363,#5364,#5365),
 .UNSPECIFIED.,.F.,.F.,(4,4),(4.44827239503964E-7,0.0083502331764104),
 .UNSPECIFIED.);
#2624=B_SPLINE_CURVE_WITH_KNOTS('',3,(#5369,#5370,#5371,#5372),
 .UNSPECIFIED.,.F.,.F.,(4,4),(2.6070417914745E-7,0.0083500490534049),
 .UNSPECIFIED.);
#2625=B_SPLINE_CURVE_WITH_KNOTS('',3,(#5374,#5375,#5376,#5377),
 .UNSPECIFIED.,.F.,.F.,(4,4),(2.60046790529328E-7,0.00219573961827955),
 .UNSPECIFIED.);
#2626=B_SPLINE_CURVE_WITH_KNOTS('',3,(#5379,#5380,#5381,#5382),
 .UNSPECIFIED.,.F.,.F.,(4,4),(1.16770648228691E-5,0.00220715662524628),
 .UNSPECIFIED.);
#2627=B_SPLINE_CURVE_WITH_KNOTS('',3,(#5384,#5385,#5386,#5387),
 .UNSPECIFIED.,.F.,.F.,(4,4),(4.44827233497636E-7,0.00835023317640309),
 .UNSPECIFIED.);
#2628=B_SPLINE_CURVE_WITH_KNOTS('',3,(#5391,#5392,#5393,#5394),
 .UNSPECIFIED.,.F.,.F.,(4,4),(2.46366827708783E-7,0.00835003464189289),
 .UNSPECIFIED.);
#2629=B_SPLINE_CURVE_WITH_KNOTS('',3,(#5396,#5397,#5398,#5399),
 .UNSPECIFIED.,.F.,.F.,(4,4),(3.31617991089492E-7,0.00219581124954385),
 .UNSPECIFIED.);
#2630=B_SPLINE_CURVE_WITH_KNOTS('',3,(#5566,#5567,#5568,#5569),
 .UNSPECIFIED.,.F.,.F.,(4,4),(2.46366829340152E-7,0.0083500347160379),
 .UNSPECIFIED.);
#2631=B_SPLINE_CURVE_WITH_KNOTS('',3,(#5571,#5572,#5573,#5574),
 .UNSPECIFIED.,.F.,.F.,(4,4),(3.31617988032761E-7,0.00219581120282509),
 .UNSPECIFIED.);
#2632=B_SPLINE_CURVE_WITH_KNOTS('',3,(#5578,#5579,#5580,#5581),
 .UNSPECIFIED.,.F.,.F.,(4,4),(1.16770648315185E-5,0.00220715662524318),
 .UNSPECIFIED.);
#2633=B_SPLINE_CURVE_WITH_KNOTS('',3,(#5583,#5584,#5585,#5586),
 .UNSPECIFIED.,.F.,.F.,(4,4),(4.44827233192315E-7,0.00835023317641558),
 .UNSPECIFIED.);
#2634=B_SPLINE_CURVE_WITH_KNOTS('',3,(#5588,#5589,#5590,#5591),
 .UNSPECIFIED.,.F.,.F.,(4,4),(2.60704179156849E-7,0.00835004905340453),
 .UNSPECIFIED.);
#2635=B_SPLINE_CURVE_WITH_KNOTS('',3,(#5593,#5594,#5595,#5596),
 .UNSPECIFIED.,.F.,.F.,(4,4),(2.60046790536316E-7,0.0021957396182765),
 .UNSPECIFIED.);
#2636=B_SPLINE_CURVE_WITH_KNOTS('',3,(#5600,#5601,#5602,#5603),
 .UNSPECIFIED.,.F.,.F.,(4,4),(1.16770654921319E-5,0.00220715662525882),
 .UNSPECIFIED.);
#2637=B_SPLINE_CURVE_WITH_KNOTS('',3,(#5605,#5606,#5607,#5608),
 .UNSPECIFIED.,.F.,.F.,(4,4),(4.44827239171047E-7,0.00835023317641656),
 .UNSPECIFIED.);
#2638=B_SPLINE_CURVE_WITH_KNOTS('',3,(#5610,#5611,#5612,#5613),
 .UNSPECIFIED.,.F.,.F.,(4,4),(2.23652743979854E-7,0.0083500120019423),
 .UNSPECIFIED.);
#2639=B_SPLINE_CURVE_WITH_KNOTS('',3,(#5615,#5616,#5617,#5618),
 .UNSPECIFIED.,.F.,.F.,(4,4),(2.23086765821534E-7,0.00219570265133088),
 .UNSPECIFIED.);
#2640=B_SPLINE_CURVE_WITH_KNOTS('',3,(#5622,#5623,#5624,#5625),
 .UNSPECIFIED.,.F.,.F.,(4,4),(1.16770642029077E-5,0.00220715662523487),
 .UNSPECIFIED.);
#2641=B_SPLINE_CURVE_WITH_KNOTS('',3,(#5627,#5628,#5629,#5630),
 .UNSPECIFIED.,.F.,.F.,(4,4),(4.44827227500038E-7,0.00835023317640866),
 .UNSPECIFIED.);
#2642=B_SPLINE_CURVE_WITH_KNOTS('',3,(#5632,#5633,#5634,#5635),
 .UNSPECIFIED.,.F.,.F.,(4,4),(2.04814621371828E-7,0.00834999316380373),
 .UNSPECIFIED.);
#2643=B_SPLINE_CURVE_WITH_KNOTS('',3,(#5637,#5638,#5639,#5640),
 .UNSPECIFIED.,.F.,.F.,(4,4),(2.04295215526E-7,0.00219568385624633),
 .UNSPECIFIED.);
#2644=B_SPLINE_CURVE_WITH_KNOTS('',3,(#5644,#5645,#5646,#5647),
 .UNSPECIFIED.,.F.,.F.,(4,4),(1.16770606054962E-5,0.0022071566251691),
 .UNSPECIFIED.);
#2645=B_SPLINE_CURVE_WITH_KNOTS('',3,(#5649,#5650,#5651,#5652),
 .UNSPECIFIED.,.F.,.F.,(4,4),(4.44827194843346E-7,0.00835023317639572),
 .UNSPECIFIED.);
#2646=B_SPLINE_CURVE_WITH_KNOTS('',3,(#5654,#5655,#5656,#5657),
 .UNSPECIFIED.,.F.,.F.,(4,4),(1.98063588323996E-7,0.00834998641276704),
 .UNSPECIFIED.);
#2647=B_SPLINE_CURVE_WITH_KNOTS('',3,(#5659,#5660,#5661,#5662),
 .UNSPECIFIED.,.F.,.F.,(4,4),(1.97560510774566E-7,0.00219567712027869),
 .UNSPECIFIED.);
#2648=B_SPLINE_CURVE_WITH_KNOTS('',3,(#5666,#5667,#5668,#5669),
 .UNSPECIFIED.,.F.,.F.,(4,4),(1.16770535346889E-5,0.00220715662501601),
 .UNSPECIFIED.);
#2649=B_SPLINE_CURVE_WITH_KNOTS('',3,(#5671,#5672,#5673,#5674),
 .UNSPECIFIED.,.F.,.F.,(4,4),(4.44827130630295E-7,0.00835023317636026),
 .UNSPECIFIED.);
#2650=B_SPLINE_CURVE_WITH_KNOTS('',3,(#5676,#5677,#5678,#5679),
 .UNSPECIFIED.,.F.,.F.,(4,4),(2.01526310265266E-7,0.00834998987548205),
 .UNSPECIFIED.);
#2651=B_SPLINE_CURVE_WITH_KNOTS('',3,(#5681,#5682,#5683,#5684),
 .UNSPECIFIED.,.F.,.F.,(4,4),(2.01013671934638E-7,0.00219568057408837),
 .UNSPECIFIED.);
#2652=B_SPLINE_CURVE_WITH_KNOTS('',3,(#5688,#5689,#5690,#5691),
 .UNSPECIFIED.,.F.,.F.,(4,4),(1.16770398265985E-5,0.00220715669072578),
 .UNSPECIFIED.);
#2653=B_SPLINE_CURVE_WITH_KNOTS('',3,(#5693,#5694,#5695,#5696),
 .UNSPECIFIED.,.F.,.F.,(4,4),(4.44827153941287E-7,0.00835023307150551),
 .UNSPECIFIED.);
#2654=B_SPLINE_CURVE_WITH_KNOTS('',3,(#5698,#5699,#5700,#5701),
 .UNSPECIFIED.,.F.,.F.,(4,4),(2.16143452019008E-7,0.00835000459751049),
 .UNSPECIFIED.);
#2655=B_SPLINE_CURVE_WITH_KNOTS('',3,(#5703,#5704,#5705,#5706),
 .UNSPECIFIED.,.F.,.F.,(4,4),(2.15592627079246E-7,0.00219569508971309),
 .UNSPECIFIED.);
#2656=B_SPLINE_CURVE_WITH_KNOTS('',3,(#5710,#5711,#5712,#5713),
 .UNSPECIFIED.,.F.,.F.,(4,4),(1.16770620394929E-5,0.00220715662519421),
 .UNSPECIFIED.);
#2657=B_SPLINE_CURVE_WITH_KNOTS('',3,(#5715,#5716,#5717,#5718),
 .UNSPECIFIED.,.F.,.F.,(4,4),(4.44827207916211E-7,0.00835023317640179),
 .UNSPECIFIED.);
#2658=B_SPLINE_CURVE_WITH_KNOTS('',3,(#5720,#5721,#5722,#5723),
 .UNSPECIFIED.,.F.,.F.,(4,4),(2.46366829341145E-7,0.00835003471604986),
 .UNSPECIFIED.);
#2659=B_SPLINE_CURVE_WITH_KNOTS('',3,(#5725,#5726,#5727,#5728),
 .UNSPECIFIED.,.F.,.F.,(4,4),(3.31617988032761E-7,0.00219581120281362),
 .UNSPECIFIED.);
#2660=B_SPLINE_CURVE_WITH_KNOTS('',3,(#5732,#5733,#5734,#5735),
 .UNSPECIFIED.,.F.,.F.,(4,4),(1.16770648286047E-5,0.00220715662524553),
 .UNSPECIFIED.);
#2661=B_SPLINE_CURVE_WITH_KNOTS('',3,(#5737,#5738,#5739,#5740),
 .UNSPECIFIED.,.F.,.F.,(4,4),(4.44827233280249E-7,0.00835023317640787),
 .UNSPECIFIED.);
#2662=B_SPLINE_CURVE_WITH_KNOTS('',3,(#5742,#5743,#5744,#5745),
 .UNSPECIFIED.,.F.,.F.,(4,4),(2.60704179156849E-7,0.00835004905341013),
 .UNSPECIFIED.);
#2663=B_SPLINE_CURVE_WITH_KNOTS('',3,(#5747,#5748,#5749,#5750),
 .UNSPECIFIED.,.F.,.F.,(4,4),(2.60046790536316E-7,0.00219573961827214),
 .UNSPECIFIED.);
#2664=B_SPLINE_CURVE_WITH_KNOTS('',3,(#5754,#5755,#5756,#5757),
 .UNSPECIFIED.,.F.,.F.,(4,4),(1.16770654790302E-5,0.00220715662524647),
 .UNSPECIFIED.);
#2665=B_SPLINE_CURVE_WITH_KNOTS('',3,(#5759,#5760,#5761,#5762),
 .UNSPECIFIED.,.F.,.F.,(4,4),(4.44827239287256E-7,0.00835023317641528),
 .UNSPECIFIED.);
#2666=B_SPLINE_CURVE_WITH_KNOTS('',3,(#5764,#5765,#5766,#5767),
 .UNSPECIFIED.,.F.,.F.,(4,4),(2.23652743276262E-7,0.00835001200194586),
 .UNSPECIFIED.);
#2667=B_SPLINE_CURVE_WITH_KNOTS('',3,(#5769,#5770,#5771,#5772),
 .UNSPECIFIED.,.F.,.F.,(4,4),(2.23086765960008E-7,0.00219570265132557),
 .UNSPECIFIED.);
#2668=B_SPLINE_CURVE_WITH_KNOTS('',3,(#5776,#5777,#5778,#5779),
 .UNSPECIFIED.,.F.,.F.,(4,4),(1.16770642003413E-5,0.0022071566252307),
 .UNSPECIFIED.);
#2669=B_SPLINE_CURVE_WITH_KNOTS('',3,(#5781,#5782,#5783,#5784),
 .UNSPECIFIED.,.F.,.F.,(4,4),(4.44827227618642E-7,0.00835023317641362),
 .UNSPECIFIED.);
#2670=B_SPLINE_CURVE_WITH_KNOTS('',3,(#5786,#5787,#5788,#5789),
 .UNSPECIFIED.,.F.,.F.,(4,4),(2.04814621371828E-7,0.00834999316380787),
 .UNSPECIFIED.);
#2671=B_SPLINE_CURVE_WITH_KNOTS('',3,(#5791,#5792,#5793,#5794),
 .UNSPECIFIED.,.F.,.F.,(4,4),(2.04295215526E-7,0.00219568385624382),
 .UNSPECIFIED.);
#2672=B_SPLINE_CURVE_WITH_KNOTS('',3,(#5798,#5799,#5800,#5801),
 .UNSPECIFIED.,.F.,.F.,(4,4),(1.16770606042583E-5,0.00220715662516193),
 .UNSPECIFIED.);
#2673=B_SPLINE_CURVE_WITH_KNOTS('',3,(#5803,#5804,#5805,#5806),
 .UNSPECIFIED.,.F.,.F.,(4,4),(4.44827194972323E-7,0.00835023317639438),
 .UNSPECIFIED.);
#2674=B_SPLINE_CURVE_WITH_KNOTS('',3,(#5808,#5809,#5810,#5811),
 .UNSPECIFIED.,.F.,.F.,(4,4),(1.98063588872912E-7,0.00834998641276866),
 .UNSPECIFIED.);
#2675=B_SPLINE_CURVE_WITH_KNOTS('',3,(#5813,#5814,#5815,#5816),
 .UNSPECIFIED.,.F.,.F.,(4,4),(1.97560510662548E-7,0.00219567712027051),
 .UNSPECIFIED.);
#2676=B_SPLINE_CURVE_WITH_KNOTS('',3,(#5820,#5821,#5822,#5823),
 .UNSPECIFIED.,.F.,.F.,(4,4),(1.16770535318826E-5,0.00220715662501336),
 .UNSPECIFIED.);
#2677=B_SPLINE_CURVE_WITH_KNOTS('',3,(#5825,#5826,#5827,#5828),
 .UNSPECIFIED.,.F.,.F.,(4,4),(4.44827130763209E-7,0.00835023317636331),
 .UNSPECIFIED.);
#2678=B_SPLINE_CURVE_WITH_KNOTS('',3,(#5830,#5831,#5832,#5833),
 .UNSPECIFIED.,.F.,.F.,(4,4),(2.01526310837239E-7,0.00834998987549338),
 .UNSPECIFIED.);
#2679=B_SPLINE_CURVE_WITH_KNOTS('',3,(#5835,#5836,#5837,#5838),
 .UNSPECIFIED.,.F.,.F.,(4,4),(2.01013671815923E-7,0.00219568057408268),
 .UNSPECIFIED.);
#2680=B_SPLINE_CURVE_WITH_KNOTS('',3,(#5842,#5843,#5844,#5845),
 .UNSPECIFIED.,.F.,.F.,(4,4),(1.16770398366244E-5,0.0022071566246565),
 .UNSPECIFIED.);
#2681=B_SPLINE_CURVE_WITH_KNOTS('',3,(#5847,#5848,#5849,#5850),
 .UNSPECIFIED.,.F.,.F.,(4,4),(4.4482715559984E-7,0.00835023317638168),
 .UNSPECIFIED.);
#2682=B_SPLINE_CURVE_WITH_KNOTS('',3,(#5852,#5853,#5854,#5855),
 .UNSPECIFIED.,.F.,.F.,(4,4),(2.16143451172914E-7,0.00835000449264613),
 .UNSPECIFIED.);
#2683=B_SPLINE_CURVE_WITH_KNOTS('',3,(#5857,#5858,#5859,#5860),
 .UNSPECIFIED.,.F.,.F.,(4,4),(2.15592625960692E-7,0.00219569515577539),
 .UNSPECIFIED.);
#2684=B_SPLINE_CURVE_WITH_KNOTS('',3,(#5864,#5865,#5866,#5867),
 .UNSPECIFIED.,.F.,.F.,(4,4),(1.16770620376218E-5,0.00220715662518724),
 .UNSPECIFIED.);
#2685=B_SPLINE_CURVE_WITH_KNOTS('',3,(#5869,#5870,#5871,#5872),
 .UNSPECIFIED.,.F.,.F.,(4,4),(4.44827208027329E-7,0.00835023317640394),
 .UNSPECIFIED.);
#2686=B_SPLINE_CURVE_WITH_KNOTS('',3,(#5874,#5875,#5876,#5877),
 .UNSPECIFIED.,.F.,.F.,(4,4),(2.46366829340152E-7,0.00835003471605343),
 .UNSPECIFIED.);
#2687=B_SPLINE_CURVE_WITH_KNOTS('',3,(#5879,#5880,#5881,#5882),
 .UNSPECIFIED.,.F.,.F.,(4,4),(3.31617988032761E-7,0.00219581120281069),
 .UNSPECIFIED.);
#2688=B_SPLINE_CURVE_WITH_KNOTS('',3,(#5886,#5887,#5888,#5889),
 .UNSPECIFIED.,.F.,.F.,(4,4),(1.16770648271722E-5,0.0022071566252373),
 .UNSPECIFIED.);
#2689=B_SPLINE_CURVE_WITH_KNOTS('',3,(#5891,#5892,#5893,#5894),
 .UNSPECIFIED.,.F.,.F.,(4,4),(4.44827233354123E-7,0.00835023317641605),
 .UNSPECIFIED.);
#2690=B_SPLINE_CURVE_WITH_KNOTS('',3,(#5896,#5897,#5898,#5899),
 .UNSPECIFIED.,.F.,.F.,(4,4),(2.60704179156849E-7,0.00835004905340444),
 .UNSPECIFIED.);
#2691=B_SPLINE_CURVE_WITH_KNOTS('',3,(#5901,#5902,#5903,#5904),
 .UNSPECIFIED.,.F.,.F.,(4,4),(2.60046790536316E-7,0.00219573961827564),
 .UNSPECIFIED.);
#2692=B_SPLINE_CURVE_WITH_KNOTS('',3,(#5908,#5909,#5910,#5911),
 .UNSPECIFIED.,.F.,.F.,(4,4),(1.16770654781426E-5,0.00220715662523969),
 .UNSPECIFIED.);
#2693=B_SPLINE_CURVE_WITH_KNOTS('',3,(#5913,#5914,#5915,#5916),
 .UNSPECIFIED.,.F.,.F.,(4,4),(4.44827239330598E-7,0.00835023317641766),
 .UNSPECIFIED.);
#2694=B_SPLINE_CURVE_WITH_KNOTS('',3,(#5918,#5919,#5920,#5921),
 .UNSPECIFIED.,.F.,.F.,(4,4),(2.23652743979854E-7,0.00835001200194711),
 .UNSPECIFIED.);
#2695=B_SPLINE_CURVE_WITH_KNOTS('',3,(#5923,#5924,#5925,#5926),
 .UNSPECIFIED.,.F.,.F.,(4,4),(2.23086765821534E-7,0.00219570265132161),
 .UNSPECIFIED.);
#2696=B_SPLINE_CURVE_WITH_KNOTS('',3,(#5930,#5931,#5932,#5933),
 .UNSPECIFIED.,.F.,.F.,(4,4),(1.16770642001467E-5,0.00220715662522456),
 .UNSPECIFIED.);
#2697=B_SPLINE_CURVE_WITH_KNOTS('',3,(#5935,#5936,#5937,#5938),
 .UNSPECIFIED.,.F.,.F.,(4,4),(4.44827227650956E-7,0.00835023317641766),
 .UNSPECIFIED.);
#2698=B_SPLINE_CURVE_WITH_KNOTS('',3,(#5940,#5941,#5942,#5943),
 .UNSPECIFIED.,.F.,.F.,(4,4),(2.04814621371828E-7,0.00834999316380716),
 .UNSPECIFIED.);
#2699=B_SPLINE_CURVE_WITH_KNOTS('',3,(#5945,#5946,#5947,#5948),
 .UNSPECIFIED.,.F.,.F.,(4,4),(2.04295215526E-7,0.0021956838562441),
 .UNSPECIFIED.);
#2700=B_SPLINE_CURVE_WITH_KNOTS('',3,(#5952,#5953,#5954,#5955),
 .UNSPECIFIED.,.F.,.F.,(4,4),(1.16770606047177E-5,0.00220715662516183),
 .UNSPECIFIED.);
#2701=B_SPLINE_CURVE_WITH_KNOTS('',3,(#5957,#5958,#5959,#5960),
 .UNSPECIFIED.,.F.,.F.,(4,4),(4.44827194972323E-7,0.00835023317639777),
 .UNSPECIFIED.);
#2702=B_SPLINE_CURVE_WITH_KNOTS('',3,(#5962,#5963,#5964,#5965),
 .UNSPECIFIED.,.F.,.F.,(4,4),(1.98063588323759E-7,0.00834998641276239),
 .UNSPECIFIED.);
#2703=B_SPLINE_CURVE_WITH_KNOTS('',3,(#5967,#5968,#5969,#5970),
 .UNSPECIFIED.,.F.,.F.,(4,4),(1.97560510760862E-7,0.00219567712027428),
 .UNSPECIFIED.);
#2704=B_SPLINE_CURVE_WITH_KNOTS('',3,(#5974,#5975,#5976,#5977),
 .UNSPECIFIED.,.F.,.F.,(4,4),(1.16770535330752E-5,0.00220715662501813),
 .UNSPECIFIED.);
#2705=B_SPLINE_CURVE_WITH_KNOTS('',3,(#5979,#5980,#5981,#5982),
 .UNSPECIFIED.,.F.,.F.,(4,4),(4.44827130691033E-7,0.00835023317635957),
 .UNSPECIFIED.);
#2706=B_SPLINE_CURVE_WITH_KNOTS('',3,(#5984,#5985,#5986,#5987),
 .UNSPECIFIED.,.F.,.F.,(4,4),(2.01526310837239E-7,0.00834998987549509),
 .UNSPECIFIED.);
#2707=B_SPLINE_CURVE_WITH_KNOTS('',3,(#5989,#5990,#5991,#5992),
 .UNSPECIFIED.,.F.,.F.,(4,4),(2.01013671815923E-7,0.00219568057408185),
 .UNSPECIFIED.);
#2708=B_SPLINE_CURVE_WITH_KNOTS('',3,(#5996,#5997,#5998,#5999),
 .UNSPECIFIED.,.F.,.F.,(4,4),(1.16770398256579E-5,0.00220715669071524),
 .UNSPECIFIED.);
#2709=B_SPLINE_CURVE_WITH_KNOTS('',3,(#6001,#6002,#6003,#6004),
 .UNSPECIFIED.,.F.,.F.,(4,4),(4.44827154031357E-7,0.00835023307151884),
 .UNSPECIFIED.);
#2710=B_SPLINE_CURVE_WITH_KNOTS('',3,(#6006,#6007,#6008,#6009),
 .UNSPECIFIED.,.F.,.F.,(4,4),(2.16143452018436E-7,0.00835000459750116),
 .UNSPECIFIED.);
#2711=B_SPLINE_CURVE_WITH_KNOTS('',3,(#6011,#6012,#6013,#6014),
 .UNSPECIFIED.,.F.,.F.,(4,4),(2.15592627079246E-7,0.00219569508971784),
 .UNSPECIFIED.);
#2712=B_SPLINE_CURVE_WITH_KNOTS('',3,(#6018,#6019,#6020,#6021),
 .UNSPECIFIED.,.F.,.F.,(4,4),(1.16770620399319E-5,0.00220715662519016),
 .UNSPECIFIED.);
#2713=B_SPLINE_CURVE_WITH_KNOTS('',3,(#6023,#6024,#6025,#6026),
 .UNSPECIFIED.,.F.,.F.,(4,4),(4.44827207919287E-7,0.00835023317640588),
 .UNSPECIFIED.);
#2714=B_SPLINE_CURVE_WITH_KNOTS('',3,(#6028,#6029,#6030,#6031),
 .UNSPECIFIED.,.F.,.F.,(4,4),(2.46366829341145E-7,0.00835003471604483),
 .UNSPECIFIED.);
#2715=B_SPLINE_CURVE_WITH_KNOTS('',3,(#6033,#6034,#6035,#6036),
 .UNSPECIFIED.,.F.,.F.,(4,4),(3.31617988032761E-7,0.0021958112028185),
 .UNSPECIFIED.);
#2716=B_SPLINE_CURVE_WITH_KNOTS('',3,(#6040,#6041,#6042,#6043),
 .UNSPECIFIED.,.F.,.F.,(4,4),(1.16770648297842E-5,0.00220715662524448),
 .UNSPECIFIED.);
#2717=B_SPLINE_CURVE_WITH_KNOTS('',3,(#6045,#6046,#6047,#6048),
 .UNSPECIFIED.,.F.,.F.,(4,4),(4.44827233251147E-7,0.00835023317640935),
 .UNSPECIFIED.);
#2718=B_SPLINE_CURVE_WITH_KNOTS('',3,(#6050,#6051,#6052,#6053),
 .UNSPECIFIED.,.F.,.F.,(4,4),(2.60704179156849E-7,0.00835004905340303),
 .UNSPECIFIED.);
#2719=B_SPLINE_CURVE_WITH_KNOTS('',3,(#6055,#6056,#6057,#6058),
 .UNSPECIFIED.,.F.,.F.,(4,4),(2.60046790536316E-7,0.00219573961827847),
 .UNSPECIFIED.);
#2720=B_SPLINE_CURVE_WITH_KNOTS('',3,(#6062,#6063,#6064,#6065),
 .UNSPECIFIED.,.F.,.F.,(4,4),(1.16770654912729E-5,0.00220715662525734),
 .UNSPECIFIED.);
#2721=B_SPLINE_CURVE_WITH_KNOTS('',3,(#6067,#6068,#6069,#6070),
 .UNSPECIFIED.,.F.,.F.,(4,4),(4.44827239200218E-7,0.00835023317641612),
 .UNSPECIFIED.);
#2722=B_SPLINE_CURVE_WITH_KNOTS('',3,(#6072,#6073,#6074,#6075),
 .UNSPECIFIED.,.F.,.F.,(4,4),(2.23652743276262E-7,0.0083500120019458),
 .UNSPECIFIED.);
#2723=B_SPLINE_CURVE_WITH_KNOTS('',3,(#6077,#6078,#6079,#6080),
 .UNSPECIFIED.,.F.,.F.,(4,4),(2.23086765960008E-7,0.00219570265132465),
 .UNSPECIFIED.);
#2724=B_SPLINE_CURVE_WITH_KNOTS('',3,(#6084,#6085,#6086,#6087),
 .UNSPECIFIED.,.F.,.F.,(4,4),(1.16770642030249E-5,0.00220715662523546),
 .UNSPECIFIED.);
#2725=B_SPLINE_CURVE_WITH_KNOTS('',3,(#6089,#6090,#6091,#6092),
 .UNSPECIFIED.,.F.,.F.,(4,4),(4.44827227500038E-7,0.00835023317641131),
 .UNSPECIFIED.);
#2726=B_SPLINE_CURVE_WITH_KNOTS('',3,(#6094,#6095,#6096,#6097),
 .UNSPECIFIED.,.F.,.F.,(4,4),(2.04814621371828E-7,0.00834999316379921),
 .UNSPECIFIED.);
#2727=B_SPLINE_CURVE_WITH_KNOTS('',3,(#6099,#6100,#6101,#6102),
 .UNSPECIFIED.,.F.,.F.,(4,4),(2.04295215526E-7,0.0021956838562522),
 .UNSPECIFIED.);
#2728=B_SPLINE_CURVE_WITH_KNOTS('',3,(#6106,#6107,#6108,#6109),
 .UNSPECIFIED.,.F.,.F.,(4,4),(1.16770606060807E-5,0.00220715662516918),
 .UNSPECIFIED.);
#2729=B_SPLINE_CURVE_WITH_KNOTS('',3,(#6111,#6112,#6113,#6114),
 .UNSPECIFIED.,.F.,.F.,(4,4),(4.44827194843465E-7,0.00835023317639546),
 .UNSPECIFIED.);
#2730=B_SPLINE_CURVE_WITH_KNOTS('',3,(#6116,#6117,#6118,#6119),
 .UNSPECIFIED.,.F.,.F.,(4,4),(1.98063588872912E-7,0.0083499864127595),
 .UNSPECIFIED.);
#2731=B_SPLINE_CURVE_WITH_KNOTS('',3,(#6121,#6122,#6123,#6124),
 .UNSPECIFIED.,.F.,.F.,(4,4),(1.97560510662548E-7,0.00219567712028235),
 .UNSPECIFIED.);
#2732=B_SPLINE_CURVE_WITH_KNOTS('',3,(#6128,#6129,#6130,#6131),
 .UNSPECIFIED.,.F.,.F.,(4,4),(1.16770535356904E-5,0.00220715662502429),
 .UNSPECIFIED.);
#2733=B_SPLINE_CURVE_WITH_KNOTS('',3,(#6133,#6134,#6135,#6136),
 .UNSPECIFIED.,.F.,.F.,(4,4),(4.44827130589449E-7,0.00835023317635632),
 .UNSPECIFIED.);
#2734=B_SPLINE_CURVE_WITH_KNOTS('',3,(#6138,#6139,#6140,#6141),
 .UNSPECIFIED.,.F.,.F.,(4,4),(2.01526310837239E-7,0.00834998987548013),
 .UNSPECIFIED.);
#2735=B_SPLINE_CURVE_WITH_KNOTS('',3,(#6144,#6145,#6146,#6147),
 .UNSPECIFIED.,.F.,.F.,(4,4),(2.01013671815923E-7,0.00219568057409486),
 .UNSPECIFIED.);
#2736=B_SPLINE_CURVE_WITH_KNOTS('',3,(#6151,#6152,#6153,#6154),
 .UNSPECIFIED.,.F.,.F.,(4,4),(1.1677039831697E-5,0.00220715667138415),
 .UNSPECIFIED.);
#2737=B_SPLINE_CURVE_WITH_KNOTS('',3,(#6156,#6157,#6158,#6159),
 .UNSPECIFIED.,.F.,.F.,(4,4),(4.44827154337957E-7,0.0083502331022195),
 .UNSPECIFIED.);
#2738=B_SPLINE_CURVE_WITH_KNOTS('',3,(#6163,#6164,#6165,#6166),
 .UNSPECIFIED.,.F.,.F.,(4,4),(2.16143451495594E-7,0.00835000449263926),
 .UNSPECIFIED.);
#2739=B_SPLINE_CURVE_WITH_KNOTS('',3,(#6168,#6169,#6170,#6171),
 .UNSPECIFIED.,.F.,.F.,(4,4),(2.1559262590006E-7,0.00219569515578735),
 .UNSPECIFIED.);
#2740=B_SPLINE_CURVE_WITH_KNOTS('',3,(#6172,#6173,#6174,#6175),
 .UNSPECIFIED.,.F.,.F.,(4,4),(1.16770620425894E-5,0.0022071565784897),
 .UNSPECIFIED.);
#2741=B_SPLINE_CURVE_WITH_KNOTS('',3,(#6177,#6178,#6179,#6180),
 .UNSPECIFIED.,.F.,.F.,(4,4),(4.44827209203125E-7,0.00835023325054386),
 .UNSPECIFIED.);
#2742=B_SPLINE_CURVE_WITH_KNOTS('',3,(#6185,#6186,#6187,#6188),
 .UNSPECIFIED.,.F.,.F.,(4,4),(4.44827207793027E-7,0.00835023317639552),
 .UNSPECIFIED.);
#2743=B_SPLINE_CURVE_WITH_KNOTS('',3,(#6190,#6191,#6192,#6193),
 .UNSPECIFIED.,.F.,.F.,(4,4),(2.16143451773206E-7,0.00835000456678673),
 .UNSPECIFIED.);
#2744=B_SPLINE_CURVE_WITH_KNOTS('',3,(#6195,#6196,#6197,#6198),
 .UNSPECIFIED.,.F.,.F.,(4,4),(2.15592626745794E-7,0.00219569510907358),
 .UNSPECIFIED.);
#2745=B_SPLINE_CURVE_WITH_KNOTS('',3,(#6202,#6203,#6204,#6205),
 .UNSPECIFIED.,.F.,.F.,(4,4),(1.16770620416798E-5,0.00220715662520272),
 .UNSPECIFIED.);
#2746=EDGE_LOOP('',(#565));
#2747=EDGE_LOOP('',(#566));
#2748=EDGE_LOOP('',(#567));
#2749=EDGE_LOOP('',(#568));
#2750=EDGE_LOOP('',(#569,#570,#571,#572));
#2751=EDGE_LOOP('',(#573));
#2752=EDGE_LOOP('',(#574,#575,#576,#577,#578,#579,#580,#581,#582,#583,#584,
#585,#586,#587,#588,#589,#590,#591,#592,#593,#594,#595,#596,#597,#598,#599,
#600,#601,#602,#603,#604,#605,#606,#607,#608,#609,#610,#611,#612,#613,#614,
#615,#616,#617,#618,#619,#620,#621,#622,#623,#624,#625,#626,#627,#628,#629));
#2753=EDGE_LOOP('',(#630,#631,#632,#633));
#2754=EDGE_LOOP('',(#634));
#2755=EDGE_LOOP('',(#635,#636,#637,#638));
#2756=EDGE_LOOP('',(#639,#640,#641,#642));
#2757=EDGE_LOOP('',(#643,#644,#645,#646));
#2758=EDGE_LOOP('',(#647,#648,#649,#650,#651,#652));
#2759=EDGE_LOOP('',(#653,#654,#655,#656,#657,#658));
#2760=EDGE_LOOP('',(#659,#660,#661,#662,#663,#664));
#2761=EDGE_LOOP('',(#665,#666,#667,#668,#669,#670));
#2762=EDGE_LOOP('',(#671,#672,#673,#674,#675,#676));
#2763=EDGE_LOOP('',(#677,#678,#679,#680,#681,#682));
#2764=EDGE_LOOP('',(#683,#684,#685,#686,#687,#688));
#2765=EDGE_LOOP('',(#689,#690,#691,#692,#693,#694));
#2766=EDGE_LOOP('',(#695,#696,#697,#698,#699,#700));
#2767=EDGE_LOOP('',(#701,#702,#703,#704,#705,#706));
#2768=EDGE_LOOP('',(#707,#708,#709,#710,#711,#712));
#2769=EDGE_LOOP('',(#713,#714,#715,#716,#717,#718));
#2770=EDGE_LOOP('',(#719,#720,#721,#722,#723,#724));
#2771=EDGE_LOOP('',(#725,#726,#727,#728,#729,#730));
#2772=EDGE_LOOP('',(#731,#732,#733,#734,#735,#736));
#2773=EDGE_LOOP('',(#737,#738,#739,#740,#741,#742));
#2774=EDGE_LOOP('',(#743,#744,#745,#746,#747,#748));
#2775=EDGE_LOOP('',(#749,#750,#751,#752,#753,#754));
#2776=EDGE_LOOP('',(#755,#756,#757,#758,#759,#760));
#2777=EDGE_LOOP('',(#761,#762,#763,#764,#765,#766));
#2778=EDGE_LOOP('',(#767,#768,#769,#770,#771,#772));
#2779=EDGE_LOOP('',(#773,#774,#775,#776,#777,#778));
#2780=EDGE_LOOP('',(#779,#780,#781,#782,#783,#784));
#2781=EDGE_LOOP('',(#785,#786,#787,#788,#789,#790));
#2782=EDGE_LOOP('',(#791,#792,#793,#794,#795,#796));
#2783=EDGE_LOOP('',(#797,#798,#799,#800,#801,#802));
#2784=EDGE_LOOP('',(#803,#804,#805,#806,#807,#808));
#2785=EDGE_LOOP('',(#809,#810,#811,#812));
#2786=EDGE_LOOP('',(#813,#814,#815,#816));
#2787=EDGE_LOOP('',(#817,#818,#819,#820));
#2788=EDGE_LOOP('',(#821,#822,#823,#824));
#2789=EDGE_LOOP('',(#825,#826,#827,#828));
#2790=EDGE_LOOP('',(#829,#830,#831,#832));
#2791=EDGE_LOOP('',(#833,#834,#835,#836));
#2792=EDGE_LOOP('',(#837,#838,#839,#840));
#2793=EDGE_LOOP('',(#841,#842,#843,#844));
#2794=EDGE_LOOP('',(#845,#846,#847,#848));
#2795=EDGE_LOOP('',(#849,#850,#851,#852));
#2796=EDGE_LOOP('',(#853,#854,#855,#856));
#2797=EDGE_LOOP('',(#857,#858,#859,#860));
#2798=EDGE_LOOP('',(#861,#862,#863,#864));
#2799=EDGE_LOOP('',(#865,#866,#867,#868));
#2800=EDGE_LOOP('',(#869,#870,#871,#872));
#2801=EDGE_LOOP('',(#873,#874,#875,#876));
#2802=EDGE_LOOP('',(#877,#878,#879,#880));
#2803=EDGE_LOOP('',(#881,#882,#883,#884));
#2804=EDGE_LOOP('',(#885,#886,#887,#888));
#2805=EDGE_LOOP('',(#889,#890,#891,#892));
#2806=EDGE_LOOP('',(#893,#894,#895,#896));
#2807=EDGE_LOOP('',(#897,#898,#899,#900));
#2808=EDGE_LOOP('',(#901,#902,#903,#904));
#2809=EDGE_LOOP('',(#905,#906,#907,#908));
#2810=EDGE_LOOP('',(#909,#910,#911,#912));
#2811=EDGE_LOOP('',(#913,#914,#915,#916));
#2812=EDGE_LOOP('',(#917,#918,#919,#920,#921,#922));
#2813=EDGE_LOOP('',(#923,#924,#925,#926,#927,#928));
#2814=EDGE_LOOP('',(#929,#930,#931,#932,#933,#934));
#2815=EDGE_LOOP('',(#935,#936,#937,#938,#939,#940));
#2816=EDGE_LOOP('',(#941,#942,#943,#944,#945,#946));
#2817=EDGE_LOOP('',(#947,#948,#949,#950,#951,#952));
#2818=EDGE_LOOP('',(#953,#954,#955,#956,#957,#958));
#2819=EDGE_LOOP('',(#959,#960,#961,#962,#963,#964));
#2820=EDGE_LOOP('',(#965,#966,#967,#968,#969,#970));
#2821=EDGE_LOOP('',(#971,#972,#973,#974,#975,#976));
#2822=EDGE_LOOP('',(#977,#978,#979,#980,#981,#982));
#2823=EDGE_LOOP('',(#983,#984,#985,#986,#987,#988));
#2824=EDGE_LOOP('',(#989,#990,#991,#992,#993,#994));
#2825=EDGE_LOOP('',(#995,#996,#997,#998,#999,#1000));
#2826=EDGE_LOOP('',(#1001,#1002,#1003,#1004,#1005,#1006));
#2827=EDGE_LOOP('',(#1007,#1008,#1009,#1010,#1011,#1012));
#2828=EDGE_LOOP('',(#1013,#1014,#1015,#1016,#1017,#1018));
#2829=EDGE_LOOP('',(#1019,#1020,#1021,#1022,#1023,#1024));
#2830=EDGE_LOOP('',(#1025,#1026,#1027,#1028,#1029,#1030));
#2831=EDGE_LOOP('',(#1031,#1032,#1033,#1034,#1035,#1036));
#2832=EDGE_LOOP('',(#1037,#1038,#1039,#1040,#1041,#1042));
#2833=EDGE_LOOP('',(#1043,#1044,#1045,#1046,#1047,#1048));
#2834=EDGE_LOOP('',(#1049,#1050,#1051,#1052,#1053,#1054));
#2835=EDGE_LOOP('',(#1055,#1056,#1057,#1058,#1059,#1060));
#2836=EDGE_LOOP('',(#1061,#1062,#1063,#1064,#1065,#1066));
#2837=EDGE_LOOP('',(#1067,#1068,#1069,#1070,#1071,#1072));
#2838=EDGE_LOOP('',(#1073,#1074,#1075,#1076,#1077,#1078));
#2839=EDGE_LOOP('',(#1079,#1080,#1081,#1082,#1083,#1084));
#2840=EDGE_LOOP('',(#1085,#1086,#1087,#1088));
#2841=EDGE_LOOP('',(#1089,#1090,#1091,#1092,#1093,#1094));
#2842=EDGE_LOOP('',(#1095));
#2843=EDGE_LOOP('',(#1096,#1097,#1098,#1099,#1100,#1101,#1102,#1103,#1104,
#1105,#1106,#1107,#1108,#1109,#1110,#1111,#1112,#1113,#1114,#1115,#1116,
#1117,#1118,#1119,#1120,#1121,#1122,#1123,#1124,#1125,#1126,#1127,#1128,
#1129,#1130,#1131,#1132,#1133,#1134,#1135,#1136,#1137,#1138,#1139,#1140,
#1141,#1142,#1143,#1144,#1145,#1146,#1147,#1148,#1149,#1150,#1151));
#2844=EDGE_LOOP('',(#1152,#1153,#1154,#1155,#1156,#1157,#1158,#1159));
#2845=EDGE_LOOP('',(#1160,#1161,#1162,#1163));
#2846=EDGE_LOOP('',(#1164,#1165,#1166,#1167));
#2847=EDGE_LOOP('',(#1168,#1169,#1170,#1171,#1172,#1173,#1174,#1175));
#2848=EDGE_LOOP('',(#1176,#1177,#1178,#1179));
#2849=EDGE_LOOP('',(#1180,#1181,#1182,#1183));
#2850=EDGE_LOOP('',(#1184,#1185,#1186,#1187,#1188,#1189,#1190,#1191));
#2851=EDGE_LOOP('',(#1192,#1193,#1194,#1195));
#2852=EDGE_LOOP('',(#1196,#1197,#1198,#1199));
#2853=EDGE_LOOP('',(#1200,#1201,#1202,#1203,#1204,#1205,#1206,#1207));
#2854=EDGE_LOOP('',(#1208,#1209,#1210,#1211));
#2855=EDGE_LOOP('',(#1212,#1213,#1214,#1215));
#2856=EDGE_LOOP('',(#1216,#1217,#1218,#1219,#1220,#1221,#1222,#1223));
#2857=EDGE_LOOP('',(#1224,#1225,#1226,#1227));
#2858=EDGE_LOOP('',(#1228,#1229,#1230,#1231));
#2859=EDGE_LOOP('',(#1232,#1233,#1234,#1235,#1236,#1237,#1238,#1239));
#2860=EDGE_LOOP('',(#1240,#1241,#1242,#1243));
#2861=EDGE_LOOP('',(#1244,#1245,#1246,#1247));
#2862=EDGE_LOOP('',(#1248,#1249,#1250,#1251,#1252,#1253,#1254,#1255));
#2863=EDGE_LOOP('',(#1256,#1257,#1258,#1259));
#2864=EDGE_LOOP('',(#1260,#1261,#1262,#1263));
#2865=EDGE_LOOP('',(#1264,#1265,#1266,#1267,#1268,#1269,#1270,#1271));
#2866=EDGE_LOOP('',(#1272,#1273,#1274,#1275));
#2867=EDGE_LOOP('',(#1276,#1277,#1278,#1279));
#2868=EDGE_LOOP('',(#1280,#1281,#1282,#1283,#1284,#1285,#1286,#1287));
#2869=EDGE_LOOP('',(#1288,#1289,#1290,#1291));
#2870=EDGE_LOOP('',(#1292,#1293,#1294,#1295));
#2871=EDGE_LOOP('',(#1296,#1297,#1298,#1299,#1300,#1301,#1302,#1303));
#2872=EDGE_LOOP('',(#1304,#1305,#1306,#1307));
#2873=EDGE_LOOP('',(#1308,#1309,#1310,#1311));
#2874=EDGE_LOOP('',(#1312,#1313,#1314,#1315,#1316,#1317,#1318,#1319));
#2875=EDGE_LOOP('',(#1320,#1321,#1322,#1323));
#2876=EDGE_LOOP('',(#1324,#1325,#1326,#1327));
#2877=EDGE_LOOP('',(#1328,#1329,#1330,#1331,#1332,#1333,#1334,#1335));
#2878=EDGE_LOOP('',(#1336,#1337,#1338,#1339));
#2879=EDGE_LOOP('',(#1340,#1341,#1342,#1343));
#2880=EDGE_LOOP('',(#1344,#1345,#1346,#1347,#1348,#1349,#1350,#1351));
#2881=EDGE_LOOP('',(#1352,#1353,#1354,#1355));
#2882=EDGE_LOOP('',(#1356,#1357,#1358,#1359));
#2883=EDGE_LOOP('',(#1360,#1361,#1362,#1363,#1364,#1365,#1366,#1367));
#2884=EDGE_LOOP('',(#1368,#1369,#1370,#1371));
#2885=EDGE_LOOP('',(#1372,#1373,#1374,#1375));
#2886=EDGE_LOOP('',(#1376,#1377,#1378,#1379,#1380,#1381,#1382,#1383));
#2887=EDGE_LOOP('',(#1384,#1385,#1386,#1387));
#2888=EDGE_LOOP('',(#1388,#1389,#1390,#1391));
#2889=EDGE_LOOP('',(#1392,#1393,#1394,#1395,#1396,#1397,#1398,#1399));
#2890=EDGE_LOOP('',(#1400,#1401,#1402,#1403));
#2891=EDGE_LOOP('',(#1404,#1405,#1406,#1407));
#2892=EDGE_LOOP('',(#1408,#1409,#1410,#1411,#1412,#1413,#1414,#1415));
#2893=EDGE_LOOP('',(#1416,#1417,#1418,#1419));
#2894=EDGE_LOOP('',(#1420,#1421,#1422,#1423));
#2895=EDGE_LOOP('',(#1424,#1425,#1426,#1427,#1428,#1429,#1430,#1431));
#2896=EDGE_LOOP('',(#1432,#1433,#1434,#1435));
#2897=EDGE_LOOP('',(#1436,#1437,#1438,#1439));
#2898=EDGE_LOOP('',(#1440,#1441,#1442,#1443,#1444,#1445,#1446,#1447));
#2899=EDGE_LOOP('',(#1448,#1449,#1450,#1451));
#2900=EDGE_LOOP('',(#1452,#1453,#1454,#1455));
#2901=EDGE_LOOP('',(#1456,#1457,#1458,#1459,#1460,#1461,#1462,#1463));
#2902=EDGE_LOOP('',(#1464,#1465,#1466,#1467));
#2903=EDGE_LOOP('',(#1468,#1469,#1470,#1471));
#2904=EDGE_LOOP('',(#1472,#1473,#1474,#1475,#1476,#1477,#1478,#1479));
#2905=EDGE_LOOP('',(#1480,#1481,#1482,#1483));
#2906=EDGE_LOOP('',(#1484,#1485,#1486,#1487));
#2907=EDGE_LOOP('',(#1488,#1489,#1490,#1491,#1492,#1493,#1494,#1495));
#2908=EDGE_LOOP('',(#1496,#1497,#1498,#1499));
#2909=EDGE_LOOP('',(#1500,#1501,#1502,#1503));
#2910=EDGE_LOOP('',(#1504,#1505,#1506,#1507,#1508,#1509,#1510,#1511));
#2911=EDGE_LOOP('',(#1512,#1513,#1514,#1515));
#2912=EDGE_LOOP('',(#1516,#1517,#1518,#1519));
#2913=EDGE_LOOP('',(#1520,#1521,#1522,#1523,#1524,#1525,#1526,#1527));
#2914=EDGE_LOOP('',(#1528,#1529,#1530,#1531));
#2915=EDGE_LOOP('',(#1532,#1533,#1534,#1535));
#2916=EDGE_LOOP('',(#1536,#1537,#1538,#1539,#1540,#1541,#1542,#1543));
#2917=EDGE_LOOP('',(#1544,#1545,#1546,#1547));
#2918=EDGE_LOOP('',(#1548,#1549,#1550,#1551));
#2919=EDGE_LOOP('',(#1552,#1553,#1554,#1555,#1556,#1557,#1558,#1559));
#2920=EDGE_LOOP('',(#1560,#1561,#1562,#1563));
#2921=EDGE_LOOP('',(#1564,#1565,#1566,#1567));
#2922=EDGE_LOOP('',(#1568,#1569,#1570,#1571,#1572,#1573,#1574,#1575));
#2923=EDGE_LOOP('',(#1576,#1577,#1578,#1579));
#2924=EDGE_LOOP('',(#1580,#1581,#1582,#1583));
#2925=EDGE_LOOP('',(#1584,#1585,#1586,#1587));
#2926=EDGE_LOOP('',(#1588,#1589,#1590,#1591,#1592,#1593,#1594,#1595));
#2927=EDGE_LOOP('',(#1596,#1597,#1598,#1599));
#2928=EDGE_LOOP('',(#1600));
#2929=EDGE_LOOP('',(#1601));
#2930=EDGE_LOOP('',(#1602));
#2931=EDGE_LOOP('',(#1603,#1604,#1605,#1606));
#2932=EDGE_LOOP('',(#1607,#1608,#1609,#1610,#1611,#1612));
#2933=EDGE_LOOP('',(#1613,#1614,#1615,#1616,#1617,#1618));
#2934=EDGE_LOOP('',(#1619));
#2935=EDGE_LOOP('',(#1620));
#2936=EDGE_LOOP('',(#1621));
#2937=EDGE_LOOP('',(#1622));
#2938=EDGE_LOOP('',(#1623));
#2939=EDGE_LOOP('',(#1624));
#2940=EDGE_LOOP('',(#1625));
#2941=EDGE_LOOP('',(#1626));
#2942=FACE_BOUND('',#2746,.T.);
#2943=FACE_BOUND('',#2747,.T.);
#2944=FACE_BOUND('',#2748,.T.);
#2945=FACE_BOUND('',#2749,.T.);
#2946=FACE_BOUND('',#2750,.T.);
#2947=FACE_BOUND('',#2751,.T.);
#2948=FACE_BOUND('',#2752,.T.);
#2949=FACE_BOUND('',#2753,.T.);
#2950=FACE_BOUND('',#2754,.T.);
#2951=FACE_BOUND('',#2755,.T.);
#2952=FACE_BOUND('',#2756,.T.);
#2953=FACE_BOUND('',#2757,.T.);
#2954=FACE_BOUND('',#2758,.T.);
#2955=FACE_BOUND('',#2759,.T.);
#2956=FACE_BOUND('',#2760,.T.);
#2957=FACE_BOUND('',#2761,.T.);
#2958=FACE_BOUND('',#2762,.T.);
#2959=FACE_BOUND('',#2763,.T.);
#2960=FACE_BOUND('',#2764,.T.);
#2961=FACE_BOUND('',#2765,.T.);
#2962=FACE_BOUND('',#2766,.T.);
#2963=FACE_BOUND('',#2767,.T.);
#2964=FACE_BOUND('',#2768,.T.);
#2965=FACE_BOUND('',#2769,.T.);
#2966=FACE_BOUND('',#2770,.T.);
#2967=FACE_BOUND('',#2771,.T.);
#2968=FACE_BOUND('',#2772,.T.);
#2969=FACE_BOUND('',#2773,.T.);
#2970=FACE_BOUND('',#2774,.T.);
#2971=FACE_BOUND('',#2775,.T.);
#2972=FACE_BOUND('',#2776,.T.);
#2973=FACE_BOUND('',#2777,.T.);
#2974=FACE_BOUND('',#2778,.T.);
#2975=FACE_BOUND('',#2779,.T.);
#2976=FACE_BOUND('',#2780,.T.);
#2977=FACE_BOUND('',#2781,.T.);
#2978=FACE_BOUND('',#2782,.T.);
#2979=FACE_BOUND('',#2783,.T.);
#2980=FACE_BOUND('',#2784,.T.);
#2981=FACE_BOUND('',#2785,.T.);
#2982=FACE_BOUND('',#2786,.T.);
#2983=FACE_BOUND('',#2787,.T.);
#2984=FACE_BOUND('',#2788,.T.);
#2985=FACE_BOUND('',#2789,.T.);
#2986=FACE_BOUND('',#2790,.T.);
#2987=FACE_BOUND('',#2791,.T.);
#2988=FACE_BOUND('',#2792,.T.);
#2989=FACE_BOUND('',#2793,.T.);
#2990=FACE_BOUND('',#2794,.T.);
#2991=FACE_BOUND('',#2795,.T.);
#2992=FACE_BOUND('',#2796,.T.);
#2993=FACE_BOUND('',#2797,.T.);
#2994=FACE_BOUND('',#2798,.T.);
#2995=FACE_BOUND('',#2799,.T.);
#2996=FACE_BOUND('',#2800,.T.);
#2997=FACE_BOUND('',#2801,.T.);
#2998=FACE_BOUND('',#2802,.T.);
#2999=FACE_BOUND('',#2803,.T.);
#3000=FACE_BOUND('',#2804,.T.);
#3001=FACE_BOUND('',#2805,.T.);
#3002=FACE_BOUND('',#2806,.T.);
#3003=FACE_BOUND('',#2807,.T.);
#3004=FACE_BOUND('',#2808,.T.);
#3005=FACE_BOUND('',#2809,.T.);
#3006=FACE_BOUND('',#2810,.T.);
#3007=FACE_BOUND('',#2811,.T.);
#3008=FACE_BOUND('',#2812,.T.);
#3009=FACE_BOUND('',#2813,.T.);
#3010=FACE_BOUND('',#2814,.T.);
#3011=FACE_BOUND('',#2815,.T.);
#3012=FACE_BOUND('',#2816,.T.);
#3013=FACE_BOUND('',#2817,.T.);
#3014=FACE_BOUND('',#2818,.T.);
#3015=FACE_BOUND('',#2819,.T.);
#3016=FACE_BOUND('',#2820,.T.);
#3017=FACE_BOUND('',#2821,.T.);
#3018=FACE_BOUND('',#2822,.T.);
#3019=FACE_BOUND('',#2823,.T.);
#3020=FACE_BOUND('',#2824,.T.);
#3021=FACE_BOUND('',#2825,.T.);
#3022=FACE_BOUND('',#2826,.T.);
#3023=FACE_BOUND('',#2827,.T.);
#3024=FACE_BOUND('',#2828,.T.);
#3025=FACE_BOUND('',#2829,.T.);
#3026=FACE_BOUND('',#2830,.T.);
#3027=FACE_BOUND('',#2831,.T.);
#3028=FACE_BOUND('',#2832,.T.);
#3029=FACE_BOUND('',#2833,.T.);
#3030=FACE_BOUND('',#2834,.T.);
#3031=FACE_BOUND('',#2835,.T.);
#3032=FACE_BOUND('',#2836,.T.);
#3033=FACE_BOUND('',#2837,.T.);
#3034=FACE_BOUND('',#2838,.T.);
#3035=FACE_BOUND('',#2839,.T.);
#3036=FACE_BOUND('',#2840,.T.);
#3037=FACE_BOUND('',#2841,.T.);
#3038=FACE_BOUND('',#2842,.T.);
#3039=FACE_BOUND('',#2843,.T.);
#3040=FACE_BOUND('',#2844,.T.);
#3041=FACE_BOUND('',#2845,.T.);
#3042=FACE_BOUND('',#2846,.T.);
#3043=FACE_BOUND('',#2847,.T.);
#3044=FACE_BOUND('',#2848,.T.);
#3045=FACE_BOUND('',#2849,.T.);
#3046=FACE_BOUND('',#2850,.T.);
#3047=FACE_BOUND('',#2851,.T.);
#3048=FACE_BOUND('',#2852,.T.);
#3049=FACE_BOUND('',#2853,.T.);
#3050=FACE_BOUND('',#2854,.T.);
#3051=FACE_BOUND('',#2855,.T.);
#3052=FACE_BOUND('',#2856,.T.);
#3053=FACE_BOUND('',#2857,.T.);
#3054=FACE_BOUND('',#2858,.T.);
#3055=FACE_BOUND('',#2859,.T.);
#3056=FACE_BOUND('',#2860,.T.);
#3057=FACE_BOUND('',#2861,.T.);
#3058=FACE_BOUND('',#2862,.T.);
#3059=FACE_BOUND('',#2863,.T.);
#3060=FACE_BOUND('',#2864,.T.);
#3061=FACE_BOUND('',#2865,.T.);
#3062=FACE_BOUND('',#2866,.T.);
#3063=FACE_BOUND('',#2867,.T.);
#3064=FACE_BOUND('',#2868,.T.);
#3065=FACE_BOUND('',#2869,.T.);
#3066=FACE_BOUND('',#2870,.T.);
#3067=FACE_BOUND('',#2871,.T.);
#3068=FACE_BOUND('',#2872,.T.);
#3069=FACE_BOUND('',#2873,.T.);
#3070=FACE_BOUND('',#2874,.T.);
#3071=FACE_BOUND('',#2875,.T.);
#3072=FACE_BOUND('',#2876,.T.);
#3073=FACE_BOUND('',#2877,.T.);
#3074=FACE_BOUND('',#2878,.T.);
#3075=FACE_BOUND('',#2879,.T.);
#3076=FACE_BOUND('',#2880,.T.);
#3077=FACE_BOUND('',#2881,.T.);
#3078=FACE_BOUND('',#2882,.T.);
#3079=FACE_BOUND('',#2883,.T.);
#3080=FACE_BOUND('',#2884,.T.);
#3081=FACE_BOUND('',#2885,.T.);
#3082=FACE_BOUND('',#2886,.T.);
#3083=FACE_BOUND('',#2887,.T.);
#3084=FACE_BOUND('',#2888,.T.);
#3085=FACE_BOUND('',#2889,.T.);
#3086=FACE_BOUND('',#2890,.T.);
#3087=FACE_BOUND('',#2891,.T.);
#3088=FACE_BOUND('',#2892,.T.);
#3089=FACE_BOUND('',#2893,.T.);
#3090=FACE_BOUND('',#2894,.T.);
#3091=FACE_BOUND('',#2895,.T.);
#3092=FACE_BOUND('',#2896,.T.);
#3093=FACE_BOUND('',#2897,.T.);
#3094=FACE_BOUND('',#2898,.T.);
#3095=FACE_BOUND('',#2899,.T.);
#3096=FACE_BOUND('',#2900,.T.);
#3097=FACE_BOUND('',#2901,.T.);
#3098=FACE_BOUND('',#2902,.T.);
#3099=FACE_BOUND('',#2903,.T.);
#3100=FACE_BOUND('',#2904,.T.);
#3101=FACE_BOUND('',#2905,.T.);
#3102=FACE_BOUND('',#2906,.T.);
#3103=FACE_BOUND('',#2907,.T.);
#3104=FACE_BOUND('',#2908,.T.);
#3105=FACE_BOUND('',#2909,.T.);
#3106=FACE_BOUND('',#2910,.T.);
#3107=FACE_BOUND('',#2911,.T.);
#3108=FACE_BOUND('',#2912,.T.);
#3109=FACE_BOUND('',#2913,.T.);
#3110=FACE_BOUND('',#2914,.T.);
#3111=FACE_BOUND('',#2915,.T.);
#3112=FACE_BOUND('',#2916,.T.);
#3113=FACE_BOUND('',#2917,.T.);
#3114=FACE_BOUND('',#2918,.T.);
#3115=FACE_BOUND('',#2919,.T.);
#3116=FACE_BOUND('',#2920,.T.);
#3117=FACE_BOUND('',#2921,.T.);
#3118=FACE_BOUND('',#2922,.T.);
#3119=FACE_BOUND('',#2923,.T.);
#3120=FACE_BOUND('',#2924,.T.);
#3121=FACE_BOUND('',#2925,.T.);
#3122=FACE_BOUND('',#2926,.T.);
#3123=FACE_BOUND('',#2927,.T.);
#3124=FACE_BOUND('',#2928,.T.);
#3125=FACE_BOUND('',#2929,.T.);
#3126=FACE_BOUND('',#2930,.T.);
#3127=FACE_BOUND('',#2931,.T.);
#3128=FACE_BOUND('',#2932,.T.);
#3129=FACE_BOUND('',#2933,.T.);
#3130=FACE_BOUND('',#2934,.T.);
#3131=FACE_BOUND('',#2935,.T.);
#3132=FACE_BOUND('',#2936,.T.);
#3133=FACE_BOUND('',#2937,.T.);
#3134=FACE_BOUND('',#2938,.T.);
#3135=FACE_BOUND('',#2939,.T.);
#3136=FACE_BOUND('',#2940,.T.);
#3137=FACE_BOUND('',#2941,.T.);
#3138=CYLINDRICAL_SURFACE('',#3394,41.5);
#3139=CYLINDRICAL_SURFACE('',#3397,17.5);
#3140=CYLINDRICAL_SURFACE('',#3517,90.);
#3141=CYLINDRICAL_SURFACE('',#3520,90.);
#3142=CYLINDRICAL_SURFACE('',#3522,90.);
#3143=CYLINDRICAL_SURFACE('',#3524,90.);
#3144=CYLINDRICAL_SURFACE('',#3526,90.);
#3145=CYLINDRICAL_SURFACE('',#3528,90.);
#3146=CYLINDRICAL_SURFACE('',#3530,90.);
#3147=CYLINDRICAL_SURFACE('',#3532,90.);
#3148=CYLINDRICAL_SURFACE('',#3534,90.);
#3149=CYLINDRICAL_SURFACE('',#3536,90.);
#3150=CYLINDRICAL_SURFACE('',#3538,90.);
#3151=CYLINDRICAL_SURFACE('',#3540,90.);
#3152=CYLINDRICAL_SURFACE('',#3542,90.);
#3153=CYLINDRICAL_SURFACE('',#3544,90.);
#3154=CYLINDRICAL_SURFACE('',#3546,90.);
#3155=CYLINDRICAL_SURFACE('',#3548,90.);
#3156=CYLINDRICAL_SURFACE('',#3550,90.);
#3157=CYLINDRICAL_SURFACE('',#3552,90.);
#3158=CYLINDRICAL_SURFACE('',#3554,90.);
#3159=CYLINDRICAL_SURFACE('',#3556,90.);
#3160=CYLINDRICAL_SURFACE('',#3558,90.);
#3161=CYLINDRICAL_SURFACE('',#3560,90.);
#3162=CYLINDRICAL_SURFACE('',#3562,90.);
#3163=CYLINDRICAL_SURFACE('',#3564,90.);
#3164=CYLINDRICAL_SURFACE('',#3566,90.);
#3165=CYLINDRICAL_SURFACE('',#3568,90.);
#3166=CYLINDRICAL_SURFACE('',#3570,90.);
#3167=CYLINDRICAL_SURFACE('',#3628,90.);
#3168=CYLINDRICAL_SURFACE('',#3660,6.01999999999997);
#3169=CYLINDRICAL_SURFACE('',#3663,6.01999999999995);
#3170=CYLINDRICAL_SURFACE('',#3666,6.01999999999997);
#3171=CYLINDRICAL_SURFACE('',#3669,6.02000000000002);
#3172=CYLINDRICAL_SURFACE('',#3672,6.02000000000003);
#3173=CYLINDRICAL_SURFACE('',#3675,6.02000000000004);
#3174=CYLINDRICAL_SURFACE('',#3678,6.02000000000008);
#3175=CYLINDRICAL_SURFACE('',#3681,6.01999999999997);
#3176=CYLINDRICAL_SURFACE('',#3684,6.01999999999997);
#3177=CYLINDRICAL_SURFACE('',#3687,6.02000000000011);
#3178=CYLINDRICAL_SURFACE('',#3690,6.0199999999999);
#3179=CYLINDRICAL_SURFACE('',#3693,6.02000000000001);
#3180=CYLINDRICAL_SURFACE('',#3696,6.02000000000012);
#3181=CYLINDRICAL_SURFACE('',#3699,6.02000000000004);
#3182=CYLINDRICAL_SURFACE('',#3702,6.01999999999998);
#3183=CYLINDRICAL_SURFACE('',#3705,6.02000000000002);
#3184=CYLINDRICAL_SURFACE('',#3708,6.01999999999997);
#3185=CYLINDRICAL_SURFACE('',#3711,6.02000000000002);
#3186=CYLINDRICAL_SURFACE('',#3714,6.01999999999994);
#3187=CYLINDRICAL_SURFACE('',#3717,6.02);
#3188=CYLINDRICAL_SURFACE('',#3720,6.02000000000008);
#3189=CYLINDRICAL_SURFACE('',#3723,6.02000000000005);
#3190=CYLINDRICAL_SURFACE('',#3726,6.01999999999998);
#3191=CYLINDRICAL_SURFACE('',#3729,6.02000000000012);
#3192=CYLINDRICAL_SURFACE('',#3732,6.01999999999991);
#3193=CYLINDRICAL_SURFACE('',#3735,6.02000000000004);
#3194=CYLINDRICAL_SURFACE('',#3738,6.01999999999994);
#3195=CYLINDRICAL_SURFACE('',#3742,6.02000000000009);
#3196=CYLINDRICAL_SURFACE('',#3751,3.3235);
#3197=CYLINDRICAL_SURFACE('',#3754,3.3235);
#3198=ADVANCED_FACE('',(#2942,#2943,#2944,#2945),#3138,.T.);
#3199=ADVANCED_FACE('',(#2946,#2947),#3139,.F.);
#3200=ADVANCED_FACE('',(#2948,#2949),#81,.F.);
#3201=ADVANCED_FACE('',(#2950,#2951),#82,.F.);
#3202=ADVANCED_FACE('',(#2952),#76,.F.);
#3203=ADVANCED_FACE('',(#2953),#77,.F.);
#3204=ADVANCED_FACE('',(#2954),#20,.T.);
#3205=ADVANCED_FACE('',(#2955),#21,.T.);
#3206=ADVANCED_FACE('',(#2956),#22,.T.);
#3207=ADVANCED_FACE('',(#2957),#23,.T.);
#3208=ADVANCED_FACE('',(#2958),#24,.T.);
#3209=ADVANCED_FACE('',(#2959),#25,.T.);
#3210=ADVANCED_FACE('',(#2960),#26,.T.);
#3211=ADVANCED_FACE('',(#2961),#27,.T.);
#3212=ADVANCED_FACE('',(#2962),#28,.T.);
#3213=ADVANCED_FACE('',(#2963),#29,.T.);
#3214=ADVANCED_FACE('',(#2964),#30,.T.);
#3215=ADVANCED_FACE('',(#2965),#31,.T.);
#3216=ADVANCED_FACE('',(#2966),#32,.T.);
#3217=ADVANCED_FACE('',(#2967),#33,.T.);
#3218=ADVANCED_FACE('',(#2968),#34,.T.);
#3219=ADVANCED_FACE('',(#2969),#35,.T.);
#3220=ADVANCED_FACE('',(#2970),#36,.T.);
#3221=ADVANCED_FACE('',(#2971),#37,.T.);
#3222=ADVANCED_FACE('',(#2972),#38,.T.);
#3223=ADVANCED_FACE('',(#2973),#39,.T.);
#3224=ADVANCED_FACE('',(#2974),#40,.T.);
#3225=ADVANCED_FACE('',(#2975),#41,.T.);
#3226=ADVANCED_FACE('',(#2976),#42,.T.);
#3227=ADVANCED_FACE('',(#2977),#43,.T.);
#3228=ADVANCED_FACE('',(#2978),#44,.T.);
#3229=ADVANCED_FACE('',(#2979),#45,.T.);
#3230=ADVANCED_FACE('',(#2980),#46,.T.);
#3231=ADVANCED_FACE('',(#2981),#3140,.T.);
#3232=ADVANCED_FACE('',(#2982),#3141,.T.);
#3233=ADVANCED_FACE('',(#2983),#3142,.T.);
#3234=ADVANCED_FACE('',(#2984),#3143,.T.);
#3235=ADVANCED_FACE('',(#2985),#3144,.T.);
#3236=ADVANCED_FACE('',(#2986),#3145,.T.);
#3237=ADVANCED_FACE('',(#2987),#3146,.T.);
#3238=ADVANCED_FACE('',(#2988),#3147,.T.);
#3239=ADVANCED_FACE('',(#2989),#3148,.T.);
#3240=ADVANCED_FACE('',(#2990),#3149,.T.);
#3241=ADVANCED_FACE('',(#2991),#3150,.T.);
#3242=ADVANCED_FACE('',(#2992),#3151,.T.);
#3243=ADVANCED_FACE('',(#2993),#3152,.T.);
#3244=ADVANCED_FACE('',(#2994),#3153,.T.);
#3245=ADVANCED_FACE('',(#2995),#3154,.T.);
#3246=ADVANCED_FACE('',(#2996),#3155,.T.);
#3247=ADVANCED_FACE('',(#2997),#3156,.T.);
#3248=ADVANCED_FACE('',(#2998),#3157,.T.);
#3249=ADVANCED_FACE('',(#2999),#3158,.T.);
#3250=ADVANCED_FACE('',(#3000),#3159,.T.);
#3251=ADVANCED_FACE('',(#3001),#3160,.T.);
#3252=ADVANCED_FACE('',(#3002),#3161,.T.);
#3253=ADVANCED_FACE('',(#3003),#3162,.T.);
#3254=ADVANCED_FACE('',(#3004),#3163,.T.);
#3255=ADVANCED_FACE('',(#3005),#3164,.T.);
#3256=ADVANCED_FACE('',(#3006),#3165,.T.);
#3257=ADVANCED_FACE('',(#3007),#3166,.T.);
#3258=ADVANCED_FACE('',(#3008),#47,.T.);
#3259=ADVANCED_FACE('',(#3009),#48,.T.);
#3260=ADVANCED_FACE('',(#3010),#49,.T.);
#3261=ADVANCED_FACE('',(#3011),#50,.T.);
#3262=ADVANCED_FACE('',(#3012),#51,.T.);
#3263=ADVANCED_FACE('',(#3013),#52,.T.);
#3264=ADVANCED_FACE('',(#3014),#53,.T.);
#3265=ADVANCED_FACE('',(#3015),#54,.T.);
#3266=ADVANCED_FACE('',(#3016),#55,.T.);
#3267=ADVANCED_FACE('',(#3017),#56,.T.);
#3268=ADVANCED_FACE('',(#3018),#57,.T.);
#3269=ADVANCED_FACE('',(#3019),#58,.T.);
#3270=ADVANCED_FACE('',(#3020),#59,.T.);
#3271=ADVANCED_FACE('',(#3021),#60,.T.);
#3272=ADVANCED_FACE('',(#3022),#61,.T.);
#3273=ADVANCED_FACE('',(#3023),#62,.T.);
#3274=ADVANCED_FACE('',(#3024),#63,.T.);
#3275=ADVANCED_FACE('',(#3025),#64,.T.);
#3276=ADVANCED_FACE('',(#3026),#65,.T.);
#3277=ADVANCED_FACE('',(#3027),#66,.T.);
#3278=ADVANCED_FACE('',(#3028),#67,.T.);
#3279=ADVANCED_FACE('',(#3029),#68,.T.);
#3280=ADVANCED_FACE('',(#3030),#69,.T.);
#3281=ADVANCED_FACE('',(#3031),#70,.T.);
#3282=ADVANCED_FACE('',(#3032),#71,.T.);
#3283=ADVANCED_FACE('',(#3033),#72,.T.);
#3284=ADVANCED_FACE('',(#3034),#73,.T.);
#3285=ADVANCED_FACE('',(#3035),#74,.T.);
#3286=ADVANCED_FACE('',(#3036),#3167,.T.);
#3287=ADVANCED_FACE('',(#3037),#75,.T.);
#3288=ADVANCED_FACE('',(#3038,#3039),#83,.F.);
#3289=ADVANCED_FACE('',(#3040),#3168,.F.);
#3290=ADVANCED_FACE('',(#3041),#84,.F.);
#3291=ADVANCED_FACE('',(#3042),#85,.F.);
#3292=ADVANCED_FACE('',(#3043),#3169,.F.);
#3293=ADVANCED_FACE('',(#3044),#86,.F.);
#3294=ADVANCED_FACE('',(#3045),#87,.F.);
#3295=ADVANCED_FACE('',(#3046),#3170,.F.);
#3296=ADVANCED_FACE('',(#3047),#88,.F.);
#3297=ADVANCED_FACE('',(#3048),#89,.F.);
#3298=ADVANCED_FACE('',(#3049),#3171,.F.);
#3299=ADVANCED_FACE('',(#3050),#90,.F.);
#3300=ADVANCED_FACE('',(#3051),#91,.F.);
#3301=ADVANCED_FACE('',(#3052),#3172,.F.);
#3302=ADVANCED_FACE('',(#3053),#92,.F.);
#3303=ADVANCED_FACE('',(#3054),#93,.F.);
#3304=ADVANCED_FACE('',(#3055),#3173,.F.);
#3305=ADVANCED_FACE('',(#3056),#94,.F.);
#3306=ADVANCED_FACE('',(#3057),#95,.F.);
#3307=ADVANCED_FACE('',(#3058),#3174,.F.);
#3308=ADVANCED_FACE('',(#3059),#96,.F.);
#3309=ADVANCED_FACE('',(#3060),#97,.F.);
#3310=ADVANCED_FACE('',(#3061),#3175,.F.);
#3311=ADVANCED_FACE('',(#3062),#98,.F.);
#3312=ADVANCED_FACE('',(#3063),#99,.F.);
#3313=ADVANCED_FACE('',(#3064),#3176,.F.);
#3314=ADVANCED_FACE('',(#3065),#100,.F.);
#3315=ADVANCED_FACE('',(#3066),#101,.F.);
#3316=ADVANCED_FACE('',(#3067),#3177,.F.);
#3317=ADVANCED_FACE('',(#3068),#102,.F.);
#3318=ADVANCED_FACE('',(#3069),#103,.F.);
#3319=ADVANCED_FACE('',(#3070),#3178,.F.);
#3320=ADVANCED_FACE('',(#3071),#104,.F.);
#3321=ADVANCED_FACE('',(#3072),#105,.F.);
#3322=ADVANCED_FACE('',(#3073),#3179,.F.);
#3323=ADVANCED_FACE('',(#3074),#106,.F.);
#3324=ADVANCED_FACE('',(#3075),#107,.F.);
#3325=ADVANCED_FACE('',(#3076),#3180,.F.);
#3326=ADVANCED_FACE('',(#3077),#108,.F.);
#3327=ADVANCED_FACE('',(#3078),#109,.F.);
#3328=ADVANCED_FACE('',(#3079),#3181,.F.);
#3329=ADVANCED_FACE('',(#3080),#110,.F.);
#3330=ADVANCED_FACE('',(#3081),#111,.F.);
#3331=ADVANCED_FACE('',(#3082),#3182,.F.);
#3332=ADVANCED_FACE('',(#3083),#112,.F.);
#3333=ADVANCED_FACE('',(#3084),#113,.F.);
#3334=ADVANCED_FACE('',(#3085),#3183,.F.);
#3335=ADVANCED_FACE('',(#3086),#114,.F.);
#3336=ADVANCED_FACE('',(#3087),#115,.F.);
#3337=ADVANCED_FACE('',(#3088),#3184,.F.);
#3338=ADVANCED_FACE('',(#3089),#116,.F.);
#3339=ADVANCED_FACE('',(#3090),#117,.F.);
#3340=ADVANCED_FACE('',(#3091),#3185,.F.);
#3341=ADVANCED_FACE('',(#3092),#118,.F.);
#3342=ADVANCED_FACE('',(#3093),#119,.F.);
#3343=ADVANCED_FACE('',(#3094),#3186,.F.);
#3344=ADVANCED_FACE('',(#3095),#120,.F.);
#3345=ADVANCED_FACE('',(#3096),#121,.F.);
#3346=ADVANCED_FACE('',(#3097),#3187,.F.);
#3347=ADVANCED_FACE('',(#3098),#122,.F.);
#3348=ADVANCED_FACE('',(#3099),#123,.F.);
#3349=ADVANCED_FACE('',(#3100),#3188,.F.);
#3350=ADVANCED_FACE('',(#3101),#124,.F.);
#3351=ADVANCED_FACE('',(#3102),#125,.F.);
#3352=ADVANCED_FACE('',(#3103),#3189,.F.);
#3353=ADVANCED_FACE('',(#3104),#126,.F.);
#3354=ADVANCED_FACE('',(#3105),#127,.F.);
#3355=ADVANCED_FACE('',(#3106),#3190,.F.);
#3356=ADVANCED_FACE('',(#3107),#128,.F.);
#3357=ADVANCED_FACE('',(#3108),#129,.F.);
#3358=ADVANCED_FACE('',(#3109),#3191,.F.);
#3359=ADVANCED_FACE('',(#3110),#130,.F.);
#3360=ADVANCED_FACE('',(#3111),#131,.F.);
#3361=ADVANCED_FACE('',(#3112),#3192,.F.);
#3362=ADVANCED_FACE('',(#3113),#132,.F.);
#3363=ADVANCED_FACE('',(#3114),#133,.F.);
#3364=ADVANCED_FACE('',(#3115),#3193,.F.);
#3365=ADVANCED_FACE('',(#3116),#134,.F.);
#3366=ADVANCED_FACE('',(#3117),#135,.F.);
#3367=ADVANCED_FACE('',(#3118),#3194,.F.);
#3368=ADVANCED_FACE('',(#3119),#136,.F.);
#3369=ADVANCED_FACE('',(#3120),#137,.F.);
#3370=ADVANCED_FACE('',(#3121),#138,.F.);
#3371=ADVANCED_FACE('',(#3122),#3195,.F.);
#3372=ADVANCED_FACE('',(#3123),#139,.F.);
#3373=ADVANCED_FACE('',(#3124,#3125),#78,.T.);
#3374=ADVANCED_FACE('',(#3126,#3127),#140,.T.);
#3375=ADVANCED_FACE('',(#3128),#141,.T.);
#3376=ADVANCED_FACE('',(#3129),#142,.T.);
#3377=ADVANCED_FACE('',(#3130,#3131),#79,.F.);
#3378=ADVANCED_FACE('',(#3132,#3133),#3196,.F.);
#3379=ADVANCED_FACE('',(#3134,#3135),#80,.F.);
#3380=ADVANCED_FACE('',(#3136,#3137),#3197,.F.);
#3381=CLOSED_SHELL('',(#3198,#3199,#3200,#3201,#3202,#3203,#3204,#3205,
#3206,#3207,#3208,#3209,#3210,#3211,#3212,#3213,#3214,#3215,#3216,#3217,
#3218,#3219,#3220,#3221,#3222,#3223,#3224,#3225,#3226,#3227,#3228,#3229,
#3230,#3231,#3232,#3233,#3234,#3235,#3236,#3237,#3238,#3239,#3240,#3241,
#3242,#3243,#3244,#3245,#3246,#3247,#3248,#3249,#3250,#3251,#3252,#3253,
#3254,#3255,#3256,#3257,#3258,#3259,#3260,#3261,#3262,#3263,#3264,#3265,
#3266,#3267,#3268,#3269,#3270,#3271,#3272,#3273,#3274,#3275,#3276,#3277,
#3278,#3279,#3280,#3281,#3282,#3283,#3284,#3285,#3286,#3287,#3288,#3289,
#3290,#3291,#3292,#3293,#3294,#3295,#3296,#3297,#3298,#3299,#3300,#3301,
#3302,#3303,#3304,#3305,#3306,#3307,#3308,#3309,#3310,#3311,#3312,#3313,
#3314,#3315,#3316,#3317,#3318,#3319,#3320,#3321,#3322,#3323,#3324,#3325,
#3326,#3327,#3328,#3329,#3330,#3331,#3332,#3333,#3334,#3335,#3336,#3337,
#3338,#3339,#3340,#3341,#3342,#3343,#3344,#3345,#3346,#3347,#3348,#3349,
#3350,#3351,#3352,#3353,#3354,#3355,#3356,#3357,#3358,#3359,#3360,#3361,
#3362,#3363,#3364,#3365,#3366,#3367,#3368,#3369,#3370,#3371,#3372,#3373,
#3374,#3375,#3376,#3377,#3378,#3379,#3380));
#3382=STYLED_ITEM('',(#3383),#3390);
#3383=PRESENTATION_STYLE_ASSIGNMENT((#3384));
#3384=SURFACE_STYLE_USAGE(.BOTH.,#3385);
#3385=SURFACE_SIDE_STYLE('',(#3386));
#3386=SURFACE_STYLE_FILL_AREA(#3387);
#3387=FILL_AREA_STYLE('',(#3388));
#3388=FILL_AREA_STYLE_COLOUR('',#3389);
#3389=COLOUR_RGB('',0.689999997615814,0.689999997615814,0.689999997615814);
#3390=MANIFOLD_SOLID_BREP('VLK02-60-28-D35',#3381);
#3391=SHAPE_DEFINITION_REPRESENTATION(#6397,#3392);
#3392=SHAPE_REPRESENTATION('VLK02-60-28-D35',(#3393),#6392);
#3393=AXIS2_PLACEMENT_3D('',#4601,#3755,#3756);
#3394=AXIS2_PLACEMENT_3D('',#4602,#3757,#3758);
#3395=AXIS2_PLACEMENT_3D('',#4617,#3759,#3760);
#3396=AXIS2_PLACEMENT_3D('',#4619,#3761,#3762);
#3397=AXIS2_PLACEMENT_3D('',#4635,#3763,#3764);
#3398=AXIS2_PLACEMENT_3D('',#4636,#3765,#3766);
#3399=AXIS2_PLACEMENT_3D('',#4641,#3768,#3769);
#3400=AXIS2_PLACEMENT_3D('',#4656,#3771,#3772);
#3401=AXIS2_PLACEMENT_3D('',#4657,#3773,#3774);
#3402=AXIS2_PLACEMENT_3D('',#4660,#3775,#3776);
#3403=AXIS2_PLACEMENT_3D('',#4662,#3777,#3778);
#3404=AXIS2_PLACEMENT_3D('',#4664,#3779,#3780);
#3405=AXIS2_PLACEMENT_3D('',#4666,#3781,#3782);
#3406=AXIS2_PLACEMENT_3D('',#4668,#3783,#3784);
#3407=AXIS2_PLACEMENT_3D('',#4670,#3785,#3786);
#3408=AXIS2_PLACEMENT_3D('',#4672,#3787,#3788);
#3409=AXIS2_PLACEMENT_3D('',#4674,#3789,#3790);
#3410=AXIS2_PLACEMENT_3D('',#4676,#3791,#3792);
#3411=AXIS2_PLACEMENT_3D('',#4678,#3793,#3794);
#3412=AXIS2_PLACEMENT_3D('',#4680,#3795,#3796);
#3413=AXIS2_PLACEMENT_3D('',#4682,#3797,#3798);
#3414=AXIS2_PLACEMENT_3D('',#4684,#3799,#3800);
#3415=AXIS2_PLACEMENT_3D('',#4686,#3801,#3802);
#3416=AXIS2_PLACEMENT_3D('',#4688,#3803,#3804);
#3417=AXIS2_PLACEMENT_3D('',#4690,#3805,#3806);
#3418=AXIS2_PLACEMENT_3D('',#4692,#3807,#3808);
#3419=AXIS2_PLACEMENT_3D('',#4694,#3809,#3810);
#3420=AXIS2_PLACEMENT_3D('',#4696,#3811,#3812);
#3421=AXIS2_PLACEMENT_3D('',#4698,#3813,#3814);
#3422=AXIS2_PLACEMENT_3D('',#4700,#3815,#3816);
#3423=AXIS2_PLACEMENT_3D('',#4702,#3817,#3818);
#3424=AXIS2_PLACEMENT_3D('',#4704,#3819,#3820);
#3425=AXIS2_PLACEMENT_3D('',#4706,#3821,#3822);
#3426=AXIS2_PLACEMENT_3D('',#4708,#3823,#3824);
#3427=AXIS2_PLACEMENT_3D('',#4710,#3825,#3826);
#3428=AXIS2_PLACEMENT_3D('',#4712,#3827,#3828);
#3429=AXIS2_PLACEMENT_3D('',#4714,#3829,#3830);
#3430=AXIS2_PLACEMENT_3D('',#4716,#3831,#3832);
#3431=AXIS2_PLACEMENT_3D('',#4718,#3833,#3834);
#3432=AXIS2_PLACEMENT_3D('',#4720,#3835,#3836);
#3433=AXIS2_PLACEMENT_3D('',#4722,#3837,#3838);
#3434=AXIS2_PLACEMENT_3D('',#4724,#3839,#3840);
#3435=AXIS2_PLACEMENT_3D('',#4726,#3841,#3842);
#3436=AXIS2_PLACEMENT_3D('',#4728,#3843,#3844);
#3437=AXIS2_PLACEMENT_3D('',#4730,#3845,#3846);
#3438=AXIS2_PLACEMENT_3D('',#4732,#3847,#3848);
#3439=AXIS2_PLACEMENT_3D('',#4734,#3849,#3850);
#3440=AXIS2_PLACEMENT_3D('',#4736,#3851,#3852);
#3441=AXIS2_PLACEMENT_3D('',#4738,#3853,#3854);
#3442=AXIS2_PLACEMENT_3D('',#4740,#3855,#3856);
#3443=AXIS2_PLACEMENT_3D('',#4742,#3857,#3858);
#3444=AXIS2_PLACEMENT_3D('',#4744,#3859,#3860);
#3445=AXIS2_PLACEMENT_3D('',#4746,#3861,#3862);
#3446=AXIS2_PLACEMENT_3D('',#4748,#3863,#3864);
#3447=AXIS2_PLACEMENT_3D('',#4750,#3865,#3866);
#3448=AXIS2_PLACEMENT_3D('',#4752,#3867,#3868);
#3449=AXIS2_PLACEMENT_3D('',#4754,#3869,#3870);
#3450=AXIS2_PLACEMENT_3D('',#4756,#3871,#3872);
#3451=AXIS2_PLACEMENT_3D('',#4758,#3873,#3874);
#3452=AXIS2_PLACEMENT_3D('',#4760,#3875,#3876);
#3453=AXIS2_PLACEMENT_3D('',#4762,#3877,#3878);
#3454=AXIS2_PLACEMENT_3D('',#4764,#3879,#3880);
#3455=AXIS2_PLACEMENT_3D('',#4766,#3881,#3882);
#3456=AXIS2_PLACEMENT_3D('',#4768,#3883,#3884);
#3457=AXIS2_PLACEMENT_3D('',#4772,#3886,#3887);
#3458=AXIS2_PLACEMENT_3D('',#4777,#3890,#3891);
#3459=AXIS2_PLACEMENT_3D('',#4778,#3892,#3893);
#3460=AXIS2_PLACEMENT_3D('',#4787,#3897,#3898);
#3461=AXIS2_PLACEMENT_3D('',#4788,#3899,#3900);
#3462=AXIS2_PLACEMENT_3D('',#4797,#3901,#3902);
#3463=AXIS2_PLACEMENT_3D('',#4806,#3903,#3904);
#3464=AXIS2_PLACEMENT_3D('',#4817,#3905,#3906);
#3465=AXIS2_PLACEMENT_3D('',#4828,#3907,#3908);
#3466=AXIS2_PLACEMENT_3D('',#4839,#3909,#3910);
#3467=AXIS2_PLACEMENT_3D('',#4850,#3911,#3912);
#3468=AXIS2_PLACEMENT_3D('',#4861,#3913,#3914);
#3469=AXIS2_PLACEMENT_3D('',#4872,#3915,#3916);
#3470=AXIS2_PLACEMENT_3D('',#4883,#3917,#3918);
#3471=AXIS2_PLACEMENT_3D('',#4894,#3919,#3920);
#3472=AXIS2_PLACEMENT_3D('',#4905,#3921,#3922);
#3473=AXIS2_PLACEMENT_3D('',#4916,#3923,#3924);
#3474=AXIS2_PLACEMENT_3D('',#4927,#3925,#3926);
#3475=AXIS2_PLACEMENT_3D('',#4938,#3927,#3928);
#3476=AXIS2_PLACEMENT_3D('',#4949,#3929,#3930);
#3477=AXIS2_PLACEMENT_3D('',#4960,#3931,#3932);
#3478=AXIS2_PLACEMENT_3D('',#4971,#3933,#3934);
#3479=AXIS2_PLACEMENT_3D('',#4982,#3935,#3936);
#3480=AXIS2_PLACEMENT_3D('',#4993,#3937,#3938);
#3481=AXIS2_PLACEMENT_3D('',#5004,#3939,#3940);
#3482=AXIS2_PLACEMENT_3D('',#5015,#3941,#3942);
#3483=AXIS2_PLACEMENT_3D('',#5026,#3943,#3944);
#3484=AXIS2_PLACEMENT_3D('',#5037,#3945,#3946);
#3485=AXIS2_PLACEMENT_3D('',#5048,#3947,#3948);
#3486=AXIS2_PLACEMENT_3D('',#5059,#3949,#3950);
#3487=AXIS2_PLACEMENT_3D('',#5070,#3951,#3952);
#3488=AXIS2_PLACEMENT_3D('',#5081,#3953,#3954);
#3489=AXIS2_PLACEMENT_3D('',#5092,#3955,#3956);
#3490=AXIS2_PLACEMENT_3D('',#5103,#3957,#3958);
#3491=AXIS2_PLACEMENT_3D('',#5114,#3959,#3960);
#3492=AXIS2_PLACEMENT_3D('',#5125,#3961,#3962);
#3493=AXIS2_PLACEMENT_3D('',#5136,#3963,#3964);
#3494=AXIS2_PLACEMENT_3D('',#5147,#3965,#3966);
#3495=AXIS2_PLACEMENT_3D('',#5158,#3967,#3968);
#3496=AXIS2_PLACEMENT_3D('',#5169,#3969,#3970);
#3497=AXIS2_PLACEMENT_3D('',#5180,#3971,#3972);
#3498=AXIS2_PLACEMENT_3D('',#5191,#3973,#3974);
#3499=AXIS2_PLACEMENT_3D('',#5202,#3975,#3976);
#3500=AXIS2_PLACEMENT_3D('',#5213,#3977,#3978);
#3501=AXIS2_PLACEMENT_3D('',#5224,#3979,#3980);
#3502=AXIS2_PLACEMENT_3D('',#5235,#3981,#3982);
#3503=AXIS2_PLACEMENT_3D('',#5246,#3983,#3984);
#3504=AXIS2_PLACEMENT_3D('',#5257,#3985,#3986);
#3505=AXIS2_PLACEMENT_3D('',#5268,#3987,#3988);
#3506=AXIS2_PLACEMENT_3D('',#5279,#3989,#3990);
#3507=AXIS2_PLACEMENT_3D('',#5290,#3991,#3992);
#3508=AXIS2_PLACEMENT_3D('',#5301,#3993,#3994);
#3509=AXIS2_PLACEMENT_3D('',#5312,#3995,#3996);
#3510=AXIS2_PLACEMENT_3D('',#5323,#3997,#3998);
#3511=AXIS2_PLACEMENT_3D('',#5334,#3999,#4000);
#3512=AXIS2_PLACEMENT_3D('',#5345,#4001,#4002);
#3513=AXIS2_PLACEMENT_3D('',#5356,#4003,#4004);
#3514=AXIS2_PLACEMENT_3D('',#5367,#4005,#4006);
#3515=AXIS2_PLACEMENT_3D('',#5378,#4007,#4008);
#3516=AXIS2_PLACEMENT_3D('',#5389,#4009,#4010);
#3517=AXIS2_PLACEMENT_3D('',#5400,#4011,#4012);
#3518=AXIS2_PLACEMENT_3D('',#5401,#4013,#4014);
#3519=AXIS2_PLACEMENT_3D('',#5406,#4016,#4017);
#3520=AXIS2_PLACEMENT_3D('',#5409,#4019,#4020);
#3521=AXIS2_PLACEMENT_3D('',#5412,#4022,#4023);
#3522=AXIS2_PLACEMENT_3D('',#5415,#4025,#4026);
#3523=AXIS2_PLACEMENT_3D('',#5418,#4028,#4029);
#3524=AXIS2_PLACEMENT_3D('',#5421,#4031,#4032);
#3525=AXIS2_PLACEMENT_3D('',#5424,#4034,#4035);
#3526=AXIS2_PLACEMENT_3D('',#5427,#4037,#4038);
#3527=AXIS2_PLACEMENT_3D('',#5430,#4040,#4041);
#3528=AXIS2_PLACEMENT_3D('',#5433,#4043,#4044);
#3529=AXIS2_PLACEMENT_3D('',#5436,#4046,#4047);
#3530=AXIS2_PLACEMENT_3D('',#5439,#4049,#4050);
#3531=AXIS2_PLACEMENT_3D('',#5442,#4052,#4053);
#3532=AXIS2_PLACEMENT_3D('',#5445,#4055,#4056);
#3533=AXIS2_PLACEMENT_3D('',#5448,#4058,#4059);
#3534=AXIS2_PLACEMENT_3D('',#5451,#4061,#4062);
#3535=AXIS2_PLACEMENT_3D('',#5454,#4064,#4065);
#3536=AXIS2_PLACEMENT_3D('',#5457,#4067,#4068);
#3537=AXIS2_PLACEMENT_3D('',#5460,#4070,#4071);
#3538=AXIS2_PLACEMENT_3D('',#5463,#4073,#4074);
#3539=AXIS2_PLACEMENT_3D('',#5466,#4076,#4077);
#3540=AXIS2_PLACEMENT_3D('',#5469,#4079,#4080);
#3541=AXIS2_PLACEMENT_3D('',#5472,#4082,#4083);
#3542=AXIS2_PLACEMENT_3D('',#5475,#4085,#4086);
#3543=AXIS2_PLACEMENT_3D('',#5478,#4088,#4089);
#3544=AXIS2_PLACEMENT_3D('',#5481,#4091,#4092);
#3545=AXIS2_PLACEMENT_3D('',#5484,#4094,#4095);
#3546=AXIS2_PLACEMENT_3D('',#5487,#4097,#4098);
#3547=AXIS2_PLACEMENT_3D('',#5490,#4100,#4101);
#3548=AXIS2_PLACEMENT_3D('',#5493,#4103,#4104);
#3549=AXIS2_PLACEMENT_3D('',#5496,#4106,#4107);
#3550=AXIS2_PLACEMENT_3D('',#5499,#4109,#4110);
#3551=AXIS2_PLACEMENT_3D('',#5502,#4112,#4113);
#3552=AXIS2_PLACEMENT_3D('',#5505,#4115,#4116);
#3553=AXIS2_PLACEMENT_3D('',#5508,#4118,#4119);
#3554=AXIS2_PLACEMENT_3D('',#5511,#4121,#4122);
#3555=AXIS2_PLACEMENT_3D('',#5514,#4124,#4125);
#3556=AXIS2_PLACEMENT_3D('',#5517,#4127,#4128);
#3557=AXIS2_PLACEMENT_3D('',#5520,#4130,#4131);
#3558=AXIS2_PLACEMENT_3D('',#5523,#4133,#4134);
#3559=AXIS2_PLACEMENT_3D('',#5526,#4136,#4137);
#3560=AXIS2_PLACEMENT_3D('',#5529,#4139,#4140);
#3561=AXIS2_PLACEMENT_3D('',#5532,#4142,#4143);
#3562=AXIS2_PLACEMENT_3D('',#5535,#4145,#4146);
#3563=AXIS2_PLACEMENT_3D('',#5538,#4148,#4149);
#3564=AXIS2_PLACEMENT_3D('',#5541,#4151,#4152);
#3565=AXIS2_PLACEMENT_3D('',#5544,#4154,#4155);
#3566=AXIS2_PLACEMENT_3D('',#5547,#4157,#4158);
#3567=AXIS2_PLACEMENT_3D('',#5550,#4160,#4161);
#3568=AXIS2_PLACEMENT_3D('',#5553,#4163,#4164);
#3569=AXIS2_PLACEMENT_3D('',#5556,#4166,#4167);
#3570=AXIS2_PLACEMENT_3D('',#5559,#4169,#4170);
#3571=AXIS2_PLACEMENT_3D('',#5562,#4172,#4173);
#3572=AXIS2_PLACEMENT_3D('',#5565,#4175,#4176);
#3573=AXIS2_PLACEMENT_3D('',#5576,#4177,#4178);
#3574=AXIS2_PLACEMENT_3D('',#5587,#4179,#4180);
#3575=AXIS2_PLACEMENT_3D('',#5598,#4181,#4182);
#3576=AXIS2_PLACEMENT_3D('',#5609,#4183,#4184);
#3577=AXIS2_PLACEMENT_3D('',#5620,#4185,#4186);
#3578=AXIS2_PLACEMENT_3D('',#5631,#4187,#4188);
#3579=AXIS2_PLACEMENT_3D('',#5642,#4189,#4190);
#3580=AXIS2_PLACEMENT_3D('',#5653,#4191,#4192);
#3581=AXIS2_PLACEMENT_3D('',#5664,#4193,#4194);
#3582=AXIS2_PLACEMENT_3D('',#5675,#4195,#4196);
#3583=AXIS2_PLACEMENT_3D('',#5686,#4197,#4198);
#3584=AXIS2_PLACEMENT_3D('',#5697,#4199,#4200);
#3585=AXIS2_PLACEMENT_3D('',#5708,#4201,#4202);
#3586=AXIS2_PLACEMENT_3D('',#5719,#4203,#4204);
#3587=AXIS2_PLACEMENT_3D('',#5730,#4205,#4206);
#3588=AXIS2_PLACEMENT_3D('',#5741,#4207,#4208);
#3589=AXIS2_PLACEMENT_3D('',#5752,#4209,#4210);
#3590=AXIS2_PLACEMENT_3D('',#5763,#4211,#4212);
#3591=AXIS2_PLACEMENT_3D('',#5774,#4213,#4214);
#3592=AXIS2_PLACEMENT_3D('',#5785,#4215,#4216);
#3593=AXIS2_PLACEMENT_3D('',#5796,#4217,#4218);
#3594=AXIS2_PLACEMENT_3D('',#5807,#4219,#4220);
#3595=AXIS2_PLACEMENT_3D('',#5818,#4221,#4222);
#3596=AXIS2_PLACEMENT_3D('',#5829,#4223,#4224);
#3597=AXIS2_PLACEMENT_3D('',#5840,#4225,#4226);
#3598=AXIS2_PLACEMENT_3D('',#5851,#4227,#4228);
#3599=AXIS2_PLACEMENT_3D('',#5862,#4229,#4230);
#3600=AXIS2_PLACEMENT_3D('',#5873,#4231,#4232);
#3601=AXIS2_PLACEMENT_3D('',#5884,#4233,#4234);
#3602=AXIS2_PLACEMENT_3D('',#5895,#4235,#4236);
#3603=AXIS2_PLACEMENT_3D('',#5906,#4237,#4238);
#3604=AXIS2_PLACEMENT_3D('',#5917,#4239,#4240);
#3605=AXIS2_PLACEMENT_3D('',#5928,#4241,#4242);
#3606=AXIS2_PLACEMENT_3D('',#5939,#4243,#4244);
#3607=AXIS2_PLACEMENT_3D('',#5950,#4245,#4246);
#3608=AXIS2_PLACEMENT_3D('',#5961,#4247,#4248);
#3609=AXIS2_PLACEMENT_3D('',#5972,#4249,#4250);
#3610=AXIS2_PLACEMENT_3D('',#5983,#4251,#4252);
#3611=AXIS2_PLACEMENT_3D('',#5994,#4253,#4254);
#3612=AXIS2_PLACEMENT_3D('',#6005,#4255,#4256);
#3613=AXIS2_PLACEMENT_3D('',#6016,#4257,#4258);
#3614=AXIS2_PLACEMENT_3D('',#6027,#4259,#4260);
#3615=AXIS2_PLACEMENT_3D('',#6038,#4261,#4262);
#3616=AXIS2_PLACEMENT_3D('',#6049,#4263,#4264);
#3617=AXIS2_PLACEMENT_3D('',#6060,#4265,#4266);
#3618=AXIS2_PLACEMENT_3D('',#6071,#4267,#4268);
#3619=AXIS2_PLACEMENT_3D('',#6082,#4269,#4270);
#3620=AXIS2_PLACEMENT_3D('',#6093,#4271,#4272);
#3621=AXIS2_PLACEMENT_3D('',#6104,#4273,#4274);
#3622=AXIS2_PLACEMENT_3D('',#6115,#4275,#4276);
#3623=AXIS2_PLACEMENT_3D('',#6126,#4277,#4278);
#3624=AXIS2_PLACEMENT_3D('',#6137,#4279,#4280);
#3625=AXIS2_PLACEMENT_3D('',#6149,#4281,#4282);
#3626=AXIS2_PLACEMENT_3D('',#6161,#4283,#4284);
#3627=AXIS2_PLACEMENT_3D('',#6162,#4285,#4286);
#3628=AXIS2_PLACEMENT_3D('',#6181,#4287,#4288);
#3629=AXIS2_PLACEMENT_3D('',#6184,#4291,#4292);
#3630=AXIS2_PLACEMENT_3D('',#6200,#4293,#4294);
#3631=AXIS2_PLACEMENT_3D('',#6206,#4295,#4296);
#3632=AXIS2_PLACEMENT_3D('',#6207,#4297,#4298);
#3633=AXIS2_PLACEMENT_3D('',#6208,#4299,#4300);
#3634=AXIS2_PLACEMENT_3D('',#6209,#4301,#4302);
#3635=AXIS2_PLACEMENT_3D('',#6210,#4303,#4304);
#3636=AXIS2_PLACEMENT_3D('',#6211,#4305,#4306);
#3637=AXIS2_PLACEMENT_3D('',#6212,#4307,#4308);
#3638=AXIS2_PLACEMENT_3D('',#6213,#4309,#4310);
#3639=AXIS2_PLACEMENT_3D('',#6214,#4311,#4312);
#3640=AXIS2_PLACEMENT_3D('',#6215,#4313,#4314);
#3641=AXIS2_PLACEMENT_3D('',#6216,#4315,#4316);
#3642=AXIS2_PLACEMENT_3D('',#6217,#4317,#4318);
#3643=AXIS2_PLACEMENT_3D('',#6218,#4319,#4320);
#3644=AXIS2_PLACEMENT_3D('',#6219,#4321,#4322);
#3645=AXIS2_PLACEMENT_3D('',#6220,#4323,#4324);
#3646=AXIS2_PLACEMENT_3D('',#6221,#4325,#4326);
#3647=AXIS2_PLACEMENT_3D('',#6222,#4327,#4328);
#3648=AXIS2_PLACEMENT_3D('',#6223,#4329,#4330);
#3649=AXIS2_PLACEMENT_3D('',#6224,#4331,#4332);
#3650=AXIS2_PLACEMENT_3D('',#6225,#4333,#4334);
#3651=AXIS2_PLACEMENT_3D('',#6226,#4335,#4336);
#3652=AXIS2_PLACEMENT_3D('',#6227,#4337,#4338);
#3653=AXIS2_PLACEMENT_3D('',#6228,#4339,#4340);
#3654=AXIS2_PLACEMENT_3D('',#6229,#4341,#4342);
#3655=AXIS2_PLACEMENT_3D('',#6230,#4343,#4344);
#3656=AXIS2_PLACEMENT_3D('',#6231,#4345,#4346);
#3657=AXIS2_PLACEMENT_3D('',#6232,#4347,#4348);
#3658=AXIS2_PLACEMENT_3D('',#6233,#4349,#4350);
#3659=AXIS2_PLACEMENT_3D('',#6234,#4351,#4352);
#3660=AXIS2_PLACEMENT_3D('',#6235,#4353,#4354);
#3661=AXIS2_PLACEMENT_3D('',#6238,#4357,#4358);
#3662=AXIS2_PLACEMENT_3D('',#6239,#4359,#4360);
#3663=AXIS2_PLACEMENT_3D('',#6240,#4361,#4362);
#3664=AXIS2_PLACEMENT_3D('',#6243,#4365,#4366);
#3665=AXIS2_PLACEMENT_3D('',#6244,#4367,#4368);
#3666=AXIS2_PLACEMENT_3D('',#6245,#4369,#4370);
#3667=AXIS2_PLACEMENT_3D('',#6248,#4373,#4374);
#3668=AXIS2_PLACEMENT_3D('',#6249,#4375,#4376);
#3669=AXIS2_PLACEMENT_3D('',#6250,#4377,#4378);
#3670=AXIS2_PLACEMENT_3D('',#6253,#4381,#4382);
#3671=AXIS2_PLACEMENT_3D('',#6254,#4383,#4384);
#3672=AXIS2_PLACEMENT_3D('',#6255,#4385,#4386);
#3673=AXIS2_PLACEMENT_3D('',#6258,#4389,#4390);
#3674=AXIS2_PLACEMENT_3D('',#6259,#4391,#4392);
#3675=AXIS2_PLACEMENT_3D('',#6260,#4393,#4394);
#3676=AXIS2_PLACEMENT_3D('',#6263,#4397,#4398);
#3677=AXIS2_PLACEMENT_3D('',#6264,#4399,#4400);
#3678=AXIS2_PLACEMENT_3D('',#6265,#4401,#4402);
#3679=AXIS2_PLACEMENT_3D('',#6268,#4405,#4406);
#3680=AXIS2_PLACEMENT_3D('',#6269,#4407,#4408);
#3681=AXIS2_PLACEMENT_3D('',#6270,#4409,#4410);
#3682=AXIS2_PLACEMENT_3D('',#6273,#4413,#4414);
#3683=AXIS2_PLACEMENT_3D('',#6274,#4415,#4416);
#3684=AXIS2_PLACEMENT_3D('',#6275,#4417,#4418);
#3685=AXIS2_PLACEMENT_3D('',#6278,#4421,#4422);
#3686=AXIS2_PLACEMENT_3D('',#6279,#4423,#4424);
#3687=AXIS2_PLACEMENT_3D('',#6280,#4425,#4426);
#3688=AXIS2_PLACEMENT_3D('',#6283,#4429,#4430);
#3689=AXIS2_PLACEMENT_3D('',#6284,#4431,#4432);
#3690=AXIS2_PLACEMENT_3D('',#6285,#4433,#4434);
#3691=AXIS2_PLACEMENT_3D('',#6288,#4437,#4438);
#3692=AXIS2_PLACEMENT_3D('',#6289,#4439,#4440);
#3693=AXIS2_PLACEMENT_3D('',#6290,#4441,#4442);
#3694=AXIS2_PLACEMENT_3D('',#6293,#4445,#4446);
#3695=AXIS2_PLACEMENT_3D('',#6294,#4447,#4448);
#3696=AXIS2_PLACEMENT_3D('',#6295,#4449,#4450);
#3697=AXIS2_PLACEMENT_3D('',#6298,#4453,#4454);
#3698=AXIS2_PLACEMENT_3D('',#6299,#4455,#4456);
#3699=AXIS2_PLACEMENT_3D('',#6300,#4457,#4458);
#3700=AXIS2_PLACEMENT_3D('',#6303,#4461,#4462);
#3701=AXIS2_PLACEMENT_3D('',#6304,#4463,#4464);
#3702=AXIS2_PLACEMENT_3D('',#6305,#4465,#4466);
#3703=AXIS2_PLACEMENT_3D('',#6308,#4469,#4470);
#3704=AXIS2_PLACEMENT_3D('',#6309,#4471,#4472);
#3705=AXIS2_PLACEMENT_3D('',#6310,#4473,#4474);
#3706=AXIS2_PLACEMENT_3D('',#6313,#4477,#4478);
#3707=AXIS2_PLACEMENT_3D('',#6314,#4479,#4480);
#3708=AXIS2_PLACEMENT_3D('',#6315,#4481,#4482);
#3709=AXIS2_PLACEMENT_3D('',#6318,#4485,#4486);
#3710=AXIS2_PLACEMENT_3D('',#6319,#4487,#4488);
#3711=AXIS2_PLACEMENT_3D('',#6320,#4489,#4490);
#3712=AXIS2_PLACEMENT_3D('',#6323,#4493,#4494);
#3713=AXIS2_PLACEMENT_3D('',#6324,#4495,#4496);
#3714=AXIS2_PLACEMENT_3D('',#6325,#4497,#4498);
#3715=AXIS2_PLACEMENT_3D('',#6328,#4501,#4502);
#3716=AXIS2_PLACEMENT_3D('',#6329,#4503,#4504);
#3717=AXIS2_PLACEMENT_3D('',#6330,#4505,#4506);
#3718=AXIS2_PLACEMENT_3D('',#6333,#4509,#4510);
#3719=AXIS2_PLACEMENT_3D('',#6334,#4511,#4512);
#3720=AXIS2_PLACEMENT_3D('',#6335,#4513,#4514);
#3721=AXIS2_PLACEMENT_3D('',#6338,#4517,#4518);
#3722=AXIS2_PLACEMENT_3D('',#6339,#4519,#4520);
#3723=AXIS2_PLACEMENT_3D('',#6340,#4521,#4522);
#3724=AXIS2_PLACEMENT_3D('',#6343,#4525,#4526);
#3725=AXIS2_PLACEMENT_3D('',#6344,#4527,#4528);
#3726=AXIS2_PLACEMENT_3D('',#6345,#4529,#4530);
#3727=AXIS2_PLACEMENT_3D('',#6348,#4533,#4534);
#3728=AXIS2_PLACEMENT_3D('',#6349,#4535,#4536);
#3729=AXIS2_PLACEMENT_3D('',#6350,#4537,#4538);
#3730=AXIS2_PLACEMENT_3D('',#6353,#4541,#4542);
#3731=AXIS2_PLACEMENT_3D('',#6354,#4543,#4544);
#3732=AXIS2_PLACEMENT_3D('',#6355,#4545,#4546);
#3733=AXIS2_PLACEMENT_3D('',#6358,#4549,#4550);
#3734=AXIS2_PLACEMENT_3D('',#6359,#4551,#4552);
#3735=AXIS2_PLACEMENT_3D('',#6360,#4553,#4554);
#3736=AXIS2_PLACEMENT_3D('',#6363,#4557,#4558);
#3737=AXIS2_PLACEMENT_3D('',#6364,#4559,#4560);
#3738=AXIS2_PLACEMENT_3D('',#6365,#4561,#4562);
#3739=AXIS2_PLACEMENT_3D('',#6368,#4565,#4566);
#3740=AXIS2_PLACEMENT_3D('',#6369,#4567,#4568);
#3741=AXIS2_PLACEMENT_3D('',#6370,#4569,#4570);
#3742=AXIS2_PLACEMENT_3D('',#6372,#4572,#4573);
#3743=AXIS2_PLACEMENT_3D('',#6374,#4575,#4576);
#3744=AXIS2_PLACEMENT_3D('',#6375,#4577,#4578);
#3745=AXIS2_PLACEMENT_3D('',#6376,#4579,#4580);
#3746=AXIS2_PLACEMENT_3D('',#6377,#4581,#4582);
#3747=AXIS2_PLACEMENT_3D('',#6381,#4585,#4586);
#3748=AXIS2_PLACEMENT_3D('',#6382,#4587,#4588);
#3749=AXIS2_PLACEMENT_3D('',#6383,#4589,#4590);
#3750=AXIS2_PLACEMENT_3D('',#6384,#4591,#4592);
#3751=AXIS2_PLACEMENT_3D('',#6386,#4593,#4594);
#3752=AXIS2_PLACEMENT_3D('',#6387,#4595,#4596);
#3753=AXIS2_PLACEMENT_3D('',#6388,#4597,#4598);
#3754=AXIS2_PLACEMENT_3D('',#6390,#4599,#4600);
#3755=DIRECTION('',(0.,0.,1.));
#3756=DIRECTION('',(1.,0.,0.));
#3757=DIRECTION('',(0.,0.,-1.));
#3758=DIRECTION('',(-1.,0.,0.));
#3759=DIRECTION('',(0.,0.,-1.));
#3760=DIRECTION('',(-1.,0.,0.));
#3761=DIRECTION('',(4.28626379701574E-16,0.,-1.));
#3762=DIRECTION('',(-1.,0.,-4.28626379701574E-16));
#3763=DIRECTION('',(0.,0.,-1.));
#3764=DIRECTION('',(-1.,0.,0.));
#3765=DIRECTION('',(0.,0.,-1.));
#3766=DIRECTION('',(-1.,0.,0.));
#3767=DIRECTION('',(0.,0.,-1.));
#3768=DIRECTION('',(0.,0.,-1.));
#3769=DIRECTION('',(-1.,0.,0.));
#3770=DIRECTION('',(0.,0.,-1.));
#3771=DIRECTION('',(-4.28626379701574E-16,0.,1.));
#3772=DIRECTION('',(1.,0.,4.28626379701574E-16));
#3773=DIRECTION('',(-4.28626379701574E-16,0.,1.));
#3774=DIRECTION('',(1.,0.,4.28626379701574E-16));
#3775=DIRECTION('',(-4.28626379701574E-16,0.,1.));
#3776=DIRECTION('',(1.,0.,4.28626379701574E-16));
#3777=DIRECTION('',(-4.28626379701574E-16,0.,1.));
#3778=DIRECTION('',(1.,0.,4.28626379701574E-16));
#3779=DIRECTION('',(-4.28626379701574E-16,0.,1.));
#3780=DIRECTION('',(1.,0.,4.28626379701574E-16));
#3781=DIRECTION('',(-4.28626379701574E-16,0.,1.));
#3782=DIRECTION('',(1.,0.,4.28626379701574E-16));
#3783=DIRECTION('',(-4.28626379701574E-16,0.,1.));
#3784=DIRECTION('',(1.,0.,4.28626379701574E-16));
#3785=DIRECTION('',(-4.28626379701574E-16,0.,1.));
#3786=DIRECTION('',(1.,0.,4.28626379701574E-16));
#3787=DIRECTION('',(-4.28626379701574E-16,0.,1.));
#3788=DIRECTION('',(1.,0.,4.28626379701574E-16));
#3789=DIRECTION('',(-4.28626379701574E-16,0.,1.));
#3790=DIRECTION('',(1.,0.,4.28626379701574E-16));
#3791=DIRECTION('',(-4.28626379701574E-16,0.,1.));
#3792=DIRECTION('',(1.,0.,4.28626379701574E-16));
#3793=DIRECTION('',(-4.28626379701574E-16,0.,1.));
#3794=DIRECTION('',(1.,0.,4.28626379701574E-16));
#3795=DIRECTION('',(-4.28626379701574E-16,0.,1.));
#3796=DIRECTION('',(1.,0.,4.28626379701574E-16));
#3797=DIRECTION('',(-4.28626379701574E-16,0.,1.));
#3798=DIRECTION('',(1.,0.,4.28626379701574E-16));
#3799=DIRECTION('',(-4.28626379701574E-16,0.,1.));
#3800=DIRECTION('',(1.,0.,4.28626379701574E-16));
#3801=DIRECTION('',(-4.28626379701574E-16,0.,1.));
#3802=DIRECTION('',(1.,0.,4.28626379701574E-16));
#3803=DIRECTION('',(-4.28626379701574E-16,0.,1.));
#3804=DIRECTION('',(1.,0.,4.28626379701574E-16));
#3805=DIRECTION('',(-4.28626379701574E-16,0.,1.));
#3806=DIRECTION('',(1.,0.,4.28626379701574E-16));
#3807=DIRECTION('',(-4.28626379701574E-16,0.,1.));
#3808=DIRECTION('',(1.,0.,4.28626379701574E-16));
#3809=DIRECTION('',(-4.28626379701574E-16,0.,1.));
#3810=DIRECTION('',(1.,0.,4.28626379701574E-16));
#3811=DIRECTION('',(-4.28626379701574E-16,0.,1.));
#3812=DIRECTION('',(1.,0.,4.28626379701574E-16));
#3813=DIRECTION('',(-4.28626379701574E-16,0.,1.));
#3814=DIRECTION('',(1.,0.,4.28626379701574E-16));
#3815=DIRECTION('',(-4.28626379701574E-16,0.,1.));
#3816=DIRECTION('',(1.,0.,4.28626379701574E-16));
#3817=DIRECTION('',(-4.28626379701574E-16,0.,1.));
#3818=DIRECTION('',(1.,0.,4.28626379701574E-16));
#3819=DIRECTION('',(-4.28626379701574E-16,0.,1.));
#3820=DIRECTION('',(1.,0.,4.28626379701574E-16));
#3821=DIRECTION('',(-4.28626379701574E-16,0.,1.));
#3822=DIRECTION('',(1.,0.,4.28626379701574E-16));
#3823=DIRECTION('',(-4.28626379701574E-16,0.,1.));
#3824=DIRECTION('',(1.,0.,4.28626379701574E-16));
#3825=DIRECTION('',(-4.28626379701574E-16,0.,1.));
#3826=DIRECTION('',(1.,0.,4.28626379701574E-16));
#3827=DIRECTION('',(-4.28626379701574E-16,0.,1.));
#3828=DIRECTION('',(1.,0.,4.28626379701574E-16));
#3829=DIRECTION('',(-4.28626379701574E-16,0.,1.));
#3830=DIRECTION('',(1.,0.,4.28626379701574E-16));
#3831=DIRECTION('',(-4.28626379701574E-16,0.,1.));
#3832=DIRECTION('',(1.,0.,4.28626379701574E-16));
#3833=DIRECTION('',(-4.28626379701574E-16,0.,1.));
#3834=DIRECTION('',(1.,0.,4.28626379701574E-16));
#3835=DIRECTION('',(-4.28626379701574E-16,0.,1.));
#3836=DIRECTION('',(1.,0.,4.28626379701574E-16));
#3837=DIRECTION('',(-4.28626379701574E-16,0.,1.));
#3838=DIRECTION('',(1.,0.,4.28626379701574E-16));
#3839=DIRECTION('',(-4.28626379701574E-16,0.,1.));
#3840=DIRECTION('',(1.,0.,4.28626379701574E-16));
#3841=DIRECTION('',(-4.28626379701574E-16,0.,1.));
#3842=DIRECTION('',(1.,0.,4.28626379701574E-16));
#3843=DIRECTION('',(-4.28626379701574E-16,0.,1.));
#3844=DIRECTION('',(1.,0.,4.28626379701574E-16));
#3845=DIRECTION('',(-4.28626379701574E-16,0.,1.));
#3846=DIRECTION('',(1.,0.,4.28626379701574E-16));
#3847=DIRECTION('',(-4.28626379701574E-16,0.,1.));
#3848=DIRECTION('',(1.,0.,4.28626379701574E-16));
#3849=DIRECTION('',(-4.28626379701574E-16,0.,1.));
#3850=DIRECTION('',(1.,0.,4.28626379701574E-16));
#3851=DIRECTION('',(-4.28626379701574E-16,0.,1.));
#3852=DIRECTION('',(1.,0.,4.28626379701574E-16));
#3853=DIRECTION('',(-4.28626379701574E-16,0.,1.));
#3854=DIRECTION('',(1.,0.,4.28626379701574E-16));
#3855=DIRECTION('',(-4.28626379701574E-16,0.,1.));
#3856=DIRECTION('',(1.,0.,4.28626379701574E-16));
#3857=DIRECTION('',(-4.28626379701574E-16,0.,1.));
#3858=DIRECTION('',(1.,0.,4.28626379701574E-16));
#3859=DIRECTION('',(-4.28626379701574E-16,0.,1.));
#3860=DIRECTION('',(1.,0.,4.28626379701574E-16));
#3861=DIRECTION('',(-4.28626379701574E-16,0.,1.));
#3862=DIRECTION('',(1.,0.,4.28626379701574E-16));
#3863=DIRECTION('',(-4.28626379701574E-16,0.,1.));
#3864=DIRECTION('',(1.,0.,4.28626379701574E-16));
#3865=DIRECTION('',(-4.28626379701574E-16,0.,1.));
#3866=DIRECTION('',(1.,0.,4.28626379701574E-16));
#3867=DIRECTION('',(-4.28626379701574E-16,0.,1.));
#3868=DIRECTION('',(1.,0.,4.28626379701574E-16));
#3869=DIRECTION('',(-4.28626379701574E-16,0.,1.));
#3870=DIRECTION('',(1.,0.,4.28626379701574E-16));
#3871=DIRECTION('',(-4.28626379701574E-16,0.,1.));
#3872=DIRECTION('',(1.,0.,4.28626379701574E-16));
#3873=DIRECTION('',(-4.28626379701574E-16,0.,1.));
#3874=DIRECTION('',(1.,0.,4.28626379701574E-16));
#3875=DIRECTION('',(-4.28626379701574E-16,0.,1.));
#3876=DIRECTION('',(1.,0.,4.28626379701574E-16));
#3877=DIRECTION('',(-4.28626379701574E-16,0.,1.));
#3878=DIRECTION('',(1.,0.,4.28626379701574E-16));
#3879=DIRECTION('',(-4.28626379701574E-16,0.,1.));
#3880=DIRECTION('',(1.,0.,4.28626379701574E-16));
#3881=DIRECTION('',(-4.28626379701574E-16,0.,1.));
#3882=DIRECTION('',(1.,0.,4.28626379701574E-16));
#3883=DIRECTION('',(-4.28626379701574E-16,0.,1.));
#3884=DIRECTION('',(1.,0.,4.28626379701574E-16));
#3885=DIRECTION('',(0.,-1.,0.));
#3886=DIRECTION('',(0.,0.,-1.));
#3887=DIRECTION('',(-1.,0.,0.));
#3888=DIRECTION('',(0.,1.,0.));
#3889=DIRECTION('',(-1.,0.,0.));
#3890=DIRECTION('',(0.,0.,-1.));
#3891=DIRECTION('',(-1.,0.,0.));
#3892=DIRECTION('',(0.,0.,-1.));
#3893=DIRECTION('',(-1.,0.,0.));
#3894=DIRECTION('',(0.,-1.,0.));
#3895=DIRECTION('',(-1.,0.,0.));
#3896=DIRECTION('',(0.,1.,0.));
#3897=DIRECTION('',(0.,0.,-1.));
#3898=DIRECTION('',(-1.,0.,0.));
#3899=DIRECTION('',(0.,0.,1.));
#3900=DIRECTION('',(1.,0.,0.));
#3901=DIRECTION('',(0.,0.,-1.));
#3902=DIRECTION('',(-1.,0.,0.));
#3903=DIRECTION('',(-4.28626379701574E-16,0.,1.));
#3904=DIRECTION('',(1.,0.,4.28626379701574E-16));
#3905=DIRECTION('',(-4.28626379701574E-16,0.,1.));
#3906=DIRECTION('',(1.,0.,4.28626379701574E-16));
#3907=DIRECTION('',(-4.28626379701574E-16,0.,1.));
#3908=DIRECTION('',(1.,0.,4.28626379701574E-16));
#3909=DIRECTION('',(-4.28626379701574E-16,0.,1.));
#3910=DIRECTION('',(1.,0.,4.28626379701574E-16));
#3911=DIRECTION('',(-4.28626379701574E-16,0.,1.));
#3912=DIRECTION('',(1.,0.,4.28626379701574E-16));
#3913=DIRECTION('',(-4.28626379701574E-16,0.,1.));
#3914=DIRECTION('',(1.,0.,4.28626379701574E-16));
#3915=DIRECTION('',(-4.28626379701574E-16,0.,1.));
#3916=DIRECTION('',(1.,0.,4.28626379701574E-16));
#3917=DIRECTION('',(-4.28626379701574E-16,0.,1.));
#3918=DIRECTION('',(1.,0.,4.28626379701574E-16));
#3919=DIRECTION('',(-4.28626379701574E-16,0.,1.));
#3920=DIRECTION('',(1.,0.,4.28626379701574E-16));
#3921=DIRECTION('',(-4.28626379701574E-16,0.,1.));
#3922=DIRECTION('',(1.,0.,4.28626379701574E-16));
#3923=DIRECTION('',(-4.28626379701574E-16,0.,1.));
#3924=DIRECTION('',(1.,0.,4.28626379701574E-16));
#3925=DIRECTION('',(-4.28626379701574E-16,0.,1.));
#3926=DIRECTION('',(1.,0.,4.28626379701574E-16));
#3927=DIRECTION('',(-4.28626379701574E-16,0.,1.));
#3928=DIRECTION('',(1.,0.,4.28626379701574E-16));
#3929=DIRECTION('',(-4.28626379701574E-16,0.,1.));
#3930=DIRECTION('',(1.,0.,4.28626379701574E-16));
#3931=DIRECTION('',(-4.28626379701574E-16,0.,1.));
#3932=DIRECTION('',(1.,0.,4.28626379701574E-16));
#3933=DIRECTION('',(-4.28626379701574E-16,0.,1.));
#3934=DIRECTION('',(1.,0.,4.28626379701574E-16));
#3935=DIRECTION('',(-4.28626379701574E-16,0.,1.));
#3936=DIRECTION('',(1.,0.,4.28626379701574E-16));
#3937=DIRECTION('',(-4.28626379701574E-16,0.,1.));
#3938=DIRECTION('',(1.,0.,4.28626379701574E-16));
#3939=DIRECTION('',(-4.28626379701574E-16,0.,1.));
#3940=DIRECTION('',(1.,0.,4.28626379701574E-16));
#3941=DIRECTION('',(-4.28626379701574E-16,0.,1.));
#3942=DIRECTION('',(1.,0.,4.28626379701574E-16));
#3943=DIRECTION('',(-4.28626379701574E-16,0.,1.));
#3944=DIRECTION('',(1.,0.,4.28626379701574E-16));
#3945=DIRECTION('',(-4.28626379701574E-16,0.,1.));
#3946=DIRECTION('',(1.,0.,4.28626379701574E-16));
#3947=DIRECTION('',(-4.28626379701574E-16,0.,1.));
#3948=DIRECTION('',(1.,0.,4.28626379701574E-16));
#3949=DIRECTION('',(-4.28626379701574E-16,0.,1.));
#3950=DIRECTION('',(1.,0.,4.28626379701574E-16));
#3951=DIRECTION('',(-4.28626379701574E-16,0.,1.));
#3952=DIRECTION('',(1.,0.,4.28626379701574E-16));
#3953=DIRECTION('',(-4.28626379701574E-16,0.,1.));
#3954=DIRECTION('',(1.,0.,4.28626379701574E-16));
#3955=DIRECTION('',(-4.28626379701574E-16,0.,1.));
#3956=DIRECTION('',(1.,0.,4.28626379701574E-16));
#3957=DIRECTION('',(-4.28626379701574E-16,0.,1.));
#3958=DIRECTION('',(1.,0.,4.28626379701574E-16));
#3959=DIRECTION('',(-4.28626379701574E-16,0.,1.));
#3960=DIRECTION('',(1.,0.,4.28626379701574E-16));
#3961=DIRECTION('',(-4.28626379701574E-16,0.,1.));
#3962=DIRECTION('',(1.,0.,4.28626379701574E-16));
#3963=DIRECTION('',(-4.28626379701574E-16,0.,1.));
#3964=DIRECTION('',(1.,0.,4.28626379701574E-16));
#3965=DIRECTION('',(-4.28626379701574E-16,0.,1.));
#3966=DIRECTION('',(1.,0.,4.28626379701574E-16));
#3967=DIRECTION('',(-4.28626379701574E-16,0.,1.));
#3968=DIRECTION('',(1.,0.,4.28626379701574E-16));
#3969=DIRECTION('',(-4.28626379701574E-16,0.,1.));
#3970=DIRECTION('',(1.,0.,4.28626379701574E-16));
#3971=DIRECTION('',(-4.28626379701574E-16,0.,1.));
#3972=DIRECTION('',(1.,0.,4.28626379701574E-16));
#3973=DIRECTION('',(-4.28626379701574E-16,0.,1.));
#3974=DIRECTION('',(1.,0.,4.28626379701574E-16));
#3975=DIRECTION('',(-4.28626379701574E-16,0.,1.));
#3976=DIRECTION('',(1.,0.,4.28626379701574E-16));
#3977=DIRECTION('',(-4.28626379701574E-16,0.,1.));
#3978=DIRECTION('',(1.,0.,4.28626379701574E-16));
#3979=DIRECTION('',(-4.28626379701574E-16,0.,1.));
#3980=DIRECTION('',(1.,0.,4.28626379701574E-16));
#3981=DIRECTION('',(-4.28626379701574E-16,0.,1.));
#3982=DIRECTION('',(1.,0.,4.28626379701574E-16));
#3983=DIRECTION('',(-4.28626379701574E-16,0.,1.));
#3984=DIRECTION('',(1.,0.,4.28626379701574E-16));
#3985=DIRECTION('',(-4.28626379701574E-16,0.,1.));
#3986=DIRECTION('',(1.,0.,4.28626379701574E-16));
#3987=DIRECTION('',(-4.28626379701574E-16,0.,1.));
#3988=DIRECTION('',(1.,0.,4.28626379701574E-16));
#3989=DIRECTION('',(-4.28626379701574E-16,0.,1.));
#3990=DIRECTION('',(1.,0.,4.28626379701574E-16));
#3991=DIRECTION('',(-4.28626379701574E-16,0.,1.));
#3992=DIRECTION('',(1.,0.,4.28626379701574E-16));
#3993=DIRECTION('',(-4.28626379701574E-16,0.,1.));
#3994=DIRECTION('',(1.,0.,4.28626379701574E-16));
#3995=DIRECTION('',(-4.28626379701574E-16,0.,1.));
#3996=DIRECTION('',(1.,0.,4.28626379701574E-16));
#3997=DIRECTION('',(-4.28626379701574E-16,0.,1.));
#3998=DIRECTION('',(1.,0.,4.28626379701574E-16));
#3999=DIRECTION('',(-4.28626379701574E-16,0.,1.));
#4000=DIRECTION('',(1.,0.,4.28626379701574E-16));
#4001=DIRECTION('',(-4.28626379701574E-16,0.,1.));
#4002=DIRECTION('',(1.,0.,4.28626379701574E-16));
#4003=DIRECTION('',(-4.28626379701574E-16,0.,1.));
#4004=DIRECTION('',(1.,0.,4.28626379701574E-16));
#4005=DIRECTION('',(-4.28626379701574E-16,0.,1.));
#4006=DIRECTION('',(1.,0.,4.28626379701574E-16));
#4007=DIRECTION('',(-4.28626379701574E-16,0.,1.));
#4008=DIRECTION('',(1.,0.,4.28626379701574E-16));
#4009=DIRECTION('',(-4.28626379701574E-16,0.,1.));
#4010=DIRECTION('',(1.,0.,4.28626379701574E-16));
#4011=DIRECTION('',(-4.28626379701574E-16,0.,1.));
#4012=DIRECTION('',(1.,0.,4.28626379701574E-16));
#4013=DIRECTION('',(-4.28626379701574E-16,0.,1.));
#4014=DIRECTION('',(1.,0.,4.28626379701574E-16));
#4015=DIRECTION('',(-4.28626379701574E-16,0.,1.));
#4016=DIRECTION('',(-4.28626379701574E-16,0.,1.));
#4017=DIRECTION('',(1.,0.,4.28626379701574E-16));
#4018=DIRECTION('',(-4.28626379701574E-16,0.,1.));
#4019=DIRECTION('',(-4.28626379701574E-16,0.,1.));
#4020=DIRECTION('',(1.,0.,4.28626379701574E-16));
#4021=DIRECTION('',(-4.28626379701574E-16,0.,1.));
#4022=DIRECTION('',(-4.28626379701574E-16,0.,1.));
#4023=DIRECTION('',(1.,0.,4.28626379701574E-16));
#4024=DIRECTION('',(-4.28626379701574E-16,0.,1.));
#4025=DIRECTION('',(-4.28626379701574E-16,0.,1.));
#4026=DIRECTION('',(1.,0.,4.28626379701574E-16));
#4027=DIRECTION('',(-4.28626379701574E-16,0.,1.));
#4028=DIRECTION('',(-4.28626379701574E-16,0.,1.));
#4029=DIRECTION('',(1.,0.,4.28626379701574E-16));
#4030=DIRECTION('',(-4.28626379701574E-16,0.,1.));
#4031=DIRECTION('',(-4.28626379701574E-16,0.,1.));
#4032=DIRECTION('',(1.,0.,4.28626379701574E-16));
#4033=DIRECTION('',(-4.28626379701574E-16,0.,1.));
#4034=DIRECTION('',(-4.28626379701574E-16,0.,1.));
#4035=DIRECTION('',(1.,0.,4.28626379701574E-16));
#4036=DIRECTION('',(-4.28626379701574E-16,0.,1.));
#4037=DIRECTION('',(-4.28626379701574E-16,0.,1.));
#4038=DIRECTION('',(1.,0.,4.28626379701574E-16));
#4039=DIRECTION('',(-4.28626379701574E-16,0.,1.));
#4040=DIRECTION('',(-4.28626379701574E-16,0.,1.));
#4041=DIRECTION('',(1.,0.,4.28626379701574E-16));
#4042=DIRECTION('',(-4.28626379701574E-16,0.,1.));
#4043=DIRECTION('',(-4.28626379701574E-16,0.,1.));
#4044=DIRECTION('',(1.,0.,4.28626379701574E-16));
#4045=DIRECTION('',(-4.28626379701574E-16,0.,1.));
#4046=DIRECTION('',(-4.28626379701574E-16,0.,1.));
#4047=DIRECTION('',(1.,0.,4.28626379701574E-16));
#4048=DIRECTION('',(-4.28626379701574E-16,0.,1.));
#4049=DIRECTION('',(-4.28626379701574E-16,0.,1.));
#4050=DIRECTION('',(1.,0.,4.28626379701574E-16));
#4051=DIRECTION('',(-4.28626379701574E-16,0.,1.));
#4052=DIRECTION('',(-4.28626379701574E-16,0.,1.));
#4053=DIRECTION('',(1.,0.,4.28626379701574E-16));
#4054=DIRECTION('',(-4.28626379701574E-16,0.,1.));
#4055=DIRECTION('',(-4.28626379701574E-16,0.,1.));
#4056=DIRECTION('',(1.,0.,4.28626379701574E-16));
#4057=DIRECTION('',(-4.28626379701574E-16,0.,1.));
#4058=DIRECTION('',(-4.28626379701574E-16,0.,1.));
#4059=DIRECTION('',(1.,0.,4.28626379701574E-16));
#4060=DIRECTION('',(-4.28626379701574E-16,0.,1.));
#4061=DIRECTION('',(-4.28626379701574E-16,0.,1.));
#4062=DIRECTION('',(1.,0.,4.28626379701574E-16));
#4063=DIRECTION('',(-4.28626379701574E-16,0.,1.));
#4064=DIRECTION('',(-4.28626379701574E-16,0.,1.));
#4065=DIRECTION('',(1.,0.,4.28626379701574E-16));
#4066=DIRECTION('',(-4.28626379701574E-16,0.,1.));
#4067=DIRECTION('',(-4.28626379701574E-16,0.,1.));
#4068=DIRECTION('',(1.,0.,4.28626379701574E-16));
#4069=DIRECTION('',(-4.28626379701574E-16,0.,1.));
#4070=DIRECTION('',(-4.28626379701574E-16,0.,1.));
#4071=DIRECTION('',(1.,0.,4.28626379701574E-16));
#4072=DIRECTION('',(-4.28626379701574E-16,0.,1.));
#4073=DIRECTION('',(-4.28626379701574E-16,0.,1.));
#4074=DIRECTION('',(1.,0.,4.28626379701574E-16));
#4075=DIRECTION('',(-4.28626379701574E-16,0.,1.));
#4076=DIRECTION('',(-4.28626379701574E-16,0.,1.));
#4077=DIRECTION('',(1.,0.,4.28626379701574E-16));
#4078=DIRECTION('',(-4.28626379701574E-16,0.,1.));
#4079=DIRECTION('',(-4.28626379701574E-16,0.,1.));
#4080=DIRECTION('',(1.,0.,4.28626379701574E-16));
#4081=DIRECTION('',(-4.28626379701574E-16,0.,1.));
#4082=DIRECTION('',(-4.28626379701574E-16,0.,1.));
#4083=DIRECTION('',(1.,0.,4.28626379701574E-16));
#4084=DIRECTION('',(-4.28626379701574E-16,0.,1.));
#4085=DIRECTION('',(-4.28626379701574E-16,0.,1.));
#4086=DIRECTION('',(1.,0.,4.28626379701574E-16));
#4087=DIRECTION('',(-4.28626379701574E-16,0.,1.));
#4088=DIRECTION('',(-4.28626379701574E-16,0.,1.));
#4089=DIRECTION('',(1.,0.,4.28626379701574E-16));
#4090=DIRECTION('',(-4.28626379701574E-16,0.,1.));
#4091=DIRECTION('',(-4.28626379701574E-16,0.,1.));
#4092=DIRECTION('',(1.,0.,4.28626379701574E-16));
#4093=DIRECTION('',(-4.28626379701574E-16,0.,1.));
#4094=DIRECTION('',(-4.28626379701574E-16,0.,1.));
#4095=DIRECTION('',(1.,0.,4.28626379701574E-16));
#4096=DIRECTION('',(-4.28626379701574E-16,0.,1.));
#4097=DIRECTION('',(-4.28626379701574E-16,0.,1.));
#4098=DIRECTION('',(1.,0.,4.28626379701574E-16));
#4099=DIRECTION('',(-4.28626379701574E-16,0.,1.));
#4100=DIRECTION('',(-4.28626379701574E-16,0.,1.));
#4101=DIRECTION('',(1.,0.,4.28626379701574E-16));
#4102=DIRECTION('',(-4.28626379701574E-16,0.,1.));
#4103=DIRECTION('',(-4.28626379701574E-16,0.,1.));
#4104=DIRECTION('',(1.,0.,4.28626379701574E-16));
#4105=DIRECTION('',(-4.28626379701574E-16,0.,1.));
#4106=DIRECTION('',(-4.28626379701574E-16,0.,1.));
#4107=DIRECTION('',(1.,0.,4.28626379701574E-16));
#4108=DIRECTION('',(-4.28626379701574E-16,0.,1.));
#4109=DIRECTION('',(-4.28626379701574E-16,0.,1.));
#4110=DIRECTION('',(1.,0.,4.28626379701574E-16));
#4111=DIRECTION('',(-4.28626379701574E-16,0.,1.));
#4112=DIRECTION('',(-4.28626379701574E-16,0.,1.));
#4113=DIRECTION('',(1.,0.,4.28626379701574E-16));
#4114=DIRECTION('',(-4.28626379701574E-16,0.,1.));
#4115=DIRECTION('',(-4.28626379701574E-16,0.,1.));
#4116=DIRECTION('',(1.,0.,4.28626379701574E-16));
#4117=DIRECTION('',(-4.28626379701574E-16,0.,1.));
#4118=DIRECTION('',(-4.28626379701574E-16,0.,1.));
#4119=DIRECTION('',(1.,0.,4.28626379701574E-16));
#4120=DIRECTION('',(-4.28626379701574E-16,0.,1.));
#4121=DIRECTION('',(-4.28626379701574E-16,0.,1.));
#4122=DIRECTION('',(1.,0.,4.28626379701574E-16));
#4123=DIRECTION('',(-4.28626379701574E-16,0.,1.));
#4124=DIRECTION('',(-4.28626379701574E-16,0.,1.));
#4125=DIRECTION('',(1.,0.,4.28626379701574E-16));
#4126=DIRECTION('',(-4.28626379701574E-16,0.,1.));
#4127=DIRECTION('',(-4.28626379701574E-16,0.,1.));
#4128=DIRECTION('',(1.,0.,4.28626379701574E-16));
#4129=DIRECTION('',(-4.28626379701574E-16,0.,1.));
#4130=DIRECTION('',(-4.28626379701574E-16,0.,1.));
#4131=DIRECTION('',(1.,0.,4.28626379701574E-16));
#4132=DIRECTION('',(-4.28626379701574E-16,0.,1.));
#4133=DIRECTION('',(-4.28626379701574E-16,0.,1.));
#4134=DIRECTION('',(1.,0.,4.28626379701574E-16));
#4135=DIRECTION('',(-4.28626379701574E-16,0.,1.));
#4136=DIRECTION('',(-4.28626379701574E-16,0.,1.));
#4137=DIRECTION('',(1.,0.,4.28626379701574E-16));
#4138=DIRECTION('',(-4.28626379701574E-16,0.,1.));
#4139=DIRECTION('',(-4.28626379701574E-16,0.,1.));
#4140=DIRECTION('',(1.,0.,4.28626379701574E-16));
#4141=DIRECTION('',(-4.28626379701574E-16,0.,1.));
#4142=DIRECTION('',(-4.28626379701574E-16,0.,1.));
#4143=DIRECTION('',(1.,0.,4.28626379701574E-16));
#4144=DIRECTION('',(-4.28626379701574E-16,0.,1.));
#4145=DIRECTION('',(-4.28626379701574E-16,0.,1.));
#4146=DIRECTION('',(1.,0.,4.28626379701574E-16));
#4147=DIRECTION('',(-4.28626379701574E-16,0.,1.));
#4148=DIRECTION('',(-4.28626379701574E-16,0.,1.));
#4149=DIRECTION('',(1.,0.,4.28626379701574E-16));
#4150=DIRECTION('',(-4.28626379701574E-16,0.,1.));
#4151=DIRECTION('',(-4.28626379701574E-16,0.,1.));
#4152=DIRECTION('',(1.,0.,4.28626379701574E-16));
#4153=DIRECTION('',(-4.28626379701574E-16,0.,1.));
#4154=DIRECTION('',(-4.28626379701574E-16,0.,1.));
#4155=DIRECTION('',(1.,0.,4.28626379701574E-16));
#4156=DIRECTION('',(-4.28626379701574E-16,0.,1.));
#4157=DIRECTION('',(-4.28626379701574E-16,0.,1.));
#4158=DIRECTION('',(1.,0.,4.28626379701574E-16));
#4159=DIRECTION('',(-4.28626379701574E-16,0.,1.));
#4160=DIRECTION('',(-4.28626379701574E-16,0.,1.));
#4161=DIRECTION('',(1.,0.,4.28626379701574E-16));
#4162=DIRECTION('',(-4.28626379701574E-16,0.,1.));
#4163=DIRECTION('',(-4.28626379701574E-16,0.,1.));
#4164=DIRECTION('',(1.,0.,4.28626379701574E-16));
#4165=DIRECTION('',(-4.28626379701574E-16,0.,1.));
#4166=DIRECTION('',(-4.28626379701574E-16,0.,1.));
#4167=DIRECTION('',(1.,0.,4.28626379701574E-16));
#4168=DIRECTION('',(-4.28626379701574E-16,0.,1.));
#4169=DIRECTION('',(-4.28626379701574E-16,0.,1.));
#4170=DIRECTION('',(1.,0.,4.28626379701574E-16));
#4171=DIRECTION('',(-4.28626379701574E-16,0.,1.));
#4172=DIRECTION('',(-4.28626379701574E-16,0.,1.));
#4173=DIRECTION('',(1.,0.,4.28626379701574E-16));
#4174=DIRECTION('',(-4.28626379701574E-16,0.,1.));
#4175=DIRECTION('',(-4.28626379701574E-16,0.,1.));
#4176=DIRECTION('',(1.,0.,4.28626379701574E-16));
#4177=DIRECTION('',(-4.28626379701574E-16,0.,1.));
#4178=DIRECTION('',(1.,0.,4.28626379701574E-16));
#4179=DIRECTION('',(-4.28626379701574E-16,0.,1.));
#4180=DIRECTION('',(1.,0.,4.28626379701574E-16));
#4181=DIRECTION('',(-4.28626379701574E-16,0.,1.));
#4182=DIRECTION('',(1.,0.,4.28626379701574E-16));
#4183=DIRECTION('',(-4.28626379701574E-16,0.,1.));
#4184=DIRECTION('',(1.,0.,4.28626379701574E-16));
#4185=DIRECTION('',(-4.28626379701574E-16,0.,1.));
#4186=DIRECTION('',(1.,0.,4.28626379701574E-16));
#4187=DIRECTION('',(-4.28626379701574E-16,0.,1.));
#4188=DIRECTION('',(1.,0.,4.28626379701574E-16));
#4189=DIRECTION('',(-4.28626379701574E-16,0.,1.));
#4190=DIRECTION('',(1.,0.,4.28626379701574E-16));
#4191=DIRECTION('',(-4.28626379701574E-16,0.,1.));
#4192=DIRECTION('',(1.,0.,4.28626379701574E-16));
#4193=DIRECTION('',(-4.28626379701574E-16,0.,1.));
#4194=DIRECTION('',(1.,0.,4.28626379701574E-16));
#4195=DIRECTION('',(-4.28626379701574E-16,0.,1.));
#4196=DIRECTION('',(1.,0.,4.28626379701574E-16));
#4197=DIRECTION('',(-4.28626379701574E-16,0.,1.));
#4198=DIRECTION('',(1.,0.,4.28626379701574E-16));
#4199=DIRECTION('',(-4.28626379701574E-16,0.,1.));
#4200=DIRECTION('',(1.,0.,4.28626379701574E-16));
#4201=DIRECTION('',(-4.28626379701574E-16,0.,1.));
#4202=DIRECTION('',(1.,0.,4.28626379701574E-16));
#4203=DIRECTION('',(-4.28626379701574E-16,0.,1.));
#4204=DIRECTION('',(1.,0.,4.28626379701574E-16));
#4205=DIRECTION('',(-4.28626379701574E-16,0.,1.));
#4206=DIRECTION('',(1.,0.,4.28626379701574E-16));
#4207=DIRECTION('',(-4.28626379701574E-16,0.,1.));
#4208=DIRECTION('',(1.,0.,4.28626379701574E-16));
#4209=DIRECTION('',(-4.28626379701574E-16,0.,1.));
#4210=DIRECTION('',(1.,0.,4.28626379701574E-16));
#4211=DIRECTION('',(-4.28626379701574E-16,0.,1.));
#4212=DIRECTION('',(1.,0.,4.28626379701574E-16));
#4213=DIRECTION('',(-4.28626379701574E-16,0.,1.));
#4214=DIRECTION('',(1.,0.,4.28626379701574E-16));
#4215=DIRECTION('',(-4.28626379701574E-16,0.,1.));
#4216=DIRECTION('',(1.,0.,4.28626379701574E-16));
#4217=DIRECTION('',(-4.28626379701574E-16,0.,1.));
#4218=DIRECTION('',(1.,0.,4.28626379701574E-16));
#4219=DIRECTION('',(-4.28626379701574E-16,0.,1.));
#4220=DIRECTION('',(1.,0.,4.28626379701574E-16));
#4221=DIRECTION('',(-4.28626379701574E-16,0.,1.));
#4222=DIRECTION('',(1.,0.,4.28626379701574E-16));
#4223=DIRECTION('',(-4.28626379701574E-16,0.,1.));
#4224=DIRECTION('',(1.,0.,4.28626379701574E-16));
#4225=DIRECTION('',(-4.28626379701574E-16,0.,1.));
#4226=DIRECTION('',(1.,0.,4.28626379701574E-16));
#4227=DIRECTION('',(-4.28626379701574E-16,0.,1.));
#4228=DIRECTION('',(1.,0.,4.28626379701574E-16));
#4229=DIRECTION('',(-4.28626379701574E-16,0.,1.));
#4230=DIRECTION('',(1.,0.,4.28626379701574E-16));
#4231=DIRECTION('',(-4.28626379701574E-16,0.,1.));
#4232=DIRECTION('',(1.,0.,4.28626379701574E-16));
#4233=DIRECTION('',(-4.28626379701574E-16,0.,1.));
#4234=DIRECTION('',(1.,0.,4.28626379701574E-16));
#4235=DIRECTION('',(-4.28626379701574E-16,0.,1.));
#4236=DIRECTION('',(1.,0.,4.28626379701574E-16));
#4237=DIRECTION('',(-4.28626379701574E-16,0.,1.));
#4238=DIRECTION('',(1.,0.,4.28626379701574E-16));
#4239=DIRECTION('',(-4.28626379701574E-16,0.,1.));
#4240=DIRECTION('',(1.,0.,4.28626379701574E-16));
#4241=DIRECTION('',(-4.28626379701574E-16,0.,1.));
#4242=DIRECTION('',(1.,0.,4.28626379701574E-16));
#4243=DIRECTION('',(-4.28626379701574E-16,0.,1.));
#4244=DIRECTION('',(1.,0.,4.28626379701574E-16));
#4245=DIRECTION('',(-4.28626379701574E-16,0.,1.));
#4246=DIRECTION('',(1.,0.,4.28626379701574E-16));
#4247=DIRECTION('',(-4.28626379701574E-16,0.,1.));
#4248=DIRECTION('',(1.,0.,4.28626379701574E-16));
#4249=DIRECTION('',(-4.28626379701574E-16,0.,1.));
#4250=DIRECTION('',(1.,0.,4.28626379701574E-16));
#4251=DIRECTION('',(-4.28626379701574E-16,0.,1.));
#4252=DIRECTION('',(1.,0.,4.28626379701574E-16));
#4253=DIRECTION('',(-4.28626379701574E-16,0.,1.));
#4254=DIRECTION('',(1.,0.,4.28626379701574E-16));
#4255=DIRECTION('',(-4.28626379701574E-16,0.,1.));
#4256=DIRECTION('',(1.,0.,4.28626379701574E-16));
#4257=DIRECTION('',(-4.28626379701574E-16,0.,1.));
#4258=DIRECTION('',(1.,0.,4.28626379701574E-16));
#4259=DIRECTION('',(-4.28626379701574E-16,0.,1.));
#4260=DIRECTION('',(1.,0.,4.28626379701574E-16));
#4261=DIRECTION('',(-4.28626379701574E-16,0.,1.));
#4262=DIRECTION('',(1.,0.,4.28626379701574E-16));
#4263=DIRECTION('',(-4.28626379701574E-16,0.,1.));
#4264=DIRECTION('',(1.,0.,4.28626379701574E-16));
#4265=DIRECTION('',(-4.28626379701574E-16,0.,1.));
#4266=DIRECTION('',(1.,0.,4.28626379701574E-16));
#4267=DIRECTION('',(-4.28626379701574E-16,0.,1.));
#4268=DIRECTION('',(1.,0.,4.28626379701574E-16));
#4269=DIRECTION('',(-4.28626379701574E-16,0.,1.));
#4270=DIRECTION('',(1.,0.,4.28626379701574E-16));
#4271=DIRECTION('',(-4.28626379701574E-16,0.,1.));
#4272=DIRECTION('',(1.,0.,4.28626379701574E-16));
#4273=DIRECTION('',(-4.28626379701574E-16,0.,1.));
#4274=DIRECTION('',(1.,0.,4.28626379701574E-16));
#4275=DIRECTION('',(-4.28626379701574E-16,0.,1.));
#4276=DIRECTION('',(1.,0.,4.28626379701574E-16));
#4277=DIRECTION('',(-4.28626379701574E-16,0.,1.));
#4278=DIRECTION('',(1.,0.,4.28626379701574E-16));
#4279=DIRECTION('',(-4.28626379701574E-16,0.,1.));
#4280=DIRECTION('',(1.,0.,4.28626379701574E-16));
#4281=DIRECTION('',(-4.28626379701574E-16,0.,1.));
#4282=DIRECTION('',(1.,0.,4.28626379701574E-16));
#4283=DIRECTION('',(-4.28626379701574E-16,0.,1.));
#4284=DIRECTION('',(1.,0.,4.28626379701574E-16));
#4285=DIRECTION('',(-4.28626379701574E-16,0.,1.));
#4286=DIRECTION('',(1.,0.,4.28626379701574E-16));
#4287=DIRECTION('',(-4.28626379701574E-16,0.,1.));
#4288=DIRECTION('',(1.,0.,4.28626379701574E-16));
#4289=DIRECTION('',(-4.28626379701574E-16,0.,1.));
#4290=DIRECTION('',(-4.28626379701574E-16,0.,1.));
#4291=DIRECTION('',(-4.28626379701574E-16,0.,1.));
#4292=DIRECTION('',(1.,0.,4.28626379701574E-16));
#4293=DIRECTION('',(-4.28626379701574E-16,0.,1.));
#4294=DIRECTION('',(1.,0.,4.28626379701574E-16));
#4295=DIRECTION('',(4.28626379701574E-16,0.,-1.));
#4296=DIRECTION('',(-1.,0.,-4.28626379701574E-16));
#4297=DIRECTION('',(4.28626379701574E-16,0.,-1.));
#4298=DIRECTION('',(-1.,0.,-4.28626379701574E-16));
#4299=DIRECTION('',(4.28626379701574E-16,0.,-1.));
#4300=DIRECTION('',(-1.,0.,-4.28626379701574E-16));
#4301=DIRECTION('',(4.28626379701574E-16,0.,-1.));
#4302=DIRECTION('',(-1.,0.,-4.28626379701574E-16));
#4303=DIRECTION('',(4.28626379701574E-16,0.,-1.));
#4304=DIRECTION('',(-1.,0.,-4.28626379701574E-16));
#4305=DIRECTION('',(4.28626379701574E-16,0.,-1.));
#4306=DIRECTION('',(-1.,0.,-4.28626379701574E-16));
#4307=DIRECTION('',(4.28626379701574E-16,0.,-1.));
#4308=DIRECTION('',(-1.,0.,-4.28626379701574E-16));
#4309=DIRECTION('',(4.28626379701574E-16,0.,-1.));
#4310=DIRECTION('',(-1.,0.,-4.28626379701574E-16));
#4311=DIRECTION('',(4.28626379701574E-16,0.,-1.));
#4312=DIRECTION('',(-1.,0.,-4.28626379701574E-16));
#4313=DIRECTION('',(4.28626379701574E-16,0.,-1.));
#4314=DIRECTION('',(-1.,0.,-4.28626379701574E-16));
#4315=DIRECTION('',(4.28626379701574E-16,0.,-1.));
#4316=DIRECTION('',(-1.,0.,-4.28626379701574E-16));
#4317=DIRECTION('',(4.28626379701574E-16,0.,-1.));
#4318=DIRECTION('',(-1.,0.,-4.28626379701574E-16));
#4319=DIRECTION('',(4.28626379701574E-16,0.,-1.));
#4320=DIRECTION('',(-1.,0.,-4.28626379701574E-16));
#4321=DIRECTION('',(4.28626379701574E-16,0.,-1.));
#4322=DIRECTION('',(-1.,0.,-4.28626379701574E-16));
#4323=DIRECTION('',(4.28626379701574E-16,0.,-1.));
#4324=DIRECTION('',(-1.,0.,-4.28626379701574E-16));
#4325=DIRECTION('',(4.28626379701574E-16,0.,-1.));
#4326=DIRECTION('',(-1.,0.,-4.28626379701574E-16));
#4327=DIRECTION('',(4.28626379701574E-16,0.,-1.));
#4328=DIRECTION('',(-1.,0.,-4.28626379701574E-16));
#4329=DIRECTION('',(4.28626379701574E-16,0.,-1.));
#4330=DIRECTION('',(-1.,0.,-4.28626379701574E-16));
#4331=DIRECTION('',(4.28626379701574E-16,0.,-1.));
#4332=DIRECTION('',(-1.,0.,-4.28626379701574E-16));
#4333=DIRECTION('',(4.28626379701574E-16,0.,-1.));
#4334=DIRECTION('',(-1.,0.,-4.28626379701574E-16));
#4335=DIRECTION('',(4.28626379701574E-16,0.,-1.));
#4336=DIRECTION('',(-1.,0.,-4.28626379701574E-16));
#4337=DIRECTION('',(4.28626379701574E-16,0.,-1.));
#4338=DIRECTION('',(-1.,0.,-4.28626379701574E-16));
#4339=DIRECTION('',(4.28626379701574E-16,0.,-1.));
#4340=DIRECTION('',(-1.,0.,-4.28626379701574E-16));
#4341=DIRECTION('',(4.28626379701574E-16,0.,-1.));
#4342=DIRECTION('',(-1.,0.,-4.28626379701574E-16));
#4343=DIRECTION('',(4.28626379701574E-16,0.,-1.));
#4344=DIRECTION('',(-1.,0.,-4.28626379701574E-16));
#4345=DIRECTION('',(4.28626379701574E-16,0.,-1.));
#4346=DIRECTION('',(-1.,0.,-4.28626379701574E-16));
#4347=DIRECTION('',(4.28626379701574E-16,0.,-1.));
#4348=DIRECTION('',(-1.,0.,-4.28626379701574E-16));
#4349=DIRECTION('',(4.28626379701574E-16,0.,-1.));
#4350=DIRECTION('',(-1.,0.,-4.28626379701574E-16));
#4351=DIRECTION('',(4.28626379701574E-16,0.,-1.));
#4352=DIRECTION('',(-1.,0.,-4.28626379701574E-16));
#4353=DIRECTION('',(0.,0.,-1.));
#4354=DIRECTION('',(-1.,0.,0.));
#4355=DIRECTION('',(0.,0.,-1.));
#4356=DIRECTION('',(0.,0.,-1.));
#4357=DIRECTION('',(0.401687005769994,0.915777019473375,0.));
#4358=DIRECTION('',(-0.915777019473375,0.401687005769994,0.));
#4359=DIRECTION('',(0.595395420240055,-0.803432818322209,0.));
#4360=DIRECTION('',(0.803432818322209,0.595395420240055,0.));
#4361=DIRECTION('',(0.,0.,-1.));
#4362=DIRECTION('',(-1.,0.,0.));
#4363=DIRECTION('',(0.,0.,-1.));
#4364=DIRECTION('',(0.,0.,-1.));
#4365=DIRECTION('',(0.187836309275855,0.982200346628744,0.));
#4366=DIRECTION('',(-0.982200346628744,0.187836309275855,0.));
#4367=DIRECTION('',(0.759248239680214,-0.650801129795037,0.));
#4368=DIRECTION('',(0.650801129795037,0.759248239680214,0.));
#4369=DIRECTION('',(0.,0.,-1.));
#4370=DIRECTION('',(-1.,0.,0.));
#4371=DIRECTION('',(0.,0.,-1.));
#4372=DIRECTION('',(0.,0.,-1.));
#4373=DIRECTION('',(-0.0354332776294479,0.999372044254008,0.));
#4374=DIRECTION('',(-0.999372044254008,-0.0354332776294479,0.));
#4375=DIRECTION('',(0.885029176361233,-0.465535559317822,0.));
#4376=DIRECTION('',(0.465535559317822,0.885029176361233,0.));
#4377=DIRECTION('',(0.,0.,-1.));
#4378=DIRECTION('',(-1.,0.,0.));
#4379=DIRECTION('',(0.,0.,-1.));
#4380=DIRECTION('',(0.,0.,-1.));
#4381=DIRECTION('',(-0.256926092038342,0.966431054566183,0.));
#4382=DIRECTION('',(-0.966431054566184,-0.256926092038343,0.));
#4383=DIRECTION('',(0.966431054579104,-0.256926091989743,0.));
#4384=DIRECTION('',(0.256926091989743,0.966431054579104,0.));
#4385=DIRECTION('',(0.,0.,-1.));
#4386=DIRECTION('',(-1.,0.,0.));
#4387=DIRECTION('',(0.,0.,-1.));
#4388=DIRECTION('',(0.,0.,-1.));
#4389=DIRECTION('',(-0.465535559362359,0.885029176337806,0.));
#4390=DIRECTION('',(-0.885029176337806,-0.465535559362359,0.));
#4391=DIRECTION('',(0.999372044255781,-0.035433277579429,0.));
#4392=DIRECTION('',(0.035433277579429,0.999372044255781,0.));
#4393=DIRECTION('',(0.,0.,-1.));
#4394=DIRECTION('',(-1.,0.,0.));
#4395=DIRECTION('',(0.,0.,-1.));
#4396=DIRECTION('',(0.,0.,-1.));
#4397=DIRECTION('',(-0.650801129833058,0.759248239647623,0.));
#4398=DIRECTION('',(-0.759248239647623,-0.650801129833058,0.));
#4399=DIRECTION('',(0.982200346619409,0.187836309324667,0.));
#4400=DIRECTION('',(-0.187836309324667,0.98220034661941,0.));
#4401=DIRECTION('',(0.,0.,-1.));
#4402=DIRECTION('',(-1.,0.,0.));
#4403=DIRECTION('',(0.,0.,-1.));
#4404=DIRECTION('',(0.,0.,-1.));
#4405=DIRECTION('',(-0.803432814144626,0.59539542587733,0.));
#4406=DIRECTION('',(-0.59539542587733,-0.803432814144626,0.));
#4407=DIRECTION('',(0.915777022291754,0.401686999344576,0.));
#4408=DIRECTION('',(-0.401686999344576,0.915777022291754,0.));
#4409=DIRECTION('',(0.,0.,-1.));
#4410=DIRECTION('',(-1.,0.,0.));
#4411=DIRECTION('',(0.,0.,-1.));
#4412=DIRECTION('',(0.,0.,-1.));
#4413=DIRECTION('',(-0.915777018297866,0.40168700844995,0.));
#4414=DIRECTION('',(-0.40168700844995,-0.915777018297866,0.));
#4415=DIRECTION('',(0.803432820064643,0.595395417888797,0.));
#4416=DIRECTION('',(-0.595395417888797,0.803432820064643,0.));
#4417=DIRECTION('',(0.,0.,-1.));
#4418=DIRECTION('',(-1.,0.,0.));
#4419=DIRECTION('',(0.,0.,-1.));
#4420=DIRECTION('',(0.,0.,-1.));
#4421=DIRECTION('',(-0.982200346628612,0.187836309276547,0.));
#4422=DIRECTION('',(-0.187836309276547,-0.982200346628612,0.));
#4423=DIRECTION('',(0.65080112979505,0.759248239680202,0.));
#4424=DIRECTION('',(-0.759248239680203,0.65080112979505,0.));
#4425=DIRECTION('',(0.,0.,-1.));
#4426=DIRECTION('',(-1.,0.,0.));
#4427=DIRECTION('',(0.,0.,-1.));
#4428=DIRECTION('',(0.,0.,-1.));
#4429=DIRECTION('',(-0.999372044253991,-0.0354332776299196,0.));
#4430=DIRECTION('',(0.0354332776299196,-0.999372044253991,0.));
#4431=DIRECTION('',(0.465535559317907,0.885029176361188,0.));
#4432=DIRECTION('',(-0.885029176361188,0.465535559317907,0.));
#4433=DIRECTION('',(0.,0.,-1.));
#4434=DIRECTION('',(-1.,0.,0.));
#4435=DIRECTION('',(0.,0.,-1.));
#4436=DIRECTION('',(0.,0.,-1.));
#4437=DIRECTION('',(-0.966431054566241,-0.256926092038126,0.));
#4438=DIRECTION('',(0.256926092038126,-0.966431054566241,0.));
#4439=DIRECTION('',(0.256926091989964,0.966431054579045,0.));
#4440=DIRECTION('',(-0.966431054579045,0.256926091989964,0.));
#4441=DIRECTION('',(0.,0.,-1.));
#4442=DIRECTION('',(-1.,0.,0.));
#4443=DIRECTION('',(0.,0.,-1.));
#4444=DIRECTION('',(0.,0.,-1.));
#4445=DIRECTION('',(-0.885029176337906,-0.46553555936217,0.));
#4446=DIRECTION('',(0.46553555936217,-0.885029176337906,0.));
#4447=DIRECTION('',(0.0354332775795696,0.999372044255776,0.));
#4448=DIRECTION('',(-0.999372044255776,0.0354332775795696,0.));
#4449=DIRECTION('',(0.,0.,-1.));
#4450=DIRECTION('',(-1.,0.,0.));
#4451=DIRECTION('',(0.,0.,-1.));
#4452=DIRECTION('',(0.,0.,-1.));
#4453=DIRECTION('',(-0.759248239647346,-0.650801129833381,0.));
#4454=DIRECTION('',(0.650801129833381,-0.759248239647346,0.));
#4455=DIRECTION('',(-0.187836309325206,0.982200346619306,0.));
#4456=DIRECTION('',(-0.982200346619306,-0.187836309325206,0.));
#4457=DIRECTION('',(0.,0.,-1.));
#4458=DIRECTION('',(-1.,0.,0.));
#4459=DIRECTION('',(0.,0.,-1.));
#4460=DIRECTION('',(0.,0.,-1.));
#4461=DIRECTION('',(-0.595395425877716,-0.80343281414434,0.));
#4462=DIRECTION('',(0.80343281414434,-0.595395425877716,0.));
#4463=DIRECTION('',(-0.401686999344164,0.915777022291934,0.));
#4464=DIRECTION('',(-0.915777022291934,-0.401686999344164,0.));
#4465=DIRECTION('',(0.,0.,-1.));
#4466=DIRECTION('',(-1.,0.,0.));
#4467=DIRECTION('',(0.,0.,-1.));
#4468=DIRECTION('',(0.,0.,-1.));
#4469=DIRECTION('',(-0.401686999298388,-0.915777022312013,0.));
#4470=DIRECTION('',(0.915777022312013,-0.401686999298388,0.));
#4471=DIRECTION('',(-0.595395425917643,0.803432814114751,0.));
#4472=DIRECTION('',(-0.803432814114751,-0.595395425917643,0.));
#4473=DIRECTION('',(0.,0.,-1.));
#4474=DIRECTION('',(-1.,0.,0.));
#4475=DIRECTION('',(0.,0.,-1.));
#4476=DIRECTION('',(0.,0.,-1.));
#4477=DIRECTION('',(-0.187836309276208,-0.982200346628677,0.));
#4478=DIRECTION('',(0.982200346628677,-0.187836309276208,0.));
#4479=DIRECTION('',(-0.759248239680214,0.650801129795037,0.));
#4480=DIRECTION('',(-0.650801129795037,-0.759248239680214,0.));
#4481=DIRECTION('',(0.,0.,-1.));
#4482=DIRECTION('',(-1.,0.,0.));
#4483=DIRECTION('',(0.,0.,-1.));
#4484=DIRECTION('',(0.,0.,-1.));
#4485=DIRECTION('',(0.0354332776294463,-0.999372044254008,0.));
#4486=DIRECTION('',(0.999372044254008,0.0354332776294463,0.));
#4487=DIRECTION('',(-0.885029176360768,0.465535559318706,0.));
#4488=DIRECTION('',(-0.465535559318706,-0.885029176360768,0.));
#4489=DIRECTION('',(0.,0.,-1.));
#4490=DIRECTION('',(-1.,0.,0.));
#4491=DIRECTION('',(0.,0.,-1.));
#4492=DIRECTION('',(0.,0.,-1.));
#4493=DIRECTION('',(0.256926092038341,-0.966431054566184,0.));
#4494=DIRECTION('',(0.966431054566184,0.256926092038341,0.));
#4495=DIRECTION('',(-0.966431054579104,0.256926091989742,0.));
#4496=DIRECTION('',(-0.256926091989742,-0.966431054579104,0.));
#4497=DIRECTION('',(0.,0.,-1.));
#4498=DIRECTION('',(-1.,0.,0.));
#4499=DIRECTION('',(0.,0.,-1.));
#4500=DIRECTION('',(0.,0.,-1.));
#4501=DIRECTION('',(0.465535559362263,-0.885029176337857,0.));
#4502=DIRECTION('',(0.885029176337857,0.465535559362263,0.));
#4503=DIRECTION('',(-0.999372044255781,0.0354332775794463,0.));
#4504=DIRECTION('',(-0.0354332775794463,-0.999372044255781,0.));
#4505=DIRECTION('',(0.,0.,-1.));
#4506=DIRECTION('',(-1.,0.,0.));
#4507=DIRECTION('',(0.,0.,-1.));
#4508=DIRECTION('',(0.,0.,-1.));
#4509=DIRECTION('',(0.650801129833059,-0.759248239647623,0.));
#4510=DIRECTION('',(0.759248239647623,0.650801129833059,0.));
#4511=DIRECTION('',(-0.982200346619406,-0.187836309324683,0.));
#4512=DIRECTION('',(0.187836309324683,-0.982200346619406,0.));
#4513=DIRECTION('',(0.,0.,-1.));
#4514=DIRECTION('',(-1.,0.,0.));
#4515=DIRECTION('',(0.,0.,-1.));
#4516=DIRECTION('',(0.,0.,-1.));
#4517=DIRECTION('',(0.803432814144679,-0.595395425877257,0.));
#4518=DIRECTION('',(0.595395425877258,0.80343281414468,0.));
#4519=DIRECTION('',(-0.915777022291757,-0.401686999344568,0.));
#4520=DIRECTION('',(0.401686999344568,-0.915777022291757,0.));
#4521=DIRECTION('',(0.,0.,-1.));
#4522=DIRECTION('',(-1.,0.,0.));
#4523=DIRECTION('',(0.,0.,-1.));
#4524=DIRECTION('',(0.,0.,-1.));
#4525=DIRECTION('',(0.915777018297438,-0.401687008450926,0.));
#4526=DIRECTION('',(0.401687008450926,0.915777018297438,0.));
#4527=DIRECTION('',(-0.803432820065276,-0.595395417887943,0.));
#4528=DIRECTION('',(0.595395417887943,-0.803432820065276,0.));
#4529=DIRECTION('',(0.,0.,-1.));
#4530=DIRECTION('',(-1.,0.,0.));
#4531=DIRECTION('',(0.,0.,-1.));
#4532=DIRECTION('',(0.,0.,-1.));
#4533=DIRECTION('',(0.982200346628834,-0.187836309275384,0.));
#4534=DIRECTION('',(0.187836309275384,0.982200346628834,0.));
#4535=DIRECTION('',(-0.65080112979511,-0.759248239680151,0.));
#4536=DIRECTION('',(0.759248239680151,-0.65080112979511,0.));
#4537=DIRECTION('',(0.,0.,-1.));
#4538=DIRECTION('',(-1.,0.,0.));
#4539=DIRECTION('',(0.,0.,-1.));
#4540=DIRECTION('',(0.,0.,-1.));
#4541=DIRECTION('',(0.999372044254033,0.0354332776287462,0.));
#4542=DIRECTION('',(-0.0354332776287462,0.999372044254033,0.));
#4543=DIRECTION('',(-0.465535559317912,-0.885029176361186,0.));
#4544=DIRECTION('',(0.885029176361186,-0.465535559317912,0.));
#4545=DIRECTION('',(0.,0.,-1.));
#4546=DIRECTION('',(-1.,0.,0.));
#4547=DIRECTION('',(0.,0.,-1.));
#4548=DIRECTION('',(0.,0.,-1.));
#4549=DIRECTION('',(0.966431054566236,0.256926092038143,0.));
#4550=DIRECTION('',(-0.256926092038143,0.966431054566236,0.));
#4551=DIRECTION('',(-0.256926091989965,-0.966431054579045,0.));
#4552=DIRECTION('',(0.966431054579045,-0.256926091989965,0.));
#4553=DIRECTION('',(0.,0.,-1.));
#4554=DIRECTION('',(-1.,0.,0.));
#4555=DIRECTION('',(0.,0.,-1.));
#4556=DIRECTION('',(0.,0.,-1.));
#4557=DIRECTION('',(0.885029176337905,0.465535559362171,0.));
#4558=DIRECTION('',(-0.465535559362171,0.885029176337905,0.));
#4559=DIRECTION('',(-0.0354332775795655,-0.999372044255776,0.));
#4560=DIRECTION('',(0.999372044255777,-0.0354332775795655,0.));
#4561=DIRECTION('',(0.,0.,-1.));
#4562=DIRECTION('',(-1.,0.,0.));
#4563=DIRECTION('',(0.,0.,-1.));
#4564=DIRECTION('',(0.,0.,-1.));
#4565=DIRECTION('',(0.759248239647383,0.650801129833338,0.));
#4566=DIRECTION('',(-0.650801129833338,0.759248239647383,0.));
#4567=DIRECTION('',(0.187836309325298,-0.982200346619289,0.));
#4568=DIRECTION('',(0.982200346619289,0.187836309325298,0.));
#4569=DIRECTION('',(0.401686999344491,-0.915777022291791,0.));
#4570=DIRECTION('',(0.915777022291791,0.401686999344491,0.));
#4571=DIRECTION('',(0.,0.,-1.));
#4572=DIRECTION('',(0.,0.,-1.));
#4573=DIRECTION('',(-1.,0.,0.));
#4574=DIRECTION('',(0.,0.,-1.));
#4575=DIRECTION('',(0.595395425877058,0.803432814144827,0.));
#4576=DIRECTION('',(-0.803432814144827,0.595395425877058,0.));
#4577=DIRECTION('',(0.,0.,-1.));
#4578=DIRECTION('',(-1.,0.,0.));
#4579=DIRECTION('',(0.,-1.,0.));
#4580=DIRECTION('',(0.,0.,-1.));
#4581=DIRECTION('',(0.,-1.,0.));
#4582=DIRECTION('',(0.,0.,-1.));
#4583=DIRECTION('',(0.,0.,-1.));
#4584=DIRECTION('',(0.,0.,-1.));
#4585=DIRECTION('',(1.,0.,0.));
#4586=DIRECTION('',(0.,0.,-1.));
#4587=DIRECTION('',(-1.,0.,0.));
#4588=DIRECTION('',(0.,0.,1.));
#4589=DIRECTION('',(0.,1.,0.));
#4590=DIRECTION('',(0.,0.,1.));
#4591=DIRECTION('',(0.,1.,0.));
#4592=DIRECTION('',(0.,0.,1.));
#4593=DIRECTION('',(0.,1.,0.));
#4594=DIRECTION('',(0.,0.,1.));
#4595=DIRECTION('',(0.866025403784439,-0.5,0.));
#4596=DIRECTION('',(0.5,0.866025403784439,0.));
#4597=DIRECTION('',(-0.866025403784439,0.5,0.));
#4598=DIRECTION('',(-0.5,-0.866025403784439,0.));
#4599=DIRECTION('',(-0.866025403784439,0.5,0.));
#4600=DIRECTION('',(-0.5,-0.866025403784439,0.));
#4601=CARTESIAN_POINT('',(0.,0.,0.));
#4602=CARTESIAN_POINT('',(0.,0.,5.85));
#4603=CARTESIAN_POINT('',(-0.0384000924921834,41.5461538877876,17.6885758623994));
#4604=CARTESIAN_POINT('',(-3.07765671148166,41.4051280779988,19.1032227292814));
#4605=CARTESIAN_POINT('',(-4.21329907233875,41.2818986320424,22.1996010719944));
#4606=CARTESIAN_POINT('',(-3.20957380225572,41.3872672368729,24.741736816493));
#4607=CARTESIAN_POINT('',(-1.50261306669053,41.4812964641272,25.9442762564602));
#4608=CARTESIAN_POINT('',(0.0359780178178149,41.5099950801325,26.260224641176));
#4609=CARTESIAN_POINT('',(1.57193668148104,41.4786319111939,25.9137865720164));
#4610=CARTESIAN_POINT('',(3.25741829173363,41.3830473138412,24.6760415784275));
#4611=CARTESIAN_POINT('',(4.21329064325223,41.2818981380572,22.1115710646778));
#4612=CARTESIAN_POINT('',(3.0205632054249,41.4101672304545,19.043487814218));
#4613=CARTESIAN_POINT('',(-0.0384000924921834,41.5461538877876,17.6885758623994));
#4614=CARTESIAN_POINT('',(-3.07765671148166,41.4051280779988,19.1032227292814));
#4615=CARTESIAN_POINT('',(-4.21329907233875,41.2818986320424,22.1996010719944));
#4616=CARTESIAN_POINT('',(-2.7603876684596,41.4080941386375,19.3835113085866));
#4617=CARTESIAN_POINT('',(0.,0.,33.35));
#4618=CARTESIAN_POINT('',(-41.5,0.,33.35));
#4619=CARTESIAN_POINT('',(0.,0.,5.85));
#4620=CARTESIAN_POINT('',(-41.5,0.,5.84999999999998));
#4621=CARTESIAN_POINT('',(33.6503338802411,-24.281890018791,21.8357913047024));
#4622=CARTESIAN_POINT('',(34.4675765643119,-23.1559974857644,18.836529449001));
#4623=CARTESIAN_POINT('',(36.1448538133818,-20.4842311353112,17.7034321865172));
#4624=CARTESIAN_POINT('',(37.4712700786107,-17.873911978508,19.3211427359807));
#4625=CARTESIAN_POINT('',(37.8536782092979,-17.0023586175403,22.4764295017178));
#4626=CARTESIAN_POINT('',(37.3765679208777,-18.0647681322156,24.9548056454415));
#4627=CARTESIAN_POINT('',(36.5607818041819,-19.6546023242921,26.0407098419257));
#4628=CARTESIAN_POINT('',(35.7993110308464,-21.0115213716259,26.2484005015392));
#4629=CARTESIAN_POINT('',(35.0104024217709,-22.2974160811084,25.7969639332971));
#4630=CARTESIAN_POINT('',(34.1243572336657,-23.6339301878583,24.4498229795945));
#4631=CARTESIAN_POINT('',(33.6503338802411,-24.281890018791,21.8357913047024));
#4632=CARTESIAN_POINT('',(34.4675765643119,-23.1559974857644,18.836529449001));
#4633=CARTESIAN_POINT('',(36.1448538133818,-20.4842311353112,17.7034321865172));
#4634=CARTESIAN_POINT('',(34.6109156584784,-22.8983518495266,19.1475568812039));
#4635=CARTESIAN_POINT('',(0.,0.,-5.85));
#4636=CARTESIAN_POINT('',(0.,0.,-5.25));
#4637=CARTESIAN_POINT('',(5.,16.7705098312484,-5.25));
#4638=CARTESIAN_POINT('',(-5.,16.7705098312484,-5.25));
#4639=CARTESIAN_POINT('',(-5.,16.7705098312484,-5.85));
#4640=CARTESIAN_POINT('',(-5.,16.7705098312484,33.55));
#4641=CARTESIAN_POINT('',(0.,0.,33.55));
#4642=CARTESIAN_POINT('',(5.,16.7705098312484,33.55));
#4643=CARTESIAN_POINT('',(5.,16.7705098312484,-5.85));
#4644=CARTESIAN_POINT('',(13.7180501765213,-10.9248175734197,24.7570263630459));
#4645=CARTESIAN_POINT('',(12.9679363810948,-11.7409587600035,22.1494060158161));
#4646=CARTESIAN_POINT('',(13.7174584669214,-10.925295364869,19.5453495736897));
#4647=CARTESIAN_POINT('',(15.222046912058,-8.79232695514664,18.4671350252875));
#4648=CARTESIAN_POINT('',(16.3211744236212,-6.41552256862645,19.5451137531897));
#4649=CARTESIAN_POINT('',(16.6512781870117,-5.36164243032887,22.1488702593205));
#4650=CARTESIAN_POINT('',(16.3219664597552,-6.41303208784424,24.7513838301144));
#4651=CARTESIAN_POINT('',(15.2249915188661,-8.78736945086291,25.8331461095819));
#4652=CARTESIAN_POINT('',(13.7180501765213,-10.9248175734197,24.7570263630459));
#4653=CARTESIAN_POINT('',(12.9679363810948,-11.7409587600035,22.1494060158161));
#4654=CARTESIAN_POINT('',(13.7174584669214,-10.925295364869,19.5453495736897));
#4655=CARTESIAN_POINT('',(13.217875694637,-11.4689913297171,22.15));
#4656=CARTESIAN_POINT('',(2.50746432125421E-15,0.,-5.85));
#4657=CARTESIAN_POINT('',(-85.0580856828742,9.58374457402181,-5.85000000000004));
#4658=CARTESIAN_POINT('',(-79.9796307782587,12.8163434946719,-5.85000000000003));
#4659=CARTESIAN_POINT('',(-80.8262791763241,5.30213112917169,-5.85000000000003));
#4660=CARTESIAN_POINT('',(2.50746432125421E-15,0.,-5.85));
#4661=CARTESIAN_POINT('',(-77.6199604359775,23.1547347624043,-5.85000000000003));
#4662=CARTESIAN_POINT('',(-80.7929180955732,28.2706647551243,-5.85000000000003));
#4663=CARTESIAN_POINT('',(-75.1224697273796,30.2921531433299,-5.85000000000003));
#4664=CARTESIAN_POINT('',(2.50746432125421E-15,0.,-5.85));
#4665=CARTESIAN_POINT('',(-70.5214527666404,39.8462633089042,-5.85000000000003));
#4666=CARTESIAN_POINT('',(-72.4764562331278,45.5399757573883,-5.85000000000003));
#4667=CARTESIAN_POINT('',(-66.4983543602631,46.2489877443484,-5.85000000000003));
#4668=CARTESIAN_POINT('',(2.50746432125421E-15,0.,-5.85));
#4669=CARTESIAN_POINT('',(-59.8867049836492,54.5397338295795,-5.85000000000002));
#4670=CARTESIAN_POINT('',(-60.5257222198092,60.5257222167958,-5.85000000000003));
#4671=CARTESIAN_POINT('',(-54.5397338325609,59.8867049809339,-5.85000000000002));
#4672=CARTESIAN_POINT('',(2.50746432125421E-15,0.,-5.85));
#4673=CARTESIAN_POINT('',(-46.2489877476623,66.4983543579583,-5.85000000000002));
#4674=CARTESIAN_POINT('',(-45.5399757610004,72.4764562308584,-5.85000000000002));
#4675=CARTESIAN_POINT('',(-39.8462633124187,70.5214527646545,-5.85000000000002));
#4676=CARTESIAN_POINT('',(2.50746432125421E-15,0.,-5.85));
#4677=CARTESIAN_POINT('',(-30.2921531470752,75.1224697258693,-5.85000000000002));
#4678=CARTESIAN_POINT('',(-28.2706647591437,80.7929180941606,-5.85000000000001));
#4679=CARTESIAN_POINT('',(-23.154734766261,77.619960434827,-5.85000000000001));
#4680=CARTESIAN_POINT('',(2.50746432125421E-15,0.,-5.85));
#4681=CARTESIAN_POINT('',(-12.8163435883478,79.9796307632476,-5.85));
#4682=CARTESIAN_POINT('',(-9.5837446736454,85.058085671649,-5.85));
#4683=CARTESIAN_POINT('',(-5.30213122383855,80.826279170114,-5.85));
#4684=CARTESIAN_POINT('',(2.50746432125421E-15,0.,-5.85));
#4685=CARTESIAN_POINT('',(5.30213112916947,80.8262791763242,-5.85));
#4686=CARTESIAN_POINT('',(9.58374457402048,85.0580856828734,-5.85));
#4687=CARTESIAN_POINT('',(12.8163434946716,79.9796307782588,-5.84999999999999));
#4688=CARTESIAN_POINT('',(2.50746432125421E-15,0.,-5.85));
#4689=CARTESIAN_POINT('',(23.1547347624006,77.6199604359786,-5.84999999999999));
#4690=CARTESIAN_POINT('',(28.2706647551209,80.792918095574,-5.84999999999999));
#4691=CARTESIAN_POINT('',(30.2921531433273,75.1224697273806,-5.84999999999999));
#4692=CARTESIAN_POINT('',(2.50746432125421E-15,0.,-5.85));
#4693=CARTESIAN_POINT('',(39.8462633089047,70.5214527666401,-5.84999999999998));
#4694=CARTESIAN_POINT('',(45.5399757573903,72.4764562331227,-5.84999999999998));
#4695=CARTESIAN_POINT('',(46.2489877443547,66.4983543602587,-5.84999999999998));
#4696=CARTESIAN_POINT('',(2.50746432125421E-15,0.,-5.85));
#4697=CARTESIAN_POINT('',(54.5397338295857,59.8867049836435,-5.84999999999997));
#4698=CARTESIAN_POINT('',(60.5257222168012,60.5257222198132,-5.84999999999997));
#4699=CARTESIAN_POINT('',(59.8867049809293,54.539733832566,-5.84999999999997));
#4700=CARTESIAN_POINT('',(2.50746432125421E-15,0.,-5.85));
#4701=CARTESIAN_POINT('',(66.4983543579504,46.2489877476737,-5.84999999999997));
#4702=CARTESIAN_POINT('',(72.4764562308485,45.5399757609968,-5.84999999999997));
#4703=CARTESIAN_POINT('',(70.5214527646594,39.8462633124101,-5.84999999999997));
#4704=CARTESIAN_POINT('',(2.50746432125421E-15,0.,-5.85));
#4705=CARTESIAN_POINT('',(75.1224697258724,30.2921531470676,-5.84999999999997));
#4706=CARTESIAN_POINT('',(80.7929180941671,28.2706647591454,-5.84999999999997));
#4707=CARTESIAN_POINT('',(77.619960434825,23.1547347662679,-5.84999999999997));
#4708=CARTESIAN_POINT('',(2.50746432125421E-15,0.,-5.85));
#4709=CARTESIAN_POINT('',(79.9796307776198,12.816343498659,-5.84999999999997));
#4710=CARTESIAN_POINT('',(85.0580856823909,9.58374457825366,-5.84999999999996));
#4711=CARTESIAN_POINT('',(80.8262791760607,5.30213113318627,-5.84999999999997));
#4712=CARTESIAN_POINT('',(2.50746432125421E-15,0.,-5.85));
#4713=CARTESIAN_POINT('',(80.8262791763246,-5.30213112916359,-5.84999999999996));
#4714=CARTESIAN_POINT('',(85.0580856828701,-9.58374457401822,-5.84999999999996));
#4715=CARTESIAN_POINT('',(79.9796307782584,-12.816343494674,-5.84999999999997));
#4716=CARTESIAN_POINT('',(2.50746432125421E-15,0.,-5.85));
#4717=CARTESIAN_POINT('',(77.6199604359787,-23.1547347624003,-5.84999999999996));
#4718=CARTESIAN_POINT('',(80.7929180955721,-28.2706647551219,-5.84999999999997));
#4719=CARTESIAN_POINT('',(75.1224697273794,-30.2921531433304,-5.84999999999997));
#4720=CARTESIAN_POINT('',(2.50746432125421E-15,0.,-5.85));
#4721=CARTESIAN_POINT('',(70.5214527666446,-39.8462633088966,-5.84999999999997));
#4722=CARTESIAN_POINT('',(72.4764562331166,-45.539975757386,-5.84999999999997));
#4723=CARTESIAN_POINT('',(66.4983543602538,-46.2489877443617,-5.84999999999997));
#4724=CARTESIAN_POINT('',(2.50746432125421E-15,0.,-5.85));
#4725=CARTESIAN_POINT('',(59.8867049836458,-54.5397338295832,-5.84999999999998));
#4726=CARTESIAN_POINT('',(60.5257222198104,-60.5257222167991,-5.84999999999997));
#4727=CARTESIAN_POINT('',(54.5397338325625,-59.8867049809325,-5.84999999999998));
#4728=CARTESIAN_POINT('',(2.50746432125421E-15,0.,-5.85));
#4729=CARTESIAN_POINT('',(46.2489877476695,-66.4983543579533,-5.84999999999998));
#4730=CARTESIAN_POINT('',(45.53997576099,-72.4764562308513,-5.84999999999998));
#4731=CARTESIAN_POINT('',(39.8462633124029,-70.5214527646635,-5.84999999999998));
#4732=CARTESIAN_POINT('',(2.50746432125421E-15,0.,-5.85));
#4733=CARTESIAN_POINT('',(30.2921531470645,-75.1224697258736,-5.84999999999999));
#4734=CARTESIAN_POINT('',(28.270664759142,-80.7929180941681,-5.84999999999999));
#4735=CARTESIAN_POINT('',(23.1547347662647,-77.6199604348259,-5.84999999999999));
#4736=CARTESIAN_POINT('',(2.50746432125421E-15,0.,-5.85));
#4737=CARTESIAN_POINT('',(12.8163435883402,-79.9796307632488,-5.84999999999999));
#4738=CARTESIAN_POINT('',(9.58374467363536,-85.0580856716485,-5.85));
#4739=CARTESIAN_POINT('',(5.30213122382745,-80.8262791701147,-5.85));
#4740=CARTESIAN_POINT('',(2.50746432125421E-15,0.,-5.85));
#4741=CARTESIAN_POINT('',(-5.30213112916856,-80.8262791763243,-5.85));
#4742=CARTESIAN_POINT('',(-9.58374457402064,-85.0580856828724,-5.85));
#4743=CARTESIAN_POINT('',(-12.816343494673,-79.9796307782586,-5.85));
#4744=CARTESIAN_POINT('',(2.50746432125421E-15,0.,-5.85));
#4745=CARTESIAN_POINT('',(-23.1547347623995,-77.619960435979,-5.85000000000001));
#4746=CARTESIAN_POINT('',(-28.2706647551212,-80.792918095572,-5.85000000000001));
#4747=CARTESIAN_POINT('',(-30.2921531433302,-75.1224697273794,-5.85000000000001));
#4748=CARTESIAN_POINT('',(2.50746432125421E-15,0.,-5.85));
#4749=CARTESIAN_POINT('',(-39.8462633089042,-70.5214527666404,-5.85000000000002));
#4750=CARTESIAN_POINT('',(-45.5399757573906,-72.4764562331208,-5.85000000000002));
#4751=CARTESIAN_POINT('',(-46.2489877443572,-66.498354360257,-5.85000000000002));
#4752=CARTESIAN_POINT('',(2.50746432125421E-15,0.,-5.85));
#4753=CARTESIAN_POINT('',(-54.539733829586,-59.8867049836432,-5.85000000000002));
#4754=CARTESIAN_POINT('',(-60.5257222168016,-60.5257222198113,-5.85000000000003));
#4755=CARTESIAN_POINT('',(-59.8867049809312,-54.5397338325639,-5.85000000000002));
#4756=CARTESIAN_POINT('',(2.50746432125421E-15,0.,-5.85));
#4757=CARTESIAN_POINT('',(-66.4983543579589,-46.2489877476614,-5.85000000000003));
#4758=CARTESIAN_POINT('',(-72.4764562308583,-45.5399757609952,-5.85000000000003));
#4759=CARTESIAN_POINT('',(-70.5214527646581,-39.8462633124125,-5.85000000000003));
#4760=CARTESIAN_POINT('',(2.50746432125421E-15,0.,-5.85));
#4761=CARTESIAN_POINT('',(-75.1224697258732,-30.2921531470656,-5.85000000000003));
#4762=CARTESIAN_POINT('',(-80.7929180941681,-28.2706647591443,-5.85000000000003));
#4763=CARTESIAN_POINT('',(-77.6199604348251,-23.1547347662675,-5.85000000000003));
#4764=CARTESIAN_POINT('',(2.50746432125421E-15,0.,-5.85));
#4765=CARTESIAN_POINT('',(-79.9796307674591,-12.8163435620665,-5.85000000000004));
#4766=CARTESIAN_POINT('',(-85.0580856748017,-9.58374464570111,-5.85000000000004));
#4767=CARTESIAN_POINT('',(-80.8262791718556,-5.30213119728891,-5.85000000000003));
#4768=CARTESIAN_POINT('',(2.50746432125421E-15,0.,-5.85));
#4769=CARTESIAN_POINT('',(-5.,20.8,-5.85));
#4770=CARTESIAN_POINT('',(-5.,20.8,-5.85));
#4771=CARTESIAN_POINT('',(-5.,17.3956891211587,-5.85));
#4772=CARTESIAN_POINT('',(0.,0.,-5.85));
#4773=CARTESIAN_POINT('',(5.,17.3956891211587,-5.85));
#4774=CARTESIAN_POINT('',(5.,14.6714007511212,-5.85));
#4775=CARTESIAN_POINT('',(5.,20.8,-5.85));
#4776=CARTESIAN_POINT('',(5.,20.8,-5.85));
#4777=CARTESIAN_POINT('',(0.,0.,34.15));
#4778=CARTESIAN_POINT('',(0.,0.,34.15));
#4779=CARTESIAN_POINT('',(-40.7,0.,34.15));
#4780=CARTESIAN_POINT('',(-5.,20.8,34.15));
#4781=CARTESIAN_POINT('',(-5.,20.8,34.15));
#4782=CARTESIAN_POINT('',(-5.,17.3956891211587,34.15));
#4783=CARTESIAN_POINT('',(5.,20.8,34.15));
#4784=CARTESIAN_POINT('',(5.,20.8,34.15));
#4785=CARTESIAN_POINT('',(5.,14.6714007511212,34.15));
#4786=CARTESIAN_POINT('',(5.,17.3956891211587,34.15));
#4787=CARTESIAN_POINT('',(0.,0.,34.15));
#4788=CARTESIAN_POINT('',(0.,0.,34.15));
#4789=CARTESIAN_POINT('',(-5.,16.7705098312484,33.55));
#4790=CARTESIAN_POINT('',(-5.,16.9790496390466,33.7498467941078));
#4791=CARTESIAN_POINT('',(-5.,17.1874376761869,33.9498520775822));
#4792=CARTESIAN_POINT('',(-5.,17.3956891211587,34.15));
#4793=CARTESIAN_POINT('',(5.,17.3956891211587,34.15));
#4794=CARTESIAN_POINT('',(5.,17.1874376761869,33.9498520775822));
#4795=CARTESIAN_POINT('',(5.,16.9790496390466,33.7498467941078));
#4796=CARTESIAN_POINT('',(5.,16.7705098312484,33.55));
#4797=CARTESIAN_POINT('',(0.,0.,-5.25));
#4798=CARTESIAN_POINT('',(-5.,17.3956891211587,-5.85));
#4799=CARTESIAN_POINT('',(-5.,17.1874376761869,-5.64985207758223));
#4800=CARTESIAN_POINT('',(-5.,16.9790496390466,-5.44984679410778));
#4801=CARTESIAN_POINT('',(-5.,16.7705098312484,-5.25));
#4802=CARTESIAN_POINT('',(5.,16.7705098312484,-5.25));
#4803=CARTESIAN_POINT('',(5.,16.9790496390466,-5.44984679410779));
#4804=CARTESIAN_POINT('',(5.,17.1874376761869,-5.64985207758223));
#4805=CARTESIAN_POINT('',(5.,17.3956891211587,-5.85));
#4806=CARTESIAN_POINT('',(0.,0.,14.1434558664043));
#4807=CARTESIAN_POINT('',(-79.9796307782587,12.8163434946719,-5.85000000000003));
#4808=CARTESIAN_POINT('',(-80.3794355637301,13.4444420072019,-5.8373557916456));
#4809=CARTESIAN_POINT('',(-80.8782000698076,13.9790283651751,-5.80455320925754));
#4810=CARTESIAN_POINT('',(-81.4738052190972,14.420410115176,-5.72938398056421));
#4811=CARTESIAN_POINT('',(-81.4738052190972,14.420410115176,-5.72938398056421));
#4812=CARTESIAN_POINT('',(-87.9274952189102,19.2030097778585,-3.45));
#4813=CARTESIAN_POINT('',(-85.8883378657966,17.6918629348214,-4.70136263589792));
#4814=CARTESIAN_POINT('',(-83.7332480744548,16.0948026934059,-5.44422765356389));
#4815=CARTESIAN_POINT('',(-81.4738052190972,14.420410115176,-5.72938398056421));
#4816=CARTESIAN_POINT('',(-87.9274952189102,19.2030097778585,-3.44999999999995));
#4817=CARTESIAN_POINT('',(1.47876100997043E-15,0.,-3.44999999999999));
#4818=CARTESIAN_POINT('',(-87.551809510644,20.8489964125832,-3.44999999999995));
#4819=CARTESIAN_POINT('',(-79.6621435134345,22.3578186684763,-5.72938398056542));
#4820=CARTESIAN_POINT('',(-82.4243233636096,21.8295785079679,-5.44422760544547));
#4821=CARTESIAN_POINT('',(-85.0589306118236,21.3257353727771,-4.70136241719836));
#4822=CARTESIAN_POINT('',(-87.551809510644,20.8489964125832,-3.45000000000002));
#4823=CARTESIAN_POINT('',(-79.6621435134349,22.3578186684762,-5.72938398056694));
#4824=CARTESIAN_POINT('',(-79.6621435134348,22.3578186684763,-5.72938398056538));
#4825=CARTESIAN_POINT('',(-78.9340118798016,22.4970667956383,-5.80455337159685));
#4826=CARTESIAN_POINT('',(-78.2526924782346,22.7623071915016,-5.83735581869966));
#4827=CARTESIAN_POINT('',(-77.6199604359775,23.1547347624043,-5.85000000000004));
#4828=CARTESIAN_POINT('',(0.,0.,14.1434558664043));
#4829=CARTESIAN_POINT('',(-75.1224697273796,30.2921531433299,-5.85000000000003));
#4830=CARTESIAN_POINT('',(-75.3724852113855,30.9934680267476,-5.83735580647124));
#4831=CARTESIAN_POINT('',(-75.7397877164781,31.6256368885046,-5.80455329821943));
#4832=CARTESIAN_POINT('',(-76.2222436928955,32.1884875567205,-5.72938398056487));
#4833=CARTESIAN_POINT('',(-76.2222436928955,32.1884875567205,-5.72938398056486));
#4834=CARTESIAN_POINT('',(-81.4498976666079,38.2872585868864,-3.45000000000001));
#4835=CARTESIAN_POINT('',(-79.7981279602798,36.3602440438205,-4.7013627058267));
#4836=CARTESIAN_POINT('',(-78.052450099496,34.3236728363752,-5.44422766895116));
#4837=CARTESIAN_POINT('',(-76.2222436928955,32.1884875567205,-5.72938398056486));
#4838=CARTESIAN_POINT('',(-81.4498976666079,38.2872585868863,-3.44999999999995));
#4839=CARTESIAN_POINT('',(1.47876100997043E-15,0.,-3.44999999999999));
#4840=CARTESIAN_POINT('',(-80.7173647001731,39.8083789654798,-3.44999999999995));
#4841=CARTESIAN_POINT('',(-72.689764564148,39.5237560509682,-5.72938398056527));
#4842=CARTESIAN_POINT('',(-75.5002353290436,39.6234028154681,-5.4442276017292));
#4843=CARTESIAN_POINT('',(-78.1809031155817,39.7184473450054,-4.70136240030934));
#4844=CARTESIAN_POINT('',(-80.7173647001731,39.8083789654798,-3.45000000000002));
#4845=CARTESIAN_POINT('',(-72.6897645641484,39.5237560509682,-5.72938398056675));
#4846=CARTESIAN_POINT('',(-72.6897645641483,39.5237560509682,-5.72938398056524));
#4847=CARTESIAN_POINT('',(-71.9489030451636,39.4974884041993,-5.80455337588909));
#4848=CARTESIAN_POINT('',(-71.2256442053197,39.6044708551853,-5.83735581941496));
#4849=CARTESIAN_POINT('',(-70.5214527666404,39.8462633089042,-5.85000000000003));
#4850=CARTESIAN_POINT('',(0.,0.,14.1434558664043));
#4851=CARTESIAN_POINT('',(-66.4983543602632,46.2489877443483,-5.85000000000003));
#4852=CARTESIAN_POINT('',(-66.5860441381451,46.9883524307404,-5.83735581412732));
#4853=CARTESIAN_POINT('',(-66.8034666392124,47.6864040424632,-5.80455334416021));
#4854=CARTESIAN_POINT('',(-67.1485805915717,48.342499824745,-5.72938398056489));
#4855=CARTESIAN_POINT('',(-67.1485805915717,48.342499824745,-5.72938398056489));
#4856=CARTESIAN_POINT('',(-70.8880621401493,55.4516243766973,-3.45000000000001));
#4857=CARTESIAN_POINT('',(-69.706506995456,53.2053710981326,-4.70136252511522));
#4858=CARTESIAN_POINT('',(-68.4577766623724,50.8314111375415,-5.44422762918951));
#4859=CARTESIAN_POINT('',(-67.1485805915717,48.342499824745,-5.72938398056489));
#4860=CARTESIAN_POINT('',(-70.8880621401493,55.4516243766973,-3.44999999999995));
#4861=CARTESIAN_POINT('',(1.47876100997043E-15,0.,-3.44999999999999));
#4862=CARTESIAN_POINT('',(-69.8354141772751,56.7716031717305,-3.44999999999995));
#4863=CARTESIAN_POINT('',(-62.0724172935947,54.7078072682317,-5.72938398056497));
#4864=CARTESIAN_POINT('',(-64.7902501285082,55.4303442414051,-5.44422760897354));
#4865=CARTESIAN_POINT('',(-67.3825585839193,56.1195105068366,-4.70136243323582));
#4866=CARTESIAN_POINT('',(-69.8354141772751,56.7716031717305,-3.45000000000001));
#4867=CARTESIAN_POINT('',(-62.0724172935952,54.7078072682318,-5.72938398056655));
#4868=CARTESIAN_POINT('',(-62.0724172935951,54.7078072682318,-5.72938398056493));
#4869=CARTESIAN_POINT('',(-61.3559759007537,54.5173410302821,-5.80455336751778));
#4870=CARTESIAN_POINT('',(-60.6270448370452,54.460700945395,-5.83735581801987));
#4871=CARTESIAN_POINT('',(-59.8867049836492,54.5397338295795,-5.85000000000003));
#4872=CARTESIAN_POINT('',(0.,0.,14.1434558664043));
#4873=CARTESIAN_POINT('',(-54.539733832561,59.8867049809339,-5.85000000000002));
#4874=CARTESIAN_POINT('',(-54.4607009484135,60.6270448343335,-5.83735581801987));
#4875=CARTESIAN_POINT('',(-54.5173410333368,61.3559758980387,-5.80455336751781));
#4876=CARTESIAN_POINT('',(-54.7078072713219,62.0724172908703,-5.72938398056504));
#4877=CARTESIAN_POINT('',(-54.7078072713219,62.0724172908703,-5.72938398056504));
#4878=CARTESIAN_POINT('',(-56.7716031752078,69.8354141744483,-3.45));
#4879=CARTESIAN_POINT('',(-56.1195105101917,67.3825585811249,-4.70136243323592));
#4880=CARTESIAN_POINT('',(-55.4303442446308,64.790250125748,-5.44422760897366));
#4881=CARTESIAN_POINT('',(-54.7078072713219,62.0724172908703,-5.72938398056504));
#4882=CARTESIAN_POINT('',(-56.7716031752078,69.8354141744483,-3.44999999999995));
#4883=CARTESIAN_POINT('',(1.47876100997043E-15,0.,-3.44999999999999));
#4884=CARTESIAN_POINT('',(-55.4516243802313,70.8880621373848,-3.44999999999995));
#4885=CARTESIAN_POINT('',(-48.34249982809,67.1485805891617,-5.72938398056504));
#4886=CARTESIAN_POINT('',(-50.8314111409527,68.4577766598383,-5.4442276291898));
#4887=CARTESIAN_POINT('',(-53.2053711016069,69.7065069928036,-4.70136252511547));
#4888=CARTESIAN_POINT('',(-55.4516243802313,70.8880621373848,-3.45));
#4889=CARTESIAN_POINT('',(-48.34249982809,67.1485805891617,-5.72938398056505));
#4890=CARTESIAN_POINT('',(-48.34249982809,67.1485805891617,-5.72938398056504));
#4891=CARTESIAN_POINT('',(-47.6864040457914,66.8034666368356,-5.80455334416025));
#4892=CARTESIAN_POINT('',(-46.9883524340583,66.5860441358033,-5.83735581412732));
#4893=CARTESIAN_POINT('',(-46.2489877476623,66.4983543579583,-5.85000000000002));
#4894=CARTESIAN_POINT('',(0.,0.,14.1434558664043));
#4895=CARTESIAN_POINT('',(-39.8462633124188,70.5214527646546,-5.85000000000002));
#4896=CARTESIAN_POINT('',(-39.6044708587348,71.2256442033464,-5.83735581941494));
#4897=CARTESIAN_POINT('',(-39.497488407785,71.9489030431961,-5.80455337588902));
#4898=CARTESIAN_POINT('',(-39.5237560545909,72.6897645621797,-5.7293839805651));
#4899=CARTESIAN_POINT('',(-39.5237560545909,72.6897645621797,-5.7293839805651));
#4900=CARTESIAN_POINT('',(-39.8083789694976,80.7173646981916,-3.44999999999999));
#4901=CARTESIAN_POINT('',(-39.7184473488984,78.1809031136043,-4.70136240030915));
#4902=CARTESIAN_POINT('',(-39.6234028192292,75.5002353270706,-5.44422760172892));
#4903=CARTESIAN_POINT('',(-39.5237560545909,72.6897645621797,-5.7293839805651));
#4904=CARTESIAN_POINT('',(-39.8083789694976,80.7173646981916,-3.44999999999995));
#4905=CARTESIAN_POINT('',(1.47876100997043E-15,0.,-3.44999999999999));
#4906=CARTESIAN_POINT('',(-38.2872585909478,81.4498976646987,-3.44999999999995));
#4907=CARTESIAN_POINT('',(-32.1884875605154,76.2222436912906,-5.72938398056509));
#4908=CARTESIAN_POINT('',(-34.3236728402634,78.0524500977845,-5.4442276689516));
#4909=CARTESIAN_POINT('',(-36.3602440477977,79.7981279584667,-4.70136270582711));
#4910=CARTESIAN_POINT('',(-38.2872585909478,81.4498976646987,-3.45));
#4911=CARTESIAN_POINT('',(-32.1884875605154,76.2222436912906,-5.72938398056509));
#4912=CARTESIAN_POINT('',(-32.1884875605154,76.2222436912906,-5.72938398056509));
#4913=CARTESIAN_POINT('',(-31.6256368922771,75.7397877149019,-5.80455329821945));
#4914=CARTESIAN_POINT('',(-30.9934680305035,75.3724852098408,-5.83735580647123));
#4915=CARTESIAN_POINT('',(-30.2921531470752,75.1224697258693,-5.85000000000001));
#4916=CARTESIAN_POINT('',(0.,0.,14.1434558664043));
#4917=CARTESIAN_POINT('',(-23.1547347662611,77.619960434827,-5.85000000000001));
#4918=CARTESIAN_POINT('',(-22.7623071953899,78.2526924771057,-5.83735581869958));
#4919=CARTESIAN_POINT('',(-22.4970667995612,78.9340118786879,-5.80455337159656));
#4920=CARTESIAN_POINT('',(-22.3578186724367,79.6621435123301,-5.72938398056461));
#4921=CARTESIAN_POINT('',(-22.3578186724367,79.6621435123301,-5.72938398056461));
#4922=CARTESIAN_POINT('',(-20.8489964169467,87.5518095096049,-3.44999999999999));
#4923=CARTESIAN_POINT('',(-21.3257353770132,85.0589306107639,-4.70136241719705));
#4924=CARTESIAN_POINT('',(-21.8295785120694,82.4243233625282,-5.44422760544404));
#4925=CARTESIAN_POINT('',(-22.3578186724367,79.6621435123301,-5.72938398056461));
#4926=CARTESIAN_POINT('',(-20.8489964169467,87.5518095096049,-3.44999999999995));
#4927=CARTESIAN_POINT('',(1.47876100997043E-15,0.,-3.44999999999999));
#4928=CARTESIAN_POINT('',(-19.2030097851966,87.9274952173076,-3.44999999999995));
#4929=CARTESIAN_POINT('',(-14.4204102504381,81.4738052559631,-5.72938397377987));
#4930=CARTESIAN_POINT('',(-16.0948027844513,83.7332480986215,-5.44422764117174));
#4931=CARTESIAN_POINT('',(-17.6918629830044,85.8883378769224,-4.70136262451042));
#4932=CARTESIAN_POINT('',(-19.2030097851966,87.9274952173076,-3.44999999999999));
#4933=CARTESIAN_POINT('',(-14.4204102504381,81.4738052559631,-5.72938397377987));
#4934=CARTESIAN_POINT('',(-14.4204102504381,81.4738052559631,-5.72938397377986));
#4935=CARTESIAN_POINT('',(-13.9790284927356,80.8782000839008,-5.80455320724801));
#4936=CARTESIAN_POINT('',(-13.4444421209217,80.3794355604441,-5.83735579125149));
#4937=CARTESIAN_POINT('',(-12.8163435883478,79.9796307632476,-5.85));
#4938=CARTESIAN_POINT('',(0.,0.,14.1434558664043));
#4939=CARTESIAN_POINT('',(-5.30213122383854,80.826279170114,-5.85));
#4940=CARTESIAN_POINT('',(-4.77874639839545,81.3558240600397,-5.83735581607378));
#4941=CARTESIAN_POINT('',(-4.36854836631535,81.9610398382898,-5.80455335548498));
#4942=CARTESIAN_POINT('',(-4.070767023495,82.6399298807739,-5.72938398734999));
#4943=CARTESIAN_POINT('',(-4.070767023495,82.6399298807739,-5.72938398734999));
#4944=CARTESIAN_POINT('',(-0.844158129240494,89.9960410076623,-3.44999999999998));
#4945=CARTESIAN_POINT('',(-1.86366208423637,87.6717480322707,-4.70136249987872));
#4946=CARTESIAN_POINT('',(-2.94112812852115,85.215311501856,-5.44422763352447));
#4947=CARTESIAN_POINT('',(-4.070767023495,82.6399298807739,-5.72938398734999));
#4948=CARTESIAN_POINT('',(-0.844158129240487,89.9960410076623,-3.44999999999995));
#4949=CARTESIAN_POINT('',(1.47876100997043E-15,0.,-3.44999999999999));
#4950=CARTESIAN_POINT('',(0.844158121729566,89.9960410077328,-3.44999999999995));
#4951=CARTESIAN_POINT('',(4.07076689982362,82.63992994682,-5.72938398056503));
#4952=CARTESIAN_POINT('',(2.94112804513335,85.2153115456801,-5.44422762113119));
#4953=CARTESIAN_POINT('',(1.86366203973574,87.6717480538411,-4.70136248849024));
#4954=CARTESIAN_POINT('',(0.844158121729551,89.9960410077328,-3.44999999999998));
#4955=CARTESIAN_POINT('',(4.07076689982362,82.63992994682,-5.72938398056502));
#4956=CARTESIAN_POINT('',(4.07076689982362,82.63992994682,-5.72938398056503));
#4957=CARTESIAN_POINT('',(4.36854824508526,81.961039880418,-5.80455335347531));
#4958=CARTESIAN_POINT('',(4.7787462867926,81.3558240821426,-5.83735581567966));
#4959=CARTESIAN_POINT('',(5.30213112916947,80.8262791763242,-5.85));
#4960=CARTESIAN_POINT('',(0.,0.,14.1434558664043));
#4961=CARTESIAN_POINT('',(12.8163434946717,79.9796307782587,-5.84999999999999));
#4962=CARTESIAN_POINT('',(13.4444420071982,80.3794355637281,-5.83735579164562));
#4963=CARTESIAN_POINT('',(13.979028365169,80.8782000698026,-5.80455320925783));
#4964=CARTESIAN_POINT('',(14.4204101151686,81.4738052190883,-5.72938398056531));
#4965=CARTESIAN_POINT('',(14.4204101151686,81.4738052190883,-5.7293839805653));
#4966=CARTESIAN_POINT('',(19.20300977786,87.9274952189099,-3.44999999999998));
#4967=CARTESIAN_POINT('',(17.6918629348201,85.8883378657936,-4.70136263589964));
#4968=CARTESIAN_POINT('',(16.0948026934016,83.7332480744489,-5.44422765356588));
#4969=CARTESIAN_POINT('',(14.4204101151686,81.4738052190883,-5.7293839805653));
#4970=CARTESIAN_POINT('',(19.20300977786,87.9274952189098,-3.44999999999995));
#4971=CARTESIAN_POINT('',(1.47876100997043E-15,0.,-3.44999999999999));
#4972=CARTESIAN_POINT('',(20.8489964125851,87.5518095106435,-3.44999999999995));
#4973=CARTESIAN_POINT('',(22.3578186684718,79.6621435134409,-5.72938398056481));
#4974=CARTESIAN_POINT('',(21.8295785079656,82.4243233636137,-5.44422760544441));
#4975=CARTESIAN_POINT('',(21.3257353727769,85.0589306118253,-4.7013624171974));
#4976=CARTESIAN_POINT('',(20.8489964125851,87.5518095106435,-3.44999999999999));
#4977=CARTESIAN_POINT('',(22.3578186684717,79.6621435134414,-5.72938398056634));
#4978=CARTESIAN_POINT('',(22.3578186684717,79.6621435134413,-5.72938398056477));
#4979=CARTESIAN_POINT('',(22.4970667956334,78.9340118798061,-5.80455337159663));
#4980=CARTESIAN_POINT('',(22.762307191497,78.2526924782373,-5.83735581869958));
#4981=CARTESIAN_POINT('',(23.1547347624006,77.6199604359786,-5.84999999999999));
#4982=CARTESIAN_POINT('',(0.,0.,14.1434558664043));
#4983=CARTESIAN_POINT('',(30.2921531433273,75.1224697273806,-5.84999999999999));
#4984=CARTESIAN_POINT('',(30.9934680267435,75.3724852113862,-5.83735580647122));
#4985=CARTESIAN_POINT('',(31.6256368884993,75.7397877164779,-5.80455329821952));
#4986=CARTESIAN_POINT('',(32.1884875567144,76.222243692894,-5.72938398056525));
#4987=CARTESIAN_POINT('',(32.1884875567144,76.222243692894,-5.72938398056525));
#4988=CARTESIAN_POINT('',(38.2872585868865,81.4498976666078,-3.44999999999997));
#4989=CARTESIAN_POINT('',(36.3602440438187,79.7981279602792,-4.70136270582735));
#4990=CARTESIAN_POINT('',(34.3236728363712,78.052450099495,-5.4442276689519));
#4991=CARTESIAN_POINT('',(32.1884875567144,76.222243692894,-5.72938398056525));
#4992=CARTESIAN_POINT('',(38.2872585868865,81.4498976666078,-3.44999999999995));
#4993=CARTESIAN_POINT('',(1.47876100997043E-15,0.,-3.44999999999999));
#4994=CARTESIAN_POINT('',(39.8083789654811,80.7173647001724,-3.44999999999995));
#4995=CARTESIAN_POINT('',(39.5237560509705,72.6897645641487,-5.72938398056503));
#4996=CARTESIAN_POINT('',(39.6234028154701,75.5002353290438,-5.4442276017288));
#4997=CARTESIAN_POINT('',(39.7184473450071,78.1809031155815,-4.70136240030901));
#4998=CARTESIAN_POINT('',(39.8083789654811,80.7173647001724,-3.44999999999996));
#4999=CARTESIAN_POINT('',(39.5237560509705,72.6897645641491,-5.72938398056651));
#5000=CARTESIAN_POINT('',(39.5237560509705,72.689764564149,-5.72938398056499));
#5001=CARTESIAN_POINT('',(39.497488404201,71.9489030451642,-5.80455337588895));
#5002=CARTESIAN_POINT('',(39.6044708551863,71.2256442053199,-5.83735581941489));
#5003=CARTESIAN_POINT('',(39.8462633089047,70.5214527666401,-5.84999999999998));
#5004=CARTESIAN_POINT('',(0.,0.,14.1434558664043));
#5005=CARTESIAN_POINT('',(46.2489877443548,66.4983543602586,-5.84999999999998));
#5006=CARTESIAN_POINT('',(46.9883524307449,66.5860441381409,-5.83735581412729));
#5007=CARTESIAN_POINT('',(47.6864040424659,66.8034666392079,-5.80455334416028));
#5008=CARTESIAN_POINT('',(48.3424998247461,67.1485805915662,-5.72938398056526));
#5009=CARTESIAN_POINT('',(48.3424998247461,67.1485805915662,-5.72938398056527));
#5010=CARTESIAN_POINT('',(55.4516243767012,70.8880621401462,-3.44999999999996));
#5011=CARTESIAN_POINT('',(53.2053710981357,69.7065069954522,-4.7013625251158));
#5012=CARTESIAN_POINT('',(50.8314111375437,68.4577766623677,-5.44422762919022));
#5013=CARTESIAN_POINT('',(48.3424998247461,67.1485805915662,-5.72938398056527));
#5014=CARTESIAN_POINT('',(55.4516243767012,70.8880621401462,-3.44999999999995));
#5015=CARTESIAN_POINT('',(1.47876100997043E-15,0.,-3.44999999999999));
#5016=CARTESIAN_POINT('',(56.7716031717323,69.8354141772736,-3.44999999999995));
#5017=CARTESIAN_POINT('',(54.707807268234,62.072417293588,-5.72938398056531));
#5018=CARTESIAN_POINT('',(55.4303442414073,64.7902501285033,-5.4442276089742));
#5019=CARTESIAN_POINT('',(56.1195105068386,67.3825585839162,-4.70136243323641));
#5020=CARTESIAN_POINT('',(56.7716031717323,69.8354141772736,-3.44999999999996));
#5021=CARTESIAN_POINT('',(54.7078072682342,62.0724172935884,-5.7293839805669));
#5022=CARTESIAN_POINT('',(54.7078072682341,62.0724172935883,-5.72938398056528));
#5023=CARTESIAN_POINT('',(54.5173410302859,61.355975900747,-5.8045533675179));
#5024=CARTESIAN_POINT('',(54.4607009454002,60.6270448370389,-5.83735581801985));
#5025=CARTESIAN_POINT('',(54.5397338295857,59.8867049836435,-5.84999999999998));
#5026=CARTESIAN_POINT('',(0.,0.,14.1434558664043));
#5027=CARTESIAN_POINT('',(59.8867049809293,54.539733832566,-5.84999999999998));
#5028=CARTESIAN_POINT('',(60.627044834328,54.4607009484173,-5.83735581801986));
#5029=CARTESIAN_POINT('',(61.3559758980326,54.5173410333391,-5.80455336751795));
#5030=CARTESIAN_POINT('',(62.072417290864,54.7078072713226,-5.72938398056547));
#5031=CARTESIAN_POINT('',(62.072417290864,54.7078072713226,-5.72938398056547));
#5032=CARTESIAN_POINT('',(69.8354141744455,56.7716031752112,-3.44999999999996));
#5033=CARTESIAN_POINT('',(67.382558581121,56.1195105101942,-4.70136243323659));
#5034=CARTESIAN_POINT('',(64.7902501257429,55.4303442446325,-5.44422760897447));
#5035=CARTESIAN_POINT('',(62.072417290864,54.7078072713226,-5.72938398056548));
#5036=CARTESIAN_POINT('',(69.8354141744455,56.7716031752112,-3.44999999999995));
#5037=CARTESIAN_POINT('',(1.47876100997043E-15,0.,-3.44999999999999));
#5038=CARTESIAN_POINT('',(70.8880621373851,55.451624380231,-3.44999999999995));
#5039=CARTESIAN_POINT('',(67.1485805891563,48.3424998280945,-5.7293839805652));
#5040=CARTESIAN_POINT('',(68.4577766598349,50.8314111409556,-5.44422762919009));
#5041=CARTESIAN_POINT('',(69.7065069928021,53.2053711016082,-4.70136252511563));
#5042=CARTESIAN_POINT('',(70.8880621373851,55.451624380231,-3.44999999999995));
#5043=CARTESIAN_POINT('',(67.1485805891563,48.3424998280945,-5.7293839805652));
#5044=CARTESIAN_POINT('',(67.1485805891563,48.3424998280945,-5.7293839805652));
#5045=CARTESIAN_POINT('',(66.8034666368301,47.6864040457981,-5.80455334416021));
#5046=CARTESIAN_POINT('',(66.586044135797,46.9883524340673,-5.83735581412727));
#5047=CARTESIAN_POINT('',(66.4983543579504,46.2489877476737,-5.84999999999998));
#5048=CARTESIAN_POINT('',(0.,0.,14.1434558664043));
#5049=CARTESIAN_POINT('',(70.5214527646594,39.8462633124103,-5.84999999999997));
#5050=CARTESIAN_POINT('',(71.2256442033492,39.6044708587291,-5.83735581941489));
#5051=CARTESIAN_POINT('',(71.9489030431963,39.4974884077809,-5.80455337588903));
#5052=CARTESIAN_POINT('',(72.6897645621772,39.5237560545877,-5.72938398056549));
#5053=CARTESIAN_POINT('',(72.6897645621772,39.5237560545877,-5.72938398056549));
#5054=CARTESIAN_POINT('',(80.7173646981904,39.8083789695,-3.44999999999996));
#5055=CARTESIAN_POINT('',(78.1809031136028,39.718447348899,-4.70136240030969));
#5056=CARTESIAN_POINT('',(75.5002353270686,39.6234028192279,-5.44422760172963));
#5057=CARTESIAN_POINT('',(72.6897645621772,39.5237560545877,-5.72938398056549));
#5058=CARTESIAN_POINT('',(80.7173646981904,39.8083789695,-3.44999999999995));
#5059=CARTESIAN_POINT('',(1.47876100997043E-15,0.,-3.44999999999999));
#5060=CARTESIAN_POINT('',(81.4498976647001,38.2872585909448,-3.44999999999995));
#5061=CARTESIAN_POINT('',(76.2222436912906,32.1884875605097,-5.72938398056529));
#5062=CARTESIAN_POINT('',(78.052450097785,34.3236728402586,-5.444227668952));
#5063=CARTESIAN_POINT('',(79.7981279584676,36.3602440477938,-4.70136270582745));
#5064=CARTESIAN_POINT('',(81.4498976647001,38.2872585909448,-3.44999999999995));
#5065=CARTESIAN_POINT('',(76.2222436912906,32.1884875605097,-5.72938398056529));
#5066=CARTESIAN_POINT('',(76.2222436912906,32.1884875605097,-5.7293839805653));
#5067=CARTESIAN_POINT('',(75.7397877149028,31.6256368922705,-5.80455329821953));
#5068=CARTESIAN_POINT('',(75.3724852098428,30.9934680304963,-5.83735580647121));
#5069=CARTESIAN_POINT('',(75.1224697258724,30.2921531470676,-5.84999999999997));
#5070=CARTESIAN_POINT('',(0.,0.,14.1434558664043));
#5071=CARTESIAN_POINT('',(77.619960434825,23.154734766268,-5.84999999999996));
#5072=CARTESIAN_POINT('',(78.2526924771012,22.7623071953969,-5.83735581869959));
#5073=CARTESIAN_POINT('',(78.9340118786811,22.4970667995674,-5.80455337159682));
#5074=CARTESIAN_POINT('',(79.662143512321,22.3578186724414,-5.72938398056542));
#5075=CARTESIAN_POINT('',(79.662143512321,22.3578186724414,-5.72938398056541));
#5076=CARTESIAN_POINT('',(87.5518095096059,20.8489964169426,-3.44999999999995));
#5077=CARTESIAN_POINT('',(85.0589306107616,21.3257353770118,-4.70136241719838));
#5078=CARTESIAN_POINT('',(82.4243233625225,21.829578512071,-5.44422760544553));
#5079=CARTESIAN_POINT('',(79.662143512321,22.3578186724414,-5.72938398056542));
#5080=CARTESIAN_POINT('',(87.5518095096059,20.8489964169426,-3.44999999999995));
#5081=CARTESIAN_POINT('',(1.47876100997043E-15,0.,-3.44999999999999));
#5082=CARTESIAN_POINT('',(87.9274952179525,19.2030097822436,-3.44999999999995));
#5083=CARTESIAN_POINT('',(81.4738052183672,14.4204101192248,-5.72938398056564));
#5084=CARTESIAN_POINT('',(83.733248073645,16.0948026975724,-5.44422765356651));
#5085=CARTESIAN_POINT('',(85.8883378649109,17.6918629391003,-4.7013626359002));
#5086=CARTESIAN_POINT('',(87.9274952179525,19.2030097822436,-3.44999999999995));
#5087=CARTESIAN_POINT('',(81.4738052183672,14.4204101192248,-5.72938398056564));
#5088=CARTESIAN_POINT('',(81.4738052183672,14.4204101192248,-5.72938398056564));
#5089=CARTESIAN_POINT('',(80.8782000691048,13.979028369197,-5.80455320925787));
#5090=CARTESIAN_POINT('',(80.3794355630578,13.4444420112031,-5.83735579164561));
#5091=CARTESIAN_POINT('',(79.9796307776198,12.816343498659,-5.84999999999997));
#5092=CARTESIAN_POINT('',(0.,0.,14.1434558664043));
#5093=CARTESIAN_POINT('',(80.8262791760608,5.30213113318633,-5.84999999999996));
#5094=CARTESIAN_POINT('',(81.3558240819045,4.77874629083785,-5.83735581567963));
#5095=CARTESIAN_POINT('',(81.9610398801993,4.36854824916216,-5.80455335347534));
#5096=CARTESIAN_POINT('',(82.6399299466146,4.07076690393537,-5.72938398056531));
#5097=CARTESIAN_POINT('',(82.6399299466146,4.07076690393537,-5.72938398056531));
#5098=CARTESIAN_POINT('',(89.9960410076907,0.84415812621197,-3.44999999999994));
#5099=CARTESIAN_POINT('',(87.6717480537475,1.86366204410101,-4.70136248849063));
#5100=CARTESIAN_POINT('',(85.215311545532,2.94112804937483,-5.44422762113171));
#5101=CARTESIAN_POINT('',(82.6399299466146,4.07076690393537,-5.72938398056531));
#5102=CARTESIAN_POINT('',(89.9960410076907,0.844158126211976,-3.44999999999995));
#5103=CARTESIAN_POINT('',(1.47876100997043E-15,0.,-3.44999999999999));
#5104=CARTESIAN_POINT('',(89.9960410077328,-0.844158121729749,-3.44999999999995));
#5105=CARTESIAN_POINT('',(82.6399299468167,-4.07076689982138,-5.72938398056537));
#5106=CARTESIAN_POINT('',(85.215311545678,-2.94112804513193,-5.44422762113183));
#5107=CARTESIAN_POINT('',(87.67174805384,-1.86366203973514,-4.70136248849074));
#5108=CARTESIAN_POINT('',(89.9960410077328,-0.84415812172975,-3.44999999999995));
#5109=CARTESIAN_POINT('',(82.6399299468167,-4.07076689982138,-5.72938398056538));
#5110=CARTESIAN_POINT('',(82.6399299468167,-4.07076689982137,-5.72938398056538));
#5111=CARTESIAN_POINT('',(81.9610398804163,-4.36854824508231,-5.80455335347537));
#5112=CARTESIAN_POINT('',(81.3558240821421,-4.77874628678844,-5.83735581567964));
#5113=CARTESIAN_POINT('',(80.8262791763246,-5.3021311291636,-5.84999999999997));
#5114=CARTESIAN_POINT('',(0.,0.,14.1434558664043));
#5115=CARTESIAN_POINT('',(79.9796307782583,-12.8163434946741,-5.84999999999997));
#5116=CARTESIAN_POINT('',(80.3794355637278,-13.4444420071993,-5.83735579164561));
#5117=CARTESIAN_POINT('',(80.8782000698019,-13.9790283651691,-5.80455320925783));
#5118=CARTESIAN_POINT('',(81.473805219087,-14.4204101151678,-5.72938398056544));
#5119=CARTESIAN_POINT('',(81.473805219087,-14.4204101151678,-5.72938398056544));
#5120=CARTESIAN_POINT('',(87.9274952189088,-19.203009777865,-3.44999999999995));
#5121=CARTESIAN_POINT('',(85.8883378657924,-17.6918629348233,-4.70136263589991));
#5122=CARTESIAN_POINT('',(83.7332480744476,-16.0948026934028,-5.44422765356616));
#5123=CARTESIAN_POINT('',(81.473805219087,-14.4204101151678,-5.72938398056544));
#5124=CARTESIAN_POINT('',(87.9274952189087,-19.203009777865,-3.44999999999995));
#5125=CARTESIAN_POINT('',(1.47876100997043E-15,0.,-3.44999999999999));
#5126=CARTESIAN_POINT('',(87.5518095106445,-20.8489964125811,-3.44999999999995));
#5127=CARTESIAN_POINT('',(79.6621435134346,-22.3578186684735,-5.72938398056542));
#5128=CARTESIAN_POINT('',(82.4243233636099,-21.8295785079654,-5.44422760544553));
#5129=CARTESIAN_POINT('',(85.0589306118239,-21.3257353727748,-4.70136241719839));
#5130=CARTESIAN_POINT('',(87.5518095106445,-20.8489964125811,-3.44999999999996));
#5131=CARTESIAN_POINT('',(79.662143513435,-22.3578186684735,-5.72938398056695));
#5132=CARTESIAN_POINT('',(79.6621435134349,-22.3578186684735,-5.72938398056538));
#5133=CARTESIAN_POINT('',(78.9340118798021,-22.4970667956353,-5.80455337159679));
#5134=CARTESIAN_POINT('',(78.2526924782355,-22.7623071914982,-5.83735581869959));
#5135=CARTESIAN_POINT('',(77.6199604359787,-23.1547347624003,-5.84999999999997));
#5136=CARTESIAN_POINT('',(0.,0.,14.1434558664043));
#5137=CARTESIAN_POINT('',(75.1224697273794,-30.2921531433304,-5.84999999999997));
#5138=CARTESIAN_POINT('',(75.3724852113856,-30.9934680267477,-5.83735580647118));
#5139=CARTESIAN_POINT('',(75.7397877164783,-31.6256368885043,-5.80455329821937));
#5140=CARTESIAN_POINT('',(76.2222436928957,-32.1884875567198,-5.72938398056481));
#5141=CARTESIAN_POINT('',(76.2222436928957,-32.1884875567198,-5.72938398056481));
#5142=CARTESIAN_POINT('',(81.4498976666084,-38.2872585868853,-3.44999999999995));
#5143=CARTESIAN_POINT('',(79.7981279602801,-36.3602440438195,-4.70136270582665));
#5144=CARTESIAN_POINT('',(78.0524500994963,-34.3236728363744,-5.44422766895112));
#5145=CARTESIAN_POINT('',(76.2222436928957,-32.1884875567198,-5.72938398056481));
#5146=CARTESIAN_POINT('',(81.4498976666084,-38.2872585868853,-3.44999999999995));
#5147=CARTESIAN_POINT('',(1.47876100997043E-15,0.,-3.44999999999999));
#5148=CARTESIAN_POINT('',(80.717364700174,-39.808378965478,-3.44999999999995));
#5149=CARTESIAN_POINT('',(72.6897645641479,-39.5237560509663,-5.72938398056531));
#5150=CARTESIAN_POINT('',(75.5002353290439,-39.6234028154662,-5.44422760172932));
#5151=CARTESIAN_POINT('',(78.1809031155823,-39.7184473450035,-4.70136240030944));
#5152=CARTESIAN_POINT('',(80.717364700174,-39.808378965478,-3.44999999999996));
#5153=CARTESIAN_POINT('',(72.6897645641484,-39.5237560509663,-5.7293839805668));
#5154=CARTESIAN_POINT('',(72.6897645641483,-39.5237560509663,-5.72938398056528));
#5155=CARTESIAN_POINT('',(71.9489030451655,-39.4974884041961,-5.80455337588898));
#5156=CARTESIAN_POINT('',(71.225644205323,-39.6044708551801,-5.83735581941489));
#5157=CARTESIAN_POINT('',(70.5214527666446,-39.8462633088966,-5.84999999999997));
#5158=CARTESIAN_POINT('',(0.,0.,14.1434558664043));
#5159=CARTESIAN_POINT('',(66.4983543602538,-46.2489877443617,-5.84999999999997));
#5160=CARTESIAN_POINT('',(66.5860441381373,-46.9883524307504,-5.83735581412728));
#5161=CARTESIAN_POINT('',(66.803466639205,-47.6864040424697,-5.80455334416025));
#5162=CARTESIAN_POINT('',(67.1485805915634,-48.3424998247483,-5.72938398056536));
#5163=CARTESIAN_POINT('',(67.1485805915634,-48.3424998247483,-5.72938398056536));
#5164=CARTESIAN_POINT('',(70.8880621401433,-55.4516243767049,-3.44999999999995));
#5165=CARTESIAN_POINT('',(69.7065069954494,-53.205371098139,-4.70136252511595));
#5166=CARTESIAN_POINT('',(68.457776662365,-50.8314111375464,-5.44422762919041));
#5167=CARTESIAN_POINT('',(67.1485805915634,-48.3424998247483,-5.72938398056537));
#5168=CARTESIAN_POINT('',(70.8880621401433,-55.4516243767049,-3.44999999999995));
#5169=CARTESIAN_POINT('',(1.47876100997043E-15,0.,-3.44999999999999));
#5170=CARTESIAN_POINT('',(69.8354141772732,-56.7716031717329,-3.44999999999995));
#5171=CARTESIAN_POINT('',(62.0724172935841,-54.7078072682318,-5.72938398056581));
#5172=CARTESIAN_POINT('',(64.7902501285007,-55.430344241406,-5.44422760897508));
#5173=CARTESIAN_POINT('',(67.3825585839147,-56.1195105068384,-4.70136243323712));
#5174=CARTESIAN_POINT('',(69.8354141772732,-56.7716031717329,-3.44999999999995));
#5175=CARTESIAN_POINT('',(62.0724172935845,-54.7078072682319,-5.72938398056739));
#5176=CARTESIAN_POINT('',(62.0724172935844,-54.7078072682319,-5.72938398056577));
#5177=CARTESIAN_POINT('',(61.3559759007451,-54.5173410302844,-5.80455336751802));
#5178=CARTESIAN_POINT('',(60.6270448370391,-54.4607009453985,-5.83735581801987));
#5179=CARTESIAN_POINT('',(59.8867049836458,-54.5397338295832,-5.84999999999998));
#5180=CARTESIAN_POINT('',(0.,0.,14.1434558664043));
#5181=CARTESIAN_POINT('',(54.5397338325627,-59.8867049809325,-5.84999999999997));
#5182=CARTESIAN_POINT('',(54.4607009484147,-60.6270448343312,-5.83735581801984));
#5183=CARTESIAN_POINT('',(54.5173410333371,-61.3559758980357,-5.80455336751789));
#5184=CARTESIAN_POINT('',(54.7078072713212,-62.0724172908668,-5.72938398056534));
#5185=CARTESIAN_POINT('',(54.7078072713212,-62.0724172908668,-5.72938398056533));
#5186=CARTESIAN_POINT('',(56.7716031752079,-69.8354141744482,-3.44999999999996));
#5187=CARTESIAN_POINT('',(56.1195105101915,-67.3825585811237,-4.7013624332364));
#5188=CARTESIAN_POINT('',(55.4303442446305,-64.7902501257457,-5.44422760897423));
#5189=CARTESIAN_POINT('',(54.7078072713212,-62.0724172908668,-5.72938398056534));
#5190=CARTESIAN_POINT('',(56.7716031752079,-69.8354141744482,-3.44999999999995));
#5191=CARTESIAN_POINT('',(1.47876100997043E-15,0.,-3.44999999999999));
#5192=CARTESIAN_POINT('',(55.4516243802326,-70.8880621373838,-3.44999999999995));
#5193=CARTESIAN_POINT('',(48.3424998280896,-67.1485805891598,-5.72938398056521));
#5194=CARTESIAN_POINT('',(50.8314111409529,-68.4577766598367,-5.44422762919013));
#5195=CARTESIAN_POINT('',(53.2053711016077,-69.7065069928023,-4.70136252511574));
#5196=CARTESIAN_POINT('',(55.4516243802326,-70.8880621373838,-3.44999999999996));
#5197=CARTESIAN_POINT('',(48.3424998280896,-67.1485805891598,-5.72938398056521));
#5198=CARTESIAN_POINT('',(48.3424998280896,-67.1485805891598,-5.72938398056521));
#5199=CARTESIAN_POINT('',(47.6864040457935,-66.8034666368335,-5.80455334416021));
#5200=CARTESIAN_POINT('',(46.9883524340629,-66.5860441358002,-5.83735581412727));
#5201=CARTESIAN_POINT('',(46.2489877476695,-66.4983543579533,-5.84999999999998));
#5202=CARTESIAN_POINT('',(0.,0.,14.1434558664043));
#5203=CARTESIAN_POINT('',(39.846263312403,-70.5214527646635,-5.84999999999998));
#5204=CARTESIAN_POINT('',(39.6044708587215,-71.2256442033545,-5.83735581941489));
#5205=CARTESIAN_POINT('',(39.4974884077735,-71.9489030432029,-5.80455337588892));
#5206=CARTESIAN_POINT('',(39.5237560545809,-72.6897645621852,-5.72938398056506));
#5207=CARTESIAN_POINT('',(39.5237560545809,-72.6897645621853,-5.72938398056506));
#5208=CARTESIAN_POINT('',(39.8083789694969,-80.7173646981919,-3.44999999999997));
#5209=CARTESIAN_POINT('',(39.7184473488948,-78.1809031136064,-4.70136240030898));
#5210=CARTESIAN_POINT('',(39.6234028192225,-75.5002353270745,-5.44422760172884));
#5211=CARTESIAN_POINT('',(39.5237560545809,-72.6897645621853,-5.72938398056506));
#5212=CARTESIAN_POINT('',(39.8083789694969,-80.7173646981919,-3.44999999999995));
#5213=CARTESIAN_POINT('',(1.47876100997043E-15,0.,-3.44999999999999));
#5214=CARTESIAN_POINT('',(38.2872585909416,-81.4498976647016,-3.44999999999995));
#5215=CARTESIAN_POINT('',(32.1884875605094,-76.2222436912945,-5.72938398056493));
#5216=CARTESIAN_POINT('',(34.3236728402573,-78.052450097788,-5.44422766895133));
#5217=CARTESIAN_POINT('',(36.3602440477916,-79.7981279584698,-4.70136270582689));
#5218=CARTESIAN_POINT('',(38.2872585909416,-81.4498976647016,-3.44999999999997));
#5219=CARTESIAN_POINT('',(32.1884875605094,-76.2222436912945,-5.72938398056493));
#5220=CARTESIAN_POINT('',(32.1884875605094,-76.2222436912945,-5.72938398056493));
#5221=CARTESIAN_POINT('',(31.6256368922696,-75.7397877149054,-5.80455329821943));
#5222=CARTESIAN_POINT('',(30.9934680304945,-75.3724852098445,-5.8373558064712));
#5223=CARTESIAN_POINT('',(30.2921531470645,-75.1224697258736,-5.84999999999999));
#5224=CARTESIAN_POINT('',(0.,0.,14.1434558664043));
#5225=CARTESIAN_POINT('',(23.1547347662647,-77.6199604348259,-5.84999999999999));
#5226=CARTESIAN_POINT('',(22.7623071953937,-78.252692477102,-5.83735581869962));
#5227=CARTESIAN_POINT('',(22.4970667995642,-78.9340118786816,-5.80455337159686));
#5228=CARTESIAN_POINT('',(22.3578186724381,-79.6621435123213,-5.72938398056551));
#5229=CARTESIAN_POINT('',(22.3578186724381,-79.6621435123213,-5.7293839805655));
#5230=CARTESIAN_POINT('',(20.8489964169363,-87.5518095096074,-3.44999999999999));
#5231=CARTESIAN_POINT('',(21.3257353770065,-85.0589306107627,-4.70136241719854));
#5232=CARTESIAN_POINT('',(21.8295785120667,-82.4243233625232,-5.44422760544568));
#5233=CARTESIAN_POINT('',(22.3578186724381,-79.6621435123213,-5.72938398056551));
#5234=CARTESIAN_POINT('',(20.8489964169363,-87.5518095096074,-3.44999999999995));
#5235=CARTESIAN_POINT('',(1.47876100997043E-15,0.,-3.44999999999999));
#5236=CARTESIAN_POINT('',(19.2030097851973,-87.9274952173074,-3.44999999999995));
#5237=CARTESIAN_POINT('',(14.4204102504239,-81.4738052559572,-5.72938397378079));
#5238=CARTESIAN_POINT('',(16.0948027844423,-83.7332480986175,-5.44422764117344));
#5239=CARTESIAN_POINT('',(17.6918629830004,-85.8883378769203,-4.70136262451195));
#5240=CARTESIAN_POINT('',(19.2030097851973,-87.9274952173074,-3.44999999999999));
#5241=CARTESIAN_POINT('',(14.4204102504239,-81.4738052559572,-5.7293839737808));
#5242=CARTESIAN_POINT('',(14.4204102504239,-81.4738052559572,-5.72938397378079));
#5243=CARTESIAN_POINT('',(13.9790284927227,-80.8782000838981,-5.80455320724827));
#5244=CARTESIAN_POINT('',(13.444442120911,-80.3794355604437,-5.83735579125153));
#5245=CARTESIAN_POINT('',(12.8163435883402,-79.9796307632488,-5.85));
#5246=CARTESIAN_POINT('',(0.,0.,14.1434558664043));
#5247=CARTESIAN_POINT('',(5.30213122382744,-80.8262791701147,-5.85));
#5248=CARTESIAN_POINT('',(4.77874639838335,-81.3558240600417,-5.83735581607375));
#5249=CARTESIAN_POINT('',(4.36854836630279,-81.9610398382933,-5.80455335548481));
#5250=CARTESIAN_POINT('',(4.0707670234825,-82.6399298807792,-5.72938398734945));
#5251=CARTESIAN_POINT('',(4.0707670234825,-82.6399298807792,-5.72938398734945));
#5252=CARTESIAN_POINT('',(0.844158129239658,-89.9960410076623,-3.44999999999997));
#5253=CARTESIAN_POINT('',(1.86366208423181,-87.6717480322725,-4.70136249987779));
#5254=CARTESIAN_POINT('',(2.94112812851269,-85.2153115018596,-5.44422763352349));
#5255=CARTESIAN_POINT('',(4.0707670234825,-82.6399298807792,-5.72938398734946));
#5256=CARTESIAN_POINT('',(0.844158129239669,-89.9960410076623,-3.44999999999995));
#5257=CARTESIAN_POINT('',(1.47876100997043E-15,0.,-3.44999999999999));
#5258=CARTESIAN_POINT('',(-0.844158121729183,-89.9960410077328,-3.44999999999995));
#5259=CARTESIAN_POINT('',(-4.07076689982497,-82.6399299468163,-5.72938398056544));
#5260=CARTESIAN_POINT('',(-2.94112804513409,-85.2153115456777,-5.44422762113194));
#5261=CARTESIAN_POINT('',(-1.8636620397359,-87.6717480538399,-4.70136248849088));
#5262=CARTESIAN_POINT('',(-0.844158121729171,-89.9960410077328,-3.44999999999998));
#5263=CARTESIAN_POINT('',(-4.07076689982497,-82.6399299468163,-5.72938398056544));
#5264=CARTESIAN_POINT('',(-4.07076689982497,-82.6399299468163,-5.72938398056544));
#5265=CARTESIAN_POINT('',(-4.36854824508632,-81.9610398804158,-5.80455335347543));
#5266=CARTESIAN_POINT('',(-4.77874628679291,-81.3558240821417,-5.83735581567969));
#5267=CARTESIAN_POINT('',(-5.30213112916856,-80.8262791763243,-5.85));
#5268=CARTESIAN_POINT('',(0.,0.,14.1434558664043));
#5269=CARTESIAN_POINT('',(-12.8163434946731,-79.9796307782585,-5.85000000000001));
#5270=CARTESIAN_POINT('',(-13.444442007201,-80.379435563729,-5.83735579164561));
#5271=CARTESIAN_POINT('',(-13.9790283651727,-80.878200069805,-5.80455320925768));
#5272=CARTESIAN_POINT('',(-14.4204101151726,-81.4738052190925,-5.72938398056477));
#5273=CARTESIAN_POINT('',(-14.4204101151726,-81.4738052190925,-5.72938398056477));
#5274=CARTESIAN_POINT('',(-19.2030097778615,-87.9274952189095,-3.44999999999999));
#5275=CARTESIAN_POINT('',(-17.6918629348224,-85.8883378657947,-4.70136263589883));
#5276=CARTESIAN_POINT('',(-16.0948026934048,-83.7332480744515,-5.44422765356493));
#5277=CARTESIAN_POINT('',(-14.4204101151726,-81.4738052190925,-5.72938398056477));
#5278=CARTESIAN_POINT('',(-19.2030097778615,-87.9274952189095,-3.44999999999995));
#5279=CARTESIAN_POINT('',(1.47876100997043E-15,0.,-3.44999999999999));
#5280=CARTESIAN_POINT('',(-20.8489964125851,-87.5518095106435,-3.44999999999995));
#5281=CARTESIAN_POINT('',(-22.357818668472,-79.6621435134394,-5.72938398056499));
#5282=CARTESIAN_POINT('',(-21.8295785079658,-82.4243233636127,-5.44422760544471));
#5283=CARTESIAN_POINT('',(-21.325735372777,-85.0589306118248,-4.70136241719765));
#5284=CARTESIAN_POINT('',(-20.8489964125851,-87.5518095106435,-3.44999999999999));
#5285=CARTESIAN_POINT('',(-22.3578186684719,-79.6621435134398,-5.72938398056652));
#5286=CARTESIAN_POINT('',(-22.3578186684719,-79.6621435134397,-5.72938398056496));
#5287=CARTESIAN_POINT('',(-22.4970667956335,-78.9340118798053,-5.80455337159669));
#5288=CARTESIAN_POINT('',(-22.7623071914966,-78.2526924782371,-5.83735581869961));
#5289=CARTESIAN_POINT('',(-23.1547347623995,-77.619960435979,-5.85000000000001));
#5290=CARTESIAN_POINT('',(0.,0.,14.1434558664043));
#5291=CARTESIAN_POINT('',(-30.2921531433301,-75.1224697273795,-5.85000000000002));
#5292=CARTESIAN_POINT('',(-30.9934680267484,-75.3724852113861,-5.8373558064712));
#5293=CARTESIAN_POINT('',(-31.6256368885056,-75.7397877164795,-5.80455329821932));
#5294=CARTESIAN_POINT('',(-32.1884875567216,-76.2222436928978,-5.72938398056456));
#5295=CARTESIAN_POINT('',(-32.1884875567216,-76.2222436928978,-5.72938398056456));
#5296=CARTESIAN_POINT('',(-38.2872585868882,-81.449897666607,-3.44999999999999));
#5297=CARTESIAN_POINT('',(-36.3602440438221,-79.7981279602799,-4.70136270582629));
#5298=CARTESIAN_POINT('',(-34.3236728363765,-78.0524500994972,-5.44422766895064));
#5299=CARTESIAN_POINT('',(-32.1884875567216,-76.2222436928978,-5.72938398056456));
#5300=CARTESIAN_POINT('',(-38.2872585868882,-81.449897666607,-3.44999999999995));
#5301=CARTESIAN_POINT('',(1.47876100997043E-15,0.,-3.44999999999999));
#5302=CARTESIAN_POINT('',(-39.8083789654813,-80.7173647001723,-3.44999999999995));
#5303=CARTESIAN_POINT('',(-39.5237560509708,-72.6897645641477,-5.72938398056515));
#5304=CARTESIAN_POINT('',(-39.6234028154703,-75.5002353290431,-5.44422760172899));
#5305=CARTESIAN_POINT('',(-39.7184473450072,-78.1809031155811,-4.70136240030918));
#5306=CARTESIAN_POINT('',(-39.8083789654813,-80.7173647001723,-3.45));
#5307=CARTESIAN_POINT('',(-39.5237560509708,-72.6897645641481,-5.72938398056663));
#5308=CARTESIAN_POINT('',(-39.5237560509708,-72.689764564148,-5.72938398056512));
#5309=CARTESIAN_POINT('',(-39.4974884042011,-71.9489030451635,-5.80455337588901));
#5310=CARTESIAN_POINT('',(-39.6044708551862,-71.2256442053198,-5.83735581941493));
#5311=CARTESIAN_POINT('',(-39.8462633089042,-70.5214527666404,-5.85000000000002));
#5312=CARTESIAN_POINT('',(0.,0.,14.1434558664043));
#5313=CARTESIAN_POINT('',(-46.2489877443572,-66.498354360257,-5.85000000000002));
#5314=CARTESIAN_POINT('',(-46.988352430747,-66.5860441381395,-5.83735581412733));
#5315=CARTESIAN_POINT('',(-47.6864040424676,-66.8034666392066,-5.80455334416031));
#5316=CARTESIAN_POINT('',(-48.3424998247475,-67.1485805915648,-5.72938398056535));
#5317=CARTESIAN_POINT('',(-48.3424998247475,-67.1485805915648,-5.72938398056535));
#5318=CARTESIAN_POINT('',(-55.4516243767021,-70.8880621401456,-3.45000000000001));
#5319=CARTESIAN_POINT('',(-53.2053710981367,-69.7065069954513,-4.70136252511589));
#5320=CARTESIAN_POINT('',(-50.8314111375449,-68.4577766623666,-5.44422762919034));
#5321=CARTESIAN_POINT('',(-48.3424998247475,-67.1485805915648,-5.72938398056535));
#5322=CARTESIAN_POINT('',(-55.4516243767021,-70.8880621401456,-3.44999999999995));
#5323=CARTESIAN_POINT('',(1.47876100997043E-15,0.,-3.44999999999999));
#5324=CARTESIAN_POINT('',(-56.7716031717331,-69.835414177273,-3.44999999999995));
#5325=CARTESIAN_POINT('',(-54.7078072682354,-62.0724172935895,-5.72938398056513));
#5326=CARTESIAN_POINT('',(-55.4303442414084,-64.7902501285041,-5.44422760897383));
#5327=CARTESIAN_POINT('',(-56.1195105068396,-67.3825585839162,-4.70136243323609));
#5328=CARTESIAN_POINT('',(-56.7716031717331,-69.835414177273,-3.44999999999999));
#5329=CARTESIAN_POINT('',(-54.7078072682355,-62.0724172935899,-5.72938398056671));
#5330=CARTESIAN_POINT('',(-54.7078072682355,-62.0724172935899,-5.72938398056509));
#5331=CARTESIAN_POINT('',(-54.5173410302867,-61.355975900748,-5.80455336751786));
#5332=CARTESIAN_POINT('',(-54.4607009454006,-60.6270448370393,-5.83735581801988));
#5333=CARTESIAN_POINT('',(-54.539733829586,-59.8867049836432,-5.85000000000002));
#5334=CARTESIAN_POINT('',(0.,0.,14.1434558664043));
#5335=CARTESIAN_POINT('',(-59.8867049809312,-54.5397338325639,-5.85000000000003));
#5336=CARTESIAN_POINT('',(-60.6270448343328,-54.4607009484151,-5.83735581801986));
#5337=CARTESIAN_POINT('',(-61.3559758980401,-54.5173410333379,-5.80455336751773));
#5338=CARTESIAN_POINT('',(-62.0724172908738,-54.7078072713232,-5.72938398056464));
#5339=CARTESIAN_POINT('',(-62.0724172908738,-54.7078072713232,-5.72938398056464));
#5340=CARTESIAN_POINT('',(-69.8354141744469,-56.7716031752096,-3.45));
#5341=CARTESIAN_POINT('',(-67.382558581125,-56.1195105101933,-4.70136243323531));
#5342=CARTESIAN_POINT('',(-64.7902501257497,-55.4303442446323,-5.44422760897295));
#5343=CARTESIAN_POINT('',(-62.0724172908738,-54.7078072713232,-5.72938398056465));
#5344=CARTESIAN_POINT('',(-69.8354141744469,-56.7716031752096,-3.44999999999995));
#5345=CARTESIAN_POINT('',(1.47876100997043E-15,0.,-3.44999999999999));
#5346=CARTESIAN_POINT('',(-70.888062137386,-55.4516243802298,-3.44999999999995));
#5347=CARTESIAN_POINT('',(-67.1485805891637,-48.3424998280884,-5.72938398056498));
#5348=CARTESIAN_POINT('',(-68.45777665984,-50.8314111409511,-5.44422762918968));
#5349=CARTESIAN_POINT('',(-69.706506992805,-53.2053711016054,-4.70136252511539));
#5350=CARTESIAN_POINT('',(-70.888062137386,-55.4516243802298,-3.45000000000001));
#5351=CARTESIAN_POINT('',(-67.1485805891636,-48.3424998280884,-5.72938398056498));
#5352=CARTESIAN_POINT('',(-67.1485805891636,-48.3424998280884,-5.72938398056498));
#5353=CARTESIAN_POINT('',(-66.8034666368371,-47.68640404579,-5.80455334416023));
#5354=CARTESIAN_POINT('',(-66.5860441358044,-46.9883524340572,-5.83735581412732));
#5355=CARTESIAN_POINT('',(-66.4983543579589,-46.2489877476614,-5.85000000000003));
#5356=CARTESIAN_POINT('',(0.,0.,14.1434558664043));
#5357=CARTESIAN_POINT('',(-70.5214527646581,-39.8462633124126,-5.85000000000003));
#5358=CARTESIAN_POINT('',(-71.2256442033513,-39.6044708587286,-5.83735581941492));
#5359=CARTESIAN_POINT('',(-71.9489030432023,-39.4974884077792,-5.80455337588888));
#5360=CARTESIAN_POINT('',(-72.6897645621874,-39.5237560545861,-5.72938398056462));
#5361=CARTESIAN_POINT('',(-72.6897645621874,-39.5237560545861,-5.72938398056462));
#5362=CARTESIAN_POINT('',(-80.7173646981913,-39.8083789694982,-3.45000000000001));
#5363=CARTESIAN_POINT('',(-78.1809031136066,-39.7184473488973,-4.70136240030833));
#5364=CARTESIAN_POINT('',(-75.5002353270755,-39.6234028192262,-5.44422760172803));
#5365=CARTESIAN_POINT('',(-72.6897645621874,-39.5237560545861,-5.72938398056462));
#5366=CARTESIAN_POINT('',(-80.7173646981913,-39.8083789694982,-3.44999999999995));
#5367=CARTESIAN_POINT('',(1.47876100997043E-15,0.,-3.44999999999999));
#5368=CARTESIAN_POINT('',(-81.4498976647008,-38.2872585909433,-3.44999999999995));
#5369=CARTESIAN_POINT('',(-76.2222436912958,-32.1884875605134,-5.72938398056465));
#5370=CARTESIAN_POINT('',(-78.0524500977887,-34.3236728402604,-5.4442276689508));
#5371=CARTESIAN_POINT('',(-79.7981279584698,-36.3602440477939,-4.70136270582645));
#5372=CARTESIAN_POINT('',(-81.4498976647009,-38.2872585909433,-3.45000000000001));
#5373=CARTESIAN_POINT('',(-76.2222436912958,-32.1884875605134,-5.72938398056465));
#5374=CARTESIAN_POINT('',(-76.2222436912958,-32.1884875605134,-5.72938398056465));
#5375=CARTESIAN_POINT('',(-75.7397877149058,-31.6256368922728,-5.80455329821938));
#5376=CARTESIAN_POINT('',(-75.3724852098443,-30.9934680304968,-5.83735580647123));
#5377=CARTESIAN_POINT('',(-75.1224697258732,-30.2921531470656,-5.85000000000003));
#5378=CARTESIAN_POINT('',(0.,0.,14.1434558664043));
#5379=CARTESIAN_POINT('',(-77.6199604348251,-23.1547347662675,-5.85000000000004));
#5380=CARTESIAN_POINT('',(-78.252692477105,-22.762307195394,-5.8373558186996));
#5381=CARTESIAN_POINT('',(-78.9340118786888,-22.4970667995637,-5.80455337159653));
#5382=CARTESIAN_POINT('',(-79.6621435123331,-22.3578186724382,-5.72938398056426));
#5383=CARTESIAN_POINT('',(-79.6621435123331,-22.3578186724382,-5.72938398056426));
#5384=CARTESIAN_POINT('',(-87.5518095096054,-20.8489964169448,-3.45000000000002));
#5385=CARTESIAN_POINT('',(-85.0589306107651,-21.3257353770124,-4.70136241719656));
#5386=CARTESIAN_POINT('',(-82.4243233625302,-21.8295785120697,-5.4442276054434));
#5387=CARTESIAN_POINT('',(-79.6621435123331,-22.3578186724382,-5.72938398056426));
#5388=CARTESIAN_POINT('',(-87.5518095096053,-20.8489964169448,-3.44999999999995));
#5389=CARTESIAN_POINT('',(1.47876100997043E-15,0.,-3.44999999999999));
#5390=CARTESIAN_POINT('',(-87.9274952174976,-19.2030097843263,-3.44999999999995));
#5391=CARTESIAN_POINT('',(-81.473805244957,-14.4204102120011,-5.7293839757669));
#5392=CARTESIAN_POINT('',(-83.73324809131,-16.0948027589996,-5.44422764480123));
#5393=CARTESIAN_POINT('',(-85.8883378734068,-17.6918629701397,-4.70136262784572));
#5394=CARTESIAN_POINT('',(-87.9274952174976,-19.2030097843263,-3.45000000000002));
#5395=CARTESIAN_POINT('',(-81.473805244957,-14.4204102120011,-5.72938397576691));
#5396=CARTESIAN_POINT('',(-81.473805244957,-14.4204102120011,-5.7293839757669));
#5397=CARTESIAN_POINT('',(-80.8782000795708,-13.9790284565449,-5.80455320783661));
#5398=CARTESIAN_POINT('',(-80.379435561212,-13.4444420887766,-5.83735579136695));
#5399=CARTESIAN_POINT('',(-79.9796307674591,-12.8163435620665,-5.85000000000004));
#5400=CARTESIAN_POINT('',(-2.50746432125421E-15,0.,5.85));
#5401=CARTESIAN_POINT('',(-1.47876100997043E-15,0.,3.45000000000001));
#5402=CARTESIAN_POINT('',(-89.9960410077328,0.844158121731947,3.44999999999997));
#5403=CARTESIAN_POINT('',(-89.9960410076706,-0.844158128353748,3.44999999999995));
#5404=CARTESIAN_POINT('',(-89.9960410077328,0.844158121731948,5.84999999999997));
#5405=CARTESIAN_POINT('',(-89.9960410077328,0.844158121731948,-3.44999999999995));
#5406=CARTESIAN_POINT('',(1.47876100997043E-15,0.,-3.44999999999999));
#5407=CARTESIAN_POINT('',(-89.9960410076707,-0.844158128353763,-3.44999999999995));
#5408=CARTESIAN_POINT('',(-89.9960410076707,-0.844158128353763,5.84999999999997));
#5409=CARTESIAN_POINT('',(-2.50746432125421E-15,0.,5.85));
#5410=CARTESIAN_POINT('',(-87.9274952189102,19.2030097778585,5.84999999999997));
#5411=CARTESIAN_POINT('',(-87.9274952189102,19.2030097778585,3.44999999999996));
#5412=CARTESIAN_POINT('',(-1.47876100997043E-15,0.,3.45000000000001));
#5413=CARTESIAN_POINT('',(-87.551809510644,20.8489964125832,3.44999999999997));
#5414=CARTESIAN_POINT('',(-87.551809510644,20.8489964125832,5.84999999999997));
#5415=CARTESIAN_POINT('',(-2.50746432125421E-15,0.,5.85));
#5416=CARTESIAN_POINT('',(-81.4498976666079,38.2872585868863,5.84999999999998));
#5417=CARTESIAN_POINT('',(-81.4498976666079,38.2872585868863,3.44999999999996));
#5418=CARTESIAN_POINT('',(-1.47876100997043E-15,0.,3.45000000000001));
#5419=CARTESIAN_POINT('',(-80.7173647001731,39.8083789654798,3.44999999999996));
#5420=CARTESIAN_POINT('',(-80.7173647001731,39.8083789654798,5.84999999999997));
#5421=CARTESIAN_POINT('',(-2.50746432125421E-15,0.,5.85));
#5422=CARTESIAN_POINT('',(-70.8880621401493,55.4516243766973,5.84999999999998));
#5423=CARTESIAN_POINT('',(-70.8880621401493,55.4516243766973,3.44999999999998));
#5424=CARTESIAN_POINT('',(-1.47876100997043E-15,0.,3.45000000000001));
#5425=CARTESIAN_POINT('',(-69.8354141772751,56.7716031717305,3.44999999999998));
#5426=CARTESIAN_POINT('',(-69.8354141772751,56.7716031717305,5.84999999999997));
#5427=CARTESIAN_POINT('',(-2.50746432125421E-15,0.,5.85));
#5428=CARTESIAN_POINT('',(-56.7716031752078,69.8354141744483,5.84999999999999));
#5429=CARTESIAN_POINT('',(-56.7716031752078,69.8354141744483,3.44999999999998));
#5430=CARTESIAN_POINT('',(-1.47876100997043E-15,0.,3.45000000000001));
#5431=CARTESIAN_POINT('',(-55.4516243802313,70.8880621373848,3.44999999999998));
#5432=CARTESIAN_POINT('',(-55.4516243802313,70.8880621373848,5.84999999999997));
#5433=CARTESIAN_POINT('',(-2.50746432125421E-15,0.,5.85));
#5434=CARTESIAN_POINT('',(-39.8083789694976,80.7173646981916,5.85));
#5435=CARTESIAN_POINT('',(-39.8083789694976,80.7173646981916,3.44999999999999));
#5436=CARTESIAN_POINT('',(-1.47876100997043E-15,0.,3.45000000000001));
#5437=CARTESIAN_POINT('',(-38.2872585909478,81.4498976646987,3.44999999999999));
#5438=CARTESIAN_POINT('',(-38.2872585909478,81.4498976646987,5.84999999999997));
#5439=CARTESIAN_POINT('',(-2.50746432125421E-15,0.,5.85));
#5440=CARTESIAN_POINT('',(-20.8489964169467,87.5518095096049,5.85000000000001));
#5441=CARTESIAN_POINT('',(-20.8489964169467,87.5518095096049,3.45000000000001));
#5442=CARTESIAN_POINT('',(-1.47876100997043E-15,0.,3.45000000000001));
#5443=CARTESIAN_POINT('',(-19.2030097851966,87.9274952173076,3.45));
#5444=CARTESIAN_POINT('',(-19.2030097851966,87.9274952173076,5.84999999999998));
#5445=CARTESIAN_POINT('',(-2.50746432125421E-15,0.,5.85));
#5446=CARTESIAN_POINT('',(-0.844158129240491,89.9960410076623,5.85000000000001));
#5447=CARTESIAN_POINT('',(-0.844158129240487,89.9960410076623,3.45));
#5448=CARTESIAN_POINT('',(-1.47876100997043E-15,0.,3.45000000000001));
#5449=CARTESIAN_POINT('',(0.844158121729554,89.9960410077328,3.45));
#5450=CARTESIAN_POINT('',(0.844158121729562,89.9960410077328,5.84999999999999));
#5451=CARTESIAN_POINT('',(-2.50746432125421E-15,0.,5.85));
#5452=CARTESIAN_POINT('',(19.20300977786,87.9274952189098,5.85000000000002));
#5453=CARTESIAN_POINT('',(19.20300977786,87.9274952189098,3.45000000000002));
#5454=CARTESIAN_POINT('',(-1.47876100997043E-15,0.,3.45000000000001));
#5455=CARTESIAN_POINT('',(20.8489964125851,87.5518095106436,3.45000000000001));
#5456=CARTESIAN_POINT('',(20.8489964125851,87.5518095106435,5.84999999999999));
#5457=CARTESIAN_POINT('',(-2.50746432125421E-15,0.,5.85));
#5458=CARTESIAN_POINT('',(38.2872585868865,81.4498976666078,5.85000000000003));
#5459=CARTESIAN_POINT('',(38.2872585868865,81.4498976666078,3.45000000000002));
#5460=CARTESIAN_POINT('',(-1.47876100997043E-15,0.,3.45000000000001));
#5461=CARTESIAN_POINT('',(39.8083789654811,80.7173647001724,3.45000000000002));
#5462=CARTESIAN_POINT('',(39.8083789654811,80.7173647001724,5.85));
#5463=CARTESIAN_POINT('',(-2.50746432125421E-15,0.,5.85));
#5464=CARTESIAN_POINT('',(55.4516243767012,70.8880621401462,5.85000000000003));
#5465=CARTESIAN_POINT('',(55.4516243767012,70.8880621401462,3.45000000000004));
#5466=CARTESIAN_POINT('',(-1.47876100997043E-15,0.,3.45000000000001));
#5467=CARTESIAN_POINT('',(56.7716031717323,69.8354141772736,3.45000000000003));
#5468=CARTESIAN_POINT('',(56.7716031717323,69.8354141772736,5.85000000000001));
#5469=CARTESIAN_POINT('',(-2.50746432125421E-15,0.,5.85));
#5470=CARTESIAN_POINT('',(69.8354141744455,56.7716031752112,5.85000000000003));
#5471=CARTESIAN_POINT('',(69.8354141744455,56.7716031752112,3.45000000000003));
#5472=CARTESIAN_POINT('',(-1.47876100997043E-15,0.,3.45000000000001));
#5473=CARTESIAN_POINT('',(70.8880621373851,55.451624380231,3.45000000000004));
#5474=CARTESIAN_POINT('',(70.8880621373851,55.451624380231,5.85000000000002));
#5475=CARTESIAN_POINT('',(-2.50746432125421E-15,0.,5.85));
#5476=CARTESIAN_POINT('',(80.7173646981904,39.8083789695,5.85000000000004));
#5477=CARTESIAN_POINT('',(80.7173646981904,39.8083789695,3.45000000000005));
#5478=CARTESIAN_POINT('',(-1.47876100997043E-15,0.,3.45000000000001));
#5479=CARTESIAN_POINT('',(81.4498976647001,38.2872585909448,3.45000000000004));
#5480=CARTESIAN_POINT('',(81.4498976647001,38.2872585909448,5.85000000000002));
#5481=CARTESIAN_POINT('',(-2.50746432125421E-15,0.,5.85));
#5482=CARTESIAN_POINT('',(87.5518095096059,20.8489964169426,5.85000000000004));
#5483=CARTESIAN_POINT('',(87.5518095096059,20.8489964169426,3.45000000000004));
#5484=CARTESIAN_POINT('',(-1.47876100997043E-15,0.,3.45000000000001));
#5485=CARTESIAN_POINT('',(87.9274952179525,19.2030097822437,3.45000000000005));
#5486=CARTESIAN_POINT('',(87.9274952179525,19.2030097822436,5.85000000000003));
#5487=CARTESIAN_POINT('',(-2.50746432125421E-15,0.,5.85));
#5488=CARTESIAN_POINT('',(89.9960410076907,0.844158126211976,5.85000000000003));
#5489=CARTESIAN_POINT('',(89.9960410076907,0.844158126211971,3.45000000000004));
#5490=CARTESIAN_POINT('',(-1.47876100997043E-15,0.,3.45000000000001));
#5491=CARTESIAN_POINT('',(89.9960410077328,-0.844158121729749,3.45000000000005));
#5492=CARTESIAN_POINT('',(89.9960410077328,-0.844158121729749,5.85000000000003));
#5493=CARTESIAN_POINT('',(-2.50746432125421E-15,0.,5.85));
#5494=CARTESIAN_POINT('',(87.9274952189087,-19.203009777865,5.85000000000003));
#5495=CARTESIAN_POINT('',(87.9274952189088,-19.203009777865,3.45000000000004));
#5496=CARTESIAN_POINT('',(-1.47876100997043E-15,0.,3.45000000000001));
#5497=CARTESIAN_POINT('',(87.5518095106445,-20.8489964125811,3.45000000000004));
#5498=CARTESIAN_POINT('',(87.5518095106445,-20.8489964125811,5.85000000000004));
#5499=CARTESIAN_POINT('',(-2.50746432125421E-15,0.,5.85));
#5500=CARTESIAN_POINT('',(81.4498976666084,-38.2872585868853,5.85000000000002));
#5501=CARTESIAN_POINT('',(81.4498976666084,-38.2872585868853,3.45000000000004));
#5502=CARTESIAN_POINT('',(-1.47876100997043E-15,0.,3.45000000000001));
#5503=CARTESIAN_POINT('',(80.717364700174,-39.808378965478,3.45000000000004));
#5504=CARTESIAN_POINT('',(80.717364700174,-39.808378965478,5.85000000000004));
#5505=CARTESIAN_POINT('',(-2.50746432125421E-15,0.,5.85));
#5506=CARTESIAN_POINT('',(70.8880621401433,-55.4516243767049,5.85000000000002));
#5507=CARTESIAN_POINT('',(70.8880621401433,-55.4516243767049,3.45000000000003));
#5508=CARTESIAN_POINT('',(-1.47876100997043E-15,0.,3.45000000000001));
#5509=CARTESIAN_POINT('',(69.8354141772731,-56.7716031717329,3.45000000000004));
#5510=CARTESIAN_POINT('',(69.8354141772732,-56.7716031717329,5.85000000000003));
#5511=CARTESIAN_POINT('',(-2.50746432125421E-15,0.,5.85));
#5512=CARTESIAN_POINT('',(56.7716031752079,-69.8354141744482,5.85000000000001));
#5513=CARTESIAN_POINT('',(56.7716031752079,-69.8354141744482,3.45000000000004));
#5514=CARTESIAN_POINT('',(-1.47876100997043E-15,0.,3.45000000000001));
#5515=CARTESIAN_POINT('',(55.4516243802326,-70.8880621373838,3.45000000000004));
#5516=CARTESIAN_POINT('',(55.4516243802326,-70.8880621373838,5.85000000000003));
#5517=CARTESIAN_POINT('',(-2.50746432125421E-15,0.,5.85));
#5518=CARTESIAN_POINT('',(39.8083789694969,-80.7173646981919,5.85));
#5519=CARTESIAN_POINT('',(39.8083789694969,-80.7173646981919,3.45000000000002));
#5520=CARTESIAN_POINT('',(-1.47876100997043E-15,0.,3.45000000000001));
#5521=CARTESIAN_POINT('',(38.2872585909416,-81.4498976647016,3.45000000000003));
#5522=CARTESIAN_POINT('',(38.2872585909416,-81.4498976647016,5.85000000000003));
#5523=CARTESIAN_POINT('',(-2.50746432125421E-15,0.,5.85));
#5524=CARTESIAN_POINT('',(20.8489964169363,-87.5518095096074,5.84999999999999));
#5525=CARTESIAN_POINT('',(20.8489964169363,-87.5518095096074,3.45000000000001));
#5526=CARTESIAN_POINT('',(-1.47876100997043E-15,0.,3.45000000000001));
#5527=CARTESIAN_POINT('',(19.2030097851973,-87.9274952173074,3.45000000000002));
#5528=CARTESIAN_POINT('',(19.2030097851973,-87.9274952173074,5.85000000000002));
#5529=CARTESIAN_POINT('',(-2.50746432125421E-15,0.,5.85));
#5530=CARTESIAN_POINT('',(0.844158129239665,-89.9960410076623,5.84999999999999));
#5531=CARTESIAN_POINT('',(0.844158129239662,-89.9960410076623,3.45));
#5532=CARTESIAN_POINT('',(-1.47876100997043E-15,0.,3.45000000000001));
#5533=CARTESIAN_POINT('',(-0.844158121729176,-89.9960410077328,3.45));
#5534=CARTESIAN_POINT('',(-0.844158121729187,-89.9960410077328,5.85000000000001));
#5535=CARTESIAN_POINT('',(-2.50746432125421E-15,0.,5.85));
#5536=CARTESIAN_POINT('',(-19.2030097778615,-87.9274952189095,5.84999999999998));
#5537=CARTESIAN_POINT('',(-19.2030097778615,-87.9274952189095,3.44999999999999));
#5538=CARTESIAN_POINT('',(-1.47876100997043E-15,0.,3.45000000000001));
#5539=CARTESIAN_POINT('',(-20.8489964125851,-87.5518095106435,3.44999999999999));
#5540=CARTESIAN_POINT('',(-20.8489964125851,-87.5518095106435,5.85000000000001));
#5541=CARTESIAN_POINT('',(-2.50746432125421E-15,0.,5.85));
#5542=CARTESIAN_POINT('',(-38.2872585868882,-81.449897666607,5.84999999999997));
#5543=CARTESIAN_POINT('',(-38.2872585868882,-81.449897666607,3.44999999999999));
#5544=CARTESIAN_POINT('',(-1.47876100997043E-15,0.,3.45000000000001));
#5545=CARTESIAN_POINT('',(-39.8083789654813,-80.7173647001724,3.44999999999998));
#5546=CARTESIAN_POINT('',(-39.8083789654813,-80.7173647001723,5.85));
#5547=CARTESIAN_POINT('',(-2.50746432125421E-15,0.,5.85));
#5548=CARTESIAN_POINT('',(-55.4516243767021,-70.8880621401456,5.84999999999997));
#5549=CARTESIAN_POINT('',(-55.4516243767021,-70.8880621401456,3.44999999999998));
#5550=CARTESIAN_POINT('',(-1.47876100997043E-15,0.,3.45000000000001));
#5551=CARTESIAN_POINT('',(-56.7716031717331,-69.835414177273,3.44999999999998));
#5552=CARTESIAN_POINT('',(-56.7716031717331,-69.835414177273,5.84999999999999));
#5553=CARTESIAN_POINT('',(-2.50746432125421E-15,0.,5.85));
#5554=CARTESIAN_POINT('',(-69.8354141744469,-56.7716031752096,5.84999999999997));
#5555=CARTESIAN_POINT('',(-69.8354141744469,-56.7716031752096,3.44999999999997));
#5556=CARTESIAN_POINT('',(-1.47876100997043E-15,0.,3.45000000000001));
#5557=CARTESIAN_POINT('',(-70.888062137386,-55.4516243802298,3.44999999999999));
#5558=CARTESIAN_POINT('',(-70.888062137386,-55.4516243802298,5.84999999999998));
#5559=CARTESIAN_POINT('',(-2.50746432125421E-15,0.,5.85));
#5560=CARTESIAN_POINT('',(-80.7173646981913,-39.8083789694982,5.84999999999997));
#5561=CARTESIAN_POINT('',(-80.7173646981913,-39.8083789694982,3.44999999999996));
#5562=CARTESIAN_POINT('',(-1.47876100997043E-15,0.,3.45000000000001));
#5563=CARTESIAN_POINT('',(-81.4498976647008,-38.2872585909433,3.44999999999998));
#5564=CARTESIAN_POINT('',(-81.4498976647008,-38.2872585909433,5.84999999999998));
#5565=CARTESIAN_POINT('',(1.38777878078145E-14,0.,-14.1434558664045));
#5566=CARTESIAN_POINT('',(-81.4738052190976,14.4204101151762,5.72938398056409));
#5567=CARTESIAN_POINT('',(-83.733248074455,16.094802693406,5.44422765356374));
#5568=CARTESIAN_POINT('',(-85.8883378657967,17.6918629348215,4.70136263589779));
#5569=CARTESIAN_POINT('',(-87.9274952189102,19.2030097778585,3.44999999999995));
#5570=CARTESIAN_POINT('',(-81.4738052190972,14.420410115176,5.72938398056258));
#5571=CARTESIAN_POINT('',(-81.4738052190973,14.420410115176,5.72938398056413));
#5572=CARTESIAN_POINT('',(-80.8782000698077,13.9790283651751,5.80455320925746));
#5573=CARTESIAN_POINT('',(-80.3794355637303,13.444442007202,5.83735579164552));
#5574=CARTESIAN_POINT('',(-79.9796307782589,12.8163434946723,5.84999999999996));
#5575=CARTESIAN_POINT('',(-79.979630778259,12.8163434946723,5.84999999999997));
#5576=CARTESIAN_POINT('',(-2.5074643212542E-15,0.,5.85));
#5577=CARTESIAN_POINT('',(-77.6199604359779,23.1547347624041,5.84999999999997));
#5578=CARTESIAN_POINT('',(-77.6199604359779,23.154734762404,5.84999999999996));
#5579=CARTESIAN_POINT('',(-78.2526924782348,22.7623071915015,5.83735581869958));
#5580=CARTESIAN_POINT('',(-78.9340118798017,22.4970667956383,5.80455337159677));
#5581=CARTESIAN_POINT('',(-79.6621435134349,22.3578186684763,5.7293839805653));
#5582=CARTESIAN_POINT('',(-79.6621435134349,22.3578186684762,5.7293839805653));
#5583=CARTESIAN_POINT('',(-87.551809510644,20.8489964125832,3.44999999999998));
#5584=CARTESIAN_POINT('',(-85.0589306118237,21.3257353727771,4.70136241719824));
#5585=CARTESIAN_POINT('',(-82.4243233636099,21.8295785079679,5.44422760544533));
#5586=CARTESIAN_POINT('',(-79.6621435134349,22.3578186684762,5.7293839805653));
#5587=CARTESIAN_POINT('',(1.38777878078145E-14,0.,-14.1434558664045));
#5588=CARTESIAN_POINT('',(-76.2222436928955,32.1884875567205,5.7293839805648));
#5589=CARTESIAN_POINT('',(-78.052450099496,34.3236728363752,5.4442276689511));
#5590=CARTESIAN_POINT('',(-79.7981279602797,36.3602440438205,4.70136270582664));
#5591=CARTESIAN_POINT('',(-81.4498976666079,38.2872585868863,3.44999999999996));
#5592=CARTESIAN_POINT('',(-76.2222436928955,32.1884875567205,5.7293839805648));
#5593=CARTESIAN_POINT('',(-76.2222436928955,32.1884875567205,5.72938398056481));
#5594=CARTESIAN_POINT('',(-75.7397877164782,31.6256368885047,5.80455329821937));
#5595=CARTESIAN_POINT('',(-75.3724852113857,30.9934680267478,5.83735580647117));
#5596=CARTESIAN_POINT('',(-75.1224697273797,30.2921531433303,5.84999999999997));
#5597=CARTESIAN_POINT('',(-75.1224697273797,30.2921531433303,5.84999999999997));
#5598=CARTESIAN_POINT('',(-2.5074643212542E-15,0.,5.85));
#5599=CARTESIAN_POINT('',(-70.5214527666408,39.846263308904,5.84999999999997));
#5600=CARTESIAN_POINT('',(-70.5214527666408,39.8462633089041,5.84999999999996));
#5601=CARTESIAN_POINT('',(-71.2256442053199,39.6044708551853,5.83735581941489));
#5602=CARTESIAN_POINT('',(-71.9489030451637,39.4974884041993,5.80455337588902));
#5603=CARTESIAN_POINT('',(-72.6897645641484,39.5237560509682,5.72938398056517));
#5604=CARTESIAN_POINT('',(-72.6897645641484,39.5237560509682,5.72938398056517));
#5605=CARTESIAN_POINT('',(-80.7173647001731,39.8083789654798,3.44999999999997));
#5606=CARTESIAN_POINT('',(-78.1809031155818,39.7184473450054,4.70136240030923));
#5607=CARTESIAN_POINT('',(-75.5002353290438,39.6234028154681,5.44422760172907));
#5608=CARTESIAN_POINT('',(-72.6897645641484,39.5237560509682,5.72938398056517));
#5609=CARTESIAN_POINT('',(1.38777878078145E-14,0.,-14.1434558664045));
#5610=CARTESIAN_POINT('',(-67.1485805915718,48.3424998247453,5.7293839805648));
#5611=CARTESIAN_POINT('',(-68.4577766623725,50.8314111375417,5.4442276291894));
#5612=CARTESIAN_POINT('',(-69.7065069954561,53.2053710981327,4.70136252511512));
#5613=CARTESIAN_POINT('',(-70.8880621401493,55.4516243766973,3.44999999999998));
#5614=CARTESIAN_POINT('',(-67.1485805915717,48.342499824745,5.72938398056354));
#5615=CARTESIAN_POINT('',(-67.1485805915717,48.342499824745,5.72938398056483));
#5616=CARTESIAN_POINT('',(-66.8034666392124,47.6864040424632,5.80455334416015));
#5617=CARTESIAN_POINT('',(-66.5860441381452,46.9883524307406,5.83735581412725));
#5618=CARTESIAN_POINT('',(-66.4983543602632,46.2489877443488,5.84999999999997));
#5619=CARTESIAN_POINT('',(-66.4983543602632,46.2489877443488,5.84999999999997));
#5620=CARTESIAN_POINT('',(-2.5074643212542E-15,0.,5.85));
#5621=CARTESIAN_POINT('',(-59.8867049836495,54.5397338295795,5.84999999999997));
#5622=CARTESIAN_POINT('',(-59.8867049836495,54.5397338295794,5.84999999999997));
#5623=CARTESIAN_POINT('',(-60.6270448370454,54.4607009453951,5.83735581801981));
#5624=CARTESIAN_POINT('',(-61.3559759007537,54.5173410302821,5.80455336751773));
#5625=CARTESIAN_POINT('',(-62.0724172935952,54.7078072682318,5.72938398056488));
#5626=CARTESIAN_POINT('',(-62.0724172935952,54.7078072682318,5.72938398056488));
#5627=CARTESIAN_POINT('',(-69.8354141772751,56.7716031717305,3.44999999999998));
#5628=CARTESIAN_POINT('',(-67.3825585839195,56.1195105068367,4.70136243323572));
#5629=CARTESIAN_POINT('',(-64.7902501285085,55.4303442414051,5.44422760897341));
#5630=CARTESIAN_POINT('',(-62.0724172935952,54.7078072682318,5.72938398056488));
#5631=CARTESIAN_POINT('',(1.38777878078145E-14,0.,-14.1434558664045));
#5632=CARTESIAN_POINT('',(-54.7078072713218,62.07241729087,5.72938398056502));
#5633=CARTESIAN_POINT('',(-55.4303442446308,64.7902501257478,5.44422760897366));
#5634=CARTESIAN_POINT('',(-56.1195105101916,67.3825585811248,4.70136243323593));
#5635=CARTESIAN_POINT('',(-56.7716031752078,69.8354141744483,3.44999999999998));
#5636=CARTESIAN_POINT('',(-54.7078072713219,62.0724172908703,5.72938398056608));
#5637=CARTESIAN_POINT('',(-54.7078072713219,62.0724172908703,5.729383980565));
#5638=CARTESIAN_POINT('',(-54.5173410333368,61.3559758980387,5.80455336751777));
#5639=CARTESIAN_POINT('',(-54.4607009484135,60.6270448343335,5.83735581801982));
#5640=CARTESIAN_POINT('',(-54.539733832561,59.8867049809342,5.84999999999997));
#5641=CARTESIAN_POINT('',(-54.5397338325611,59.8867049809342,5.84999999999998));
#5642=CARTESIAN_POINT('',(-2.5074643212542E-15,0.,5.85));
#5643=CARTESIAN_POINT('',(-46.2489877476626,66.4983543579584,5.84999999999998));
#5644=CARTESIAN_POINT('',(-46.2489877476626,66.4983543579583,5.84999999999997));
#5645=CARTESIAN_POINT('',(-46.9883524340584,66.5860441358033,5.83735581412727));
#5646=CARTESIAN_POINT('',(-47.6864040457914,66.8034666368356,5.80455334416021));
#5647=CARTESIAN_POINT('',(-48.34249982809,67.1485805891617,5.729383980565));
#5648=CARTESIAN_POINT('',(-48.34249982809,67.1485805891617,5.729383980565));
#5649=CARTESIAN_POINT('',(-55.4516243802313,70.8880621373848,3.44999999999998));
#5650=CARTESIAN_POINT('',(-53.2053711016069,69.7065069928036,4.70136252511544));
#5651=CARTESIAN_POINT('',(-50.8314111409527,68.4577766598383,5.44422762918976));
#5652=CARTESIAN_POINT('',(-48.34249982809,67.1485805891617,5.729383980565));
#5653=CARTESIAN_POINT('',(1.38777878078145E-14,0.,-14.1434558664045));
#5654=CARTESIAN_POINT('',(-39.5237560545909,72.6897645621795,5.7293839805651));
#5655=CARTESIAN_POINT('',(-39.6234028192291,75.5002353270704,5.44422760172894));
#5656=CARTESIAN_POINT('',(-39.7184473488984,78.1809031136042,4.70136240030918));
#5657=CARTESIAN_POINT('',(-39.8083789694976,80.7173646981916,3.44999999999999));
#5658=CARTESIAN_POINT('',(-39.5237560545909,72.6897645621797,5.72938398056609));
#5659=CARTESIAN_POINT('',(-39.5237560545909,72.6897645621797,5.72938398056508));
#5660=CARTESIAN_POINT('',(-39.497488407785,71.948903043196,5.80455337588899));
#5661=CARTESIAN_POINT('',(-39.6044708587349,71.2256442033465,5.8373558194149));
#5662=CARTESIAN_POINT('',(-39.8462633124188,70.5214527646548,5.84999999999998));
#5663=CARTESIAN_POINT('',(-39.8462633124189,70.5214527646548,5.84999999999998));
#5664=CARTESIAN_POINT('',(-2.5074643212542E-15,0.,5.85));
#5665=CARTESIAN_POINT('',(-30.2921531470757,75.1224697258694,5.84999999999999));
#5666=CARTESIAN_POINT('',(-30.2921531470757,75.1224697258695,5.84999999999998));
#5667=CARTESIAN_POINT('',(-30.9934680305037,75.372485209841,5.83735580647119));
#5668=CARTESIAN_POINT('',(-31.6256368922771,75.7397877149019,5.80455329821942));
#5669=CARTESIAN_POINT('',(-32.1884875605154,76.2222436912906,5.72938398056507));
#5670=CARTESIAN_POINT('',(-32.1884875605154,76.2222436912906,5.72938398056507));
#5671=CARTESIAN_POINT('',(-38.2872585909478,81.4498976646987,3.44999999999999));
#5672=CARTESIAN_POINT('',(-36.3602440477977,79.7981279584666,4.70136270582709));
#5673=CARTESIAN_POINT('',(-34.3236728402634,78.0524500977845,5.44422766895158));
#5674=CARTESIAN_POINT('',(-32.1884875605154,76.2222436912906,5.72938398056507));
#5675=CARTESIAN_POINT('',(1.38777878078145E-14,0.,-14.1434558664045));
#5676=CARTESIAN_POINT('',(-22.3578186724368,79.6621435123298,5.72938398056463));
#5677=CARTESIAN_POINT('',(-21.8295785120695,82.424323362528,5.44422760544407));
#5678=CARTESIAN_POINT('',(-21.3257353770132,85.0589306107638,4.70136241719709));
#5679=CARTESIAN_POINT('',(-20.8489964169467,87.5518095096049,3.45000000000001));
#5680=CARTESIAN_POINT('',(-22.3578186724367,79.6621435123301,5.72938398056564));
#5681=CARTESIAN_POINT('',(-22.3578186724367,79.66214351233,5.7293839805646));
#5682=CARTESIAN_POINT('',(-22.4970667995612,78.9340118786879,5.80455337159654));
#5683=CARTESIAN_POINT('',(-22.7623071953898,78.2526924771059,5.83735581869955));
#5684=CARTESIAN_POINT('',(-23.1547347662608,77.6199604348274,5.84999999999998));
#5685=CARTESIAN_POINT('',(-23.1547347662608,77.6199604348274,5.84999999999999));
#5686=CARTESIAN_POINT('',(-2.5074643212542E-15,0.,5.85));
#5687=CARTESIAN_POINT('',(-12.8163435883484,79.9796307632478,5.84999999999999));
#5688=CARTESIAN_POINT('',(-12.8163435883482,79.9796307632479,5.84999999999999));
#5689=CARTESIAN_POINT('',(-13.4444421209219,80.3794355604443,5.83735579125146));
#5690=CARTESIAN_POINT('',(-13.9790284927356,80.8782000839009,5.80455320724799));
#5691=CARTESIAN_POINT('',(-14.4204102504381,81.4738052559631,5.72938397377986));
#5692=CARTESIAN_POINT('',(-14.4204102504381,81.4738052559631,5.72938397377985));
#5693=CARTESIAN_POINT('',(-19.2030097851966,87.9274952173076,3.44999999999999));
#5694=CARTESIAN_POINT('',(-17.6918629830044,85.8883378769224,4.70136262451041));
#5695=CARTESIAN_POINT('',(-16.0948027844513,83.7332480986215,5.44422764117173));
#5696=CARTESIAN_POINT('',(-14.4204102504381,81.4738052559631,5.72938397377985));
#5697=CARTESIAN_POINT('',(1.38777878078145E-14,0.,-14.1434558664045));
#5698=CARTESIAN_POINT('',(-4.07076702349513,82.6399298807736,5.72938398735002));
#5699=CARTESIAN_POINT('',(-2.94112812852123,85.2153115018558,5.44422763352453));
#5700=CARTESIAN_POINT('',(-1.8636620842364,87.6717480322706,4.70136249987878));
#5701=CARTESIAN_POINT('',(-0.844158129240485,89.9960410076623,3.45));
#5702=CARTESIAN_POINT('',(-4.070767023495,82.6399298807739,5.7293839873512));
#5703=CARTESIAN_POINT('',(-4.07076702349503,82.6399298807738,5.72938398735));
#5704=CARTESIAN_POINT('',(-4.36854836631532,81.9610398382899,5.80455335548498));
#5705=CARTESIAN_POINT('',(-4.77874639839529,81.3558240600399,5.83735581607376));
#5706=CARTESIAN_POINT('',(-5.30213122383814,80.8262791701144,5.84999999999999));
#5707=CARTESIAN_POINT('',(-5.30213122383801,80.8262791701143,5.85));
#5708=CARTESIAN_POINT('',(-2.5074643212542E-15,0.,5.85));
#5709=CARTESIAN_POINT('',(5.3021311291691,80.8262791763245,5.85));
#5710=CARTESIAN_POINT('',(5.30213112916915,80.8262791763245,5.85));
#5711=CARTESIAN_POINT('',(4.77874628679245,81.3558240821428,5.83735581567966));
#5712=CARTESIAN_POINT('',(4.36854824508521,81.9610398804181,5.8045533534753));
#5713=CARTESIAN_POINT('',(4.07076689982362,82.63992994682,5.72938398056503));
#5714=CARTESIAN_POINT('',(4.07076689982362,82.63992994682,5.72938398056503));
#5715=CARTESIAN_POINT('',(0.844158121729554,89.9960410077328,3.45));
#5716=CARTESIAN_POINT('',(1.86366203973575,87.6717480538411,4.70136248849026));
#5717=CARTESIAN_POINT('',(2.94112804513335,85.2153115456801,5.4442276211312));
#5718=CARTESIAN_POINT('',(4.07076689982362,82.63992994682,5.72938398056503));
#5719=CARTESIAN_POINT('',(1.38777878078145E-14,0.,-14.1434558664045));
#5720=CARTESIAN_POINT('',(14.4204101151689,81.4738052190887,5.72938398056528));
#5721=CARTESIAN_POINT('',(16.0948026934018,83.7332480744491,5.44422765356583));
#5722=CARTESIAN_POINT('',(17.6918629348202,85.8883378657937,4.7013626358996));
#5723=CARTESIAN_POINT('',(19.20300977786,87.9274952189098,3.45000000000002));
#5724=CARTESIAN_POINT('',(14.4204101151686,81.4738052190883,5.72938398056375));
#5725=CARTESIAN_POINT('',(14.4204101151687,81.4738052190884,5.72938398056531));
#5726=CARTESIAN_POINT('',(13.9790283651692,80.8782000698028,5.80455320925783));
#5727=CARTESIAN_POINT('',(13.4444420071985,80.3794355637284,5.83735579164563));
#5728=CARTESIAN_POINT('',(12.8163434946722,79.979630778259,5.85));
#5729=CARTESIAN_POINT('',(12.8163434946722,79.979630778259,5.85));
#5730=CARTESIAN_POINT('',(-2.5074643212542E-15,0.,5.85));
#5731=CARTESIAN_POINT('',(23.1547347624003,77.619960435979,5.85000000000001));
#5732=CARTESIAN_POINT('',(23.1547347624003,77.619960435979,5.85000000000001));
#5733=CARTESIAN_POINT('',(22.7623071914969,78.2526924782376,5.83735581869959));
#5734=CARTESIAN_POINT('',(22.4970667956334,78.9340118798062,5.80455337159665));
#5735=CARTESIAN_POINT('',(22.3578186684717,79.6621435134414,5.72938398056479));
#5736=CARTESIAN_POINT('',(22.3578186684717,79.6621435134414,5.72938398056479));
#5737=CARTESIAN_POINT('',(20.8489964125851,87.5518095106436,3.45000000000002));
#5738=CARTESIAN_POINT('',(21.3257353727769,85.0589306118254,4.70136241719736));
#5739=CARTESIAN_POINT('',(21.8295785079655,82.424323363614,5.44422760544436));
#5740=CARTESIAN_POINT('',(22.3578186684717,79.6621435134414,5.72938398056479));
#5741=CARTESIAN_POINT('',(1.38777878078145E-14,0.,-14.1434558664045));
#5742=CARTESIAN_POINT('',(32.1884875567144,76.222243692894,5.72938398056528));
#5743=CARTESIAN_POINT('',(34.3236728363712,78.052450099495,5.44422766895193));
#5744=CARTESIAN_POINT('',(36.3602440438187,79.7981279602792,4.70136270582739));
#5745=CARTESIAN_POINT('',(38.2872585868865,81.4498976666078,3.45000000000002));
#5746=CARTESIAN_POINT('',(32.1884875567144,76.222243692894,5.72938398056528));
#5747=CARTESIAN_POINT('',(32.1884875567144,76.222243692894,5.72938398056528));
#5748=CARTESIAN_POINT('',(31.6256368884994,75.739787716478,5.80455329821953));
#5749=CARTESIAN_POINT('',(30.9934680267438,75.3724852113863,5.83735580647124));
#5750=CARTESIAN_POINT('',(30.2921531433277,75.1224697273808,5.85000000000001));
#5751=CARTESIAN_POINT('',(30.2921531433277,75.1224697273807,5.85000000000001));
#5752=CARTESIAN_POINT('',(-2.5074643212542E-15,0.,5.85));
#5753=CARTESIAN_POINT('',(39.8462633089046,70.5214527666405,5.85000000000002));
#5754=CARTESIAN_POINT('',(39.8462633089046,70.5214527666405,5.85000000000001));
#5755=CARTESIAN_POINT('',(39.6044708551862,71.2256442053202,5.83735581941492));
#5756=CARTESIAN_POINT('',(39.497488404201,71.9489030451644,5.80455337588897));
#5757=CARTESIAN_POINT('',(39.5237560509705,72.6897645641491,5.72938398056502));
#5758=CARTESIAN_POINT('',(39.5237560509705,72.6897645641491,5.72938398056503));
#5759=CARTESIAN_POINT('',(39.8083789654811,80.7173647001724,3.45000000000001));
#5760=CARTESIAN_POINT('',(39.7184473450071,78.1809031155816,4.70136240030899));
#5761=CARTESIAN_POINT('',(39.6234028154701,75.5002353290441,5.44422760172877));
#5762=CARTESIAN_POINT('',(39.5237560509705,72.6897645641491,5.72938398056502));
#5763=CARTESIAN_POINT('',(1.38777878078145E-14,0.,-14.1434558664045));
#5764=CARTESIAN_POINT('',(48.3424998247458,67.148580591566,5.72938398056535));
#5765=CARTESIAN_POINT('',(50.8314111375435,68.4577766623677,5.44422762919034));
#5766=CARTESIAN_POINT('',(53.2053710981356,69.7065069954522,4.70136252511591));
#5767=CARTESIAN_POINT('',(55.4516243767012,70.8880621401462,3.45000000000003));
#5768=CARTESIAN_POINT('',(48.3424998247461,67.1485805915662,5.7293839805666));
#5769=CARTESIAN_POINT('',(48.3424998247461,67.1485805915662,5.72938398056532));
#5770=CARTESIAN_POINT('',(47.6864040424659,66.8034666392079,5.80455334416031));
#5771=CARTESIAN_POINT('',(46.9883524307451,66.586044138141,5.83735581412733));
#5772=CARTESIAN_POINT('',(46.2489877443552,66.4983543602587,5.85000000000002));
#5773=CARTESIAN_POINT('',(46.2489877443552,66.4983543602587,5.85000000000002));
#5774=CARTESIAN_POINT('',(-2.5074643212542E-15,0.,5.85));
#5775=CARTESIAN_POINT('',(54.5397338295855,59.8867049836441,5.85000000000002));
#5776=CARTESIAN_POINT('',(54.5397338295857,59.8867049836441,5.85000000000002));
#5777=CARTESIAN_POINT('',(54.4607009454002,60.6270448370393,5.83735581801988));
#5778=CARTESIAN_POINT('',(54.517341030286,61.3559759007472,5.80455336751793));
#5779=CARTESIAN_POINT('',(54.7078072682342,62.0724172935884,5.72938398056533));
#5780=CARTESIAN_POINT('',(54.7078072682342,62.0724172935884,5.72938398056533));
#5781=CARTESIAN_POINT('',(56.7716031717323,69.8354141772736,3.45000000000004));
#5782=CARTESIAN_POINT('',(56.1195105068387,67.3825585839163,4.7013624332364));
#5783=CARTESIAN_POINT('',(55.4303442414073,64.7902501285036,5.44422760897417));
#5784=CARTESIAN_POINT('',(54.7078072682342,62.0724172935884,5.72938398056532));
#5785=CARTESIAN_POINT('',(1.38777878078145E-14,0.,-14.1434558664045));
#5786=CARTESIAN_POINT('',(62.0724172908637,54.7078072713226,5.72938398056556));
#5787=CARTESIAN_POINT('',(64.7902501257427,55.4303442446325,5.44422760897458));
#5788=CARTESIAN_POINT('',(67.3825585811209,56.1195105101942,4.7013624332367));
#5789=CARTESIAN_POINT('',(69.8354141744455,56.7716031752112,3.45000000000004));
#5790=CARTESIAN_POINT('',(62.072417290864,54.7078072713226,5.72938398056661));
#5791=CARTESIAN_POINT('',(62.0724172908639,54.7078072713226,5.72938398056553));
#5792=CARTESIAN_POINT('',(61.3559758980328,54.5173410333392,5.80455336751799));
#5793=CARTESIAN_POINT('',(60.6270448343283,54.4607009484173,5.8373558180199));
#5794=CARTESIAN_POINT('',(59.88670498093,54.5397338325659,5.85000000000002));
#5795=CARTESIAN_POINT('',(59.88670498093,54.5397338325657,5.85000000000002));
#5796=CARTESIAN_POINT('',(-2.5074643212542E-15,0.,5.85));
#5797=CARTESIAN_POINT('',(66.4983543579505,46.2489877476741,5.85000000000003));
#5798=CARTESIAN_POINT('',(66.4983543579505,46.2489877476741,5.85000000000002));
#5799=CARTESIAN_POINT('',(66.5860441357971,46.9883524340676,5.83735581412731));
#5800=CARTESIAN_POINT('',(66.8034666368302,47.6864040457982,5.80455334416026));
#5801=CARTESIAN_POINT('',(67.1485805891563,48.3424998280945,5.72938398056526));
#5802=CARTESIAN_POINT('',(67.1485805891563,48.3424998280945,5.72938398056526));
#5803=CARTESIAN_POINT('',(70.8880621373851,55.451624380231,3.45000000000004));
#5804=CARTESIAN_POINT('',(69.7065069928021,53.2053711016082,4.7013625251157));
#5805=CARTESIAN_POINT('',(68.4577766598349,50.8314111409556,5.44422762919015));
#5806=CARTESIAN_POINT('',(67.1485805891563,48.3424998280945,5.72938398056526));
#5807=CARTESIAN_POINT('',(1.38777878078145E-14,0.,-14.1434558664045));
#5808=CARTESIAN_POINT('',(72.6897645621774,39.5237560545877,5.72938398056553));
#5809=CARTESIAN_POINT('',(75.5002353270688,39.6234028192279,5.44422760172965));
#5810=CARTESIAN_POINT('',(78.1809031136028,39.718447348899,4.70136240030972));
#5811=CARTESIAN_POINT('',(80.7173646981904,39.8083789695,3.45000000000005));
#5812=CARTESIAN_POINT('',(72.6897645621772,39.5237560545877,5.72938398056454));
#5813=CARTESIAN_POINT('',(72.6897645621772,39.5237560545877,5.72938398056555));
#5814=CARTESIAN_POINT('',(71.9489030431964,39.497488407781,5.80455337588909));
#5815=CARTESIAN_POINT('',(71.2256442033494,39.6044708587291,5.83735581941495));
#5816=CARTESIAN_POINT('',(70.5214527646597,39.8462633124103,5.85000000000003));
#5817=CARTESIAN_POINT('',(70.5214527646597,39.8462633124102,5.85000000000003));
#5818=CARTESIAN_POINT('',(-2.5074643212542E-15,0.,5.85));
#5819=CARTESIAN_POINT('',(75.1224697258725,30.292153147068,5.85000000000003));
#5820=CARTESIAN_POINT('',(75.1224697258725,30.292153147068,5.85000000000003));
#5821=CARTESIAN_POINT('',(75.3724852098429,30.9934680304966,5.83735580647126));
#5822=CARTESIAN_POINT('',(75.7397877149029,31.6256368922706,5.80455329821958));
#5823=CARTESIAN_POINT('',(76.2222436912906,32.1884875605097,5.72938398056536));
#5824=CARTESIAN_POINT('',(76.2222436912906,32.1884875605097,5.72938398056536));
#5825=CARTESIAN_POINT('',(81.4498976647001,38.2872585909448,3.45000000000005));
#5826=CARTESIAN_POINT('',(79.7981279584676,36.3602440477938,4.70136270582753));
#5827=CARTESIAN_POINT('',(78.052450097785,34.3236728402586,5.44422766895207));
#5828=CARTESIAN_POINT('',(76.2222436912906,32.1884875605097,5.72938398056536));
#5829=CARTESIAN_POINT('',(1.38777878078145E-14,0.,-14.1434558664045));
#5830=CARTESIAN_POINT('',(79.6621435123213,22.3578186724413,5.72938398056546));
#5831=CARTESIAN_POINT('',(82.4243233625227,21.829578512071,5.44422760544555));
#5832=CARTESIAN_POINT('',(85.0589306107617,21.3257353770118,4.70136241719842));
#5833=CARTESIAN_POINT('',(87.5518095096059,20.8489964169426,3.45000000000005));
#5834=CARTESIAN_POINT('',(79.662143512321,22.3578186724414,5.72938398056445));
#5835=CARTESIAN_POINT('',(79.6621435123211,22.3578186724413,5.72938398056549));
#5836=CARTESIAN_POINT('',(78.9340118786812,22.4970667995674,5.80455337159687));
#5837=CARTESIAN_POINT('',(78.2526924771015,22.7623071953968,5.83735581869966));
#5838=CARTESIAN_POINT('',(77.6199604348253,23.1547347662678,5.85000000000004));
#5839=CARTESIAN_POINT('',(77.6199604348253,23.1547347662678,5.85000000000003));
#5840=CARTESIAN_POINT('',(-2.5074643212542E-15,0.,5.85));
#5841=CARTESIAN_POINT('',(79.97963077762,12.8163434986595,5.85000000000003));
#5842=CARTESIAN_POINT('',(79.9796307776201,12.8163434986594,5.85000000000003));
#5843=CARTESIAN_POINT('',(80.379435563058,13.4444420112034,5.83735579164566));
#5844=CARTESIAN_POINT('',(80.878200069105,13.9790283691971,5.80455320925793));
#5845=CARTESIAN_POINT('',(81.4738052183672,14.4204101192248,5.72938398056571));
#5846=CARTESIAN_POINT('',(81.4738052183672,14.4204101192248,5.72938398056572));
#5847=CARTESIAN_POINT('',(87.9274952179525,19.2030097822437,3.45000000000005));
#5848=CARTESIAN_POINT('',(85.8883378649109,17.6918629391003,4.70136263590029));
#5849=CARTESIAN_POINT('',(83.733248073645,16.0948026975724,5.44422765356659));
#5850=CARTESIAN_POINT('',(81.4738052183672,14.4204101192248,5.72938398056571));
#5851=CARTESIAN_POINT('',(1.38777878078145E-14,0.,-14.1434558664045));
#5852=CARTESIAN_POINT('',(82.6399299466143,4.0707669039355,5.72938398056542));
#5853=CARTESIAN_POINT('',(85.2153115455318,2.94112804937492,5.44422762113185));
#5854=CARTESIAN_POINT('',(87.6717480537474,1.86366204410105,4.70136248849076));
#5855=CARTESIAN_POINT('',(89.9960410076907,0.844158126211969,3.45000000000004));
#5856=CARTESIAN_POINT('',(82.6399299466146,4.07076690393537,5.72938398056659));
#5857=CARTESIAN_POINT('',(82.6399299466146,4.07076690393539,5.72938398056539));
#5858=CARTESIAN_POINT('',(81.9610398801994,4.36854824916213,5.8045533534754));
#5859=CARTESIAN_POINT('',(81.3558240819048,4.7787462908377,5.8373558156797));
#5860=CARTESIAN_POINT('',(80.8262791760611,5.30213113318603,5.85000000000003));
#5861=CARTESIAN_POINT('',(80.826279176061,5.30213113318596,5.85000000000003));
#5862=CARTESIAN_POINT('',(-2.5074643212542E-15,0.,5.85));
#5863=CARTESIAN_POINT('',(80.8262791763249,-5.30213112916321,5.85000000000003));
#5864=CARTESIAN_POINT('',(80.8262791763249,-5.30213112916326,5.85000000000003));
#5865=CARTESIAN_POINT('',(81.3558240821424,-4.77874628678826,5.8373558156797));
#5866=CARTESIAN_POINT('',(81.9610398804165,-4.36854824508224,5.80455335347542));
#5867=CARTESIAN_POINT('',(82.6399299468167,-4.07076689982137,5.72938398056545));
#5868=CARTESIAN_POINT('',(82.6399299468167,-4.07076689982138,5.72938398056545));
#5869=CARTESIAN_POINT('',(89.9960410077328,-0.844158121729749,3.45000000000006));
#5870=CARTESIAN_POINT('',(87.67174805384,-1.86366203973515,4.70136248849083));
#5871=CARTESIAN_POINT('',(85.215311545678,-2.94112804513193,5.44422762113191));
#5872=CARTESIAN_POINT('',(82.6399299468167,-4.07076689982138,5.72938398056545));
#5873=CARTESIAN_POINT('',(1.38777878078145E-14,0.,-14.1434558664045));
#5874=CARTESIAN_POINT('',(81.4738052190874,-14.4204101151681,5.72938398056547));
#5875=CARTESIAN_POINT('',(83.7332480744478,-16.094802693403,5.44422765356616));
#5876=CARTESIAN_POINT('',(85.8883378657926,-17.6918629348234,4.70136263589993));
#5877=CARTESIAN_POINT('',(87.9274952189088,-19.203009777865,3.45000000000005));
#5878=CARTESIAN_POINT('',(81.473805219087,-14.4204101151678,5.72938398056395));
#5879=CARTESIAN_POINT('',(81.4738052190871,-14.4204101151679,5.7293839805655));
#5880=CARTESIAN_POINT('',(80.8782000698021,-13.9790283651692,5.80455320925788));
#5881=CARTESIAN_POINT('',(80.379435563728,-13.4444420071996,5.83735579164566));
#5882=CARTESIAN_POINT('',(79.9796307782586,-12.8163434946745,5.85000000000003));
#5883=CARTESIAN_POINT('',(79.9796307782586,-12.8163434946746,5.85000000000003));
#5884=CARTESIAN_POINT('',(-2.5074643212542E-15,0.,5.85));
#5885=CARTESIAN_POINT('',(77.6199604359791,-23.1547347624,5.85000000000003));
#5886=CARTESIAN_POINT('',(77.6199604359791,-23.1547347624001,5.85000000000003));
#5887=CARTESIAN_POINT('',(78.2526924782358,-22.7623071914981,5.83735581869965));
#5888=CARTESIAN_POINT('',(78.9340118798023,-22.4970667956353,5.80455337159684));
#5889=CARTESIAN_POINT('',(79.662143513435,-22.3578186684735,5.72938398056545));
#5890=CARTESIAN_POINT('',(79.662143513435,-22.3578186684735,5.72938398056545));
#5891=CARTESIAN_POINT('',(87.5518095106445,-20.8489964125811,3.45000000000005));
#5892=CARTESIAN_POINT('',(85.0589306118241,-21.3257353727747,4.70136241719841));
#5893=CARTESIAN_POINT('',(82.4243233636102,-21.8295785079653,5.44422760544553));
#5894=CARTESIAN_POINT('',(79.662143513435,-22.3578186684735,5.72938398056545));
#5895=CARTESIAN_POINT('',(1.38777878078145E-14,0.,-14.1434558664045));
#5896=CARTESIAN_POINT('',(76.2222436928957,-32.1884875567198,5.72938398056488));
#5897=CARTESIAN_POINT('',(78.0524500994963,-34.3236728363744,5.44422766895119));
#5898=CARTESIAN_POINT('',(79.7981279602801,-36.3602440438195,4.70136270582673));
#5899=CARTESIAN_POINT('',(81.4498976666084,-38.2872585868853,3.45000000000005));
#5900=CARTESIAN_POINT('',(76.2222436928957,-32.1884875567198,5.72938398056488));
#5901=CARTESIAN_POINT('',(76.2222436928957,-32.1884875567198,5.72938398056488));
#5902=CARTESIAN_POINT('',(75.7397877164784,-31.6256368885044,5.80455329821942));
#5903=CARTESIAN_POINT('',(75.3724852113857,-30.9934680267479,5.83735580647123));
#5904=CARTESIAN_POINT('',(75.1224697273795,-30.2921531433308,5.85000000000003));
#5905=CARTESIAN_POINT('',(75.1224697273795,-30.2921531433308,5.85000000000003));
#5906=CARTESIAN_POINT('',(-2.5074643212542E-15,0.,5.85));
#5907=CARTESIAN_POINT('',(70.5214527666451,-39.8462633088964,5.85000000000003));
#5908=CARTESIAN_POINT('',(70.5214527666451,-39.8462633088964,5.85000000000003));
#5909=CARTESIAN_POINT('',(71.2256442053234,-39.6044708551801,5.83735581941494));
#5910=CARTESIAN_POINT('',(71.9489030451657,-39.4974884041961,5.80455337588902));
#5911=CARTESIAN_POINT('',(72.6897645641484,-39.5237560509663,5.72938398056534));
#5912=CARTESIAN_POINT('',(72.6897645641484,-39.5237560509663,5.72938398056535));
#5913=CARTESIAN_POINT('',(80.717364700174,-39.808378965478,3.45000000000004));
#5914=CARTESIAN_POINT('',(78.1809031155824,-39.7184473450035,4.70136240030945));
#5915=CARTESIAN_POINT('',(75.5002353290442,-39.6234028154662,5.44422760172932));
#5916=CARTESIAN_POINT('',(72.6897645641484,-39.5237560509663,5.72938398056534));
#5917=CARTESIAN_POINT('',(1.38777878078145E-14,0.,-14.1434558664045));
#5918=CARTESIAN_POINT('',(67.1485805915636,-48.3424998247486,5.72938398056539));
#5919=CARTESIAN_POINT('',(68.4577766623651,-50.8314111375466,5.4442276291904));
#5920=CARTESIAN_POINT('',(69.7065069954494,-53.205371098139,4.70136252511597));
#5921=CARTESIAN_POINT('',(70.8880621401433,-55.4516243767049,3.45000000000003));
#5922=CARTESIAN_POINT('',(67.1485805915634,-48.3424998247483,5.72938398056413));
#5923=CARTESIAN_POINT('',(67.1485805915635,-48.3424998247484,5.72938398056542));
#5924=CARTESIAN_POINT('',(66.8034666392051,-47.6864040424699,5.8045533441603));
#5925=CARTESIAN_POINT('',(66.5860441381374,-46.9883524307506,5.83735581412732));
#5926=CARTESIAN_POINT('',(66.4983543602539,-46.2489877443622,5.85000000000002));
#5927=CARTESIAN_POINT('',(66.4983543602539,-46.2489877443622,5.85000000000003));
#5928=CARTESIAN_POINT('',(-2.5074643212542E-15,0.,5.85));
#5929=CARTESIAN_POINT('',(59.8867049836462,-54.5397338295832,5.85000000000002));
#5930=CARTESIAN_POINT('',(59.8867049836462,-54.5397338295832,5.85000000000002));
#5931=CARTESIAN_POINT('',(60.6270448370393,-54.4607009453985,5.83735581801991));
#5932=CARTESIAN_POINT('',(61.3559759007453,-54.5173410302844,5.80455336751806));
#5933=CARTESIAN_POINT('',(62.0724172935845,-54.7078072682319,5.72938398056582));
#5934=CARTESIAN_POINT('',(62.0724172935845,-54.7078072682319,5.72938398056582));
#5935=CARTESIAN_POINT('',(69.8354141772731,-56.7716031717329,3.45000000000004));
#5936=CARTESIAN_POINT('',(67.3825585839148,-56.1195105068384,4.70136243323712));
#5937=CARTESIAN_POINT('',(64.7902501285009,-55.4303442414061,5.44422760897505));
#5938=CARTESIAN_POINT('',(62.0724172935845,-54.7078072682319,5.72938398056582));
#5939=CARTESIAN_POINT('',(1.38777878078145E-14,0.,-14.1434558664045));
#5940=CARTESIAN_POINT('',(54.7078072713212,-62.0724172908666,5.72938398056542));
#5941=CARTESIAN_POINT('',(55.4303442446304,-64.7902501257455,5.44422760897433));
#5942=CARTESIAN_POINT('',(56.1195105101915,-67.3825585811236,4.7013624332365));
#5943=CARTESIAN_POINT('',(56.7716031752079,-69.8354141744482,3.45000000000004));
#5944=CARTESIAN_POINT('',(54.7078072713212,-62.0724172908668,5.72938398056647));
#5945=CARTESIAN_POINT('',(54.7078072713212,-62.0724172908668,5.72938398056539));
#5946=CARTESIAN_POINT('',(54.5173410333372,-61.3559758980358,5.80455336751793));
#5947=CARTESIAN_POINT('',(54.4607009484147,-60.6270448343313,5.83735581801989));
#5948=CARTESIAN_POINT('',(54.5397338325627,-59.8867049809327,5.85000000000002));
#5949=CARTESIAN_POINT('',(54.5397338325627,-59.8867049809327,5.85000000000002));
#5950=CARTESIAN_POINT('',(-2.5074643212542E-15,0.,5.85));
#5951=CARTESIAN_POINT('',(46.2489877476699,-66.4983543579533,5.85000000000002));
#5952=CARTESIAN_POINT('',(46.2489877476699,-66.4983543579533,5.85000000000002));
#5953=CARTESIAN_POINT('',(46.9883524340632,-66.5860441358002,5.83735581412731));
#5954=CARTESIAN_POINT('',(47.6864040457936,-66.8034666368335,5.80455334416024));
#5955=CARTESIAN_POINT('',(48.3424998280896,-67.1485805891598,5.72938398056525));
#5956=CARTESIAN_POINT('',(48.3424998280896,-67.1485805891598,5.72938398056525));
#5957=CARTESIAN_POINT('',(55.4516243802326,-70.8880621373838,3.45000000000003));
#5958=CARTESIAN_POINT('',(53.2053711016077,-69.7065069928023,4.70136252511579));
#5959=CARTESIAN_POINT('',(50.8314111409529,-68.4577766598367,5.44422762919017));
#5960=CARTESIAN_POINT('',(48.3424998280896,-67.1485805891598,5.72938398056525));
#5961=CARTESIAN_POINT('',(1.38777878078145E-14,0.,-14.1434558664045));
#5962=CARTESIAN_POINT('',(39.5237560545809,-72.689764562185,5.72938398056513));
#5963=CARTESIAN_POINT('',(39.6234028192225,-75.5002353270743,5.44422760172893));
#5964=CARTESIAN_POINT('',(39.7184473488948,-78.1809031136063,4.70136240030905));
#5965=CARTESIAN_POINT('',(39.8083789694969,-80.7173646981919,3.45000000000002));
#5966=CARTESIAN_POINT('',(39.5237560545809,-72.6897645621853,5.72938398056611));
#5967=CARTESIAN_POINT('',(39.5237560545809,-72.6897645621852,5.7293839805651));
#5968=CARTESIAN_POINT('',(39.4974884077735,-71.948903043203,5.80455337588895));
#5969=CARTESIAN_POINT('',(39.6044708587214,-71.2256442033547,5.83735581941491));
#5970=CARTESIAN_POINT('',(39.8462633124028,-70.5214527646638,5.85000000000001));
#5971=CARTESIAN_POINT('',(39.8462633124029,-70.5214527646638,5.85000000000002));
#5972=CARTESIAN_POINT('',(-2.5074643212542E-15,0.,5.85));
#5973=CARTESIAN_POINT('',(30.2921531470651,-75.1224697258737,5.85000000000001));
#5974=CARTESIAN_POINT('',(30.292153147065,-75.1224697258738,5.85000000000001));
#5975=CARTESIAN_POINT('',(30.9934680304948,-75.3724852098447,5.83735580647121));
#5976=CARTESIAN_POINT('',(31.6256368922697,-75.7397877149055,5.80455329821944));
#5977=CARTESIAN_POINT('',(32.1884875605094,-76.2222436912945,5.72938398056496));
#5978=CARTESIAN_POINT('',(32.1884875605094,-76.2222436912945,5.72938398056496));
#5979=CARTESIAN_POINT('',(38.2872585909416,-81.4498976647016,3.45000000000002));
#5980=CARTESIAN_POINT('',(36.3602440477916,-79.7981279584698,4.70136270582693));
#5981=CARTESIAN_POINT('',(34.3236728402573,-78.052450097788,5.44422766895136));
#5982=CARTESIAN_POINT('',(32.1884875605094,-76.2222436912945,5.72938398056496));
#5983=CARTESIAN_POINT('',(1.38777878078145E-14,0.,-14.1434558664045));
#5984=CARTESIAN_POINT('',(22.3578186724381,-79.6621435123216,5.7293839805655));
#5985=CARTESIAN_POINT('',(21.8295785120667,-82.4243233625234,5.44422760544565));
#5986=CARTESIAN_POINT('',(21.3257353770065,-85.0589306107628,4.70136241719852));
#5987=CARTESIAN_POINT('',(20.8489964169363,-87.5518095096074,3.45000000000002));
#5988=CARTESIAN_POINT('',(22.3578186724381,-79.6621435123213,5.72938398056449));
#5989=CARTESIAN_POINT('',(22.3578186724381,-79.6621435123214,5.72938398056553));
#5990=CARTESIAN_POINT('',(22.4970667995642,-78.9340118786818,5.80455337159686));
#5991=CARTESIAN_POINT('',(22.7623071953935,-78.2526924771023,5.83735581869963));
#5992=CARTESIAN_POINT('',(23.1547347662644,-77.6199604348264,5.85));
#5993=CARTESIAN_POINT('',(23.1547347662642,-77.6199604348264,5.85000000000001));
#5994=CARTESIAN_POINT('',(-2.5074643212542E-15,0.,5.85));
#5995=CARTESIAN_POINT('',(12.8163435883406,-79.9796307632491,5.85));
#5996=CARTESIAN_POINT('',(12.8163435883406,-79.9796307632491,5.85));
#5997=CARTESIAN_POINT('',(13.4444421209112,-80.3794355604439,5.83735579125153));
#5998=CARTESIAN_POINT('',(13.9790284927228,-80.8782000838982,5.80455320724827));
#5999=CARTESIAN_POINT('',(14.4204102504239,-81.4738052559572,5.72938397378081));
#6000=CARTESIAN_POINT('',(14.4204102504239,-81.4738052559572,5.72938397378081));
#6001=CARTESIAN_POINT('',(19.2030097851973,-87.9274952173074,3.45000000000002));
#6002=CARTESIAN_POINT('',(17.6918629830003,-85.8883378769203,4.70136262451197));
#6003=CARTESIAN_POINT('',(16.0948027844423,-83.7332480986175,5.44422764117346));
#6004=CARTESIAN_POINT('',(14.4204102504239,-81.4738052559572,5.72938397378081));
#6005=CARTESIAN_POINT('',(1.38777878078145E-14,0.,-14.1434558664045));
#6006=CARTESIAN_POINT('',(4.07076702348264,-82.6399298807789,5.72938398734949));
#6007=CARTESIAN_POINT('',(2.94112812851278,-85.2153115018593,5.44422763352356));
#6008=CARTESIAN_POINT('',(1.86366208423185,-87.6717480322724,4.70136249987786));
#6009=CARTESIAN_POINT('',(0.84415812923966,-89.9960410076623,3.45));
#6010=CARTESIAN_POINT('',(4.0707670234825,-82.6399298807792,5.72938398735067));
#6011=CARTESIAN_POINT('',(4.07076702348253,-82.6399298807791,5.72938398734947));
#6012=CARTESIAN_POINT('',(4.36854836630277,-81.9610398382934,5.80455335548481));
#6013=CARTESIAN_POINT('',(4.77874639838324,-81.3558240600419,5.83735581607374));
#6014=CARTESIAN_POINT('',(5.30213122382714,-80.826279170115,5.85));
#6015=CARTESIAN_POINT('',(5.30213122382714,-80.826279170115,5.85));
#6016=CARTESIAN_POINT('',(-2.5074643212542E-15,0.,5.85));
#6017=CARTESIAN_POINT('',(-5.30213112916811,-80.8262791763246,5.85));
#6018=CARTESIAN_POINT('',(-5.30213112916819,-80.8262791763246,5.84999999999999));
#6019=CARTESIAN_POINT('',(-4.77874628679275,-81.3558240821419,5.83735581567967));
#6020=CARTESIAN_POINT('',(-4.36854824508627,-81.9610398804159,5.80455335347542));
#6021=CARTESIAN_POINT('',(-4.07076689982497,-82.6399299468163,5.72938398056545));
#6022=CARTESIAN_POINT('',(-4.07076689982497,-82.6399299468163,5.72938398056544));
#6023=CARTESIAN_POINT('',(-0.844158121729174,-89.9960410077328,3.45));
#6024=CARTESIAN_POINT('',(-1.8636620397359,-87.6717480538399,4.70136248849089));
#6025=CARTESIAN_POINT('',(-2.94112804513409,-85.2153115456777,5.44422762113194));
#6026=CARTESIAN_POINT('',(-4.07076689982497,-82.6399299468163,5.72938398056545));
#6027=CARTESIAN_POINT('',(1.38777878078145E-14,0.,-14.1434558664045));
#6028=CARTESIAN_POINT('',(-14.4204101151729,-81.4738052190929,5.72938398056472));
#6029=CARTESIAN_POINT('',(-16.0948026934049,-83.7332480744517,5.44422765356483));
#6030=CARTESIAN_POINT('',(-17.6918629348225,-85.8883378657948,4.70136263589876));
#6031=CARTESIAN_POINT('',(-19.2030097778615,-87.9274952189095,3.45));
#6032=CARTESIAN_POINT('',(-14.4204101151726,-81.4738052190925,5.7293839805632));
#6033=CARTESIAN_POINT('',(-14.4204101151727,-81.4738052190926,5.72938398056475));
#6034=CARTESIAN_POINT('',(-13.9790283651728,-80.8782000698051,5.80455320925764));
#6035=CARTESIAN_POINT('',(-13.4444420072013,-80.3794355637293,5.83735579164558));
#6036=CARTESIAN_POINT('',(-12.8163434946737,-79.9796307782588,5.84999999999999));
#6037=CARTESIAN_POINT('',(-12.8163434946737,-79.9796307782587,5.84999999999999));
#6038=CARTESIAN_POINT('',(-2.5074643212542E-15,0.,5.85));
#6039=CARTESIAN_POINT('',(-23.1547347623992,-77.6199604359793,5.84999999999999));
#6040=CARTESIAN_POINT('',(-23.1547347623992,-77.6199604359793,5.84999999999998));
#6041=CARTESIAN_POINT('',(-22.7623071914965,-78.2526924782374,5.83735581869958));
#6042=CARTESIAN_POINT('',(-22.4970667956334,-78.9340118798054,5.80455337159666));
#6043=CARTESIAN_POINT('',(-22.3578186684719,-79.6621435134398,5.72938398056493));
#6044=CARTESIAN_POINT('',(-22.3578186684719,-79.6621435134398,5.72938398056493));
#6045=CARTESIAN_POINT('',(-20.8489964125851,-87.5518095106435,3.45));
#6046=CARTESIAN_POINT('',(-21.325735372777,-85.058930611825,4.70136241719759));
#6047=CARTESIAN_POINT('',(-21.8295785079657,-82.424323363613,5.44422760544462));
#6048=CARTESIAN_POINT('',(-22.3578186684719,-79.6621435134398,5.72938398056493));
#6049=CARTESIAN_POINT('',(1.38777878078145E-14,0.,-14.1434558664045));
#6050=CARTESIAN_POINT('',(-32.1884875567216,-76.2222436928978,5.72938398056453));
#6051=CARTESIAN_POINT('',(-34.3236728363765,-78.0524500994972,5.44422766895062));
#6052=CARTESIAN_POINT('',(-36.3602440438221,-79.7981279602798,4.70136270582626));
#6053=CARTESIAN_POINT('',(-38.2872585868882,-81.449897666607,3.44999999999998));
#6054=CARTESIAN_POINT('',(-32.1884875567216,-76.2222436928978,5.72938398056453));
#6055=CARTESIAN_POINT('',(-32.1884875567216,-76.2222436928978,5.72938398056453));
#6056=CARTESIAN_POINT('',(-31.6256368885056,-75.7397877164796,5.80455329821928));
#6057=CARTESIAN_POINT('',(-30.9934680267485,-75.3724852113862,5.83735580647117));
#6058=CARTESIAN_POINT('',(-30.2921531433305,-75.1224697273796,5.84999999999998));
#6059=CARTESIAN_POINT('',(-30.2921531433305,-75.1224697273796,5.84999999999999));
#6060=CARTESIAN_POINT('',(-2.5074643212542E-15,0.,5.85));
#6061=CARTESIAN_POINT('',(-39.8462633089041,-70.5214527666407,5.84999999999998));
#6062=CARTESIAN_POINT('',(-39.8462633089041,-70.5214527666407,5.84999999999998));
#6063=CARTESIAN_POINT('',(-39.6044708551862,-71.22564420532,5.83735581941489));
#6064=CARTESIAN_POINT('',(-39.4974884042011,-71.9489030451637,5.80455337588897));
#6065=CARTESIAN_POINT('',(-39.5237560509708,-72.6897645641481,5.72938398056507));
#6066=CARTESIAN_POINT('',(-39.5237560509708,-72.6897645641481,5.72938398056507));
#6067=CARTESIAN_POINT('',(-39.8083789654813,-80.7173647001724,3.44999999999998));
#6068=CARTESIAN_POINT('',(-39.7184473450072,-78.1809031155812,4.70136240030909));
#6069=CARTESIAN_POINT('',(-39.6234028154703,-75.5002353290434,5.44422760172889));
#6070=CARTESIAN_POINT('',(-39.5237560509708,-72.6897645641481,5.72938398056507));
#6071=CARTESIAN_POINT('',(1.38777878078145E-14,0.,-14.1434558664045));
#6072=CARTESIAN_POINT('',(-48.3424998247472,-67.1485805915646,5.72938398056535));
#6073=CARTESIAN_POINT('',(-50.8314111375447,-68.4577766623665,5.44422762919036));
#6074=CARTESIAN_POINT('',(-53.2053710981366,-69.7065069954513,4.7013625251159));
#6075=CARTESIAN_POINT('',(-55.4516243767021,-70.8880621401456,3.44999999999998));
#6076=CARTESIAN_POINT('',(-48.3424998247475,-67.1485805915648,5.7293839805666));
#6077=CARTESIAN_POINT('',(-48.3424998247474,-67.1485805915648,5.72938398056531));
#6078=CARTESIAN_POINT('',(-47.6864040424676,-66.8034666392066,5.80455334416027));
#6079=CARTESIAN_POINT('',(-46.9883524307471,-66.5860441381395,5.83735581412728));
#6080=CARTESIAN_POINT('',(-46.2489877443575,-66.498354360257,5.84999999999997));
#6081=CARTESIAN_POINT('',(-46.2489877443575,-66.4983543602571,5.84999999999998));
#6082=CARTESIAN_POINT('',(-2.5074643212542E-15,0.,5.85));
#6083=CARTESIAN_POINT('',(-54.539733829586,-59.8867049836436,5.84999999999998));
#6084=CARTESIAN_POINT('',(-54.539733829586,-59.8867049836436,5.84999999999997));
#6085=CARTESIAN_POINT('',(-54.4607009454006,-60.6270448370395,5.83735581801983));
#6086=CARTESIAN_POINT('',(-54.5173410302867,-61.3559759007481,5.80455336751781));
#6087=CARTESIAN_POINT('',(-54.7078072682355,-62.0724172935899,5.72938398056504));
#6088=CARTESIAN_POINT('',(-54.7078072682355,-62.0724172935899,5.72938398056504));
#6089=CARTESIAN_POINT('',(-56.7716031717331,-69.835414177273,3.44999999999998));
#6090=CARTESIAN_POINT('',(-56.1195105068396,-67.3825585839163,4.701362433236));
#6091=CARTESIAN_POINT('',(-55.4303442414085,-64.7902501285043,5.44422760897371));
#6092=CARTESIAN_POINT('',(-54.7078072682355,-62.0724172935899,5.72938398056504));
#6093=CARTESIAN_POINT('',(1.38777878078145E-14,0.,-14.1434558664045));
#6094=CARTESIAN_POINT('',(-62.0724172908735,-54.7078072713231,5.72938398056463));
#6095=CARTESIAN_POINT('',(-64.7902501257495,-55.4303442446323,5.44422760897296));
#6096=CARTESIAN_POINT('',(-67.3825585811249,-56.1195105101933,4.70136243323531));
#6097=CARTESIAN_POINT('',(-69.8354141744469,-56.7716031752096,3.44999999999997));
#6098=CARTESIAN_POINT('',(-62.0724172908738,-54.7078072713232,5.72938398056568));
#6099=CARTESIAN_POINT('',(-62.0724172908737,-54.7078072713232,5.7293839805646));
#6100=CARTESIAN_POINT('',(-61.3559758980401,-54.5173410333379,5.80455336751768));
#6101=CARTESIAN_POINT('',(-60.6270448343329,-54.4607009484152,5.8373558180198));
#6102=CARTESIAN_POINT('',(-59.8867049809316,-54.5397338325639,5.84999999999997));
#6103=CARTESIAN_POINT('',(-59.8867049809316,-54.5397338325639,5.84999999999997));
#6104=CARTESIAN_POINT('',(-2.5074643212542E-15,0.,5.85));
#6105=CARTESIAN_POINT('',(-66.4983543579589,-46.2489877476619,5.84999999999997));
#6106=CARTESIAN_POINT('',(-66.498354357959,-46.2489877476619,5.84999999999997));
#6107=CARTESIAN_POINT('',(-66.5860441358045,-46.9883524340574,5.83735581412725));
#6108=CARTESIAN_POINT('',(-66.8034666368372,-47.6864040457901,5.80455334416016));
#6109=CARTESIAN_POINT('',(-67.1485805891636,-48.3424998280884,5.72938398056492));
#6110=CARTESIAN_POINT('',(-67.1485805891636,-48.3424998280884,5.72938398056492));
#6111=CARTESIAN_POINT('',(-70.888062137386,-55.4516243802298,3.44999999999998));
#6112=CARTESIAN_POINT('',(-69.7065069928049,-53.2053711016054,4.70136252511534));
#6113=CARTESIAN_POINT('',(-68.45777665984,-50.8314111409511,5.44422762918963));
#6114=CARTESIAN_POINT('',(-67.1485805891637,-48.3424998280884,5.72938398056492));
#6115=CARTESIAN_POINT('',(1.38777878078145E-14,0.,-14.1434558664045));
#6116=CARTESIAN_POINT('',(-72.6897645621876,-39.5237560545861,5.72938398056453));
#6117=CARTESIAN_POINT('',(-75.5002353270757,-39.6234028192262,5.44422760172792));
#6118=CARTESIAN_POINT('',(-78.1809031136066,-39.7184473488973,4.70136240030824));
#6119=CARTESIAN_POINT('',(-80.7173646981913,-39.8083789694982,3.44999999999997));
#6120=CARTESIAN_POINT('',(-72.6897645621874,-39.5237560545861,5.72938398056354));
#6121=CARTESIAN_POINT('',(-72.6897645621874,-39.5237560545861,5.72938398056455));
#6122=CARTESIAN_POINT('',(-71.9489030432023,-39.4974884077792,5.80455337588881));
#6123=CARTESIAN_POINT('',(-71.2256442033515,-39.6044708587286,5.83735581941485));
#6124=CARTESIAN_POINT('',(-70.5214527646585,-39.8462633124124,5.84999999999996));
#6125=CARTESIAN_POINT('',(-70.5214527646585,-39.8462633124124,5.84999999999997));
#6126=CARTESIAN_POINT('',(-2.5074643212542E-15,0.,5.85));
#6127=CARTESIAN_POINT('',(-75.1224697258733,-30.292153147066,5.84999999999997));
#6128=CARTESIAN_POINT('',(-75.1224697258733,-30.292153147066,5.84999999999997));
#6129=CARTESIAN_POINT('',(-75.3724852098444,-30.9934680304969,5.83735580647116));
#6130=CARTESIAN_POINT('',(-75.7397877149058,-31.6256368922729,5.80455329821931));
#6131=CARTESIAN_POINT('',(-76.2222436912958,-32.1884875605134,5.72938398056459));
#6132=CARTESIAN_POINT('',(-76.2222436912958,-32.1884875605134,5.72938398056459));
#6133=CARTESIAN_POINT('',(-81.4498976647008,-38.2872585909433,3.44999999999998));
#6134=CARTESIAN_POINT('',(-79.7981279584697,-36.3602440477939,4.7013627058264));
#6135=CARTESIAN_POINT('',(-78.0524500977887,-34.3236728402604,5.44422766895074));
#6136=CARTESIAN_POINT('',(-76.2222436912958,-32.1884875605134,5.72938398056459));
#6137=CARTESIAN_POINT('',(1.38777878078145E-14,0.,-14.1434558664045));
#6138=CARTESIAN_POINT('',(-79.6621435123334,-22.3578186724382,5.72938398056417));
#6139=CARTESIAN_POINT('',(-82.4243233625304,-21.8295785120697,5.44422760544328));
#6140=CARTESIAN_POINT('',(-85.0589306107652,-21.3257353770123,4.70136241719645));
#6141=CARTESIAN_POINT('',(-87.5518095096053,-20.8489964169448,3.44999999999997));
#6142=CARTESIAN_POINT('',(-79.6621435123331,-22.3578186724382,5.72938398056314));
#6143=CARTESIAN_POINT('',(-87.5518095096054,-20.8489964169448,3.44999999999996));
#6144=CARTESIAN_POINT('',(-79.6621435123332,-22.3578186724382,5.72938398056418));
#6145=CARTESIAN_POINT('',(-78.9340118786889,-22.4970667995636,5.80455337159645));
#6146=CARTESIAN_POINT('',(-78.2526924771051,-22.7623071953939,5.83735581869952));
#6147=CARTESIAN_POINT('',(-77.6199604348254,-23.1547347662673,5.84999999999996));
#6148=CARTESIAN_POINT('',(-77.6199604348254,-23.1547347662673,5.84999999999997));
#6149=CARTESIAN_POINT('',(-2.5074643212542E-15,0.,5.85));
#6150=CARTESIAN_POINT('',(-79.9796307674593,-12.8163435620667,5.84999999999997));
#6151=CARTESIAN_POINT('',(-79.9796307674592,-12.8163435620668,5.84999999999997));
#6152=CARTESIAN_POINT('',(-80.3794355612121,-13.4444420887767,5.83735579136687));
#6153=CARTESIAN_POINT('',(-80.8782000795708,-13.9790284565449,5.80455320783654));
#6154=CARTESIAN_POINT('',(-81.473805244957,-14.4204102120011,5.72938397576684));
#6155=CARTESIAN_POINT('',(-81.473805244957,-14.4204102120011,5.72938397576684));
#6156=CARTESIAN_POINT('',(-87.9274952174976,-19.2030097843263,3.44999999999997));
#6157=CARTESIAN_POINT('',(-85.8883378734068,-17.6918629701397,4.70136262784566));
#6158=CARTESIAN_POINT('',(-83.7332480913099,-16.0948027589996,5.44422764480116));
#6159=CARTESIAN_POINT('',(-81.473805244957,-14.4204102120011,5.72938397576684));
#6160=CARTESIAN_POINT('',(-87.9274952174976,-19.2030097843263,3.44999999999996));
#6161=CARTESIAN_POINT('',(-1.47876100997043E-15,0.,3.45000000000001));
#6162=CARTESIAN_POINT('',(0.,0.,14.1434558664043));
#6163=CARTESIAN_POINT('',(-82.6399299468254,4.0707668998229,-5.72938398056445));
#6164=CARTESIAN_POINT('',(-85.2153115456836,2.94112804513372,-5.44422762113014));
#6165=CARTESIAN_POINT('',(-87.6717480538427,1.86366203973716,-4.70136248848935));
#6166=CARTESIAN_POINT('',(-89.9960410077328,0.844158121731938,-3.45));
#6167=CARTESIAN_POINT('',(-82.6399299468254,4.0707668998229,-5.72938398056445));
#6168=CARTESIAN_POINT('',(-82.6399299468254,4.0707668998229,-5.72938398056445));
#6169=CARTESIAN_POINT('',(-81.9610398804212,4.36854824508482,-5.80455335347516));
#6170=CARTESIAN_POINT('',(-81.3558240821439,4.77874628679313,-5.83735581567966));
#6171=CARTESIAN_POINT('',(-80.8262791763241,5.30213112917168,-5.85000000000003));
#6172=CARTESIAN_POINT('',(-80.8262791718557,-5.302131197289,-5.85000000000003));
#6173=CARTESIAN_POINT('',(-81.3558240664456,-4.77874636689088,-5.83735581595833));
#6174=CARTESIAN_POINT('',(-81.9610398505695,-4.36854833199789,-5.80455335489618));
#6175=CARTESIAN_POINT('',(-82.6399299000664,-4.0707669884714,-5.72938398536195));
#6176=CARTESIAN_POINT('',(-82.6399299000664,-4.0707669884714,-5.72938398536194));
#6177=CARTESIAN_POINT('',(-89.9960410076707,-0.844158128353737,-3.45));
#6178=CARTESIAN_POINT('',(-87.6717480385637,-1.86366207247949,-4.70136249654188));
#6179=CARTESIAN_POINT('',(-85.2153115146537,-2.94112810533633,-5.44422762989314));
#6180=CARTESIAN_POINT('',(-82.6399299000664,-4.0707669884714,-5.72938398536195));
#6181=CARTESIAN_POINT('',(-2.50746432125421E-15,0.,5.85));
#6182=CARTESIAN_POINT('',(-87.5518095096053,-20.8489964169448,5.84999999999997));
#6183=CARTESIAN_POINT('',(-87.9274952174976,-19.2030097843263,5.84999999999997));
#6184=CARTESIAN_POINT('',(1.38777878078145E-14,0.,-14.1434558664045));
#6185=CARTESIAN_POINT('',(-89.9960410077328,0.844158121731945,3.44999999999996));
#6186=CARTESIAN_POINT('',(-87.6717480538427,1.86366203973716,4.70136248848929));
#6187=CARTESIAN_POINT('',(-85.2153115456836,2.94112804513372,5.44422762113007));
#6188=CARTESIAN_POINT('',(-82.6399299468254,4.07076689982289,5.72938398056438));
#6189=CARTESIAN_POINT('',(-82.6399299468254,4.0707668998229,5.72938398056439));
#6190=CARTESIAN_POINT('',(-82.6399299000661,-4.07076698847154,5.72938398536192));
#6191=CARTESIAN_POINT('',(-85.2153115146535,-2.94112810533642,5.44422762989314));
#6192=CARTESIAN_POINT('',(-87.6717480385636,-1.86366207247954,4.70136249654187));
#6193=CARTESIAN_POINT('',(-89.9960410076706,-0.844158128353749,3.44999999999996));
#6194=CARTESIAN_POINT('',(-82.6399299000664,-4.0707669884714,5.72938398536308));
#6195=CARTESIAN_POINT('',(-82.6399299000664,-4.07076698847143,5.72938398536189));
#6196=CARTESIAN_POINT('',(-81.9610398505694,-4.36854833199793,5.80455335489612));
#6197=CARTESIAN_POINT('',(-81.3558240664457,-4.77874636689089,5.83735581595826));
#6198=CARTESIAN_POINT('',(-80.8262791718559,-5.30213119728885,5.84999999999996));
#6199=CARTESIAN_POINT('',(-80.8262791718559,-5.30213119728894,5.84999999999997));
#6200=CARTESIAN_POINT('',(-2.5074643212542E-15,0.,5.85));
#6201=CARTESIAN_POINT('',(-80.8262791763244,5.30213112917142,5.84999999999997));
#6202=CARTESIAN_POINT('',(-80.8262791763244,5.30213112917139,5.84999999999996));
#6203=CARTESIAN_POINT('',(-81.3558240821441,4.77874628679304,5.83735581567958));
#6204=CARTESIAN_POINT('',(-81.9610398804212,4.3685482450848,5.80455335347509));
#6205=CARTESIAN_POINT('',(-82.6399299468254,4.07076689982289,5.72938398056438));
#6206=CARTESIAN_POINT('',(81.0000000000003,0.,5.85000000000003));
#6207=CARTESIAN_POINT('',(-85.0580856828742,9.58374457402181,5.84999999999996));
#6208=CARTESIAN_POINT('',(-85.0580856748017,-9.58374464570111,5.84999999999996));
#6209=CARTESIAN_POINT('',(-80.7929180941681,-28.2706647591443,5.84999999999997));
#6210=CARTESIAN_POINT('',(-72.4764562308583,-45.5399757609952,5.84999999999997));
#6211=CARTESIAN_POINT('',(-60.5257222168016,-60.5257222198113,5.84999999999997));
#6212=CARTESIAN_POINT('',(-45.5399757573906,-72.4764562331208,5.84999999999998));
#6213=CARTESIAN_POINT('',(-28.2706647551212,-80.792918095572,5.84999999999999));
#6214=CARTESIAN_POINT('',(-9.58374457402064,-85.0580856828724,5.85));
#6215=CARTESIAN_POINT('',(9.58374467363536,-85.0580856716485,5.85));
#6216=CARTESIAN_POINT('',(28.270664759142,-80.7929180941681,5.85000000000001));
#6217=CARTESIAN_POINT('',(45.53997576099,-72.4764562308513,5.85000000000002));
#6218=CARTESIAN_POINT('',(60.5257222198104,-60.5257222167991,5.85000000000003));
#6219=CARTESIAN_POINT('',(72.4764562331166,-45.539975757386,5.85000000000003));
#6220=CARTESIAN_POINT('',(80.7929180955721,-28.2706647551219,5.85000000000003));
#6221=CARTESIAN_POINT('',(85.0580856828701,-9.58374457401822,5.85000000000004));
#6222=CARTESIAN_POINT('',(85.0580856823909,9.58374457825366,5.85000000000004));
#6223=CARTESIAN_POINT('',(80.7929180941671,28.2706647591454,5.85000000000003));
#6224=CARTESIAN_POINT('',(72.4764562308485,45.5399757609968,5.85000000000003));
#6225=CARTESIAN_POINT('',(60.5257222168012,60.5257222198132,5.85000000000003));
#6226=CARTESIAN_POINT('',(45.5399757573903,72.4764562331227,5.85000000000002));
#6227=CARTESIAN_POINT('',(28.2706647551209,80.792918095574,5.85000000000001));
#6228=CARTESIAN_POINT('',(9.58374457402048,85.0580856828734,5.85));
#6229=CARTESIAN_POINT('',(-9.5837446736454,85.058085671649,5.85));
#6230=CARTESIAN_POINT('',(-28.2706647591437,80.7929180941606,5.84999999999999));
#6231=CARTESIAN_POINT('',(-45.5399757610004,72.4764562308584,5.84999999999998));
#6232=CARTESIAN_POINT('',(-60.5257222198092,60.5257222167958,5.84999999999997));
#6233=CARTESIAN_POINT('',(-72.4764562331278,45.5399757573883,5.84999999999997));
#6234=CARTESIAN_POINT('',(-80.7929180955732,28.2706647551243,5.84999999999997));
#6235=CARTESIAN_POINT('',(-85.0580856748017,-9.58374464570111,6.85));
#6236=CARTESIAN_POINT('',(-81.473805244957,-14.4204102120011,6.85));
#6237=CARTESIAN_POINT('',(-82.6399299000664,-4.0707669884714,6.85));
#6238=CARTESIAN_POINT('',(-90.2487339881738,-0.733319480343354,6.85));
#6239=CARTESIAN_POINT('',(-81.473805244957,-14.4204102120011,6.85));
#6240=CARTESIAN_POINT('',(-80.7929180941681,-28.2706647591443,6.85));
#6241=CARTESIAN_POINT('',(-76.2222436912958,-32.1884875605134,6.85));
#6242=CARTESIAN_POINT('',(-79.6621435123331,-22.3578186724382,6.85));
#6243=CARTESIAN_POINT('',(-87.8228308684887,-20.7971662053568,6.85));
#6244=CARTESIAN_POINT('',(-76.2222436912958,-32.1884875605134,6.85));
#6245=CARTESIAN_POINT('',(-72.4764562308583,-45.5399757609952,6.85));
#6246=CARTESIAN_POINT('',(-67.1485805891636,-48.3424998280884,6.85));
#6247=CARTESIAN_POINT('',(-72.6897645621874,-39.5237560545861,6.85));
#6248=CARTESIAN_POINT('',(-80.9931242928534,-39.8181561754275,6.85));
#6249=CARTESIAN_POINT('',(-67.1485805891637,-48.3424998280884,6.85));
#6250=CARTESIAN_POINT('',(-60.5257222168016,-60.5257222198113,6.85));
#6251=CARTESIAN_POINT('',(-54.7078072682355,-62.0724172935899,6.85));
#6252=CARTESIAN_POINT('',(-62.0724172908738,-54.7078072713232,6.85));
#6253=CARTESIAN_POINT('',(-70.1020842673398,-56.8424975287248,6.85));
#6254=CARTESIAN_POINT('',(-54.7078072682355,-62.0724172935899,6.85));
#6255=CARTESIAN_POINT('',(-45.5399757573906,-72.4764562331208,6.85));
#6256=CARTESIAN_POINT('',(-39.5237560509708,-72.6897645641481,6.85));
#6257=CARTESIAN_POINT('',(-48.3424998247475,-67.1485805915648,6.85));
#6258=CARTESIAN_POINT('',(-55.6958330158511,-71.0165187023324,6.85));
#6259=CARTESIAN_POINT('',(-39.5237560509708,-72.6897645641481,6.85));
#6260=CARTESIAN_POINT('',(-28.2706647551212,-80.792918095572,6.85));
#6261=CARTESIAN_POINT('',(-22.3578186684719,-79.6621435134398,6.85));
#6262=CARTESIAN_POINT('',(-32.1884875567216,-76.2222436928978,6.85));
#6263=CARTESIAN_POINT('',(-38.4967601313997,-81.6294750890494,6.85));
#6264=CARTESIAN_POINT('',(-22.3578186684719,-79.6621435134398,6.85));
#6265=CARTESIAN_POINT('',(-9.58374457402064,-85.0580856828724,6.85));
#6266=CARTESIAN_POINT('',(-4.07076689982497,-82.6399299468163,6.85));
#6267=CARTESIAN_POINT('',(-14.4204101151726,-81.4738052190925,6.85));
#6268=CARTESIAN_POINT('',(-19.3672989454916,-88.1491887397961,6.85));
#6269=CARTESIAN_POINT('',(-4.07076689982497,-82.6399299468163,6.85));
#6270=CARTESIAN_POINT('',(9.58374467363536,-85.0580856716485,6.85));
#6271=CARTESIAN_POINT('',(14.4204102504239,-81.4738052559572,6.85));
#6272=CARTESIAN_POINT('',(4.0707670234825,-82.6399298807792,6.85));
#6273=CARTESIAN_POINT('',(0.733319480344271,-90.2487339881729,6.85));
#6274=CARTESIAN_POINT('',(14.4204102504239,-81.4738052559572,6.85));
#6275=CARTESIAN_POINT('',(28.270664759142,-80.7929180941681,6.85));
#6276=CARTESIAN_POINT('',(32.1884875605094,-76.2222436912945,6.85));
#6277=CARTESIAN_POINT('',(22.3578186724381,-79.6621435123213,6.85));
#6278=CARTESIAN_POINT('',(20.7971662053483,-87.8228308684898,6.85));
#6279=CARTESIAN_POINT('',(32.1884875605094,-76.2222436912945,6.85));
#6280=CARTESIAN_POINT('',(45.53997576099,-72.4764562308513,6.85));
#6281=CARTESIAN_POINT('',(48.3424998280896,-67.1485805891598,6.85));
#6282=CARTESIAN_POINT('',(39.5237560545809,-72.6897645621853,6.85));
#6283=CARTESIAN_POINT('',(39.8181561754263,-80.9931242928534,6.85));
#6284=CARTESIAN_POINT('',(48.3424998280896,-67.1485805891598,6.85));
#6285=CARTESIAN_POINT('',(60.5257222198104,-60.5257222167991,6.85));
#6286=CARTESIAN_POINT('',(62.0724172935845,-54.7078072682319,6.85));
#6287=CARTESIAN_POINT('',(54.7078072713212,-62.0724172908668,6.85));
#6288=CARTESIAN_POINT('',(56.842497528723,-70.102084267341,6.85));
#6289=CARTESIAN_POINT('',(62.0724172935845,-54.7078072682319,6.85));
#6290=CARTESIAN_POINT('',(72.4764562331166,-45.539975757386,6.85));
#6291=CARTESIAN_POINT('',(72.6897645641484,-39.5237560509663,6.85));
#6292=CARTESIAN_POINT('',(67.1485805915634,-48.3424998247483,6.85));
#6293=CARTESIAN_POINT('',(71.0165187023301,-55.695833015854,6.85));
#6294=CARTESIAN_POINT('',(72.6897645641484,-39.5237560509663,6.85));
#6295=CARTESIAN_POINT('',(80.7929180955721,-28.2706647551219,6.85));
#6296=CARTESIAN_POINT('',(79.662143513435,-22.3578186684735,6.85));
#6297=CARTESIAN_POINT('',(76.2222436928957,-32.1884875567198,6.85));
#6298=CARTESIAN_POINT('',(81.6294750890511,-38.4967601313969,6.85));
#6299=CARTESIAN_POINT('',(79.662143513435,-22.3578186684735,6.85));
#6300=CARTESIAN_POINT('',(85.0580856828701,-9.58374457401822,6.85));
#6301=CARTESIAN_POINT('',(82.6399299468167,-4.07076689982138,6.85));
#6302=CARTESIAN_POINT('',(81.473805219087,-14.4204101151678,6.85));
#6303=CARTESIAN_POINT('',(88.1491887397959,-19.3672989454957,6.85));
#6304=CARTESIAN_POINT('',(82.6399299468167,-4.07076689982138,6.85));
#6305=CARTESIAN_POINT('',(85.0580856823909,9.58374457825366,6.85));
#6306=CARTESIAN_POINT('',(81.4738052183672,14.4204101192248,6.85));
#6307=CARTESIAN_POINT('',(82.6399299466146,4.07076690393537,6.85));
#6308=CARTESIAN_POINT('',(90.2487339881738,0.733319480339709,6.85));
#6309=CARTESIAN_POINT('',(81.4738052183672,14.4204101192248,6.85));
#6310=CARTESIAN_POINT('',(80.7929180941671,28.2706647591454,6.85));
#6311=CARTESIAN_POINT('',(76.2222436912906,32.1884875605097,6.85));
#6312=CARTESIAN_POINT('',(79.662143512321,22.3578186724414,6.85));
#6313=CARTESIAN_POINT('',(87.8228308684893,20.7971662053544,6.85));
#6314=CARTESIAN_POINT('',(76.2222436912906,32.1884875605097,6.85));
#6315=CARTESIAN_POINT('',(72.4764562308485,45.5399757609968,6.85));
#6316=CARTESIAN_POINT('',(67.1485805891563,48.3424998280945,6.85));
#6317=CARTESIAN_POINT('',(72.6897645621772,39.5237560545877,6.85));
#6318=CARTESIAN_POINT('',(80.9931242928532,39.8181561754294,6.85));
#6319=CARTESIAN_POINT('',(67.1485805891563,48.3424998280945,6.85));
#6320=CARTESIAN_POINT('',(60.5257222168012,60.5257222198132,6.85));
#6321=CARTESIAN_POINT('',(54.7078072682342,62.0724172935884,6.85));
#6322=CARTESIAN_POINT('',(62.072417290864,54.7078072713226,6.85));
#6323=CARTESIAN_POINT('',(70.1020842673397,56.8424975287268,6.85));
#6324=CARTESIAN_POINT('',(54.7078072682342,62.0724172935884,6.85));
#6325=CARTESIAN_POINT('',(45.5399757573903,72.4764562331227,6.85));
#6326=CARTESIAN_POINT('',(39.5237560509705,72.6897645641491,6.85));
#6327=CARTESIAN_POINT('',(48.3424998247461,67.1485805915662,6.85));
#6328=CARTESIAN_POINT('',(55.6958330158514,71.0165187023336,6.85));
#6329=CARTESIAN_POINT('',(39.5237560509705,72.6897645641491,6.85));
#6330=CARTESIAN_POINT('',(28.2706647551209,80.792918095574,6.85));
#6331=CARTESIAN_POINT('',(22.3578186684717,79.6621435134414,6.85));
#6332=CARTESIAN_POINT('',(32.1884875567144,76.222243692894,6.85));
#6333=CARTESIAN_POINT('',(38.4967601313992,81.6294750890513,6.85));
#6334=CARTESIAN_POINT('',(22.3578186684717,79.6621435134414,6.85));
#6335=CARTESIAN_POINT('',(9.58374457402048,85.0580856828734,6.85));
#6336=CARTESIAN_POINT('',(4.07076689982362,82.63992994682,6.85));
#6337=CARTESIAN_POINT('',(14.4204101151686,81.4738052190883,6.85));
#6338=CARTESIAN_POINT('',(19.3672989454912,88.1491887397981,6.85));
#6339=CARTESIAN_POINT('',(4.07076689982362,82.63992994682,6.85));
#6340=CARTESIAN_POINT('',(-9.5837446736454,85.058085671649,6.85));
#6341=CARTESIAN_POINT('',(-14.4204102504381,81.4738052559631,6.85));
#6342=CARTESIAN_POINT('',(-4.070767023495,82.6399298807739,6.85));
#6343=CARTESIAN_POINT('',(-0.733319480343965,90.2487339881747,6.85));
#6344=CARTESIAN_POINT('',(-14.4204102504381,81.4738052559631,6.85));
#6345=CARTESIAN_POINT('',(-28.2706647591437,80.7929180941606,6.85));
#6346=CARTESIAN_POINT('',(-32.1884875605154,76.2222436912906,6.85));
#6347=CARTESIAN_POINT('',(-22.3578186724367,79.6621435123301,6.85));
#6348=CARTESIAN_POINT('',(-20.7971662053587,87.8228308684891,6.85));
#6349=CARTESIAN_POINT('',(-32.1884875605154,76.2222436912906,6.85));
#6350=CARTESIAN_POINT('',(-45.5399757610004,72.4764562308584,6.85));
#6351=CARTESIAN_POINT('',(-48.34249982809,67.1485805891617,6.85));
#6352=CARTESIAN_POINT('',(-39.5237560545909,72.6897645621797,6.85));
#6353=CARTESIAN_POINT('',(-39.8181561754267,80.9931242928551,6.85));
#6354=CARTESIAN_POINT('',(-48.34249982809,67.1485805891617,6.85));
#6355=CARTESIAN_POINT('',(-60.5257222198092,60.5257222167958,6.85));
#6356=CARTESIAN_POINT('',(-62.0724172935952,54.7078072682318,6.85));
#6357=CARTESIAN_POINT('',(-54.7078072713219,62.0724172908703,6.85));
#6358=CARTESIAN_POINT('',(-56.8424975287234,70.1020842673428,6.85));
#6359=CARTESIAN_POINT('',(-62.0724172935952,54.7078072682318,6.85));
#6360=CARTESIAN_POINT('',(-72.4764562331278,45.5399757573883,6.85));
#6361=CARTESIAN_POINT('',(-72.6897645641484,39.5237560509682,6.85));
#6362=CARTESIAN_POINT('',(-67.1485805915717,48.342499824745,6.85));
#6363=CARTESIAN_POINT('',(-71.0165187023364,55.6958330158469,6.85));
#6364=CARTESIAN_POINT('',(-72.6897645641484,39.5237560509682,6.85));
#6365=CARTESIAN_POINT('',(-80.7929180955732,28.2706647551243,6.85));
#6366=CARTESIAN_POINT('',(-79.6621435134349,22.3578186684762,6.85));
#6367=CARTESIAN_POINT('',(-76.2222436928955,32.1884875567205,6.85));
#6368=CARTESIAN_POINT('',(-81.6294750890509,38.4967601313984,6.85));
#6369=CARTESIAN_POINT('',(-79.6621435134349,22.3578186684762,6.85));
#6370=CARTESIAN_POINT('',(-82.6399299468254,4.0707668998229,6.85));
#6371=CARTESIAN_POINT('',(-82.6399299468254,4.0707668998229,6.85));
#6372=CARTESIAN_POINT('',(-85.0580856828742,9.58374457402181,6.85));
#6373=CARTESIAN_POINT('',(-81.4738052190972,14.420410115176,6.85));
#6374=CARTESIAN_POINT('',(-88.1491887397976,19.3672989454891,6.85));
#6375=CARTESIAN_POINT('',(0.,0.,34.15));
#6376=CARTESIAN_POINT('',(5.,20.8,34.15));
#6377=CARTESIAN_POINT('',(0.,20.8,22.15));
#6378=CARTESIAN_POINT('',(0.,20.8,18.8265));
#6379=CARTESIAN_POINT('',(5.,20.8,34.15));
#6380=CARTESIAN_POINT('',(-5.,20.8,34.15));
#6381=CARTESIAN_POINT('',(-5.,20.8,34.15));
#6382=CARTESIAN_POINT('',(5.,14.6714007511212,34.15));
#6383=CARTESIAN_POINT('',(0.,40.8235,22.15));
#6384=CARTESIAN_POINT('',(0.,40.8235,22.15));
#6385=CARTESIAN_POINT('',(0.,40.8235,25.4735));
#6386=CARTESIAN_POINT('',(0.,41.5,22.15));
#6387=CARTESIAN_POINT('',(35.9400542570542,-20.75,22.15));
#6388=CARTESIAN_POINT('',(35.354188071394,-20.41175,22.15));
#6389=CARTESIAN_POINT('',(33.692438071394,-23.2899854294776,22.15));
#6390=CARTESIAN_POINT('',(14.2894191624432,-8.25,22.15));
#6391=MECHANICAL_DESIGN_GEOMETRIC_PRESENTATION_REPRESENTATION('',(#3382),
#6392);
#6392=(
GEOMETRIC_REPRESENTATION_CONTEXT(3)
GLOBAL_UNCERTAINTY_ASSIGNED_CONTEXT((#6393))
GLOBAL_UNIT_ASSIGNED_CONTEXT((#6396,#6395,#6394))
REPRESENTATION_CONTEXT('VLK02-60-28-D35','TOP_LEVEL_ASSEMBLY_PART')
);
#6393=UNCERTAINTY_MEASURE_WITH_UNIT(LENGTH_MEASURE(1.E-5),#6396,
'DISTANCE_ACCURACY_VALUE','Maximum Tolerance applied to model');
#6394=(
NAMED_UNIT(*)
SI_UNIT($,.STERADIAN.)
SOLID_ANGLE_UNIT()
);
#6395=(
NAMED_UNIT(*)
PLANE_ANGLE_UNIT()
SI_UNIT($,.RADIAN.)
);
#6396=(
LENGTH_UNIT()
NAMED_UNIT(*)
SI_UNIT(.MILLI.,.METRE.)
);
#6397=PRODUCT_DEFINITION_SHAPE('','',#6398);
#6398=PRODUCT_DEFINITION('','',#6400,#6399);
#6399=PRODUCT_DEFINITION_CONTEXT('',#6406,'design');
#6400=PRODUCT_DEFINITION_FORMATION_WITH_SPECIFIED_SOURCE('','',#6402,
 .NOT_KNOWN.);
#6401=PRODUCT_RELATED_PRODUCT_CATEGORY('','',(#6402));
#6402=PRODUCT('VLK02-60-28-D35','VLK02-60-28-D35','VLK02-60-28-D35',(#6404));
#6403=PRODUCT_CATEGORY('','');
#6404=PRODUCT_CONTEXT('',#6406,'mechanical');
#6405=APPLICATION_PROTOCOL_DEFINITION('international standard',
'automotive_design',2010,#6406);
#6406=APPLICATION_CONTEXT(
'core data for automotive mechanical design processes');
ENDSEC;
END-ISO-10303-21;
