ISO-10303-21;
HEADER;
/* Generated by software containing ST-Developer
 * from STEP Tools, Inc. (www.steptools.com) 
 */

FILE_DESCRIPTION(
/* description */ (''),
/* implementation_level */ '2;1');

FILE_NAME(
/* name */ 
'C:\\Users\\86159\\Desktop\\P1\X2\673A68B056FE5143\X0\-\X2\9F7F8F6E8F7488C5914D7EC44EF6\X0\\\
680.9.1.6\X2\9F7F8F6E8F747EC45408\X0\.stp',
/* time_stamp */ '2026-08-04T22:45:20+08:00',
/* author */ ('86159'),
/* organization */ (''),
/* preprocessor_version */ 'ST-DEVELOPER v18.1',
/* originating_system */ 'Autodesk Inventor 2021',
/* authorisation */ '');

FILE_SCHEMA (('AUTOMOTIVE_DESIGN { 1 0 10303 214 3 1 1 }'));
ENDSEC;

DATA;
#10=MECHANICAL_DESIGN_GEOMETRIC_PRESENTATION_REPRESENTATION('',(#109,#110,
#111,#112,#113,#114,#115,#116,#117,#118,#119,#120,#121,#122,#123,#124,#125,
#126),#7976);
#11=CONTEXT_DEPENDENT_OVER_RIDING_STYLED_ITEM('',(#8068),#8019,#126,(#68));
#12=CONTEXT_DEPENDENT_OVER_RIDING_STYLED_ITEM('',(#8070),#8021,#126,(#72));
#13=CONTEXT_DEPENDENT_OVER_RIDING_STYLED_ITEM('',(#8068),#8019,#126,(#69));
#14=CONTEXT_DEPENDENT_OVER_RIDING_STYLED_ITEM('',(#8069),#8020,#126,(#70));
#15=CONTEXT_DEPENDENT_OVER_RIDING_STYLED_ITEM('',(#8067),#8018,#126,(#67));
#16=CONTEXT_DEPENDENT_OVER_RIDING_STYLED_ITEM('',(#8070),#8021,#126,(#71));
#17=CONTEXT_DEPENDENT_OVER_RIDING_STYLED_ITEM('',(#8066),#8015,#126,(#66));
#18=MAPPED_ITEM('',#19,#5055);
#19=REPRESENTATION_MAP(#5055,#8012);
#20=TOROIDAL_SURFACE('',#4934,15.5,2.86);
#21=TOROIDAL_SURFACE('',#4940,10.6,0.6);
#22=TOROIDAL_SURFACE('',#4952,10.6,0.6);
#23=TOROIDAL_SURFACE('',#4954,15.5,2.86);
#24=TOROIDAL_SURFACE('',#4956,15.5,2.86);
#25=TOROIDAL_SURFACE('',#4958,15.5,2.86);
#26=TOROIDAL_SURFACE('',#4960,15.5,2.86);
#27=TOROIDAL_SURFACE('',#4962,15.5,2.86);
#28=TOROIDAL_SURFACE('',#4964,15.5,2.86);
#29=TOROIDAL_SURFACE('',#4966,15.5,2.86);
#30=TOROIDAL_SURFACE('',#4968,15.5,2.86);
#31=TOROIDAL_SURFACE('',#5011,15.5,2.86);
#32=TOROIDAL_SURFACE('',#5017,20.4,0.6);
#33=TOROIDAL_SURFACE('',#5029,20.4,0.6);
#34=TOROIDAL_SURFACE('',#5031,15.5,2.86);
#35=TOROIDAL_SURFACE('',#5033,15.5,2.86);
#36=TOROIDAL_SURFACE('',#5035,15.5,2.86);
#37=TOROIDAL_SURFACE('',#5037,15.5,2.86);
#38=TOROIDAL_SURFACE('',#5039,15.5,2.86);
#39=TOROIDAL_SURFACE('',#5041,15.5,2.86);
#40=TOROIDAL_SURFACE('',#5043,15.5,2.86);
#41=TOROIDAL_SURFACE('',#5045,15.5,2.86);
#42=SPHERICAL_SURFACE('',#4864,2.86);
#43=SPHERICAL_SURFACE('',#4868,2.86);
#44=SPHERICAL_SURFACE('',#4872,2.86);
#45=SPHERICAL_SURFACE('',#4876,2.86);
#46=SPHERICAL_SURFACE('',#4880,2.86);
#47=SPHERICAL_SURFACE('',#4884,2.86);
#48=SPHERICAL_SURFACE('',#4888,2.86);
#49=SPHERICAL_SURFACE('',#4892,2.86);
#50=SPHERICAL_SURFACE('',#4969,2.86);
#51=ITEM_DEFINED_TRANSFORMATION($,$,#4495,#4772);
#52=ITEM_DEFINED_TRANSFORMATION($,$,#4494,#4773);
#53=ITEM_DEFINED_TRANSFORMATION($,$,#4404,#5046);
#54=ITEM_DEFINED_TRANSFORMATION($,$,#4480,#5047);
#55=ITEM_DEFINED_TRANSFORMATION($,$,#4493,#5048);
#56=ITEM_DEFINED_TRANSFORMATION($,$,#4774,#5049);
#57=ITEM_DEFINED_TRANSFORMATION($,$,#4803,#5050);
#58=ITEM_DEFINED_TRANSFORMATION($,$,#4803,#5051);
#59=ITEM_DEFINED_TRANSFORMATION($,$,#4840,#5052);
#60=ITEM_DEFINED_TRANSFORMATION($,$,#4863,#5053);
#61=ITEM_DEFINED_TRANSFORMATION($,$,#4863,#5054);
#62=(
REPRESENTATION_RELATIONSHIP($,$,#8017,#8016)
REPRESENTATION_RELATIONSHIP_WITH_TRANSFORMATION(#51)
SHAPE_REPRESENTATION_RELATIONSHIP()
);
#63=(
REPRESENTATION_RELATIONSHIP($,$,#8016,#8015)
REPRESENTATION_RELATIONSHIP_WITH_TRANSFORMATION(#52)
SHAPE_REPRESENTATION_RELATIONSHIP()
);
#64=(
REPRESENTATION_RELATIONSHIP($,$,#8013,#8012)
REPRESENTATION_RELATIONSHIP_WITH_TRANSFORMATION(#53)
SHAPE_REPRESENTATION_RELATIONSHIP()
);
#65=(
REPRESENTATION_RELATIONSHIP($,$,#8014,#8012)
REPRESENTATION_RELATIONSHIP_WITH_TRANSFORMATION(#54)
SHAPE_REPRESENTATION_RELATIONSHIP()
);
#66=(
REPRESENTATION_RELATIONSHIP($,$,#8015,#8012)
REPRESENTATION_RELATIONSHIP_WITH_TRANSFORMATION(#55)
SHAPE_REPRESENTATION_RELATIONSHIP()
);
#67=(
REPRESENTATION_RELATIONSHIP($,$,#8018,#8012)
REPRESENTATION_RELATIONSHIP_WITH_TRANSFORMATION(#56)
SHAPE_REPRESENTATION_RELATIONSHIP()
);
#68=(
REPRESENTATION_RELATIONSHIP($,$,#8019,#8012)
REPRESENTATION_RELATIONSHIP_WITH_TRANSFORMATION(#57)
SHAPE_REPRESENTATION_RELATIONSHIP()
);
#69=(
REPRESENTATION_RELATIONSHIP($,$,#8019,#8012)
REPRESENTATION_RELATIONSHIP_WITH_TRANSFORMATION(#58)
SHAPE_REPRESENTATION_RELATIONSHIP()
);
#70=(
REPRESENTATION_RELATIONSHIP($,$,#8020,#8012)
REPRESENTATION_RELATIONSHIP_WITH_TRANSFORMATION(#59)
SHAPE_REPRESENTATION_RELATIONSHIP()
);
#71=(
REPRESENTATION_RELATIONSHIP($,$,#8021,#8012)
REPRESENTATION_RELATIONSHIP_WITH_TRANSFORMATION(#60)
SHAPE_REPRESENTATION_RELATIONSHIP()
);
#72=(
REPRESENTATION_RELATIONSHIP($,$,#8021,#8012)
REPRESENTATION_RELATIONSHIP_WITH_TRANSFORMATION(#61)
SHAPE_REPRESENTATION_RELATIONSHIP()
);
#73=CONTEXT_DEPENDENT_SHAPE_REPRESENTATION(#62,#7997);
#74=CONTEXT_DEPENDENT_SHAPE_REPRESENTATION(#63,#7998);
#75=CONTEXT_DEPENDENT_SHAPE_REPRESENTATION(#64,#8003);
#76=CONTEXT_DEPENDENT_SHAPE_REPRESENTATION(#65,#8004);
#77=CONTEXT_DEPENDENT_SHAPE_REPRESENTATION(#66,#8005);
#78=CONTEXT_DEPENDENT_SHAPE_REPRESENTATION(#67,#8006);
#79=CONTEXT_DEPENDENT_SHAPE_REPRESENTATION(#68,#8007);
#80=CONTEXT_DEPENDENT_SHAPE_REPRESENTATION(#69,#8008);
#81=CONTEXT_DEPENDENT_SHAPE_REPRESENTATION(#70,#8009);
#82=CONTEXT_DEPENDENT_SHAPE_REPRESENTATION(#71,#8010);
#83=CONTEXT_DEPENDENT_SHAPE_REPRESENTATION(#72,#8011);
#84=NEXT_ASSEMBLY_USAGE_OCCURRENCE('\X2\6B639F7F8F6E\X0\1:1',
'\X2\6B639F7F8F6E\X0\1:1','\X2\6B639F7F8F6E\X0\1:1',#8027,#8028,
'\X2\6B639F7F8F6E\X0\1:1');
#85=NEXT_ASSEMBLY_USAGE_OCCURRENCE('\X2\6B639F7F8F6E\X0\1:1',
'\X2\6B639F7F8F6E\X0\1:1','\X2\6B639F7F8F6E\X0\1:1',#8026,#8027,
'\X2\6B639F7F8F6E\X0\1:1');
#86=NEXT_ASSEMBLY_USAGE_OCCURRENCE('680.9.1.6-1\X2\9F7F8F6E8F74\X0\:1',
'680.9.1.6-1\X2\9F7F8F6E8F74\X0\:1','680.9.1.6-1\X2\9F7F8F6E8F74\X0\:1',
#8023,#8024,'680.9.1.6-1\X2\9F7F8F6E8F74\X0\:1');
#87=NEXT_ASSEMBLY_USAGE_OCCURRENCE('680.9.1.3-1\X2\59577B52\X0\:1',
'680.9.1.3-1\X2\59577B52\X0\:1','680.9.1.3-1\X2\59577B52\X0\:1',#8023,#8025,
'680.9.1.3-1\X2\59577B52\X0\:1');
#88=NEXT_ASSEMBLY_USAGE_OCCURRENCE('680.9.1.3-2\X2\9F7F8F6E\X0\1:1',
'680.9.1.3-2\X2\9F7F8F6E\X0\1:1','680.9.1.3-2\X2\9F7F8F6E\X0\1:1',#8023,
#8026,'680.9.1.3-2\X2\9F7F8F6E\X0\1:1');
#89=NEXT_ASSEMBLY_USAGE_OCCURRENCE('\X2\63215708\X0\ GB/T 893.1-1986 4
2:1','\X2\63215708\X0\ GB/T 893.1-1986 42:1',
'\X2\63215708\X0\ GB/T 893.1-1986 42:1',#8023,#8029,
'\X2\63215708\X0\ GB/T 893.1-1986 42:1');
#90=NEXT_ASSEMBLY_USAGE_OCCURRENCE('\X2\63215708\X0\ GB/T 894.1-1986 2
0:3','\X2\63215708\X0\ GB/T 894.1-1986 20:3',
'\X2\63215708\X0\ GB/T 894.1-1986 20:3',#8023,#8030,
'\X2\63215708\X0\ GB/T 894.1-1986 20:3');
#91=NEXT_ASSEMBLY_USAGE_OCCURRENCE('\X2\63215708\X0\ GB/T 894.1-1986 2
0:1','\X2\63215708\X0\ GB/T 894.1-1986 20:1',
'\X2\63215708\X0\ GB/T 894.1-1986 20:1',#8023,#8030,
'\X2\63215708\X0\ GB/T 894.1-1986 20:1');
#92=NEXT_ASSEMBLY_USAGE_OCCURRENCE('GB/T 1096-2003 - A A 6 x 6 x 14:1',
'GB/T 1096-2003 - A A 6 x 6 x 14:1','GB/T 1096-2003 - A A 6 x 6 x 14:1',
#8023,#8031,'GB/T 1096-2003 - A A 6 x 6 x 14:1');
#93=NEXT_ASSEMBLY_USAGE_OCCURRENCE(
'\X2\6EDA52A88F74627F\X0\ GB/T 276-1994 60000-2Z \X2\578B\X0\ 6004-2Z:
3','\X2\6EDA52A88F74627F\X0\ GB/T 276-1994 60000-2Z \X2\578B\X0\ 6004-
2Z:3','\X2\6EDA52A88F74627F\X0\ GB/T 276-1994 60000-2Z \X2\578B\X0\ 60
04-2Z:3',#8023,#8032,
'\X2\6EDA52A88F74627F\X0\ GB/T 276-1994 60000-2Z \X2\578B\X0\ 6004-2Z:
3');
#94=NEXT_ASSEMBLY_USAGE_OCCURRENCE(
'\X2\6EDA52A88F74627F\X0\ GB/T 276-1994 60000-2Z \X2\578B\X0\ 6004-2Z:
4','\X2\6EDA52A88F74627F\X0\ GB/T 276-1994 60000-2Z \X2\578B\X0\ 6004-
2Z:4','\X2\6EDA52A88F74627F\X0\ GB/T 276-1994 60000-2Z \X2\578B\X0\ 60
04-2Z:4',#8023,#8032,
'\X2\6EDA52A88F74627F\X0\ GB/T 276-1994 60000-2Z \X2\578B\X0\ 6004-2Z:
4');
#95=SHAPE_REPRESENTATION_RELATIONSHIP('SRR','None',#8013,#102);
#96=SHAPE_REPRESENTATION_RELATIONSHIP('SRR','None',#8014,#103);
#97=SHAPE_REPRESENTATION_RELATIONSHIP('SRR','None',#8017,#104);
#98=SHAPE_REPRESENTATION_RELATIONSHIP('SRR','None',#8018,#105);
#99=SHAPE_REPRESENTATION_RELATIONSHIP('SRR','None',#8019,#106);
#100=SHAPE_REPRESENTATION_RELATIONSHIP('SRR','None',#8020,#107);
#101=SHAPE_REPRESENTATION_RELATIONSHIP('SRR','None',#8021,#108);
#102=ADVANCED_BREP_SHAPE_REPRESENTATION('',(#127),#7967);
#103=ADVANCED_BREP_SHAPE_REPRESENTATION('',(#128),#7968);
#104=ADVANCED_BREP_SHAPE_REPRESENTATION('',(#129),#7971);
#105=ADVANCED_BREP_SHAPE_REPRESENTATION('',(#130),#7972);
#106=ADVANCED_BREP_SHAPE_REPRESENTATION('',(#131),#7973);
#107=ADVANCED_BREP_SHAPE_REPRESENTATION('',(#132),#7974);
#108=ADVANCED_BREP_SHAPE_REPRESENTATION('',(#133,#134,#135,#136,#137,#138,
#139,#140,#141,#142,#143),#7975);
#109=STYLED_ITEM('',(#8071),#127);
#110=STYLED_ITEM('',(#8072),#128);
#111=STYLED_ITEM('',(#8073),#129);
#112=STYLED_ITEM('',(#8074),#130);
#113=STYLED_ITEM('',(#8074),#131);
#114=STYLED_ITEM('',(#8074),#132);
#115=STYLED_ITEM('',(#8074),#133);
#116=STYLED_ITEM('',(#8074),#134);
#117=STYLED_ITEM('',(#8074),#135);
#118=STYLED_ITEM('',(#8074),#136);
#119=STYLED_ITEM('',(#8074),#137);
#120=STYLED_ITEM('',(#8074),#138);
#121=STYLED_ITEM('',(#8074),#139);
#122=STYLED_ITEM('',(#8074),#140);
#123=STYLED_ITEM('',(#8074),#141);
#124=STYLED_ITEM('',(#8074),#142);
#125=STYLED_ITEM('',(#8074),#143);
#126=STYLED_ITEM('',(#8075),#18);
#127=MANIFOLD_SOLID_BREP('\X2\5B9E4F53\X0\1',#4248);
#128=MANIFOLD_SOLID_BREP('\X2\5B9E4F53\X0\1',#4249);
#129=MANIFOLD_SOLID_BREP('Solid1',#4250);
#130=MANIFOLD_SOLID_BREP('Solid1',#4251);
#131=MANIFOLD_SOLID_BREP('Solid1',#4252);
#132=MANIFOLD_SOLID_BREP('Solid1',#4253);
#133=MANIFOLD_SOLID_BREP('Solid1',#4254);
#134=MANIFOLD_SOLID_BREP('Solid1',#4255);
#135=MANIFOLD_SOLID_BREP('Solid1',#4256);
#136=MANIFOLD_SOLID_BREP('Solid1',#4257);
#137=MANIFOLD_SOLID_BREP('Solid1',#4258);
#138=MANIFOLD_SOLID_BREP('Solid1',#4259);
#139=MANIFOLD_SOLID_BREP('Solid1',#4260);
#140=MANIFOLD_SOLID_BREP('Solid1',#4261);
#141=MANIFOLD_SOLID_BREP('Solid1',#4262);
#142=MANIFOLD_SOLID_BREP('Solid1',#4263);
#143=MANIFOLD_SOLID_BREP('Solid1',#4264);
#144=FACE_BOUND('',#1021,.T.);
#145=FACE_BOUND('',#1024,.T.);
#146=FACE_BOUND('',#1027,.T.);
#147=FACE_BOUND('',#1029,.T.);
#148=FACE_BOUND('',#1031,.T.);
#149=FACE_BOUND('',#1034,.T.);
#150=FACE_BOUND('',#1038,.T.);
#151=FACE_BOUND('',#1041,.T.);
#152=FACE_BOUND('',#1113,.T.);
#153=FACE_BOUND('',#1140,.T.);
#154=FACE_BOUND('',#1152,.T.);
#155=FACE_BOUND('',#1153,.T.);
#156=FACE_BOUND('',#1155,.T.);
#157=FACE_BOUND('',#1156,.T.);
#158=FACE_BOUND('',#1172,.T.);
#159=FACE_BOUND('',#1173,.T.);
#160=FACE_BOUND('',#1175,.T.);
#161=FACE_BOUND('',#1176,.T.);
#162=FACE_BOUND('',#1192,.T.);
#163=FACE_BOUND('',#1193,.T.);
#164=FACE_BOUND('',#1195,.T.);
#165=FACE_BOUND('',#1196,.T.);
#166=FACE_BOUND('',#1198,.T.);
#167=FACE_BOUND('',#1199,.T.);
#168=FACE_BOUND('',#1201,.T.);
#169=FACE_BOUND('',#1202,.T.);
#170=FACE_BOUND('',#1204,.T.);
#171=FACE_BOUND('',#1205,.T.);
#172=FACE_BOUND('',#1207,.T.);
#173=FACE_BOUND('',#1208,.T.);
#174=FACE_BOUND('',#1210,.T.);
#175=FACE_BOUND('',#1211,.T.);
#176=FACE_BOUND('',#1213,.T.);
#177=FACE_BOUND('',#1214,.T.);
#178=FACE_BOUND('',#1217,.T.);
#179=FACE_BOUND('',#1221,.T.);
#180=FACE_BOUND('',#1225,.T.);
#181=FACE_BOUND('',#1228,.T.);
#182=FACE_BOUND('',#1240,.T.);
#183=FACE_BOUND('',#1241,.T.);
#184=FACE_BOUND('',#1244,.T.);
#185=FACE_BOUND('',#1248,.T.);
#186=FACE_BOUND('',#1252,.T.);
#187=FACE_BOUND('',#1255,.T.);
#188=B_SPLINE_CURVE_WITH_KNOTS('',3,(#6695,#6696,#6697,#6698,#6699,#6700,
#6701,#6702,#6703,#6704),.UNSPECIFIED.,.F.,.F.,(4,2,2,2,4),(0.,0.113783176196775,
0.227566352393549,0.34131563198115,0.455064911568751),.UNSPECIFIED.);
#189=B_SPLINE_CURVE_WITH_KNOTS('',3,(#6711,#6712,#6713,#6714,#6715,#6716,
#6717,#6718,#6719,#6720),.UNSPECIFIED.,.F.,.F.,(4,2,2,2,4),(0.455064911568751,
0.568814191156352,0.682563470743953,0.796346646940728,0.910129823137502),
 .UNSPECIFIED.);
#190=B_SPLINE_CURVE_WITH_KNOTS('',3,(#6735,#6736,#6737,#6738,#6739,#6740,
#6741,#6742,#6743,#6744),.UNSPECIFIED.,.F.,.F.,(4,2,2,2,4),(-0.455064911568751,
-0.34131563198115,-0.227566352393549,-0.113783176196775,0.),
 .UNSPECIFIED.);
#191=B_SPLINE_CURVE_WITH_KNOTS('',3,(#6745,#6746,#6747,#6748,#6749,#6750,
#6751,#6752,#6753,#6754),.UNSPECIFIED.,.F.,.F.,(4,2,2,2,4),(-0.910129823137502,
-0.796346646940727,-0.682563470743953,-0.568814191156352,-0.455064911568751),
 .UNSPECIFIED.);
#192=ELLIPSE('',#4435,10.2215243544294,6.73196480427232);
#193=ELLIPSE('',#4437,10.2215243544294,6.73196480427232);
#194=ELLIPSE('',#4440,10.2215243544294,6.73196480427232);
#195=ELLIPSE('',#4443,10.2215243544294,6.73196480427232);
#196=PLANE('',#4425);
#197=PLANE('',#4433);
#198=PLANE('',#4438);
#199=PLANE('',#4439);
#200=PLANE('',#4444);
#201=PLANE('',#4445);
#202=PLANE('',#4446);
#203=PLANE('',#4449);
#204=PLANE('',#4450);
#205=PLANE('',#4453);
#206=PLANE('',#4454);
#207=PLANE('',#4455);
#208=PLANE('',#4461);
#209=PLANE('',#4467);
#210=PLANE('',#4473);
#211=PLANE('',#4479);
#212=PLANE('',#4486);
#213=PLANE('',#4490);
#214=PLANE('',#4499);
#215=PLANE('',#4502);
#216=PLANE('',#4505);
#217=PLANE('',#4695);
#218=PLANE('',#4771);
#219=PLANE('',#4790);
#220=PLANE('',#4794);
#221=PLANE('',#4801);
#222=PLANE('',#4802);
#223=PLANE('',#4813);
#224=PLANE('',#4823);
#225=PLANE('',#4830);
#226=PLANE('',#4834);
#227=PLANE('',#4838);
#228=PLANE('',#4839);
#229=PLANE('',#4841);
#230=PLANE('',#4848);
#231=PLANE('',#4851);
#232=PLANE('',#4852);
#233=PLANE('',#4855);
#234=PLANE('',#4856);
#235=PLANE('',#4860);
#236=PLANE('',#4861);
#237=PLANE('',#4909);
#238=PLANE('',#4920);
#239=PLANE('',#4937);
#240=PLANE('',#4945);
#241=PLANE('',#4986);
#242=PLANE('',#4997);
#243=PLANE('',#5014);
#244=PLANE('',#5022);
#245=LINE('',#6611,#442);
#246=LINE('',#6614,#443);
#247=LINE('',#6617,#444);
#248=LINE('',#6620,#445);
#249=LINE('',#6626,#446);
#250=LINE('',#6628,#447);
#251=LINE('',#6631,#448);
#252=LINE('',#6633,#449);
#253=LINE('',#6636,#450);
#254=LINE('',#6643,#451);
#255=LINE('',#6647,#452);
#256=LINE('',#6652,#453);
#257=LINE('',#6658,#454);
#258=LINE('',#6674,#455);
#259=LINE('',#6676,#456);
#260=LINE('',#6682,#457);
#261=LINE('',#6689,#458);
#262=LINE('',#6706,#459);
#263=LINE('',#6710,#460);
#264=LINE('',#6723,#461);
#265=LINE('',#6725,#462);
#266=LINE('',#6726,#463);
#267=LINE('',#6729,#464);
#268=LINE('',#6731,#465);
#269=LINE('',#6732,#466);
#270=LINE('',#6768,#467);
#271=LINE('',#6779,#468);
#272=LINE('',#6790,#469);
#273=LINE('',#6801,#470);
#274=LINE('',#6808,#471);
#275=LINE('',#6812,#472);
#276=LINE('',#6820,#473);
#277=LINE('',#6825,#474);
#278=LINE('',#6844,#475);
#279=LINE('',#6850,#476);
#280=LINE('',#6852,#477);
#281=LINE('',#6853,#478);
#282=LINE('',#6856,#479);
#283=LINE('',#6860,#480);
#284=LINE('',#6862,#481);
#285=LINE('',#6864,#482);
#286=LINE('',#6871,#483);
#287=LINE('',#6872,#484);
#288=LINE('',#6878,#485);
#289=LINE('',#6881,#486);
#290=LINE('',#6887,#487);
#291=LINE('',#6892,#488);
#292=LINE('',#6899,#489);
#293=LINE('',#6902,#490);
#294=LINE('',#6908,#491);
#295=LINE('',#6913,#492);
#296=LINE('',#6920,#493);
#297=LINE('',#6923,#494);
#298=LINE('',#6929,#495);
#299=LINE('',#6934,#496);
#300=LINE('',#6941,#497);
#301=LINE('',#6944,#498);
#302=LINE('',#6950,#499);
#303=LINE('',#6955,#500);
#304=LINE('',#6962,#501);
#305=LINE('',#6965,#502);
#306=LINE('',#6971,#503);
#307=LINE('',#6976,#504);
#308=LINE('',#6983,#505);
#309=LINE('',#6986,#506);
#310=LINE('',#6992,#507);
#311=LINE('',#6997,#508);
#312=LINE('',#7004,#509);
#313=LINE('',#7007,#510);
#314=LINE('',#7013,#511);
#315=LINE('',#7018,#512);
#316=LINE('',#7025,#513);
#317=LINE('',#7028,#514);
#318=LINE('',#7034,#515);
#319=LINE('',#7039,#516);
#320=LINE('',#7046,#517);
#321=LINE('',#7049,#518);
#322=LINE('',#7055,#519);
#323=LINE('',#7060,#520);
#324=LINE('',#7067,#521);
#325=LINE('',#7070,#522);
#326=LINE('',#7076,#523);
#327=LINE('',#7081,#524);
#328=LINE('',#7088,#525);
#329=LINE('',#7091,#526);
#330=LINE('',#7097,#527);
#331=LINE('',#7102,#528);
#332=LINE('',#7109,#529);
#333=LINE('',#7112,#530);
#334=LINE('',#7118,#531);
#335=LINE('',#7123,#532);
#336=LINE('',#7130,#533);
#337=LINE('',#7133,#534);
#338=LINE('',#7139,#535);
#339=LINE('',#7144,#536);
#340=LINE('',#7151,#537);
#341=LINE('',#7154,#538);
#342=LINE('',#7160,#539);
#343=LINE('',#7165,#540);
#344=LINE('',#7172,#541);
#345=LINE('',#7175,#542);
#346=LINE('',#7181,#543);
#347=LINE('',#7186,#544);
#348=LINE('',#7193,#545);
#349=LINE('',#7196,#546);
#350=LINE('',#7202,#547);
#351=LINE('',#7207,#548);
#352=LINE('',#7214,#549);
#353=LINE('',#7217,#550);
#354=LINE('',#7223,#551);
#355=LINE('',#7228,#552);
#356=LINE('',#7235,#553);
#357=LINE('',#7238,#554);
#358=LINE('',#7244,#555);
#359=LINE('',#7249,#556);
#360=LINE('',#7256,#557);
#361=LINE('',#7259,#558);
#362=LINE('',#7265,#559);
#363=LINE('',#7270,#560);
#364=LINE('',#7277,#561);
#365=LINE('',#7280,#562);
#366=LINE('',#7286,#563);
#367=LINE('',#7291,#564);
#368=LINE('',#7298,#565);
#369=LINE('',#7301,#566);
#370=LINE('',#7307,#567);
#371=LINE('',#7312,#568);
#372=LINE('',#7347,#569);
#373=LINE('',#7390,#570);
#374=LINE('',#7393,#571);
#375=LINE('',#7397,#572);
#376=LINE('',#7410,#573);
#377=LINE('',#7416,#574);
#378=LINE('',#7423,#575);
#379=LINE('',#7426,#576);
#380=LINE('',#7431,#577);
#381=LINE('',#7437,#578);
#382=LINE('',#7441,#579);
#383=LINE('',#7443,#580);
#384=LINE('',#7444,#581);
#385=LINE('',#7449,#582);
#386=LINE('',#7453,#583);
#387=LINE('',#7455,#584);
#388=LINE('',#7456,#585);
#389=LINE('',#7461,#586);
#390=LINE('',#7473,#587);
#391=LINE('',#7479,#588);
#392=LINE('',#7486,#589);
#393=LINE('',#7489,#590);
#394=LINE('',#7492,#591);
#395=LINE('',#7494,#592);
#396=LINE('',#7495,#593);
#397=LINE('',#7500,#594);
#398=LINE('',#7506,#595);
#399=LINE('',#7512,#596);
#400=LINE('',#7516,#597);
#401=LINE('',#7518,#598);
#402=LINE('',#7519,#599);
#403=LINE('',#7524,#600);
#404=LINE('',#7530,#601);
#405=LINE('',#7534,#602);
#406=LINE('',#7536,#603);
#407=LINE('',#7537,#604);
#408=LINE('',#7542,#605);
#409=LINE('',#7546,#606);
#410=LINE('',#7548,#607);
#411=LINE('',#7549,#608);
#412=LINE('',#7559,#609);
#413=LINE('',#7561,#610);
#414=LINE('',#7563,#611);
#415=LINE('',#7564,#612);
#416=LINE('',#7568,#613);
#417=LINE('',#7574,#614);
#418=LINE('',#7578,#615);
#419=LINE('',#7579,#616);
#420=LINE('',#7582,#617);
#421=LINE('',#7585,#618);
#422=LINE('',#7588,#619);
#423=LINE('',#7589,#620);
#424=LINE('',#7593,#621);
#425=LINE('',#7596,#622);
#426=LINE('',#7599,#623);
#427=LINE('',#7600,#624);
#428=LINE('',#7604,#625);
#429=LINE('',#7605,#626);
#430=LINE('',#7606,#627);
#431=LINE('',#7612,#628);
#432=LINE('',#7710,#629);
#433=LINE('',#7728,#630);
#434=LINE('',#7738,#631);
#435=LINE('',#7749,#632);
#436=LINE('',#7792,#633);
#437=LINE('',#7830,#634);
#438=LINE('',#7860,#635);
#439=LINE('',#7867,#636);
#440=LINE('',#7889,#637);
#441=LINE('',#7926,#638);
#442=VECTOR('',#5084,10.);
#443=VECTOR('',#5087,10.);
#444=VECTOR('',#5090,10.);
#445=VECTOR('',#5093,10.);
#446=VECTOR('',#5100,9.);
#447=VECTOR('',#5101,10.);
#448=VECTOR('',#5104,10.);
#449=VECTOR('',#5105,10.);
#450=VECTOR('',#5108,10.);
#451=VECTOR('',#5111,10.);
#452=VECTOR('',#5112,10.);
#453=VECTOR('',#5117,9.74999999999999);
#454=VECTOR('',#5124,9.99999999999999);
#455=VECTOR('',#5141,10.);
#456=VECTOR('',#5142,10.);
#457=VECTOR('',#5145,10.);
#458=VECTOR('',#5156,10.);
#459=VECTOR('',#5163,10.);
#460=VECTOR('',#5166,10.);
#461=VECTOR('',#5169,10.);
#462=VECTOR('',#5170,10.);
#463=VECTOR('',#5171,10.);
#464=VECTOR('',#5174,10.);
#465=VECTOR('',#5175,10.);
#466=VECTOR('',#5176,10.);
#467=VECTOR('',#5197,10.);
#468=VECTOR('',#5210,9.5);
#469=VECTOR('',#5223,10.);
#470=VECTOR('',#5236,9.49999999999999);
#471=VECTOR('',#5245,10.25);
#472=VECTOR('',#5250,10.);
#473=VECTOR('',#5261,10.25);
#474=VECTOR('',#5268,13.5);
#475=VECTOR('',#5283,10.);
#476=VECTOR('',#5284,10.);
#477=VECTOR('',#5285,10.);
#478=VECTOR('',#5286,10.);
#479=VECTOR('',#5289,10.);
#480=VECTOR('',#5294,10.);
#481=VECTOR('',#5295,10.);
#482=VECTOR('',#5296,10.);
#483=VECTOR('',#5303,10.);
#484=VECTOR('',#5304,10.);
#485=VECTOR('',#5309,10.);
#486=VECTOR('',#5312,10.);
#487=VECTOR('',#5319,10.);
#488=VECTOR('',#5324,10.);
#489=VECTOR('',#5331,10.);
#490=VECTOR('',#5334,10.);
#491=VECTOR('',#5341,10.);
#492=VECTOR('',#5346,10.);
#493=VECTOR('',#5353,10.);
#494=VECTOR('',#5356,10.);
#495=VECTOR('',#5363,10.);
#496=VECTOR('',#5368,10.);
#497=VECTOR('',#5375,10.);
#498=VECTOR('',#5378,10.);
#499=VECTOR('',#5385,10.);
#500=VECTOR('',#5390,10.);
#501=VECTOR('',#5397,10.);
#502=VECTOR('',#5400,10.);
#503=VECTOR('',#5407,10.);
#504=VECTOR('',#5412,10.);
#505=VECTOR('',#5419,10.);
#506=VECTOR('',#5422,10.);
#507=VECTOR('',#5429,10.);
#508=VECTOR('',#5434,10.);
#509=VECTOR('',#5441,10.);
#510=VECTOR('',#5444,10.);
#511=VECTOR('',#5451,10.);
#512=VECTOR('',#5456,10.);
#513=VECTOR('',#5463,10.);
#514=VECTOR('',#5466,10.);
#515=VECTOR('',#5473,10.);
#516=VECTOR('',#5478,10.);
#517=VECTOR('',#5485,10.);
#518=VECTOR('',#5488,10.);
#519=VECTOR('',#5495,10.);
#520=VECTOR('',#5500,10.);
#521=VECTOR('',#5507,10.);
#522=VECTOR('',#5510,10.);
#523=VECTOR('',#5517,10.);
#524=VECTOR('',#5522,10.);
#525=VECTOR('',#5529,10.);
#526=VECTOR('',#5532,10.);
#527=VECTOR('',#5539,10.);
#528=VECTOR('',#5544,10.);
#529=VECTOR('',#5551,10.);
#530=VECTOR('',#5554,10.);
#531=VECTOR('',#5561,10.);
#532=VECTOR('',#5566,10.);
#533=VECTOR('',#5573,10.);
#534=VECTOR('',#5576,10.);
#535=VECTOR('',#5583,10.);
#536=VECTOR('',#5588,10.);
#537=VECTOR('',#5595,10.);
#538=VECTOR('',#5598,10.);
#539=VECTOR('',#5605,10.);
#540=VECTOR('',#5610,10.);
#541=VECTOR('',#5617,10.);
#542=VECTOR('',#5620,10.);
#543=VECTOR('',#5627,10.);
#544=VECTOR('',#5632,10.);
#545=VECTOR('',#5639,10.);
#546=VECTOR('',#5642,10.);
#547=VECTOR('',#5649,10.);
#548=VECTOR('',#5654,10.);
#549=VECTOR('',#5661,10.);
#550=VECTOR('',#5664,10.);
#551=VECTOR('',#5671,10.);
#552=VECTOR('',#5676,10.);
#553=VECTOR('',#5683,10.);
#554=VECTOR('',#5686,10.);
#555=VECTOR('',#5693,10.);
#556=VECTOR('',#5698,10.);
#557=VECTOR('',#5705,10.);
#558=VECTOR('',#5708,10.);
#559=VECTOR('',#5715,10.);
#560=VECTOR('',#5720,10.);
#561=VECTOR('',#5727,10.);
#562=VECTOR('',#5730,10.);
#563=VECTOR('',#5737,10.);
#564=VECTOR('',#5742,10.);
#565=VECTOR('',#5749,10.);
#566=VECTOR('',#5752,10.);
#567=VECTOR('',#5759,10.);
#568=VECTOR('',#5764,10.);
#569=VECTOR('',#5823,10.);
#570=VECTOR('',#5906,10.);
#571=VECTOR('',#5909,10.);
#572=VECTOR('',#5914,10.);
#573=VECTOR('',#5935,1.5);
#574=VECTOR('',#5942,1.5);
#575=VECTOR('',#5949,10.);
#576=VECTOR('',#5952,10.);
#577=VECTOR('',#5957,10.);
#578=VECTOR('',#5964,10.);
#579=VECTOR('',#5969,10.);
#580=VECTOR('',#5970,10.);
#581=VECTOR('',#5971,10.);
#582=VECTOR('',#5976,10.);
#583=VECTOR('',#5981,10.);
#584=VECTOR('',#5982,10.);
#585=VECTOR('',#5983,10.);
#586=VECTOR('',#5988,10.);
#587=VECTOR('',#6007,1.);
#588=VECTOR('',#6014,1.);
#589=VECTOR('',#6021,10.);
#590=VECTOR('',#6024,10.);
#591=VECTOR('',#6027,10.);
#592=VECTOR('',#6028,10.);
#593=VECTOR('',#6029,10.);
#594=VECTOR('',#6034,10.);
#595=VECTOR('',#6041,10.);
#596=VECTOR('',#6048,10.);
#597=VECTOR('',#6053,10.);
#598=VECTOR('',#6054,10.);
#599=VECTOR('',#6055,10.);
#600=VECTOR('',#6060,10.);
#601=VECTOR('',#6067,10.);
#602=VECTOR('',#6072,10.);
#603=VECTOR('',#6073,10.);
#604=VECTOR('',#6074,10.);
#605=VECTOR('',#6079,10.);
#606=VECTOR('',#6084,10.);
#607=VECTOR('',#6085,10.);
#608=VECTOR('',#6086,10.);
#609=VECTOR('',#6101,10.);
#610=VECTOR('',#6102,10.);
#611=VECTOR('',#6103,10.);
#612=VECTOR('',#6104,10.);
#613=VECTOR('',#6107,10.);
#614=VECTOR('',#6114,10.);
#615=VECTOR('',#6121,10.);
#616=VECTOR('',#6122,10.);
#617=VECTOR('',#6125,10.);
#618=VECTOR('',#6128,10.);
#619=VECTOR('',#6131,10.);
#620=VECTOR('',#6132,10.);
#621=VECTOR('',#6137,10.);
#622=VECTOR('',#6140,10.);
#623=VECTOR('',#6143,10.);
#624=VECTOR('',#6144,10.);
#625=VECTOR('',#6147,10.);
#626=VECTOR('',#6148,10.);
#627=VECTOR('',#6149,10.);
#628=VECTOR('',#6160,10.);
#629=VECTOR('',#6243,13.586);
#630=VECTOR('',#6264,12.9067);
#631=VECTOR('',#6275,12.9067);
#632=VECTOR('',#6288,13.586);
#633=VECTOR('',#6339,10.);
#634=VECTOR('',#6392,17.414);
#635=VECTOR('',#6425,18.0933);
#636=VECTOR('',#6432,18.0933);
#637=VECTOR('',#6457,17.414);
#638=VECTOR('',#6502,21.);
#639=CYLINDRICAL_SURFACE('',#4416,9.);
#640=CYLINDRICAL_SURFACE('',#4418,9.);
#641=CYLINDRICAL_SURFACE('',#4420,9.);
#642=CYLINDRICAL_SURFACE('',#4430,9.99999999999999);
#643=CYLINDRICAL_SURFACE('',#4447,3.);
#644=CYLINDRICAL_SURFACE('',#4451,3.);
#645=CYLINDRICAL_SURFACE('',#4458,10.);
#646=CYLINDRICAL_SURFACE('',#4464,9.5);
#647=CYLINDRICAL_SURFACE('',#4470,10.);
#648=CYLINDRICAL_SURFACE('',#4476,9.49999999999999);
#649=CYLINDRICAL_SURFACE('',#4484,10.);
#650=CYLINDRICAL_SURFACE('',#4492,13.5);
#651=CYLINDRICAL_SURFACE('',#4500,10.);
#652=CYLINDRICAL_SURFACE('',#4506,19.5);
#653=CYLINDRICAL_SURFACE('',#4509,17.3917160014371);
#654=CYLINDRICAL_SURFACE('',#4512,17.3917160014371);
#655=CYLINDRICAL_SURFACE('',#4515,19.5);
#656=CYLINDRICAL_SURFACE('',#4518,17.3917160014371);
#657=CYLINDRICAL_SURFACE('',#4521,17.3917160014371);
#658=CYLINDRICAL_SURFACE('',#4524,19.5);
#659=CYLINDRICAL_SURFACE('',#4527,17.3917160014371);
#660=CYLINDRICAL_SURFACE('',#4530,17.3917160014371);
#661=CYLINDRICAL_SURFACE('',#4533,19.5);
#662=CYLINDRICAL_SURFACE('',#4536,17.3917160014371);
#663=CYLINDRICAL_SURFACE('',#4539,17.3917160014371);
#664=CYLINDRICAL_SURFACE('',#4542,19.5);
#665=CYLINDRICAL_SURFACE('',#4545,17.3917160014371);
#666=CYLINDRICAL_SURFACE('',#4548,17.3917160014371);
#667=CYLINDRICAL_SURFACE('',#4551,19.5);
#668=CYLINDRICAL_SURFACE('',#4554,17.3917160014371);
#669=CYLINDRICAL_SURFACE('',#4557,17.3917160014371);
#670=CYLINDRICAL_SURFACE('',#4560,19.5);
#671=CYLINDRICAL_SURFACE('',#4563,17.3917160014371);
#672=CYLINDRICAL_SURFACE('',#4566,17.3917160014371);
#673=CYLINDRICAL_SURFACE('',#4569,19.5);
#674=CYLINDRICAL_SURFACE('',#4572,17.3917160014371);
#675=CYLINDRICAL_SURFACE('',#4575,17.3917160014371);
#676=CYLINDRICAL_SURFACE('',#4578,19.5);
#677=CYLINDRICAL_SURFACE('',#4581,17.3917160014371);
#678=CYLINDRICAL_SURFACE('',#4584,17.3917160014371);
#679=CYLINDRICAL_SURFACE('',#4587,19.5);
#680=CYLINDRICAL_SURFACE('',#4590,17.3917160014371);
#681=CYLINDRICAL_SURFACE('',#4593,17.3917160014371);
#682=CYLINDRICAL_SURFACE('',#4596,19.5);
#683=CYLINDRICAL_SURFACE('',#4599,17.3917160014371);
#684=CYLINDRICAL_SURFACE('',#4602,17.3917160014371);
#685=CYLINDRICAL_SURFACE('',#4605,19.5);
#686=CYLINDRICAL_SURFACE('',#4608,17.3917160014371);
#687=CYLINDRICAL_SURFACE('',#4611,17.3917160014371);
#688=CYLINDRICAL_SURFACE('',#4614,19.5);
#689=CYLINDRICAL_SURFACE('',#4617,17.3917160014371);
#690=CYLINDRICAL_SURFACE('',#4620,17.3917160014371);
#691=CYLINDRICAL_SURFACE('',#4623,19.5);
#692=CYLINDRICAL_SURFACE('',#4626,17.3917160014371);
#693=CYLINDRICAL_SURFACE('',#4629,17.3917160014371);
#694=CYLINDRICAL_SURFACE('',#4632,19.5);
#695=CYLINDRICAL_SURFACE('',#4635,17.3917160014371);
#696=CYLINDRICAL_SURFACE('',#4638,17.3917160014371);
#697=CYLINDRICAL_SURFACE('',#4641,19.5);
#698=CYLINDRICAL_SURFACE('',#4644,17.3917160014371);
#699=CYLINDRICAL_SURFACE('',#4647,17.3917160014371);
#700=CYLINDRICAL_SURFACE('',#4650,19.5);
#701=CYLINDRICAL_SURFACE('',#4653,17.3917160014371);
#702=CYLINDRICAL_SURFACE('',#4656,17.3917160014371);
#703=CYLINDRICAL_SURFACE('',#4659,19.5);
#704=CYLINDRICAL_SURFACE('',#4662,17.3917160014371);
#705=CYLINDRICAL_SURFACE('',#4665,17.3917160014371);
#706=CYLINDRICAL_SURFACE('',#4668,19.5);
#707=CYLINDRICAL_SURFACE('',#4671,17.3917160014371);
#708=CYLINDRICAL_SURFACE('',#4674,17.3917160014371);
#709=CYLINDRICAL_SURFACE('',#4677,19.5);
#710=CYLINDRICAL_SURFACE('',#4680,17.3917160014371);
#711=CYLINDRICAL_SURFACE('',#4683,17.3917160014371);
#712=CYLINDRICAL_SURFACE('',#4686,19.5);
#713=CYLINDRICAL_SURFACE('',#4689,17.3917160014371);
#714=CYLINDRICAL_SURFACE('',#4692,17.3917160014371);
#715=CYLINDRICAL_SURFACE('',#4721,24.);
#716=CYLINDRICAL_SURFACE('',#4723,24.);
#717=CYLINDRICAL_SURFACE('',#4725,24.);
#718=CYLINDRICAL_SURFACE('',#4727,24.);
#719=CYLINDRICAL_SURFACE('',#4729,24.);
#720=CYLINDRICAL_SURFACE('',#4731,24.);
#721=CYLINDRICAL_SURFACE('',#4733,24.);
#722=CYLINDRICAL_SURFACE('',#4735,24.);
#723=CYLINDRICAL_SURFACE('',#4737,24.);
#724=CYLINDRICAL_SURFACE('',#4739,24.);
#725=CYLINDRICAL_SURFACE('',#4741,24.);
#726=CYLINDRICAL_SURFACE('',#4743,24.);
#727=CYLINDRICAL_SURFACE('',#4745,24.);
#728=CYLINDRICAL_SURFACE('',#4747,24.);
#729=CYLINDRICAL_SURFACE('',#4749,24.);
#730=CYLINDRICAL_SURFACE('',#4751,24.);
#731=CYLINDRICAL_SURFACE('',#4753,24.);
#732=CYLINDRICAL_SURFACE('',#4755,24.);
#733=CYLINDRICAL_SURFACE('',#4757,24.);
#734=CYLINDRICAL_SURFACE('',#4759,24.);
#735=CYLINDRICAL_SURFACE('',#4761,24.);
#736=CYLINDRICAL_SURFACE('',#4763,19.5);
#737=CYLINDRICAL_SURFACE('',#4765,17.3917160014371);
#738=CYLINDRICAL_SURFACE('',#4767,17.3917160014371);
#739=CYLINDRICAL_SURFACE('',#4769,24.);
#740=CYLINDRICAL_SURFACE('',#4775,1.5);
#741=CYLINDRICAL_SURFACE('',#4778,1.5);
#742=CYLINDRICAL_SURFACE('',#4781,19.25);
#743=CYLINDRICAL_SURFACE('',#4784,3.);
#744=CYLINDRICAL_SURFACE('',#4787,3.);
#745=CYLINDRICAL_SURFACE('',#4791,22.25);
#746=CYLINDRICAL_SURFACE('',#4795,3.);
#747=CYLINDRICAL_SURFACE('',#4798,3.);
#748=CYLINDRICAL_SURFACE('',#4804,1.);
#749=CYLINDRICAL_SURFACE('',#4807,1.);
#750=CYLINDRICAL_SURFACE('',#4810,0.5);
#751=CYLINDRICAL_SURFACE('',#4814,1.);
#752=CYLINDRICAL_SURFACE('',#4817,11.26);
#753=CYLINDRICAL_SURFACE('',#4820,1.);
#754=CYLINDRICAL_SURFACE('',#4824,0.5);
#755=CYLINDRICAL_SURFACE('',#4827,13.2741374958332);
#756=CYLINDRICAL_SURFACE('',#4831,9.25);
#757=CYLINDRICAL_SURFACE('',#4835,13.2741374958332);
#758=CYLINDRICAL_SURFACE('',#4849,3.);
#759=CYLINDRICAL_SURFACE('',#4862,3.);
#760=CYLINDRICAL_SURFACE('',#4896,13.586);
#761=CYLINDRICAL_SURFACE('',#4912,12.9067);
#762=CYLINDRICAL_SURFACE('',#4915,12.9067);
#763=CYLINDRICAL_SURFACE('',#4923,13.586);
#764=CYLINDRICAL_SURFACE('',#4948,10.);
#765=CYLINDRICAL_SURFACE('',#4973,17.414);
#766=CYLINDRICAL_SURFACE('',#4989,18.0933);
#767=CYLINDRICAL_SURFACE('',#4992,18.0933);
#768=CYLINDRICAL_SURFACE('',#5000,17.414);
#769=CYLINDRICAL_SURFACE('',#5025,21.);
#770=FACE_OUTER_BOUND('',#996,.T.);
#771=FACE_OUTER_BOUND('',#997,.T.);
#772=FACE_OUTER_BOUND('',#998,.T.);
#773=FACE_OUTER_BOUND('',#999,.T.);
#774=FACE_OUTER_BOUND('',#1000,.T.);
#775=FACE_OUTER_BOUND('',#1001,.T.);
#776=FACE_OUTER_BOUND('',#1002,.T.);
#777=FACE_OUTER_BOUND('',#1003,.T.);
#778=FACE_OUTER_BOUND('',#1004,.T.);
#779=FACE_OUTER_BOUND('',#1005,.T.);
#780=FACE_OUTER_BOUND('',#1006,.T.);
#781=FACE_OUTER_BOUND('',#1007,.T.);
#782=FACE_OUTER_BOUND('',#1008,.T.);
#783=FACE_OUTER_BOUND('',#1009,.T.);
#784=FACE_OUTER_BOUND('',#1010,.T.);
#785=FACE_OUTER_BOUND('',#1011,.T.);
#786=FACE_OUTER_BOUND('',#1012,.T.);
#787=FACE_OUTER_BOUND('',#1013,.T.);
#788=FACE_OUTER_BOUND('',#1014,.T.);
#789=FACE_OUTER_BOUND('',#1015,.T.);
#790=FACE_OUTER_BOUND('',#1016,.T.);
#791=FACE_OUTER_BOUND('',#1017,.T.);
#792=FACE_OUTER_BOUND('',#1018,.T.);
#793=FACE_OUTER_BOUND('',#1019,.T.);
#794=FACE_OUTER_BOUND('',#1020,.T.);
#795=FACE_OUTER_BOUND('',#1022,.T.);
#796=FACE_OUTER_BOUND('',#1023,.T.);
#797=FACE_OUTER_BOUND('',#1025,.T.);
#798=FACE_OUTER_BOUND('',#1026,.T.);
#799=FACE_OUTER_BOUND('',#1028,.T.);
#800=FACE_OUTER_BOUND('',#1030,.T.);
#801=FACE_OUTER_BOUND('',#1032,.T.);
#802=FACE_OUTER_BOUND('',#1033,.T.);
#803=FACE_OUTER_BOUND('',#1035,.T.);
#804=FACE_OUTER_BOUND('',#1036,.T.);
#805=FACE_OUTER_BOUND('',#1037,.T.);
#806=FACE_OUTER_BOUND('',#1039,.T.);
#807=FACE_OUTER_BOUND('',#1040,.T.);
#808=FACE_OUTER_BOUND('',#1042,.T.);
#809=FACE_OUTER_BOUND('',#1043,.T.);
#810=FACE_OUTER_BOUND('',#1044,.T.);
#811=FACE_OUTER_BOUND('',#1045,.T.);
#812=FACE_OUTER_BOUND('',#1046,.T.);
#813=FACE_OUTER_BOUND('',#1047,.T.);
#814=FACE_OUTER_BOUND('',#1048,.T.);
#815=FACE_OUTER_BOUND('',#1049,.T.);
#816=FACE_OUTER_BOUND('',#1050,.T.);
#817=FACE_OUTER_BOUND('',#1051,.T.);
#818=FACE_OUTER_BOUND('',#1052,.T.);
#819=FACE_OUTER_BOUND('',#1053,.T.);
#820=FACE_OUTER_BOUND('',#1054,.T.);
#821=FACE_OUTER_BOUND('',#1055,.T.);
#822=FACE_OUTER_BOUND('',#1056,.T.);
#823=FACE_OUTER_BOUND('',#1057,.T.);
#824=FACE_OUTER_BOUND('',#1058,.T.);
#825=FACE_OUTER_BOUND('',#1059,.T.);
#826=FACE_OUTER_BOUND('',#1060,.T.);
#827=FACE_OUTER_BOUND('',#1061,.T.);
#828=FACE_OUTER_BOUND('',#1062,.T.);
#829=FACE_OUTER_BOUND('',#1063,.T.);
#830=FACE_OUTER_BOUND('',#1064,.T.);
#831=FACE_OUTER_BOUND('',#1065,.T.);
#832=FACE_OUTER_BOUND('',#1066,.T.);
#833=FACE_OUTER_BOUND('',#1067,.T.);
#834=FACE_OUTER_BOUND('',#1068,.T.);
#835=FACE_OUTER_BOUND('',#1069,.T.);
#836=FACE_OUTER_BOUND('',#1070,.T.);
#837=FACE_OUTER_BOUND('',#1071,.T.);
#838=FACE_OUTER_BOUND('',#1072,.T.);
#839=FACE_OUTER_BOUND('',#1073,.T.);
#840=FACE_OUTER_BOUND('',#1074,.T.);
#841=FACE_OUTER_BOUND('',#1075,.T.);
#842=FACE_OUTER_BOUND('',#1076,.T.);
#843=FACE_OUTER_BOUND('',#1077,.T.);
#844=FACE_OUTER_BOUND('',#1078,.T.);
#845=FACE_OUTER_BOUND('',#1079,.T.);
#846=FACE_OUTER_BOUND('',#1080,.T.);
#847=FACE_OUTER_BOUND('',#1081,.T.);
#848=FACE_OUTER_BOUND('',#1082,.T.);
#849=FACE_OUTER_BOUND('',#1083,.T.);
#850=FACE_OUTER_BOUND('',#1084,.T.);
#851=FACE_OUTER_BOUND('',#1085,.T.);
#852=FACE_OUTER_BOUND('',#1086,.T.);
#853=FACE_OUTER_BOUND('',#1087,.T.);
#854=FACE_OUTER_BOUND('',#1088,.T.);
#855=FACE_OUTER_BOUND('',#1089,.T.);
#856=FACE_OUTER_BOUND('',#1090,.T.);
#857=FACE_OUTER_BOUND('',#1091,.T.);
#858=FACE_OUTER_BOUND('',#1092,.T.);
#859=FACE_OUTER_BOUND('',#1093,.T.);
#860=FACE_OUTER_BOUND('',#1094,.T.);
#861=FACE_OUTER_BOUND('',#1095,.T.);
#862=FACE_OUTER_BOUND('',#1096,.T.);
#863=FACE_OUTER_BOUND('',#1097,.T.);
#864=FACE_OUTER_BOUND('',#1098,.T.);
#865=FACE_OUTER_BOUND('',#1099,.T.);
#866=FACE_OUTER_BOUND('',#1100,.T.);
#867=FACE_OUTER_BOUND('',#1101,.T.);
#868=FACE_OUTER_BOUND('',#1102,.T.);
#869=FACE_OUTER_BOUND('',#1103,.T.);
#870=FACE_OUTER_BOUND('',#1104,.T.);
#871=FACE_OUTER_BOUND('',#1105,.T.);
#872=FACE_OUTER_BOUND('',#1106,.T.);
#873=FACE_OUTER_BOUND('',#1107,.T.);
#874=FACE_OUTER_BOUND('',#1108,.T.);
#875=FACE_OUTER_BOUND('',#1109,.T.);
#876=FACE_OUTER_BOUND('',#1110,.T.);
#877=FACE_OUTER_BOUND('',#1111,.T.);
#878=FACE_OUTER_BOUND('',#1112,.T.);
#879=FACE_OUTER_BOUND('',#1114,.T.);
#880=FACE_OUTER_BOUND('',#1115,.T.);
#881=FACE_OUTER_BOUND('',#1116,.T.);
#882=FACE_OUTER_BOUND('',#1117,.T.);
#883=FACE_OUTER_BOUND('',#1118,.T.);
#884=FACE_OUTER_BOUND('',#1119,.T.);
#885=FACE_OUTER_BOUND('',#1120,.T.);
#886=FACE_OUTER_BOUND('',#1121,.T.);
#887=FACE_OUTER_BOUND('',#1122,.T.);
#888=FACE_OUTER_BOUND('',#1123,.T.);
#889=FACE_OUTER_BOUND('',#1124,.T.);
#890=FACE_OUTER_BOUND('',#1125,.T.);
#891=FACE_OUTER_BOUND('',#1126,.T.);
#892=FACE_OUTER_BOUND('',#1127,.T.);
#893=FACE_OUTER_BOUND('',#1128,.T.);
#894=FACE_OUTER_BOUND('',#1129,.T.);
#895=FACE_OUTER_BOUND('',#1130,.T.);
#896=FACE_OUTER_BOUND('',#1131,.T.);
#897=FACE_OUTER_BOUND('',#1132,.T.);
#898=FACE_OUTER_BOUND('',#1133,.T.);
#899=FACE_OUTER_BOUND('',#1134,.T.);
#900=FACE_OUTER_BOUND('',#1135,.T.);
#901=FACE_OUTER_BOUND('',#1136,.T.);
#902=FACE_OUTER_BOUND('',#1137,.T.);
#903=FACE_OUTER_BOUND('',#1138,.T.);
#904=FACE_OUTER_BOUND('',#1139,.T.);
#905=FACE_OUTER_BOUND('',#1141,.T.);
#906=FACE_OUTER_BOUND('',#1142,.T.);
#907=FACE_OUTER_BOUND('',#1143,.T.);
#908=FACE_OUTER_BOUND('',#1144,.T.);
#909=FACE_OUTER_BOUND('',#1145,.T.);
#910=FACE_OUTER_BOUND('',#1146,.T.);
#911=FACE_OUTER_BOUND('',#1147,.T.);
#912=FACE_OUTER_BOUND('',#1148,.T.);
#913=FACE_OUTER_BOUND('',#1149,.T.);
#914=FACE_OUTER_BOUND('',#1150,.T.);
#915=FACE_OUTER_BOUND('',#1151,.T.);
#916=FACE_OUTER_BOUND('',#1154,.T.);
#917=FACE_OUTER_BOUND('',#1157,.T.);
#918=FACE_OUTER_BOUND('',#1158,.T.);
#919=FACE_OUTER_BOUND('',#1159,.T.);
#920=FACE_OUTER_BOUND('',#1160,.T.);
#921=FACE_OUTER_BOUND('',#1161,.T.);
#922=FACE_OUTER_BOUND('',#1162,.T.);
#923=FACE_OUTER_BOUND('',#1163,.T.);
#924=FACE_OUTER_BOUND('',#1164,.T.);
#925=FACE_OUTER_BOUND('',#1165,.T.);
#926=FACE_OUTER_BOUND('',#1166,.T.);
#927=FACE_OUTER_BOUND('',#1167,.T.);
#928=FACE_OUTER_BOUND('',#1168,.T.);
#929=FACE_OUTER_BOUND('',#1169,.T.);
#930=FACE_OUTER_BOUND('',#1170,.T.);
#931=FACE_OUTER_BOUND('',#1171,.T.);
#932=FACE_OUTER_BOUND('',#1174,.T.);
#933=FACE_OUTER_BOUND('',#1177,.T.);
#934=FACE_OUTER_BOUND('',#1178,.T.);
#935=FACE_OUTER_BOUND('',#1179,.T.);
#936=FACE_OUTER_BOUND('',#1180,.T.);
#937=FACE_OUTER_BOUND('',#1181,.T.);
#938=FACE_OUTER_BOUND('',#1182,.T.);
#939=FACE_OUTER_BOUND('',#1183,.T.);
#940=FACE_OUTER_BOUND('',#1184,.T.);
#941=FACE_OUTER_BOUND('',#1185,.T.);
#942=FACE_OUTER_BOUND('',#1186,.T.);
#943=FACE_OUTER_BOUND('',#1187,.T.);
#944=FACE_OUTER_BOUND('',#1188,.T.);
#945=FACE_OUTER_BOUND('',#1189,.T.);
#946=FACE_OUTER_BOUND('',#1190,.T.);
#947=FACE_OUTER_BOUND('',#1191,.T.);
#948=FACE_OUTER_BOUND('',#1194,.T.);
#949=FACE_OUTER_BOUND('',#1197,.T.);
#950=FACE_OUTER_BOUND('',#1200,.T.);
#951=FACE_OUTER_BOUND('',#1203,.T.);
#952=FACE_OUTER_BOUND('',#1206,.T.);
#953=FACE_OUTER_BOUND('',#1209,.T.);
#954=FACE_OUTER_BOUND('',#1212,.T.);
#955=FACE_OUTER_BOUND('',#1215,.T.);
#956=FACE_OUTER_BOUND('',#1216,.T.);
#957=FACE_OUTER_BOUND('',#1218,.T.);
#958=FACE_OUTER_BOUND('',#1219,.T.);
#959=FACE_OUTER_BOUND('',#1220,.T.);
#960=FACE_OUTER_BOUND('',#1222,.T.);
#961=FACE_OUTER_BOUND('',#1223,.T.);
#962=FACE_OUTER_BOUND('',#1224,.T.);
#963=FACE_OUTER_BOUND('',#1226,.T.);
#964=FACE_OUTER_BOUND('',#1227,.T.);
#965=FACE_OUTER_BOUND('',#1229,.T.);
#966=FACE_OUTER_BOUND('',#1230,.T.);
#967=FACE_OUTER_BOUND('',#1231,.T.);
#968=FACE_OUTER_BOUND('',#1232,.T.);
#969=FACE_OUTER_BOUND('',#1233,.T.);
#970=FACE_OUTER_BOUND('',#1234,.T.);
#971=FACE_OUTER_BOUND('',#1235,.T.);
#972=FACE_OUTER_BOUND('',#1236,.T.);
#973=FACE_OUTER_BOUND('',#1237,.T.);
#974=FACE_OUTER_BOUND('',#1238,.T.);
#975=FACE_OUTER_BOUND('',#1239,.T.);
#976=FACE_OUTER_BOUND('',#1242,.T.);
#977=FACE_OUTER_BOUND('',#1243,.T.);
#978=FACE_OUTER_BOUND('',#1245,.T.);
#979=FACE_OUTER_BOUND('',#1246,.T.);
#980=FACE_OUTER_BOUND('',#1247,.T.);
#981=FACE_OUTER_BOUND('',#1249,.T.);
#982=FACE_OUTER_BOUND('',#1250,.T.);
#983=FACE_OUTER_BOUND('',#1251,.T.);
#984=FACE_OUTER_BOUND('',#1253,.T.);
#985=FACE_OUTER_BOUND('',#1254,.T.);
#986=FACE_OUTER_BOUND('',#1256,.T.);
#987=FACE_OUTER_BOUND('',#1257,.T.);
#988=FACE_OUTER_BOUND('',#1258,.T.);
#989=FACE_OUTER_BOUND('',#1259,.T.);
#990=FACE_OUTER_BOUND('',#1260,.T.);
#991=FACE_OUTER_BOUND('',#1261,.T.);
#992=FACE_OUTER_BOUND('',#1262,.T.);
#993=FACE_OUTER_BOUND('',#1263,.T.);
#994=FACE_OUTER_BOUND('',#1264,.T.);
#995=FACE_OUTER_BOUND('',#1265,.T.);
#996=EDGE_LOOP('',(#2763,#2764,#2765,#2766,#2767));
#997=EDGE_LOOP('',(#2768,#2769,#2770,#2771));
#998=EDGE_LOOP('',(#2772,#2773,#2774,#2775));
#999=EDGE_LOOP('',(#2776,#2777,#2778,#2779));
#1000=EDGE_LOOP('',(#2780,#2781,#2782,#2783));
#1001=EDGE_LOOP('',(#2784,#2785,#2786,#2787));
#1002=EDGE_LOOP('',(#2788,#2789,#2790,#2791,#2792,#2793,#2794,#2795,#2796,
#2797,#2798,#2799,#2800));
#1003=EDGE_LOOP('',(#2801,#2802,#2803,#2804,#2805,#2806,#2807,#2808,#2809,
#2810,#2811,#2812));
#1004=EDGE_LOOP('',(#2813,#2814,#2815,#2816,#2817));
#1005=EDGE_LOOP('',(#2818,#2819,#2820,#2821,#2822,#2823));
#1006=EDGE_LOOP('',(#2824));
#1007=EDGE_LOOP('',(#2825,#2826,#2827,#2828,#2829,#2830));
#1008=EDGE_LOOP('',(#2831,#2832,#2833,#2834,#2835,#2836,#2837,#2838,#2839,
#2840,#2841,#2842));
#1009=EDGE_LOOP('',(#2843,#2844,#2845,#2846));
#1010=EDGE_LOOP('',(#2847,#2848,#2849,#2850,#2851,#2852));
#1011=EDGE_LOOP('',(#2853,#2854,#2855,#2856));
#1012=EDGE_LOOP('',(#2857,#2858));
#1013=EDGE_LOOP('',(#2859,#2860));
#1014=EDGE_LOOP('',(#2861,#2862,#2863,#2864,#2865));
#1015=EDGE_LOOP('',(#2866,#2867,#2868,#2869));
#1016=EDGE_LOOP('',(#2870,#2871,#2872,#2873));
#1017=EDGE_LOOP('',(#2874,#2875,#2876,#2877,#2878));
#1018=EDGE_LOOP('',(#2879,#2880,#2881,#2882));
#1019=EDGE_LOOP('',(#2883,#2884,#2885,#2886));
#1020=EDGE_LOOP('',(#2887,#2888));
#1021=EDGE_LOOP('',(#2889,#2890));
#1022=EDGE_LOOP('',(#2891,#2892,#2893,#2894,#2895,#2896));
#1023=EDGE_LOOP('',(#2897,#2898));
#1024=EDGE_LOOP('',(#2899,#2900));
#1025=EDGE_LOOP('',(#2901,#2902,#2903,#2904,#2905,#2906));
#1026=EDGE_LOOP('',(#2907,#2908));
#1027=EDGE_LOOP('',(#2909,#2910));
#1028=EDGE_LOOP('',(#2911,#2912,#2913,#2914,#2915,#2916));
#1029=EDGE_LOOP('',(#2917,#2918,#2919,#2920,#2921,#2922));
#1030=EDGE_LOOP('',(#2923,#2924));
#1031=EDGE_LOOP('',(#2925,#2926));
#1032=EDGE_LOOP('',(#2927,#2928,#2929,#2930,#2931,#2932));
#1033=EDGE_LOOP('',(#2933,#2934));
#1034=EDGE_LOOP('',(#2935,#2936));
#1035=EDGE_LOOP('',(#2937,#2938,#2939,#2940));
#1036=EDGE_LOOP('',(#2941,#2942,#2943,#2944));
#1037=EDGE_LOOP('',(#2945));
#1038=EDGE_LOOP('',(#2946));
#1039=EDGE_LOOP('',(#2947,#2948,#2949,#2950));
#1040=EDGE_LOOP('',(#2951));
#1041=EDGE_LOOP('',(#2952));
#1042=EDGE_LOOP('',(#2953,#2954,#2955,#2956));
#1043=EDGE_LOOP('',(#2957,#2958,#2959,#2960));
#1044=EDGE_LOOP('',(#2961,#2962,#2963,#2964,#2965,#2966));
#1045=EDGE_LOOP('',(#2967,#2968,#2969,#2970));
#1046=EDGE_LOOP('',(#2971,#2972,#2973,#2974,#2975,#2976));
#1047=EDGE_LOOP('',(#2977,#2978,#2979,#2980));
#1048=EDGE_LOOP('',(#2981,#2982,#2983,#2984));
#1049=EDGE_LOOP('',(#2985,#2986,#2987,#2988));
#1050=EDGE_LOOP('',(#2989,#2990,#2991,#2992));
#1051=EDGE_LOOP('',(#2993,#2994,#2995,#2996));
#1052=EDGE_LOOP('',(#2997,#2998,#2999,#3000));
#1053=EDGE_LOOP('',(#3001,#3002,#3003,#3004));
#1054=EDGE_LOOP('',(#3005,#3006,#3007,#3008));
#1055=EDGE_LOOP('',(#3009,#3010,#3011,#3012));
#1056=EDGE_LOOP('',(#3013,#3014,#3015,#3016));
#1057=EDGE_LOOP('',(#3017,#3018,#3019,#3020));
#1058=EDGE_LOOP('',(#3021,#3022,#3023,#3024));
#1059=EDGE_LOOP('',(#3025,#3026,#3027,#3028));
#1060=EDGE_LOOP('',(#3029,#3030,#3031,#3032));
#1061=EDGE_LOOP('',(#3033,#3034,#3035,#3036));
#1062=EDGE_LOOP('',(#3037,#3038,#3039,#3040));
#1063=EDGE_LOOP('',(#3041,#3042,#3043,#3044));
#1064=EDGE_LOOP('',(#3045,#3046,#3047,#3048));
#1065=EDGE_LOOP('',(#3049,#3050,#3051,#3052));
#1066=EDGE_LOOP('',(#3053,#3054,#3055,#3056));
#1067=EDGE_LOOP('',(#3057,#3058,#3059,#3060));
#1068=EDGE_LOOP('',(#3061,#3062,#3063,#3064));
#1069=EDGE_LOOP('',(#3065,#3066,#3067,#3068));
#1070=EDGE_LOOP('',(#3069,#3070,#3071,#3072));
#1071=EDGE_LOOP('',(#3073,#3074,#3075,#3076));
#1072=EDGE_LOOP('',(#3077,#3078,#3079,#3080));
#1073=EDGE_LOOP('',(#3081,#3082,#3083,#3084));
#1074=EDGE_LOOP('',(#3085,#3086,#3087,#3088));
#1075=EDGE_LOOP('',(#3089,#3090,#3091,#3092));
#1076=EDGE_LOOP('',(#3093,#3094,#3095,#3096));
#1077=EDGE_LOOP('',(#3097,#3098,#3099,#3100));
#1078=EDGE_LOOP('',(#3101,#3102,#3103,#3104));
#1079=EDGE_LOOP('',(#3105,#3106,#3107,#3108));
#1080=EDGE_LOOP('',(#3109,#3110,#3111,#3112));
#1081=EDGE_LOOP('',(#3113,#3114,#3115,#3116));
#1082=EDGE_LOOP('',(#3117,#3118,#3119,#3120));
#1083=EDGE_LOOP('',(#3121,#3122,#3123,#3124));
#1084=EDGE_LOOP('',(#3125,#3126,#3127,#3128));
#1085=EDGE_LOOP('',(#3129,#3130,#3131,#3132));
#1086=EDGE_LOOP('',(#3133,#3134,#3135,#3136));
#1087=EDGE_LOOP('',(#3137,#3138,#3139,#3140));
#1088=EDGE_LOOP('',(#3141,#3142,#3143,#3144));
#1089=EDGE_LOOP('',(#3145,#3146,#3147,#3148));
#1090=EDGE_LOOP('',(#3149,#3150,#3151,#3152));
#1091=EDGE_LOOP('',(#3153,#3154,#3155,#3156));
#1092=EDGE_LOOP('',(#3157,#3158,#3159,#3160));
#1093=EDGE_LOOP('',(#3161,#3162,#3163,#3164));
#1094=EDGE_LOOP('',(#3165,#3166,#3167,#3168));
#1095=EDGE_LOOP('',(#3169,#3170,#3171,#3172));
#1096=EDGE_LOOP('',(#3173,#3174,#3175,#3176));
#1097=EDGE_LOOP('',(#3177,#3178,#3179,#3180));
#1098=EDGE_LOOP('',(#3181,#3182,#3183,#3184));
#1099=EDGE_LOOP('',(#3185,#3186,#3187,#3188));
#1100=EDGE_LOOP('',(#3189,#3190,#3191,#3192));
#1101=EDGE_LOOP('',(#3193,#3194,#3195,#3196));
#1102=EDGE_LOOP('',(#3197,#3198,#3199,#3200));
#1103=EDGE_LOOP('',(#3201,#3202,#3203,#3204));
#1104=EDGE_LOOP('',(#3205,#3206,#3207,#3208));
#1105=EDGE_LOOP('',(#3209,#3210,#3211,#3212));
#1106=EDGE_LOOP('',(#3213,#3214,#3215,#3216));
#1107=EDGE_LOOP('',(#3217,#3218,#3219,#3220));
#1108=EDGE_LOOP('',(#3221,#3222,#3223,#3224));
#1109=EDGE_LOOP('',(#3225,#3226,#3227,#3228));
#1110=EDGE_LOOP('',(#3229,#3230,#3231,#3232));
#1111=EDGE_LOOP('',(#3233,#3234,#3235,#3236));
#1112=EDGE_LOOP('',(#3237,#3238,#3239,#3240,#3241,#3242,#3243,#3244,#3245,
#3246,#3247,#3248,#3249,#3250,#3251,#3252,#3253,#3254,#3255,#3256,#3257,
#3258,#3259,#3260,#3261,#3262,#3263,#3264,#3265,#3266,#3267,#3268,#3269,
#3270,#3271,#3272,#3273,#3274,#3275,#3276,#3277,#3278,#3279,#3280,#3281,
#3282,#3283,#3284,#3285,#3286,#3287,#3288,#3289,#3290,#3291,#3292,#3293,
#3294,#3295,#3296,#3297,#3298,#3299,#3300,#3301,#3302,#3303,#3304,#3305,
#3306,#3307,#3308,#3309,#3310,#3311,#3312,#3313,#3314,#3315,#3316,#3317,
#3318,#3319,#3320,#3321,#3322,#3323,#3324));
#1113=EDGE_LOOP('',(#3325,#3326,#3327,#3328));
#1114=EDGE_LOOP('',(#3329,#3330,#3331,#3332));
#1115=EDGE_LOOP('',(#3333,#3334,#3335,#3336));
#1116=EDGE_LOOP('',(#3337,#3338,#3339,#3340));
#1117=EDGE_LOOP('',(#3341,#3342,#3343,#3344));
#1118=EDGE_LOOP('',(#3345,#3346,#3347,#3348));
#1119=EDGE_LOOP('',(#3349,#3350,#3351,#3352));
#1120=EDGE_LOOP('',(#3353,#3354,#3355,#3356));
#1121=EDGE_LOOP('',(#3357,#3358,#3359,#3360));
#1122=EDGE_LOOP('',(#3361,#3362,#3363,#3364));
#1123=EDGE_LOOP('',(#3365,#3366,#3367,#3368));
#1124=EDGE_LOOP('',(#3369,#3370,#3371,#3372));
#1125=EDGE_LOOP('',(#3373,#3374,#3375,#3376));
#1126=EDGE_LOOP('',(#3377,#3378,#3379,#3380));
#1127=EDGE_LOOP('',(#3381,#3382,#3383,#3384));
#1128=EDGE_LOOP('',(#3385,#3386,#3387,#3388));
#1129=EDGE_LOOP('',(#3389,#3390,#3391,#3392));
#1130=EDGE_LOOP('',(#3393,#3394,#3395,#3396));
#1131=EDGE_LOOP('',(#3397,#3398,#3399,#3400));
#1132=EDGE_LOOP('',(#3401,#3402,#3403,#3404));
#1133=EDGE_LOOP('',(#3405,#3406,#3407,#3408));
#1134=EDGE_LOOP('',(#3409,#3410,#3411,#3412));
#1135=EDGE_LOOP('',(#3413,#3414,#3415,#3416));
#1136=EDGE_LOOP('',(#3417,#3418,#3419,#3420));
#1137=EDGE_LOOP('',(#3421,#3422,#3423,#3424));
#1138=EDGE_LOOP('',(#3425,#3426,#3427,#3428));
#1139=EDGE_LOOP('',(#3429,#3430,#3431,#3432,#3433,#3434,#3435,#3436,#3437,
#3438,#3439,#3440,#3441,#3442,#3443,#3444,#3445,#3446,#3447,#3448,#3449,
#3450,#3451,#3452,#3453,#3454,#3455,#3456,#3457,#3458,#3459,#3460,#3461,
#3462,#3463,#3464,#3465,#3466,#3467,#3468,#3469,#3470,#3471,#3472,#3473,
#3474,#3475,#3476,#3477,#3478,#3479,#3480,#3481,#3482,#3483,#3484,#3485,
#3486,#3487,#3488,#3489,#3490,#3491,#3492,#3493,#3494,#3495,#3496,#3497,
#3498,#3499,#3500,#3501,#3502,#3503,#3504,#3505,#3506,#3507,#3508,#3509,
#3510,#3511,#3512,#3513,#3514,#3515,#3516));
#1140=EDGE_LOOP('',(#3517,#3518,#3519,#3520));
#1141=EDGE_LOOP('',(#3521,#3522,#3523,#3524));
#1142=EDGE_LOOP('',(#3525,#3526,#3527,#3528));
#1143=EDGE_LOOP('',(#3529,#3530,#3531,#3532));
#1144=EDGE_LOOP('',(#3533,#3534,#3535,#3536));
#1145=EDGE_LOOP('',(#3537,#3538,#3539,#3540));
#1146=EDGE_LOOP('',(#3541,#3542,#3543,#3544));
#1147=EDGE_LOOP('',(#3545,#3546,#3547,#3548));
#1148=EDGE_LOOP('',(#3549,#3550,#3551,#3552));
#1149=EDGE_LOOP('',(#3553,#3554,#3555,#3556));
#1150=EDGE_LOOP('',(#3557,#3558,#3559,#3560));
#1151=EDGE_LOOP('',(#3561,#3562,#3563,#3564,#3565,#3566,#3567,#3568));
#1152=EDGE_LOOP('',(#3569));
#1153=EDGE_LOOP('',(#3570));
#1154=EDGE_LOOP('',(#3571,#3572,#3573,#3574,#3575,#3576,#3577,#3578));
#1155=EDGE_LOOP('',(#3579));
#1156=EDGE_LOOP('',(#3580));
#1157=EDGE_LOOP('',(#3581,#3582,#3583,#3584));
#1158=EDGE_LOOP('',(#3585,#3586,#3587,#3588));
#1159=EDGE_LOOP('',(#3589,#3590,#3591,#3592));
#1160=EDGE_LOOP('',(#3593,#3594,#3595,#3596));
#1161=EDGE_LOOP('',(#3597,#3598,#3599,#3600));
#1162=EDGE_LOOP('',(#3601,#3602,#3603,#3604));
#1163=EDGE_LOOP('',(#3605,#3606,#3607,#3608));
#1164=EDGE_LOOP('',(#3609,#3610,#3611,#3612));
#1165=EDGE_LOOP('',(#3613,#3614,#3615,#3616));
#1166=EDGE_LOOP('',(#3617,#3618,#3619,#3620));
#1167=EDGE_LOOP('',(#3621,#3622,#3623,#3624));
#1168=EDGE_LOOP('',(#3625,#3626,#3627,#3628));
#1169=EDGE_LOOP('',(#3629,#3630,#3631,#3632));
#1170=EDGE_LOOP('',(#3633,#3634,#3635,#3636));
#1171=EDGE_LOOP('',(#3637,#3638,#3639,#3640,#3641,#3642,#3643,#3644,#3645,
#3646,#3647,#3648));
#1172=EDGE_LOOP('',(#3649));
#1173=EDGE_LOOP('',(#3650));
#1174=EDGE_LOOP('',(#3651,#3652,#3653,#3654,#3655,#3656,#3657,#3658,#3659,
#3660,#3661,#3662));
#1175=EDGE_LOOP('',(#3663));
#1176=EDGE_LOOP('',(#3664));
#1177=EDGE_LOOP('',(#3665,#3666,#3667,#3668));
#1178=EDGE_LOOP('',(#3669,#3670,#3671,#3672));
#1179=EDGE_LOOP('',(#3673,#3674,#3675,#3676));
#1180=EDGE_LOOP('',(#3677,#3678,#3679,#3680));
#1181=EDGE_LOOP('',(#3681,#3682,#3683,#3684));
#1182=EDGE_LOOP('',(#3685,#3686,#3687,#3688));
#1183=EDGE_LOOP('',(#3689,#3690,#3691,#3692));
#1184=EDGE_LOOP('',(#3693,#3694,#3695,#3696));
#1185=EDGE_LOOP('',(#3697,#3698,#3699,#3700));
#1186=EDGE_LOOP('',(#3701,#3702,#3703,#3704));
#1187=EDGE_LOOP('',(#3705,#3706,#3707,#3708));
#1188=EDGE_LOOP('',(#3709,#3710,#3711,#3712));
#1189=EDGE_LOOP('',(#3713,#3714,#3715,#3716));
#1190=EDGE_LOOP('',(#3717,#3718,#3719,#3720));
#1191=EDGE_LOOP('',(#3721,#3722));
#1192=EDGE_LOOP('',(#3723,#3724));
#1193=EDGE_LOOP('',(#3725,#3726));
#1194=EDGE_LOOP('',(#3727,#3728));
#1195=EDGE_LOOP('',(#3729,#3730));
#1196=EDGE_LOOP('',(#3731,#3732));
#1197=EDGE_LOOP('',(#3733,#3734));
#1198=EDGE_LOOP('',(#3735,#3736));
#1199=EDGE_LOOP('',(#3737,#3738));
#1200=EDGE_LOOP('',(#3739,#3740));
#1201=EDGE_LOOP('',(#3741,#3742));
#1202=EDGE_LOOP('',(#3743,#3744));
#1203=EDGE_LOOP('',(#3745,#3746));
#1204=EDGE_LOOP('',(#3747,#3748));
#1205=EDGE_LOOP('',(#3749,#3750));
#1206=EDGE_LOOP('',(#3751,#3752));
#1207=EDGE_LOOP('',(#3753,#3754));
#1208=EDGE_LOOP('',(#3755,#3756));
#1209=EDGE_LOOP('',(#3757,#3758));
#1210=EDGE_LOOP('',(#3759,#3760));
#1211=EDGE_LOOP('',(#3761,#3762));
#1212=EDGE_LOOP('',(#3763,#3764));
#1213=EDGE_LOOP('',(#3765,#3766));
#1214=EDGE_LOOP('',(#3767,#3768));
#1215=EDGE_LOOP('',(#3769,#3770,#3771,#3772,#3773,#3774,#3775,#3776,#3777,
#3778,#3779,#3780,#3781,#3782));
#1216=EDGE_LOOP('',(#3783,#3784));
#1217=EDGE_LOOP('',(#3785,#3786));
#1218=EDGE_LOOP('',(#3787,#3788,#3789,#3790,#3791,#3792));
#1219=EDGE_LOOP('',(#3793,#3794,#3795,#3796,#3797,#3798));
#1220=EDGE_LOOP('',(#3799,#3800));
#1221=EDGE_LOOP('',(#3801,#3802));
#1222=EDGE_LOOP('',(#3803,#3804,#3805,#3806,#3807,#3808,#3809,#3810,#3811,
#3812,#3813,#3814,#3815,#3816));
#1223=EDGE_LOOP('',(#3817,#3818,#3819,#3820));
#1224=EDGE_LOOP('',(#3821,#3822));
#1225=EDGE_LOOP('',(#3823,#3824));
#1226=EDGE_LOOP('',(#3825,#3826,#3827,#3828,#3829,#3830,#3831));
#1227=EDGE_LOOP('',(#3832,#3833));
#1228=EDGE_LOOP('',(#3834,#3835));
#1229=EDGE_LOOP('',(#3836,#3837,#3838,#3839,#3840,#3841,#3842,#3843));
#1230=EDGE_LOOP('',(#3844,#3845,#3846,#3847,#3848,#3849,#3850));
#1231=EDGE_LOOP('',(#3851,#3852,#3853,#3854));
#1232=EDGE_LOOP('',(#3855,#3856,#3857,#3858));
#1233=EDGE_LOOP('',(#3859,#3860,#3861,#3862));
#1234=EDGE_LOOP('',(#3863,#3864,#3865,#3866,#3867,#3868));
#1235=EDGE_LOOP('',(#3869,#3870,#3871,#3872));
#1236=EDGE_LOOP('',(#3873,#3874,#3875,#3876));
#1237=EDGE_LOOP('',(#3877,#3878,#3879,#3880));
#1238=EDGE_LOOP('',(#3881,#3882,#3883,#3884));
#1239=EDGE_LOOP('',(#3885,#3886));
#1240=EDGE_LOOP('',(#3887,#3888));
#1241=EDGE_LOOP('',(#3889,#3890));
#1242=EDGE_LOOP('',(#3891,#3892,#3893,#3894,#3895,#3896,#3897,#3898,#3899,
#3900,#3901,#3902,#3903,#3904));
#1243=EDGE_LOOP('',(#3905,#3906));
#1244=EDGE_LOOP('',(#3907,#3908));
#1245=EDGE_LOOP('',(#3909,#3910,#3911,#3912,#3913,#3914));
#1246=EDGE_LOOP('',(#3915,#3916,#3917,#3918,#3919,#3920));
#1247=EDGE_LOOP('',(#3921,#3922));
#1248=EDGE_LOOP('',(#3923,#3924));
#1249=EDGE_LOOP('',(#3925,#3926,#3927,#3928,#3929,#3930,#3931,#3932,#3933,
#3934,#3935,#3936,#3937,#3938));
#1250=EDGE_LOOP('',(#3939,#3940,#3941,#3942));
#1251=EDGE_LOOP('',(#3943,#3944));
#1252=EDGE_LOOP('',(#3945,#3946));
#1253=EDGE_LOOP('',(#3947,#3948,#3949,#3950,#3951,#3952,#3953));
#1254=EDGE_LOOP('',(#3954,#3955));
#1255=EDGE_LOOP('',(#3956,#3957));
#1256=EDGE_LOOP('',(#3958,#3959,#3960,#3961,#3962,#3963,#3964,#3965));
#1257=EDGE_LOOP('',(#3966,#3967,#3968,#3969,#3970,#3971,#3972));
#1258=EDGE_LOOP('',(#3973,#3974,#3975,#3976));
#1259=EDGE_LOOP('',(#3977,#3978,#3979,#3980));
#1260=EDGE_LOOP('',(#3981,#3982,#3983,#3984));
#1261=EDGE_LOOP('',(#3985,#3986,#3987,#3988,#3989,#3990));
#1262=EDGE_LOOP('',(#3991,#3992,#3993,#3994));
#1263=EDGE_LOOP('',(#3995,#3996,#3997,#3998));
#1264=EDGE_LOOP('',(#3999,#4000,#4001,#4002));
#1265=EDGE_LOOP('',(#4003,#4004,#4005,#4006));
#1266=CIRCLE('',#4406,9.);
#1267=CIRCLE('',#4407,9.);
#1268=CIRCLE('',#4408,8.);
#1269=CIRCLE('',#4410,8.);
#1270=CIRCLE('',#4411,9.);
#1271=CIRCLE('',#4413,9.);
#1272=CIRCLE('',#4415,9.);
#1273=CIRCLE('',#4417,9.);
#1274=CIRCLE('',#4419,9.);
#1275=CIRCLE('',#4421,9.);
#1276=CIRCLE('',#4422,9.);
#1277=CIRCLE('',#4423,9.);
#1278=CIRCLE('',#4424,9.);
#1279=CIRCLE('',#4427,9.49999999999999);
#1280=CIRCLE('',#4428,9.99999999999999);
#1281=CIRCLE('',#4429,9.99999999999999);
#1282=CIRCLE('',#4431,9.99999999999999);
#1283=CIRCLE('',#4432,9.99999999999999);
#1284=CIRCLE('',#4436,8.2720595314676);
#1285=CIRCLE('',#4442,8.2720595314676);
#1286=CIRCLE('',#4448,3.);
#1287=CIRCLE('',#4452,3.);
#1288=CIRCLE('',#4456,10.);
#1289=CIRCLE('',#4457,10.);
#1290=CIRCLE('',#4459,10.);
#1291=CIRCLE('',#4460,10.);
#1292=CIRCLE('',#4462,9.5);
#1293=CIRCLE('',#4463,9.5);
#1294=CIRCLE('',#4465,9.5);
#1295=CIRCLE('',#4466,9.5);
#1296=CIRCLE('',#4468,9.99999999999999);
#1297=CIRCLE('',#4469,9.99999999999999);
#1298=CIRCLE('',#4471,10.);
#1299=CIRCLE('',#4472,10.);
#1300=CIRCLE('',#4474,9.49999999999999);
#1301=CIRCLE('',#4475,9.49999999999999);
#1302=CIRCLE('',#4477,9.49999999999999);
#1303=CIRCLE('',#4478,9.49999999999999);
#1304=CIRCLE('',#4482,10.5);
#1305=CIRCLE('',#4483,10.);
#1306=CIRCLE('',#4485,10.);
#1307=CIRCLE('',#4487,13.5);
#1308=CIRCLE('',#4489,10.5);
#1309=CIRCLE('',#4491,13.5);
#1310=CIRCLE('',#4497,10.5);
#1311=CIRCLE('',#4498,10.);
#1312=CIRCLE('',#4501,10.);
#1313=CIRCLE('',#4504,10.5);
#1314=CIRCLE('',#4507,19.5);
#1315=CIRCLE('',#4508,19.5);
#1316=CIRCLE('',#4510,17.3917160014371);
#1317=CIRCLE('',#4511,17.3917160014371);
#1318=CIRCLE('',#4513,17.3917160014371);
#1319=CIRCLE('',#4514,17.3917160014371);
#1320=CIRCLE('',#4516,19.5);
#1321=CIRCLE('',#4517,19.5);
#1322=CIRCLE('',#4519,17.3917160014371);
#1323=CIRCLE('',#4520,17.3917160014371);
#1324=CIRCLE('',#4522,17.3917160014371);
#1325=CIRCLE('',#4523,17.3917160014371);
#1326=CIRCLE('',#4525,19.5);
#1327=CIRCLE('',#4526,19.5);
#1328=CIRCLE('',#4528,17.3917160014371);
#1329=CIRCLE('',#4529,17.3917160014371);
#1330=CIRCLE('',#4531,17.3917160014371);
#1331=CIRCLE('',#4532,17.3917160014371);
#1332=CIRCLE('',#4534,19.5);
#1333=CIRCLE('',#4535,19.5);
#1334=CIRCLE('',#4537,17.3917160014371);
#1335=CIRCLE('',#4538,17.3917160014371);
#1336=CIRCLE('',#4540,17.3917160014371);
#1337=CIRCLE('',#4541,17.3917160014371);
#1338=CIRCLE('',#4543,19.5);
#1339=CIRCLE('',#4544,19.5);
#1340=CIRCLE('',#4546,17.3917160014371);
#1341=CIRCLE('',#4547,17.3917160014371);
#1342=CIRCLE('',#4549,17.3917160014371);
#1343=CIRCLE('',#4550,17.3917160014371);
#1344=CIRCLE('',#4552,19.5);
#1345=CIRCLE('',#4553,19.5);
#1346=CIRCLE('',#4555,17.3917160014371);
#1347=CIRCLE('',#4556,17.3917160014371);
#1348=CIRCLE('',#4558,17.3917160014371);
#1349=CIRCLE('',#4559,17.3917160014371);
#1350=CIRCLE('',#4561,19.5);
#1351=CIRCLE('',#4562,19.5);
#1352=CIRCLE('',#4564,17.3917160014371);
#1353=CIRCLE('',#4565,17.3917160014371);
#1354=CIRCLE('',#4567,17.3917160014371);
#1355=CIRCLE('',#4568,17.3917160014371);
#1356=CIRCLE('',#4570,19.5);
#1357=CIRCLE('',#4571,19.5);
#1358=CIRCLE('',#4573,17.3917160014371);
#1359=CIRCLE('',#4574,17.3917160014371);
#1360=CIRCLE('',#4576,17.3917160014371);
#1361=CIRCLE('',#4577,17.3917160014371);
#1362=CIRCLE('',#4579,19.5);
#1363=CIRCLE('',#4580,19.5);
#1364=CIRCLE('',#4582,17.3917160014371);
#1365=CIRCLE('',#4583,17.3917160014371);
#1366=CIRCLE('',#4585,17.3917160014371);
#1367=CIRCLE('',#4586,17.3917160014371);
#1368=CIRCLE('',#4588,19.5);
#1369=CIRCLE('',#4589,19.5);
#1370=CIRCLE('',#4591,17.3917160014371);
#1371=CIRCLE('',#4592,17.3917160014371);
#1372=CIRCLE('',#4594,17.3917160014371);
#1373=CIRCLE('',#4595,17.3917160014371);
#1374=CIRCLE('',#4597,19.5);
#1375=CIRCLE('',#4598,19.5);
#1376=CIRCLE('',#4600,17.3917160014371);
#1377=CIRCLE('',#4601,17.3917160014371);
#1378=CIRCLE('',#4603,17.3917160014371);
#1379=CIRCLE('',#4604,17.3917160014371);
#1380=CIRCLE('',#4606,19.5);
#1381=CIRCLE('',#4607,19.5);
#1382=CIRCLE('',#4609,17.3917160014371);
#1383=CIRCLE('',#4610,17.3917160014371);
#1384=CIRCLE('',#4612,17.3917160014371);
#1385=CIRCLE('',#4613,17.3917160014371);
#1386=CIRCLE('',#4615,19.5);
#1387=CIRCLE('',#4616,19.5);
#1388=CIRCLE('',#4618,17.3917160014371);
#1389=CIRCLE('',#4619,17.3917160014371);
#1390=CIRCLE('',#4621,17.3917160014371);
#1391=CIRCLE('',#4622,17.3917160014371);
#1392=CIRCLE('',#4624,19.5);
#1393=CIRCLE('',#4625,19.5);
#1394=CIRCLE('',#4627,17.3917160014371);
#1395=CIRCLE('',#4628,17.3917160014371);
#1396=CIRCLE('',#4630,17.3917160014371);
#1397=CIRCLE('',#4631,17.3917160014371);
#1398=CIRCLE('',#4633,19.5);
#1399=CIRCLE('',#4634,19.5);
#1400=CIRCLE('',#4636,17.3917160014371);
#1401=CIRCLE('',#4637,17.3917160014371);
#1402=CIRCLE('',#4639,17.3917160014371);
#1403=CIRCLE('',#4640,17.3917160014371);
#1404=CIRCLE('',#4642,19.5);
#1405=CIRCLE('',#4643,19.5);
#1406=CIRCLE('',#4645,17.3917160014371);
#1407=CIRCLE('',#4646,17.3917160014371);
#1408=CIRCLE('',#4648,17.3917160014371);
#1409=CIRCLE('',#4649,17.3917160014371);
#1410=CIRCLE('',#4651,19.5);
#1411=CIRCLE('',#4652,19.5);
#1412=CIRCLE('',#4654,17.3917160014371);
#1413=CIRCLE('',#4655,17.3917160014371);
#1414=CIRCLE('',#4657,17.3917160014371);
#1415=CIRCLE('',#4658,17.3917160014371);
#1416=CIRCLE('',#4660,19.5);
#1417=CIRCLE('',#4661,19.5);
#1418=CIRCLE('',#4663,17.3917160014371);
#1419=CIRCLE('',#4664,17.3917160014371);
#1420=CIRCLE('',#4666,17.3917160014371);
#1421=CIRCLE('',#4667,17.3917160014371);
#1422=CIRCLE('',#4669,19.5);
#1423=CIRCLE('',#4670,19.5);
#1424=CIRCLE('',#4672,17.3917160014371);
#1425=CIRCLE('',#4673,17.3917160014371);
#1426=CIRCLE('',#4675,17.3917160014371);
#1427=CIRCLE('',#4676,17.3917160014371);
#1428=CIRCLE('',#4678,19.5);
#1429=CIRCLE('',#4679,19.5);
#1430=CIRCLE('',#4681,17.3917160014371);
#1431=CIRCLE('',#4682,17.3917160014371);
#1432=CIRCLE('',#4684,17.3917160014371);
#1433=CIRCLE('',#4685,17.3917160014371);
#1434=CIRCLE('',#4687,19.5);
#1435=CIRCLE('',#4688,19.5);
#1436=CIRCLE('',#4690,17.3917160014371);
#1437=CIRCLE('',#4691,17.3917160014371);
#1438=CIRCLE('',#4693,17.3917160014371);
#1439=CIRCLE('',#4694,17.3917160014371);
#1440=CIRCLE('',#4696,24.);
#1441=CIRCLE('',#4697,24.);
#1442=CIRCLE('',#4698,24.);
#1443=CIRCLE('',#4699,24.);
#1444=CIRCLE('',#4700,24.);
#1445=CIRCLE('',#4701,24.);
#1446=CIRCLE('',#4702,24.);
#1447=CIRCLE('',#4703,24.);
#1448=CIRCLE('',#4704,24.);
#1449=CIRCLE('',#4705,24.);
#1450=CIRCLE('',#4706,24.);
#1451=CIRCLE('',#4707,24.);
#1452=CIRCLE('',#4708,24.);
#1453=CIRCLE('',#4709,24.);
#1454=CIRCLE('',#4710,24.);
#1455=CIRCLE('',#4711,24.);
#1456=CIRCLE('',#4712,24.);
#1457=CIRCLE('',#4713,24.);
#1458=CIRCLE('',#4714,24.);
#1459=CIRCLE('',#4715,24.);
#1460=CIRCLE('',#4716,24.);
#1461=CIRCLE('',#4717,17.3917160014371);
#1462=CIRCLE('',#4718,19.5);
#1463=CIRCLE('',#4719,17.3917160014371);
#1464=CIRCLE('',#4720,24.);
#1465=CIRCLE('',#4722,24.);
#1466=CIRCLE('',#4724,24.);
#1467=CIRCLE('',#4726,24.);
#1468=CIRCLE('',#4728,24.);
#1469=CIRCLE('',#4730,24.);
#1470=CIRCLE('',#4732,24.);
#1471=CIRCLE('',#4734,24.);
#1472=CIRCLE('',#4736,24.);
#1473=CIRCLE('',#4738,24.);
#1474=CIRCLE('',#4740,24.);
#1475=CIRCLE('',#4742,24.);
#1476=CIRCLE('',#4744,24.);
#1477=CIRCLE('',#4746,24.);
#1478=CIRCLE('',#4748,24.);
#1479=CIRCLE('',#4750,24.);
#1480=CIRCLE('',#4752,24.);
#1481=CIRCLE('',#4754,24.);
#1482=CIRCLE('',#4756,24.);
#1483=CIRCLE('',#4758,24.);
#1484=CIRCLE('',#4760,24.);
#1485=CIRCLE('',#4762,24.);
#1486=CIRCLE('',#4764,19.5);
#1487=CIRCLE('',#4766,17.3917160014371);
#1488=CIRCLE('',#4768,17.3917160014371);
#1489=CIRCLE('',#4770,24.);
#1490=CIRCLE('',#4776,1.5);
#1491=CIRCLE('',#4777,1.5);
#1492=CIRCLE('',#4779,1.5);
#1493=CIRCLE('',#4780,1.5);
#1494=CIRCLE('',#4782,19.25);
#1495=CIRCLE('',#4783,19.25);
#1496=CIRCLE('',#4785,3.);
#1497=CIRCLE('',#4786,3.);
#1498=CIRCLE('',#4788,3.);
#1499=CIRCLE('',#4789,3.);
#1500=CIRCLE('',#4792,22.25);
#1501=CIRCLE('',#4793,22.25);
#1502=CIRCLE('',#4796,3.);
#1503=CIRCLE('',#4797,3.);
#1504=CIRCLE('',#4799,3.);
#1505=CIRCLE('',#4800,3.);
#1506=CIRCLE('',#4805,1.);
#1507=CIRCLE('',#4806,1.);
#1508=CIRCLE('',#4808,1.);
#1509=CIRCLE('',#4809,1.);
#1510=CIRCLE('',#4811,0.5);
#1511=CIRCLE('',#4812,0.5);
#1512=CIRCLE('',#4815,1.);
#1513=CIRCLE('',#4816,1.);
#1514=CIRCLE('',#4818,11.26);
#1515=CIRCLE('',#4819,11.26);
#1516=CIRCLE('',#4821,1.);
#1517=CIRCLE('',#4822,1.);
#1518=CIRCLE('',#4825,0.5);
#1519=CIRCLE('',#4826,0.5);
#1520=CIRCLE('',#4828,13.2741374958332);
#1521=CIRCLE('',#4829,13.2741374958332);
#1522=CIRCLE('',#4832,9.25);
#1523=CIRCLE('',#4833,9.25);
#1524=CIRCLE('',#4836,13.2741374958332);
#1525=CIRCLE('',#4837,13.2741374958332);
#1526=CIRCLE('',#4843,3.);
#1527=CIRCLE('',#4844,2.6);
#1528=CIRCLE('',#4846,2.6);
#1529=CIRCLE('',#4847,3.);
#1530=CIRCLE('',#4850,3.);
#1531=CIRCLE('',#4854,2.6);
#1532=CIRCLE('',#4858,3.);
#1533=CIRCLE('',#4859,2.6);
#1534=CIRCLE('',#4865,2.86);
#1535=CIRCLE('',#4866,2.86);
#1536=CIRCLE('',#4867,2.86);
#1537=CIRCLE('',#4869,2.86);
#1538=CIRCLE('',#4870,2.86);
#1539=CIRCLE('',#4871,2.86);
#1540=CIRCLE('',#4873,2.86);
#1541=CIRCLE('',#4874,2.86);
#1542=CIRCLE('',#4875,2.86);
#1543=CIRCLE('',#4877,2.86);
#1544=CIRCLE('',#4878,2.86);
#1545=CIRCLE('',#4879,2.86);
#1546=CIRCLE('',#4881,2.86);
#1547=CIRCLE('',#4882,2.86);
#1548=CIRCLE('',#4883,2.86);
#1549=CIRCLE('',#4885,2.86);
#1550=CIRCLE('',#4886,2.86);
#1551=CIRCLE('',#4887,2.86);
#1552=CIRCLE('',#4889,2.86);
#1553=CIRCLE('',#4890,2.86);
#1554=CIRCLE('',#4891,2.86);
#1555=CIRCLE('',#4893,2.86);
#1556=CIRCLE('',#4894,2.86);
#1557=CIRCLE('',#4895,2.86);
#1558=CIRCLE('',#4897,13.586);
#1559=CIRCLE('',#4898,13.586);
#1560=CIRCLE('',#4899,13.586);
#1561=CIRCLE('',#4900,13.586);
#1562=CIRCLE('',#4901,13.586);
#1563=CIRCLE('',#4902,13.586);
#1564=CIRCLE('',#4903,13.586);
#1565=CIRCLE('',#4904,13.586);
#1566=CIRCLE('',#4905,13.586);
#1567=CIRCLE('',#4906,13.586);
#1568=CIRCLE('',#4907,13.586);
#1569=CIRCLE('',#4908,13.586);
#1570=CIRCLE('',#4910,12.9067);
#1571=CIRCLE('',#4911,12.9067);
#1572=CIRCLE('',#4913,12.9067);
#1573=CIRCLE('',#4914,12.9067);
#1574=CIRCLE('',#4916,12.9067);
#1575=CIRCLE('',#4917,12.9067);
#1576=CIRCLE('',#4918,12.9067);
#1577=CIRCLE('',#4919,12.9067);
#1578=CIRCLE('',#4921,13.586);
#1579=CIRCLE('',#4922,13.586);
#1580=CIRCLE('',#4924,13.586);
#1581=CIRCLE('',#4925,13.586);
#1582=CIRCLE('',#4926,13.586);
#1583=CIRCLE('',#4927,13.586);
#1584=CIRCLE('',#4928,13.586);
#1585=CIRCLE('',#4929,13.586);
#1586=CIRCLE('',#4930,13.586);
#1587=CIRCLE('',#4931,13.586);
#1588=CIRCLE('',#4932,13.586);
#1589=CIRCLE('',#4933,13.586);
#1590=CIRCLE('',#4935,2.86);
#1591=CIRCLE('',#4936,2.86);
#1592=CIRCLE('',#4938,10.6);
#1593=CIRCLE('',#4939,10.6);
#1594=CIRCLE('',#4941,10.);
#1595=CIRCLE('',#4942,10.);
#1596=CIRCLE('',#4943,0.6);
#1597=CIRCLE('',#4944,10.);
#1598=CIRCLE('',#4946,10.6);
#1599=CIRCLE('',#4947,10.6);
#1600=CIRCLE('',#4949,10.);
#1601=CIRCLE('',#4950,10.);
#1602=CIRCLE('',#4951,10.);
#1603=CIRCLE('',#4953,0.6);
#1604=CIRCLE('',#4955,2.86);
#1605=CIRCLE('',#4957,2.86);
#1606=CIRCLE('',#4959,2.86);
#1607=CIRCLE('',#4961,2.86);
#1608=CIRCLE('',#4963,2.86);
#1609=CIRCLE('',#4965,2.86);
#1610=CIRCLE('',#4967,2.86);
#1611=CIRCLE('',#4970,2.86);
#1612=CIRCLE('',#4971,2.86);
#1613=CIRCLE('',#4972,2.86);
#1614=CIRCLE('',#4974,17.414);
#1615=CIRCLE('',#4975,17.414);
#1616=CIRCLE('',#4976,17.414);
#1617=CIRCLE('',#4977,17.414);
#1618=CIRCLE('',#4978,17.414);
#1619=CIRCLE('',#4979,17.414);
#1620=CIRCLE('',#4980,17.414);
#1621=CIRCLE('',#4981,17.414);
#1622=CIRCLE('',#4982,17.414);
#1623=CIRCLE('',#4983,17.414);
#1624=CIRCLE('',#4984,17.414);
#1625=CIRCLE('',#4985,17.414);
#1626=CIRCLE('',#4987,18.0933);
#1627=CIRCLE('',#4988,18.0933);
#1628=CIRCLE('',#4990,18.0933);
#1629=CIRCLE('',#4991,18.0933);
#1630=CIRCLE('',#4993,18.0933);
#1631=CIRCLE('',#4994,18.0933);
#1632=CIRCLE('',#4995,18.0933);
#1633=CIRCLE('',#4996,18.0933);
#1634=CIRCLE('',#4998,17.414);
#1635=CIRCLE('',#4999,17.414);
#1636=CIRCLE('',#5001,17.414);
#1637=CIRCLE('',#5002,17.414);
#1638=CIRCLE('',#5003,17.414);
#1639=CIRCLE('',#5004,17.414);
#1640=CIRCLE('',#5005,17.414);
#1641=CIRCLE('',#5006,17.414);
#1642=CIRCLE('',#5007,17.414);
#1643=CIRCLE('',#5008,17.414);
#1644=CIRCLE('',#5009,17.414);
#1645=CIRCLE('',#5010,17.414);
#1646=CIRCLE('',#5012,2.86);
#1647=CIRCLE('',#5013,2.86);
#1648=CIRCLE('',#5015,20.4);
#1649=CIRCLE('',#5016,20.4);
#1650=CIRCLE('',#5018,21.);
#1651=CIRCLE('',#5019,21.);
#1652=CIRCLE('',#5020,0.6);
#1653=CIRCLE('',#5021,21.);
#1654=CIRCLE('',#5023,20.4);
#1655=CIRCLE('',#5024,20.4);
#1656=CIRCLE('',#5026,21.);
#1657=CIRCLE('',#5027,21.);
#1658=CIRCLE('',#5028,21.);
#1659=CIRCLE('',#5030,0.6);
#1660=CIRCLE('',#5032,2.86);
#1661=CIRCLE('',#5034,2.86);
#1662=CIRCLE('',#5036,2.86);
#1663=CIRCLE('',#5038,2.86);
#1664=CIRCLE('',#5040,2.86);
#1665=CIRCLE('',#5042,2.86);
#1666=CIRCLE('',#5044,2.86);
#1667=(
BOUNDED_CURVE()
B_SPLINE_CURVE(2,(#6564,#6565,#6566),.UNSPECIFIED.,.F.,.F.)
B_SPLINE_CURVE_WITH_KNOTS((3,3),(0.,0.223787926516202),.UNSPECIFIED.)
CURVE()
GEOMETRIC_REPRESENTATION_ITEM()
RATIONAL_B_SPLINE_CURVE((1.,1.00349058361698,1.))
REPRESENTATION_ITEM('')
);
#1668=(
BOUNDED_CURVE()
B_SPLINE_CURVE(2,(#6572,#6573,#6574),.UNSPECIFIED.,.F.,.F.)
B_SPLINE_CURVE_WITH_KNOTS((3,3),(0.,0.223787926516202),.UNSPECIFIED.)
CURVE()
GEOMETRIC_REPRESENTATION_ITEM()
RATIONAL_B_SPLINE_CURVE((1.,1.00349058361698,1.))
REPRESENTATION_ITEM('')
);
#1669=(
BOUNDED_CURVE()
B_SPLINE_CURVE(2,(#6579,#6580,#6581),.UNSPECIFIED.,.F.,.F.)
B_SPLINE_CURVE_WITH_KNOTS((3,3),(0.,0.223787926516202),.UNSPECIFIED.)
CURVE()
GEOMETRIC_REPRESENTATION_ITEM()
RATIONAL_B_SPLINE_CURVE((1.,1.00349058361698,1.))
REPRESENTATION_ITEM('')
);
#1670=(
BOUNDED_CURVE()
B_SPLINE_CURVE(2,(#6585,#6586,#6587),.UNSPECIFIED.,.F.,.F.)
B_SPLINE_CURVE_WITH_KNOTS((3,3),(0.,0.223787926516202),.UNSPECIFIED.)
CURVE()
GEOMETRIC_REPRESENTATION_ITEM()
RATIONAL_B_SPLINE_CURVE((1.,1.00349058361698,1.))
REPRESENTATION_ITEM('')
);
#1671=(
BOUNDED_CURVE()
B_SPLINE_CURVE(2,(#6591,#6592,#6593),.UNSPECIFIED.,.F.,.F.)
B_SPLINE_CURVE_WITH_KNOTS((3,3),(0.,0.223787926516202),.UNSPECIFIED.)
CURVE()
GEOMETRIC_REPRESENTATION_ITEM()
RATIONAL_B_SPLINE_CURVE((1.,1.00349058361718,1.))
REPRESENTATION_ITEM('')
);
#1672=(
BOUNDED_CURVE()
B_SPLINE_CURVE(2,(#6595,#6596,#6597),.UNSPECIFIED.,.F.,.F.)
B_SPLINE_CURVE_WITH_KNOTS((3,3),(0.,0.223787926516202),.UNSPECIFIED.)
CURVE()
GEOMETRIC_REPRESENTATION_ITEM()
RATIONAL_B_SPLINE_CURVE((1.,1.00349058361718,1.))
REPRESENTATION_ITEM('')
);
#1673=(
BOUNDED_CURVE()
B_SPLINE_CURVE(2,(#6601,#6602,#6603),.UNSPECIFIED.,.F.,.F.)
B_SPLINE_CURVE_WITH_KNOTS((3,3),(0.,0.223787926516202),.UNSPECIFIED.)
CURVE()
GEOMETRIC_REPRESENTATION_ITEM()
RATIONAL_B_SPLINE_CURVE((1.,1.00349058361718,1.))
REPRESENTATION_ITEM('')
);
#1674=(
BOUNDED_CURVE()
B_SPLINE_CURVE(2,(#6606,#6607,#6608),.UNSPECIFIED.,.F.,.F.)
B_SPLINE_CURVE_WITH_KNOTS((3,3),(0.,0.223787926516202),.UNSPECIFIED.)
CURVE()
GEOMETRIC_REPRESENTATION_ITEM()
RATIONAL_B_SPLINE_CURVE((1.,1.00349058361718,1.))
REPRESENTATION_ITEM('')
);
#1675=(
BOUNDED_CURVE()
B_SPLINE_CURVE(2,(#6639,#6640,#6641),.UNSPECIFIED.,.F.,.F.)
B_SPLINE_CURVE_WITH_KNOTS((3,3),(0.,0.236930537738419),.UNSPECIFIED.)
CURVE()
GEOMETRIC_REPRESENTATION_ITEM()
RATIONAL_B_SPLINE_CURVE((1.,1.00705678992527,1.0122784967028))
REPRESENTATION_ITEM('')
);
#1676=(
BOUNDED_CURVE()
B_SPLINE_CURVE(2,(#6644,#6645,#6646),.UNSPECIFIED.,.F.,.F.)
B_SPLINE_CURVE_WITH_KNOTS((3,3),(1.58529646462542,1.82222700236384),
 .UNSPECIFIED.)
CURVE()
GEOMETRIC_REPRESENTATION_ITEM()
RATIONAL_B_SPLINE_CURVE((1.0122784967028,1.00705678992527,1.))
REPRESENTATION_ITEM('')
);
#1677=(
BOUNDED_CURVE()
B_SPLINE_CURVE(2,(#6665,#6666,#6667),.UNSPECIFIED.,.F.,.F.)
B_SPLINE_CURVE_WITH_KNOTS((3,3),(0.,0.236930537738419),.UNSPECIFIED.)
CURVE()
GEOMETRIC_REPRESENTATION_ITEM()
RATIONAL_B_SPLINE_CURVE((1.,1.00705678992527,1.0122784967028))
REPRESENTATION_ITEM('')
);
#1678=(
BOUNDED_CURVE()
B_SPLINE_CURVE(2,(#6677,#6678,#6679),.UNSPECIFIED.,.F.,.F.)
B_SPLINE_CURVE_WITH_KNOTS((3,3),(1.58529646462542,1.82222700236384),
 .UNSPECIFIED.)
CURVE()
GEOMETRIC_REPRESENTATION_ITEM()
RATIONAL_B_SPLINE_CURVE((1.0122784967028,1.00705678992527,1.))
REPRESENTATION_ITEM('')
);
#1679=(
BOUNDED_CURVE()
B_SPLINE_CURVE(2,(#6832,#6833,#6834),.UNSPECIFIED.,.F.,.F.)
B_SPLINE_CURVE_WITH_KNOTS((3,3),(2.49052169117167,2.50998007960223),
 .UNSPECIFIED.)
CURVE()
GEOMETRIC_REPRESENTATION_ITEM()
RATIONAL_B_SPLINE_CURVE((1.03846153846154,1.01938101878645,1.))
REPRESENTATION_ITEM('')
);
#1680=(
BOUNDED_CURVE()
B_SPLINE_CURVE(2,(#6838,#6839,#6840),.UNSPECIFIED.,.F.,.F.)
B_SPLINE_CURVE_WITH_KNOTS((3,3),(0.,0.0194583884305561),.UNSPECIFIED.)
CURVE()
GEOMETRIC_REPRESENTATION_ITEM()
RATIONAL_B_SPLINE_CURVE((1.,1.01938101878645,1.03846153846154))
REPRESENTATION_ITEM('')
);
#1681=(
BOUNDED_CURVE()
B_SPLINE_CURVE(2,(#6846,#6847,#6848),.UNSPECIFIED.,.F.,.F.)
B_SPLINE_CURVE_WITH_KNOTS((3,3),(0.,0.0194583884305561),.UNSPECIFIED.)
CURVE()
GEOMETRIC_REPRESENTATION_ITEM()
RATIONAL_B_SPLINE_CURVE((1.,1.01938101878645,1.03846153846154))
REPRESENTATION_ITEM('')
);
#1682=(
BOUNDED_CURVE()
B_SPLINE_CURVE(2,(#6865,#6866,#6867),.UNSPECIFIED.,.F.,.F.)
B_SPLINE_CURVE_WITH_KNOTS((3,3),(2.49052169117167,2.50998007960223),
 .UNSPECIFIED.)
CURVE()
GEOMETRIC_REPRESENTATION_ITEM()
RATIONAL_B_SPLINE_CURVE((1.03846153846154,1.01938101878645,1.))
REPRESENTATION_ITEM('')
);
#1683=VERTEX_POINT('',#6562);
#1684=VERTEX_POINT('',#6563);
#1685=VERTEX_POINT('',#6567);
#1686=VERTEX_POINT('',#6569);
#1687=VERTEX_POINT('',#6571);
#1688=VERTEX_POINT('',#6577);
#1689=VERTEX_POINT('',#6578);
#1690=VERTEX_POINT('',#6582);
#1691=VERTEX_POINT('',#6584);
#1692=VERTEX_POINT('',#6590);
#1693=VERTEX_POINT('',#6594);
#1694=VERTEX_POINT('',#6600);
#1695=VERTEX_POINT('',#6604);
#1696=VERTEX_POINT('',#6610);
#1697=VERTEX_POINT('',#6612);
#1698=VERTEX_POINT('',#6616);
#1699=VERTEX_POINT('',#6618);
#1700=VERTEX_POINT('',#6622);
#1701=VERTEX_POINT('',#6623);
#1702=VERTEX_POINT('',#6627);
#1703=VERTEX_POINT('',#6629);
#1704=VERTEX_POINT('',#6632);
#1705=VERTEX_POINT('',#6634);
#1706=VERTEX_POINT('',#6638);
#1707=VERTEX_POINT('',#6642);
#1708=VERTEX_POINT('',#6649);
#1709=VERTEX_POINT('',#6651);
#1710=VERTEX_POINT('',#6653);
#1711=VERTEX_POINT('',#6657);
#1712=VERTEX_POINT('',#6659);
#1713=VERTEX_POINT('',#6664);
#1714=VERTEX_POINT('',#6668);
#1715=VERTEX_POINT('',#6670);
#1716=VERTEX_POINT('',#6675);
#1717=VERTEX_POINT('',#6681);
#1718=VERTEX_POINT('',#6685);
#1719=VERTEX_POINT('',#6693);
#1720=VERTEX_POINT('',#6694);
#1721=VERTEX_POINT('',#6705);
#1722=VERTEX_POINT('',#6707);
#1723=VERTEX_POINT('',#6709);
#1724=VERTEX_POINT('',#6722);
#1725=VERTEX_POINT('',#6724);
#1726=VERTEX_POINT('',#6728);
#1727=VERTEX_POINT('',#6730);
#1728=VERTEX_POINT('',#6734);
#1729=VERTEX_POINT('',#6759);
#1730=VERTEX_POINT('',#6760);
#1731=VERTEX_POINT('',#6764);
#1732=VERTEX_POINT('',#6765);
#1733=VERTEX_POINT('',#6770);
#1734=VERTEX_POINT('',#6771);
#1735=VERTEX_POINT('',#6775);
#1736=VERTEX_POINT('',#6776);
#1737=VERTEX_POINT('',#6781);
#1738=VERTEX_POINT('',#6782);
#1739=VERTEX_POINT('',#6786);
#1740=VERTEX_POINT('',#6787);
#1741=VERTEX_POINT('',#6792);
#1742=VERTEX_POINT('',#6793);
#1743=VERTEX_POINT('',#6797);
#1744=VERTEX_POINT('',#6798);
#1745=VERTEX_POINT('',#6805);
#1746=VERTEX_POINT('',#6807);
#1747=VERTEX_POINT('',#6811);
#1748=VERTEX_POINT('',#6815);
#1749=VERTEX_POINT('',#6818);
#1750=VERTEX_POINT('',#6822);
#1751=VERTEX_POINT('',#6830);
#1752=VERTEX_POINT('',#6831);
#1753=VERTEX_POINT('',#6835);
#1754=VERTEX_POINT('',#6837);
#1755=VERTEX_POINT('',#6843);
#1756=VERTEX_POINT('',#6845);
#1757=VERTEX_POINT('',#6849);
#1758=VERTEX_POINT('',#6851);
#1759=VERTEX_POINT('',#6855);
#1760=VERTEX_POINT('',#6859);
#1761=VERTEX_POINT('',#6861);
#1762=VERTEX_POINT('',#6863);
#1763=VERTEX_POINT('',#6874);
#1764=VERTEX_POINT('',#6875);
#1765=VERTEX_POINT('',#6877);
#1766=VERTEX_POINT('',#6879);
#1767=VERTEX_POINT('',#6883);
#1768=VERTEX_POINT('',#6885);
#1769=VERTEX_POINT('',#6889);
#1770=VERTEX_POINT('',#6891);
#1771=VERTEX_POINT('',#6895);
#1772=VERTEX_POINT('',#6896);
#1773=VERTEX_POINT('',#6898);
#1774=VERTEX_POINT('',#6900);
#1775=VERTEX_POINT('',#6904);
#1776=VERTEX_POINT('',#6906);
#1777=VERTEX_POINT('',#6910);
#1778=VERTEX_POINT('',#6912);
#1779=VERTEX_POINT('',#6916);
#1780=VERTEX_POINT('',#6917);
#1781=VERTEX_POINT('',#6919);
#1782=VERTEX_POINT('',#6921);
#1783=VERTEX_POINT('',#6925);
#1784=VERTEX_POINT('',#6927);
#1785=VERTEX_POINT('',#6931);
#1786=VERTEX_POINT('',#6933);
#1787=VERTEX_POINT('',#6937);
#1788=VERTEX_POINT('',#6938);
#1789=VERTEX_POINT('',#6940);
#1790=VERTEX_POINT('',#6942);
#1791=VERTEX_POINT('',#6946);
#1792=VERTEX_POINT('',#6948);
#1793=VERTEX_POINT('',#6952);
#1794=VERTEX_POINT('',#6954);
#1795=VERTEX_POINT('',#6958);
#1796=VERTEX_POINT('',#6959);
#1797=VERTEX_POINT('',#6961);
#1798=VERTEX_POINT('',#6963);
#1799=VERTEX_POINT('',#6967);
#1800=VERTEX_POINT('',#6969);
#1801=VERTEX_POINT('',#6973);
#1802=VERTEX_POINT('',#6975);
#1803=VERTEX_POINT('',#6979);
#1804=VERTEX_POINT('',#6980);
#1805=VERTEX_POINT('',#6982);
#1806=VERTEX_POINT('',#6984);
#1807=VERTEX_POINT('',#6988);
#1808=VERTEX_POINT('',#6990);
#1809=VERTEX_POINT('',#6994);
#1810=VERTEX_POINT('',#6996);
#1811=VERTEX_POINT('',#7000);
#1812=VERTEX_POINT('',#7001);
#1813=VERTEX_POINT('',#7003);
#1814=VERTEX_POINT('',#7005);
#1815=VERTEX_POINT('',#7009);
#1816=VERTEX_POINT('',#7011);
#1817=VERTEX_POINT('',#7015);
#1818=VERTEX_POINT('',#7017);
#1819=VERTEX_POINT('',#7021);
#1820=VERTEX_POINT('',#7022);
#1821=VERTEX_POINT('',#7024);
#1822=VERTEX_POINT('',#7026);
#1823=VERTEX_POINT('',#7030);
#1824=VERTEX_POINT('',#7032);
#1825=VERTEX_POINT('',#7036);
#1826=VERTEX_POINT('',#7038);
#1827=VERTEX_POINT('',#7042);
#1828=VERTEX_POINT('',#7043);
#1829=VERTEX_POINT('',#7045);
#1830=VERTEX_POINT('',#7047);
#1831=VERTEX_POINT('',#7051);
#1832=VERTEX_POINT('',#7053);
#1833=VERTEX_POINT('',#7057);
#1834=VERTEX_POINT('',#7059);
#1835=VERTEX_POINT('',#7063);
#1836=VERTEX_POINT('',#7064);
#1837=VERTEX_POINT('',#7066);
#1838=VERTEX_POINT('',#7068);
#1839=VERTEX_POINT('',#7072);
#1840=VERTEX_POINT('',#7074);
#1841=VERTEX_POINT('',#7078);
#1842=VERTEX_POINT('',#7080);
#1843=VERTEX_POINT('',#7084);
#1844=VERTEX_POINT('',#7085);
#1845=VERTEX_POINT('',#7087);
#1846=VERTEX_POINT('',#7089);
#1847=VERTEX_POINT('',#7093);
#1848=VERTEX_POINT('',#7095);
#1849=VERTEX_POINT('',#7099);
#1850=VERTEX_POINT('',#7101);
#1851=VERTEX_POINT('',#7105);
#1852=VERTEX_POINT('',#7106);
#1853=VERTEX_POINT('',#7108);
#1854=VERTEX_POINT('',#7110);
#1855=VERTEX_POINT('',#7114);
#1856=VERTEX_POINT('',#7116);
#1857=VERTEX_POINT('',#7120);
#1858=VERTEX_POINT('',#7122);
#1859=VERTEX_POINT('',#7126);
#1860=VERTEX_POINT('',#7127);
#1861=VERTEX_POINT('',#7129);
#1862=VERTEX_POINT('',#7131);
#1863=VERTEX_POINT('',#7135);
#1864=VERTEX_POINT('',#7137);
#1865=VERTEX_POINT('',#7141);
#1866=VERTEX_POINT('',#7143);
#1867=VERTEX_POINT('',#7147);
#1868=VERTEX_POINT('',#7148);
#1869=VERTEX_POINT('',#7150);
#1870=VERTEX_POINT('',#7152);
#1871=VERTEX_POINT('',#7156);
#1872=VERTEX_POINT('',#7158);
#1873=VERTEX_POINT('',#7162);
#1874=VERTEX_POINT('',#7164);
#1875=VERTEX_POINT('',#7168);
#1876=VERTEX_POINT('',#7169);
#1877=VERTEX_POINT('',#7171);
#1878=VERTEX_POINT('',#7173);
#1879=VERTEX_POINT('',#7177);
#1880=VERTEX_POINT('',#7179);
#1881=VERTEX_POINT('',#7183);
#1882=VERTEX_POINT('',#7185);
#1883=VERTEX_POINT('',#7189);
#1884=VERTEX_POINT('',#7190);
#1885=VERTEX_POINT('',#7192);
#1886=VERTEX_POINT('',#7194);
#1887=VERTEX_POINT('',#7198);
#1888=VERTEX_POINT('',#7200);
#1889=VERTEX_POINT('',#7204);
#1890=VERTEX_POINT('',#7206);
#1891=VERTEX_POINT('',#7210);
#1892=VERTEX_POINT('',#7211);
#1893=VERTEX_POINT('',#7213);
#1894=VERTEX_POINT('',#7215);
#1895=VERTEX_POINT('',#7219);
#1896=VERTEX_POINT('',#7221);
#1897=VERTEX_POINT('',#7225);
#1898=VERTEX_POINT('',#7227);
#1899=VERTEX_POINT('',#7231);
#1900=VERTEX_POINT('',#7232);
#1901=VERTEX_POINT('',#7234);
#1902=VERTEX_POINT('',#7236);
#1903=VERTEX_POINT('',#7240);
#1904=VERTEX_POINT('',#7242);
#1905=VERTEX_POINT('',#7246);
#1906=VERTEX_POINT('',#7248);
#1907=VERTEX_POINT('',#7252);
#1908=VERTEX_POINT('',#7253);
#1909=VERTEX_POINT('',#7255);
#1910=VERTEX_POINT('',#7257);
#1911=VERTEX_POINT('',#7261);
#1912=VERTEX_POINT('',#7263);
#1913=VERTEX_POINT('',#7267);
#1914=VERTEX_POINT('',#7269);
#1915=VERTEX_POINT('',#7273);
#1916=VERTEX_POINT('',#7274);
#1917=VERTEX_POINT('',#7276);
#1918=VERTEX_POINT('',#7278);
#1919=VERTEX_POINT('',#7282);
#1920=VERTEX_POINT('',#7284);
#1921=VERTEX_POINT('',#7288);
#1922=VERTEX_POINT('',#7290);
#1923=VERTEX_POINT('',#7294);
#1924=VERTEX_POINT('',#7295);
#1925=VERTEX_POINT('',#7297);
#1926=VERTEX_POINT('',#7299);
#1927=VERTEX_POINT('',#7303);
#1928=VERTEX_POINT('',#7305);
#1929=VERTEX_POINT('',#7309);
#1930=VERTEX_POINT('',#7311);
#1931=VERTEX_POINT('',#7335);
#1932=VERTEX_POINT('',#7337);
#1933=VERTEX_POINT('',#7339);
#1934=VERTEX_POINT('',#7341);
#1935=VERTEX_POINT('',#7345);
#1936=VERTEX_POINT('',#7389);
#1937=VERTEX_POINT('',#7391);
#1938=VERTEX_POINT('',#7395);
#1939=VERTEX_POINT('',#7407);
#1940=VERTEX_POINT('',#7409);
#1941=VERTEX_POINT('',#7413);
#1942=VERTEX_POINT('',#7415);
#1943=VERTEX_POINT('',#7419);
#1944=VERTEX_POINT('',#7420);
#1945=VERTEX_POINT('',#7422);
#1946=VERTEX_POINT('',#7424);
#1947=VERTEX_POINT('',#7428);
#1948=VERTEX_POINT('',#7430);
#1949=VERTEX_POINT('',#7434);
#1950=VERTEX_POINT('',#7436);
#1951=VERTEX_POINT('',#7440);
#1952=VERTEX_POINT('',#7442);
#1953=VERTEX_POINT('',#7446);
#1954=VERTEX_POINT('',#7448);
#1955=VERTEX_POINT('',#7452);
#1956=VERTEX_POINT('',#7454);
#1957=VERTEX_POINT('',#7458);
#1958=VERTEX_POINT('',#7460);
#1959=VERTEX_POINT('',#7470);
#1960=VERTEX_POINT('',#7472);
#1961=VERTEX_POINT('',#7476);
#1962=VERTEX_POINT('',#7478);
#1963=VERTEX_POINT('',#7482);
#1964=VERTEX_POINT('',#7483);
#1965=VERTEX_POINT('',#7485);
#1966=VERTEX_POINT('',#7487);
#1967=VERTEX_POINT('',#7491);
#1968=VERTEX_POINT('',#7493);
#1969=VERTEX_POINT('',#7497);
#1970=VERTEX_POINT('',#7499);
#1971=VERTEX_POINT('',#7503);
#1972=VERTEX_POINT('',#7505);
#1973=VERTEX_POINT('',#7509);
#1974=VERTEX_POINT('',#7511);
#1975=VERTEX_POINT('',#7515);
#1976=VERTEX_POINT('',#7517);
#1977=VERTEX_POINT('',#7521);
#1978=VERTEX_POINT('',#7523);
#1979=VERTEX_POINT('',#7527);
#1980=VERTEX_POINT('',#7529);
#1981=VERTEX_POINT('',#7533);
#1982=VERTEX_POINT('',#7535);
#1983=VERTEX_POINT('',#7539);
#1984=VERTEX_POINT('',#7541);
#1985=VERTEX_POINT('',#7545);
#1986=VERTEX_POINT('',#7547);
#1987=VERTEX_POINT('',#7557);
#1988=VERTEX_POINT('',#7558);
#1989=VERTEX_POINT('',#7560);
#1990=VERTEX_POINT('',#7562);
#1991=VERTEX_POINT('',#7566);
#1992=VERTEX_POINT('',#7567);
#1993=VERTEX_POINT('',#7572);
#1994=VERTEX_POINT('',#7573);
#1995=VERTEX_POINT('',#7581);
#1996=VERTEX_POINT('',#7583);
#1997=VERTEX_POINT('',#7587);
#1998=VERTEX_POINT('',#7592);
#1999=VERTEX_POINT('',#7594);
#2000=VERTEX_POINT('',#7598);
#2001=VERTEX_POINT('',#7602);
#2002=VERTEX_POINT('',#7603);
#2003=VERTEX_POINT('',#7616);
#2004=VERTEX_POINT('',#7617);
#2005=VERTEX_POINT('',#7619);
#2006=VERTEX_POINT('',#7620);
#2007=VERTEX_POINT('',#7622);
#2008=VERTEX_POINT('',#7623);
#2009=VERTEX_POINT('',#7626);
#2010=VERTEX_POINT('',#7627);
#2011=VERTEX_POINT('',#7629);
#2012=VERTEX_POINT('',#7630);
#2013=VERTEX_POINT('',#7632);
#2014=VERTEX_POINT('',#7633);
#2015=VERTEX_POINT('',#7636);
#2016=VERTEX_POINT('',#7637);
#2017=VERTEX_POINT('',#7639);
#2018=VERTEX_POINT('',#7640);
#2019=VERTEX_POINT('',#7642);
#2020=VERTEX_POINT('',#7643);
#2021=VERTEX_POINT('',#7646);
#2022=VERTEX_POINT('',#7647);
#2023=VERTEX_POINT('',#7649);
#2024=VERTEX_POINT('',#7650);
#2025=VERTEX_POINT('',#7652);
#2026=VERTEX_POINT('',#7653);
#2027=VERTEX_POINT('',#7656);
#2028=VERTEX_POINT('',#7657);
#2029=VERTEX_POINT('',#7659);
#2030=VERTEX_POINT('',#7660);
#2031=VERTEX_POINT('',#7662);
#2032=VERTEX_POINT('',#7663);
#2033=VERTEX_POINT('',#7666);
#2034=VERTEX_POINT('',#7667);
#2035=VERTEX_POINT('',#7669);
#2036=VERTEX_POINT('',#7670);
#2037=VERTEX_POINT('',#7672);
#2038=VERTEX_POINT('',#7673);
#2039=VERTEX_POINT('',#7676);
#2040=VERTEX_POINT('',#7677);
#2041=VERTEX_POINT('',#7679);
#2042=VERTEX_POINT('',#7680);
#2043=VERTEX_POINT('',#7682);
#2044=VERTEX_POINT('',#7683);
#2045=VERTEX_POINT('',#7686);
#2046=VERTEX_POINT('',#7687);
#2047=VERTEX_POINT('',#7689);
#2048=VERTEX_POINT('',#7690);
#2049=VERTEX_POINT('',#7692);
#2050=VERTEX_POINT('',#7693);
#2051=VERTEX_POINT('',#7696);
#2052=VERTEX_POINT('',#7697);
#2053=VERTEX_POINT('',#7699);
#2054=VERTEX_POINT('',#7701);
#2055=VERTEX_POINT('',#7703);
#2056=VERTEX_POINT('',#7705);
#2057=VERTEX_POINT('',#7707);
#2058=VERTEX_POINT('',#7709);
#2059=VERTEX_POINT('',#7711);
#2060=VERTEX_POINT('',#7714);
#2061=VERTEX_POINT('',#7716);
#2062=VERTEX_POINT('',#7718);
#2063=VERTEX_POINT('',#7722);
#2064=VERTEX_POINT('',#7723);
#2065=VERTEX_POINT('',#7727);
#2066=VERTEX_POINT('',#7729);
#2067=VERTEX_POINT('',#7733);
#2068=VERTEX_POINT('',#7734);
#2069=VERTEX_POINT('',#7737);
#2070=VERTEX_POINT('',#7739);
#2071=VERTEX_POINT('',#7743);
#2072=VERTEX_POINT('',#7744);
#2073=VERTEX_POINT('',#7748);
#2074=VERTEX_POINT('',#7750);
#2075=VERTEX_POINT('',#7752);
#2076=VERTEX_POINT('',#7754);
#2077=VERTEX_POINT('',#7756);
#2078=VERTEX_POINT('',#7758);
#2079=VERTEX_POINT('',#7760);
#2080=VERTEX_POINT('',#7762);
#2081=VERTEX_POINT('',#7764);
#2082=VERTEX_POINT('',#7766);
#2083=VERTEX_POINT('',#7773);
#2084=VERTEX_POINT('',#7774);
#2085=VERTEX_POINT('',#7778);
#2086=VERTEX_POINT('',#7779);
#2087=VERTEX_POINT('',#7781);
#2088=VERTEX_POINT('',#7786);
#2089=VERTEX_POINT('',#7787);
#2090=VERTEX_POINT('',#7791);
#2091=VERTEX_POINT('',#7793);
#2092=VERTEX_POINT('',#7795);
#2093=VERTEX_POINT('',#7816);
#2094=VERTEX_POINT('',#7817);
#2095=VERTEX_POINT('',#7819);
#2096=VERTEX_POINT('',#7820);
#2097=VERTEX_POINT('',#7822);
#2098=VERTEX_POINT('',#7823);
#2099=VERTEX_POINT('',#7826);
#2100=VERTEX_POINT('',#7827);
#2101=VERTEX_POINT('',#7829);
#2102=VERTEX_POINT('',#7831);
#2103=VERTEX_POINT('',#7833);
#2104=VERTEX_POINT('',#7835);
#2105=VERTEX_POINT('',#7837);
#2106=VERTEX_POINT('',#7839);
#2107=VERTEX_POINT('',#7841);
#2108=VERTEX_POINT('',#7843);
#2109=VERTEX_POINT('',#7845);
#2110=VERTEX_POINT('',#7847);
#2111=VERTEX_POINT('',#7852);
#2112=VERTEX_POINT('',#7853);
#2113=VERTEX_POINT('',#7857);
#2114=VERTEX_POINT('',#7858);
#2115=VERTEX_POINT('',#7863);
#2116=VERTEX_POINT('',#7864);
#2117=VERTEX_POINT('',#7866);
#2118=VERTEX_POINT('',#7868);
#2119=VERTEX_POINT('',#7873);
#2120=VERTEX_POINT('',#7874);
#2121=VERTEX_POINT('',#7878);
#2122=VERTEX_POINT('',#7879);
#2123=VERTEX_POINT('',#7881);
#2124=VERTEX_POINT('',#7883);
#2125=VERTEX_POINT('',#7885);
#2126=VERTEX_POINT('',#7887);
#2127=VERTEX_POINT('',#7890);
#2128=VERTEX_POINT('',#7892);
#2129=VERTEX_POINT('',#7894);
#2130=VERTEX_POINT('',#7896);
#2131=VERTEX_POINT('',#7903);
#2132=VERTEX_POINT('',#7904);
#2133=VERTEX_POINT('',#7908);
#2134=VERTEX_POINT('',#7909);
#2135=VERTEX_POINT('',#7911);
#2136=VERTEX_POINT('',#7916);
#2137=VERTEX_POINT('',#7917);
#2138=VERTEX_POINT('',#7921);
#2139=VERTEX_POINT('',#7922);
#2140=VERTEX_POINT('',#7924);
#2141=EDGE_CURVE('',#1683,#1684,#1667,.T.);
#2142=EDGE_CURVE('',#1685,#1683,#1266,.T.);
#2143=EDGE_CURVE('',#1686,#1685,#1267,.T.);
#2144=EDGE_CURVE('',#1687,#1686,#1668,.T.);
#2145=EDGE_CURVE('',#1684,#1687,#1268,.T.);
#2146=EDGE_CURVE('',#1688,#1689,#1669,.T.);
#2147=EDGE_CURVE('',#1690,#1688,#1269,.T.);
#2148=EDGE_CURVE('',#1691,#1690,#1670,.T.);
#2149=EDGE_CURVE('',#1689,#1691,#1270,.T.);
#2150=EDGE_CURVE('',#1684,#1692,#1671,.T.);
#2151=EDGE_CURVE('',#1693,#1687,#1672,.T.);
#2152=EDGE_CURVE('',#1692,#1693,#1271,.T.);
#2153=EDGE_CURVE('',#1694,#1688,#1673,.T.);
#2154=EDGE_CURVE('',#1695,#1694,#1272,.T.);
#2155=EDGE_CURVE('',#1690,#1695,#1674,.T.);
#2156=EDGE_CURVE('',#1693,#1696,#245,.T.);
#2157=EDGE_CURVE('',#1697,#1696,#1273,.T.);
#2158=EDGE_CURVE('',#1697,#1692,#246,.T.);
#2159=EDGE_CURVE('',#1694,#1698,#247,.T.);
#2160=EDGE_CURVE('',#1699,#1698,#1274,.T.);
#2161=EDGE_CURVE('',#1699,#1695,#248,.T.);
#2162=EDGE_CURVE('',#1700,#1701,#1275,.T.);
#2163=EDGE_CURVE('',#1701,#1700,#1276,.T.);
#2164=EDGE_CURVE('',#1701,#1685,#249,.T.);
#2165=EDGE_CURVE('',#1683,#1702,#250,.T.);
#2166=EDGE_CURVE('',#1702,#1703,#1277,.T.);
#2167=EDGE_CURVE('',#1703,#1689,#251,.T.);
#2168=EDGE_CURVE('',#1691,#1704,#252,.T.);
#2169=EDGE_CURVE('',#1704,#1705,#1278,.T.);
#2170=EDGE_CURVE('',#1705,#1686,#253,.T.);
#2171=EDGE_CURVE('',#1706,#1699,#1675,.T.);
#2172=EDGE_CURVE('',#1707,#1706,#254,.T.);
#2173=EDGE_CURVE('',#1696,#1707,#1676,.T.);
#2174=EDGE_CURVE('',#1704,#1705,#255,.T.);
#2175=EDGE_CURVE('',#1708,#1708,#1279,.T.);
#2176=EDGE_CURVE('',#1708,#1709,#256,.T.);
#2177=EDGE_CURVE('',#1709,#1710,#1280,.T.);
#2178=EDGE_CURVE('',#1710,#1709,#1281,.T.);
#2179=EDGE_CURVE('',#1710,#1711,#257,.T.);
#2180=EDGE_CURVE('',#1711,#1712,#1282,.T.);
#2181=EDGE_CURVE('',#1712,#1711,#1283,.T.);
#2182=EDGE_CURVE('',#1713,#1697,#1677,.T.);
#2183=EDGE_CURVE('',#1707,#1714,#192,.T.);
#2184=EDGE_CURVE('',#1714,#1715,#1284,.T.);
#2185=EDGE_CURVE('',#1715,#1713,#193,.T.);
#2186=EDGE_CURVE('',#1702,#1703,#258,.T.);
#2187=EDGE_CURVE('',#1716,#1713,#259,.T.);
#2188=EDGE_CURVE('',#1698,#1716,#1678,.T.);
#2189=EDGE_CURVE('',#1715,#1717,#260,.T.);
#2190=EDGE_CURVE('',#1716,#1717,#194,.T.);
#2191=EDGE_CURVE('',#1717,#1718,#1285,.T.);
#2192=EDGE_CURVE('',#1718,#1706,#195,.T.);
#2193=EDGE_CURVE('',#1718,#1714,#261,.T.);
#2194=EDGE_CURVE('',#1719,#1720,#188,.T.);
#2195=EDGE_CURVE('',#1719,#1721,#262,.T.);
#2196=EDGE_CURVE('',#1722,#1721,#1286,.T.);
#2197=EDGE_CURVE('',#1723,#1722,#263,.T.);
#2198=EDGE_CURVE('',#1720,#1723,#189,.T.);
#2199=EDGE_CURVE('',#1723,#1724,#264,.T.);
#2200=EDGE_CURVE('',#1725,#1722,#265,.T.);
#2201=EDGE_CURVE('',#1724,#1725,#266,.T.);
#2202=EDGE_CURVE('',#1726,#1719,#267,.T.);
#2203=EDGE_CURVE('',#1726,#1727,#268,.T.);
#2204=EDGE_CURVE('',#1721,#1727,#269,.T.);
#2205=EDGE_CURVE('',#1728,#1726,#190,.T.);
#2206=EDGE_CURVE('',#1724,#1728,#191,.T.);
#2207=EDGE_CURVE('',#1727,#1725,#1287,.T.);
#2208=EDGE_CURVE('',#1729,#1730,#1288,.T.);
#2209=EDGE_CURVE('',#1730,#1729,#1289,.T.);
#2210=EDGE_CURVE('',#1731,#1732,#1290,.T.);
#2211=EDGE_CURVE('',#1732,#1731,#1291,.T.);
#2212=EDGE_CURVE('',#1732,#1730,#270,.T.);
#2213=EDGE_CURVE('',#1733,#1734,#1292,.T.);
#2214=EDGE_CURVE('',#1734,#1733,#1293,.T.);
#2215=EDGE_CURVE('',#1735,#1736,#1294,.T.);
#2216=EDGE_CURVE('',#1736,#1735,#1295,.T.);
#2217=EDGE_CURVE('',#1736,#1734,#271,.T.);
#2218=EDGE_CURVE('',#1737,#1738,#1296,.T.);
#2219=EDGE_CURVE('',#1738,#1737,#1297,.T.);
#2220=EDGE_CURVE('',#1739,#1740,#1298,.T.);
#2221=EDGE_CURVE('',#1740,#1739,#1299,.T.);
#2222=EDGE_CURVE('',#1740,#1738,#272,.T.);
#2223=EDGE_CURVE('',#1741,#1742,#1300,.T.);
#2224=EDGE_CURVE('',#1742,#1741,#1301,.T.);
#2225=EDGE_CURVE('',#1743,#1744,#1302,.T.);
#2226=EDGE_CURVE('',#1744,#1743,#1303,.T.);
#2227=EDGE_CURVE('',#1744,#1742,#273,.T.);
#2228=EDGE_CURVE('',#1745,#1745,#1304,.T.);
#2229=EDGE_CURVE('',#1745,#1746,#274,.T.);
#2230=EDGE_CURVE('',#1746,#1746,#1305,.T.);
#2231=EDGE_CURVE('',#1746,#1747,#275,.T.);
#2232=EDGE_CURVE('',#1747,#1747,#1306,.T.);
#2233=EDGE_CURVE('',#1748,#1748,#1307,.T.);
#2234=EDGE_CURVE('',#1749,#1749,#1308,.T.);
#2235=EDGE_CURVE('',#1749,#1747,#276,.T.);
#2236=EDGE_CURVE('',#1750,#1750,#1309,.T.);
#2237=EDGE_CURVE('',#1750,#1748,#277,.T.);
#2238=EDGE_CURVE('',#1751,#1752,#1679,.T.);
#2239=EDGE_CURVE('',#1752,#1753,#1310,.T.);
#2240=EDGE_CURVE('',#1753,#1754,#1680,.T.);
#2241=EDGE_CURVE('',#1754,#1751,#1311,.T.);
#2242=EDGE_CURVE('',#1755,#1751,#278,.T.);
#2243=EDGE_CURVE('',#1756,#1755,#1681,.T.);
#2244=EDGE_CURVE('',#1757,#1756,#279,.T.);
#2245=EDGE_CURVE('',#1757,#1758,#280,.T.);
#2246=EDGE_CURVE('',#1752,#1758,#281,.T.);
#2247=EDGE_CURVE('',#1759,#1754,#282,.T.);
#2248=EDGE_CURVE('',#1755,#1759,#1312,.T.);
#2249=EDGE_CURVE('',#1760,#1753,#283,.T.);
#2250=EDGE_CURVE('',#1761,#1760,#284,.T.);
#2251=EDGE_CURVE('',#1762,#1761,#285,.T.);
#2252=EDGE_CURVE('',#1759,#1762,#1682,.T.);
#2253=EDGE_CURVE('',#1762,#1756,#1313,.T.);
#2254=EDGE_CURVE('',#1758,#1760,#286,.T.);
#2255=EDGE_CURVE('',#1761,#1757,#287,.T.);
#2256=EDGE_CURVE('',#1763,#1764,#1314,.T.);
#2257=EDGE_CURVE('',#1765,#1763,#288,.T.);
#2258=EDGE_CURVE('',#1766,#1765,#1315,.T.);
#2259=EDGE_CURVE('',#1766,#1764,#289,.T.);
#2260=EDGE_CURVE('',#1764,#1767,#1316,.T.);
#2261=EDGE_CURVE('',#1768,#1766,#1317,.T.);
#2262=EDGE_CURVE('',#1767,#1768,#290,.T.);
#2263=EDGE_CURVE('',#1769,#1763,#1318,.T.);
#2264=EDGE_CURVE('',#1770,#1769,#291,.T.);
#2265=EDGE_CURVE('',#1765,#1770,#1319,.T.);
#2266=EDGE_CURVE('',#1771,#1772,#1320,.T.);
#2267=EDGE_CURVE('',#1773,#1771,#292,.T.);
#2268=EDGE_CURVE('',#1774,#1773,#1321,.T.);
#2269=EDGE_CURVE('',#1774,#1772,#293,.T.);
#2270=EDGE_CURVE('',#1772,#1775,#1322,.T.);
#2271=EDGE_CURVE('',#1776,#1774,#1323,.T.);
#2272=EDGE_CURVE('',#1775,#1776,#294,.T.);
#2273=EDGE_CURVE('',#1777,#1771,#1324,.T.);
#2274=EDGE_CURVE('',#1778,#1777,#295,.T.);
#2275=EDGE_CURVE('',#1773,#1778,#1325,.T.);
#2276=EDGE_CURVE('',#1779,#1780,#1326,.T.);
#2277=EDGE_CURVE('',#1781,#1779,#296,.T.);
#2278=EDGE_CURVE('',#1782,#1781,#1327,.T.);
#2279=EDGE_CURVE('',#1782,#1780,#297,.T.);
#2280=EDGE_CURVE('',#1780,#1783,#1328,.T.);
#2281=EDGE_CURVE('',#1784,#1782,#1329,.T.);
#2282=EDGE_CURVE('',#1783,#1784,#298,.T.);
#2283=EDGE_CURVE('',#1785,#1779,#1330,.T.);
#2284=EDGE_CURVE('',#1786,#1785,#299,.T.);
#2285=EDGE_CURVE('',#1781,#1786,#1331,.T.);
#2286=EDGE_CURVE('',#1787,#1788,#1332,.T.);
#2287=EDGE_CURVE('',#1789,#1787,#300,.T.);
#2288=EDGE_CURVE('',#1790,#1789,#1333,.T.);
#2289=EDGE_CURVE('',#1790,#1788,#301,.T.);
#2290=EDGE_CURVE('',#1788,#1791,#1334,.T.);
#2291=EDGE_CURVE('',#1792,#1790,#1335,.T.);
#2292=EDGE_CURVE('',#1791,#1792,#302,.T.);
#2293=EDGE_CURVE('',#1793,#1787,#1336,.T.);
#2294=EDGE_CURVE('',#1794,#1793,#303,.T.);
#2295=EDGE_CURVE('',#1789,#1794,#1337,.T.);
#2296=EDGE_CURVE('',#1795,#1796,#1338,.T.);
#2297=EDGE_CURVE('',#1797,#1795,#304,.T.);
#2298=EDGE_CURVE('',#1798,#1797,#1339,.T.);
#2299=EDGE_CURVE('',#1798,#1796,#305,.T.);
#2300=EDGE_CURVE('',#1796,#1799,#1340,.T.);
#2301=EDGE_CURVE('',#1800,#1798,#1341,.T.);
#2302=EDGE_CURVE('',#1799,#1800,#306,.T.);
#2303=EDGE_CURVE('',#1801,#1795,#1342,.T.);
#2304=EDGE_CURVE('',#1802,#1801,#307,.T.);
#2305=EDGE_CURVE('',#1797,#1802,#1343,.T.);
#2306=EDGE_CURVE('',#1803,#1804,#1344,.T.);
#2307=EDGE_CURVE('',#1805,#1803,#308,.T.);
#2308=EDGE_CURVE('',#1806,#1805,#1345,.T.);
#2309=EDGE_CURVE('',#1806,#1804,#309,.T.);
#2310=EDGE_CURVE('',#1804,#1807,#1346,.T.);
#2311=EDGE_CURVE('',#1808,#1806,#1347,.T.);
#2312=EDGE_CURVE('',#1807,#1808,#310,.T.);
#2313=EDGE_CURVE('',#1809,#1803,#1348,.T.);
#2314=EDGE_CURVE('',#1810,#1809,#311,.T.);
#2315=EDGE_CURVE('',#1805,#1810,#1349,.T.);
#2316=EDGE_CURVE('',#1811,#1812,#1350,.T.);
#2317=EDGE_CURVE('',#1813,#1811,#312,.T.);
#2318=EDGE_CURVE('',#1814,#1813,#1351,.T.);
#2319=EDGE_CURVE('',#1814,#1812,#313,.T.);
#2320=EDGE_CURVE('',#1812,#1815,#1352,.T.);
#2321=EDGE_CURVE('',#1816,#1814,#1353,.T.);
#2322=EDGE_CURVE('',#1815,#1816,#314,.T.);
#2323=EDGE_CURVE('',#1817,#1811,#1354,.T.);
#2324=EDGE_CURVE('',#1818,#1817,#315,.T.);
#2325=EDGE_CURVE('',#1813,#1818,#1355,.T.);
#2326=EDGE_CURVE('',#1819,#1820,#1356,.T.);
#2327=EDGE_CURVE('',#1821,#1819,#316,.T.);
#2328=EDGE_CURVE('',#1822,#1821,#1357,.T.);
#2329=EDGE_CURVE('',#1822,#1820,#317,.T.);
#2330=EDGE_CURVE('',#1820,#1823,#1358,.T.);
#2331=EDGE_CURVE('',#1824,#1822,#1359,.T.);
#2332=EDGE_CURVE('',#1823,#1824,#318,.T.);
#2333=EDGE_CURVE('',#1825,#1819,#1360,.T.);
#2334=EDGE_CURVE('',#1826,#1825,#319,.T.);
#2335=EDGE_CURVE('',#1821,#1826,#1361,.T.);
#2336=EDGE_CURVE('',#1827,#1828,#1362,.T.);
#2337=EDGE_CURVE('',#1829,#1827,#320,.T.);
#2338=EDGE_CURVE('',#1830,#1829,#1363,.T.);
#2339=EDGE_CURVE('',#1830,#1828,#321,.T.);
#2340=EDGE_CURVE('',#1828,#1831,#1364,.T.);
#2341=EDGE_CURVE('',#1832,#1830,#1365,.T.);
#2342=EDGE_CURVE('',#1831,#1832,#322,.T.);
#2343=EDGE_CURVE('',#1833,#1827,#1366,.T.);
#2344=EDGE_CURVE('',#1834,#1833,#323,.T.);
#2345=EDGE_CURVE('',#1829,#1834,#1367,.T.);
#2346=EDGE_CURVE('',#1835,#1836,#1368,.T.);
#2347=EDGE_CURVE('',#1837,#1835,#324,.T.);
#2348=EDGE_CURVE('',#1838,#1837,#1369,.T.);
#2349=EDGE_CURVE('',#1838,#1836,#325,.T.);
#2350=EDGE_CURVE('',#1836,#1839,#1370,.T.);
#2351=EDGE_CURVE('',#1840,#1838,#1371,.T.);
#2352=EDGE_CURVE('',#1839,#1840,#326,.T.);
#2353=EDGE_CURVE('',#1841,#1835,#1372,.T.);
#2354=EDGE_CURVE('',#1842,#1841,#327,.T.);
#2355=EDGE_CURVE('',#1837,#1842,#1373,.T.);
#2356=EDGE_CURVE('',#1843,#1844,#1374,.T.);
#2357=EDGE_CURVE('',#1845,#1843,#328,.T.);
#2358=EDGE_CURVE('',#1846,#1845,#1375,.T.);
#2359=EDGE_CURVE('',#1846,#1844,#329,.T.);
#2360=EDGE_CURVE('',#1844,#1847,#1376,.T.);
#2361=EDGE_CURVE('',#1848,#1846,#1377,.T.);
#2362=EDGE_CURVE('',#1847,#1848,#330,.T.);
#2363=EDGE_CURVE('',#1849,#1843,#1378,.T.);
#2364=EDGE_CURVE('',#1850,#1849,#331,.T.);
#2365=EDGE_CURVE('',#1845,#1850,#1379,.T.);
#2366=EDGE_CURVE('',#1851,#1852,#1380,.T.);
#2367=EDGE_CURVE('',#1853,#1851,#332,.T.);
#2368=EDGE_CURVE('',#1854,#1853,#1381,.T.);
#2369=EDGE_CURVE('',#1854,#1852,#333,.T.);
#2370=EDGE_CURVE('',#1852,#1855,#1382,.T.);
#2371=EDGE_CURVE('',#1856,#1854,#1383,.T.);
#2372=EDGE_CURVE('',#1855,#1856,#334,.T.);
#2373=EDGE_CURVE('',#1857,#1851,#1384,.T.);
#2374=EDGE_CURVE('',#1858,#1857,#335,.T.);
#2375=EDGE_CURVE('',#1853,#1858,#1385,.T.);
#2376=EDGE_CURVE('',#1859,#1860,#1386,.T.);
#2377=EDGE_CURVE('',#1861,#1859,#336,.T.);
#2378=EDGE_CURVE('',#1862,#1861,#1387,.T.);
#2379=EDGE_CURVE('',#1862,#1860,#337,.T.);
#2380=EDGE_CURVE('',#1860,#1863,#1388,.T.);
#2381=EDGE_CURVE('',#1864,#1862,#1389,.T.);
#2382=EDGE_CURVE('',#1863,#1864,#338,.T.);
#2383=EDGE_CURVE('',#1865,#1859,#1390,.T.);
#2384=EDGE_CURVE('',#1866,#1865,#339,.T.);
#2385=EDGE_CURVE('',#1861,#1866,#1391,.T.);
#2386=EDGE_CURVE('',#1867,#1868,#1392,.T.);
#2387=EDGE_CURVE('',#1869,#1867,#340,.T.);
#2388=EDGE_CURVE('',#1870,#1869,#1393,.T.);
#2389=EDGE_CURVE('',#1870,#1868,#341,.T.);
#2390=EDGE_CURVE('',#1868,#1871,#1394,.T.);
#2391=EDGE_CURVE('',#1872,#1870,#1395,.T.);
#2392=EDGE_CURVE('',#1871,#1872,#342,.T.);
#2393=EDGE_CURVE('',#1873,#1867,#1396,.T.);
#2394=EDGE_CURVE('',#1874,#1873,#343,.T.);
#2395=EDGE_CURVE('',#1869,#1874,#1397,.T.);
#2396=EDGE_CURVE('',#1875,#1876,#1398,.T.);
#2397=EDGE_CURVE('',#1877,#1875,#344,.T.);
#2398=EDGE_CURVE('',#1878,#1877,#1399,.T.);
#2399=EDGE_CURVE('',#1878,#1876,#345,.T.);
#2400=EDGE_CURVE('',#1876,#1879,#1400,.T.);
#2401=EDGE_CURVE('',#1880,#1878,#1401,.T.);
#2402=EDGE_CURVE('',#1879,#1880,#346,.T.);
#2403=EDGE_CURVE('',#1881,#1875,#1402,.T.);
#2404=EDGE_CURVE('',#1882,#1881,#347,.T.);
#2405=EDGE_CURVE('',#1877,#1882,#1403,.T.);
#2406=EDGE_CURVE('',#1883,#1884,#1404,.T.);
#2407=EDGE_CURVE('',#1885,#1883,#348,.T.);
#2408=EDGE_CURVE('',#1886,#1885,#1405,.T.);
#2409=EDGE_CURVE('',#1886,#1884,#349,.T.);
#2410=EDGE_CURVE('',#1884,#1887,#1406,.T.);
#2411=EDGE_CURVE('',#1888,#1886,#1407,.T.);
#2412=EDGE_CURVE('',#1887,#1888,#350,.T.);
#2413=EDGE_CURVE('',#1889,#1883,#1408,.T.);
#2414=EDGE_CURVE('',#1890,#1889,#351,.T.);
#2415=EDGE_CURVE('',#1885,#1890,#1409,.T.);
#2416=EDGE_CURVE('',#1891,#1892,#1410,.T.);
#2417=EDGE_CURVE('',#1893,#1891,#352,.T.);
#2418=EDGE_CURVE('',#1894,#1893,#1411,.T.);
#2419=EDGE_CURVE('',#1894,#1892,#353,.T.);
#2420=EDGE_CURVE('',#1892,#1895,#1412,.T.);
#2421=EDGE_CURVE('',#1896,#1894,#1413,.T.);
#2422=EDGE_CURVE('',#1895,#1896,#354,.T.);
#2423=EDGE_CURVE('',#1897,#1891,#1414,.T.);
#2424=EDGE_CURVE('',#1898,#1897,#355,.T.);
#2425=EDGE_CURVE('',#1893,#1898,#1415,.T.);
#2426=EDGE_CURVE('',#1899,#1900,#1416,.T.);
#2427=EDGE_CURVE('',#1901,#1899,#356,.T.);
#2428=EDGE_CURVE('',#1902,#1901,#1417,.T.);
#2429=EDGE_CURVE('',#1902,#1900,#357,.T.);
#2430=EDGE_CURVE('',#1900,#1903,#1418,.T.);
#2431=EDGE_CURVE('',#1904,#1902,#1419,.T.);
#2432=EDGE_CURVE('',#1903,#1904,#358,.T.);
#2433=EDGE_CURVE('',#1905,#1899,#1420,.T.);
#2434=EDGE_CURVE('',#1906,#1905,#359,.T.);
#2435=EDGE_CURVE('',#1901,#1906,#1421,.T.);
#2436=EDGE_CURVE('',#1907,#1908,#1422,.T.);
#2437=EDGE_CURVE('',#1909,#1907,#360,.T.);
#2438=EDGE_CURVE('',#1910,#1909,#1423,.T.);
#2439=EDGE_CURVE('',#1910,#1908,#361,.T.);
#2440=EDGE_CURVE('',#1908,#1911,#1424,.T.);
#2441=EDGE_CURVE('',#1912,#1910,#1425,.T.);
#2442=EDGE_CURVE('',#1911,#1912,#362,.T.);
#2443=EDGE_CURVE('',#1913,#1907,#1426,.T.);
#2444=EDGE_CURVE('',#1914,#1913,#363,.T.);
#2445=EDGE_CURVE('',#1909,#1914,#1427,.T.);
#2446=EDGE_CURVE('',#1915,#1916,#1428,.T.);
#2447=EDGE_CURVE('',#1917,#1915,#364,.T.);
#2448=EDGE_CURVE('',#1918,#1917,#1429,.T.);
#2449=EDGE_CURVE('',#1918,#1916,#365,.T.);
#2450=EDGE_CURVE('',#1916,#1919,#1430,.T.);
#2451=EDGE_CURVE('',#1920,#1918,#1431,.T.);
#2452=EDGE_CURVE('',#1919,#1920,#366,.T.);
#2453=EDGE_CURVE('',#1921,#1915,#1432,.T.);
#2454=EDGE_CURVE('',#1922,#1921,#367,.T.);
#2455=EDGE_CURVE('',#1917,#1922,#1433,.T.);
#2456=EDGE_CURVE('',#1923,#1924,#1434,.T.);
#2457=EDGE_CURVE('',#1925,#1923,#368,.T.);
#2458=EDGE_CURVE('',#1926,#1925,#1435,.T.);
#2459=EDGE_CURVE('',#1926,#1924,#369,.T.);
#2460=EDGE_CURVE('',#1924,#1927,#1436,.T.);
#2461=EDGE_CURVE('',#1928,#1926,#1437,.T.);
#2462=EDGE_CURVE('',#1927,#1928,#370,.T.);
#2463=EDGE_CURVE('',#1929,#1923,#1438,.T.);
#2464=EDGE_CURVE('',#1930,#1929,#371,.T.);
#2465=EDGE_CURVE('',#1925,#1930,#1439,.T.);
#2466=EDGE_CURVE('',#1777,#1767,#1440,.T.);
#2467=EDGE_CURVE('',#1785,#1775,#1441,.T.);
#2468=EDGE_CURVE('',#1793,#1783,#1442,.T.);
#2469=EDGE_CURVE('',#1801,#1791,#1443,.T.);
#2470=EDGE_CURVE('',#1809,#1799,#1444,.T.);
#2471=EDGE_CURVE('',#1817,#1807,#1445,.T.);
#2472=EDGE_CURVE('',#1825,#1815,#1446,.T.);
#2473=EDGE_CURVE('',#1833,#1823,#1447,.T.);
#2474=EDGE_CURVE('',#1841,#1831,#1448,.T.);
#2475=EDGE_CURVE('',#1849,#1839,#1449,.T.);
#2476=EDGE_CURVE('',#1857,#1847,#1450,.T.);
#2477=EDGE_CURVE('',#1865,#1855,#1451,.T.);
#2478=EDGE_CURVE('',#1873,#1863,#1452,.T.);
#2479=EDGE_CURVE('',#1881,#1871,#1453,.T.);
#2480=EDGE_CURVE('',#1889,#1879,#1454,.T.);
#2481=EDGE_CURVE('',#1897,#1887,#1455,.T.);
#2482=EDGE_CURVE('',#1905,#1895,#1456,.T.);
#2483=EDGE_CURVE('',#1913,#1903,#1457,.T.);
#2484=EDGE_CURVE('',#1921,#1911,#1458,.T.);
#2485=EDGE_CURVE('',#1929,#1919,#1459,.T.);
#2486=EDGE_CURVE('',#1931,#1927,#1460,.T.);
#2487=EDGE_CURVE('',#1931,#1932,#1461,.T.);
#2488=EDGE_CURVE('',#1932,#1933,#1462,.T.);
#2489=EDGE_CURVE('',#1933,#1934,#1463,.T.);
#2490=EDGE_CURVE('',#1769,#1934,#1464,.T.);
#2491=EDGE_CURVE('',#1935,#1928,#1465,.T.);
#2492=EDGE_CURVE('',#1935,#1931,#372,.T.);
#2493=EDGE_CURVE('',#1930,#1920,#1466,.T.);
#2494=EDGE_CURVE('',#1922,#1912,#1467,.T.);
#2495=EDGE_CURVE('',#1914,#1904,#1468,.T.);
#2496=EDGE_CURVE('',#1906,#1896,#1469,.T.);
#2497=EDGE_CURVE('',#1898,#1888,#1470,.T.);
#2498=EDGE_CURVE('',#1890,#1880,#1471,.T.);
#2499=EDGE_CURVE('',#1882,#1872,#1472,.T.);
#2500=EDGE_CURVE('',#1874,#1864,#1473,.T.);
#2501=EDGE_CURVE('',#1866,#1856,#1474,.T.);
#2502=EDGE_CURVE('',#1858,#1848,#1475,.T.);
#2503=EDGE_CURVE('',#1850,#1840,#1476,.T.);
#2504=EDGE_CURVE('',#1842,#1832,#1477,.T.);
#2505=EDGE_CURVE('',#1834,#1824,#1478,.T.);
#2506=EDGE_CURVE('',#1826,#1816,#1479,.T.);
#2507=EDGE_CURVE('',#1818,#1808,#1480,.T.);
#2508=EDGE_CURVE('',#1810,#1800,#1481,.T.);
#2509=EDGE_CURVE('',#1802,#1792,#1482,.T.);
#2510=EDGE_CURVE('',#1794,#1784,#1483,.T.);
#2511=EDGE_CURVE('',#1786,#1776,#1484,.T.);
#2512=EDGE_CURVE('',#1778,#1768,#1485,.T.);
#2513=EDGE_CURVE('',#1936,#1932,#373,.T.);
#2514=EDGE_CURVE('',#1937,#1936,#1486,.T.);
#2515=EDGE_CURVE('',#1937,#1933,#374,.T.);
#2516=EDGE_CURVE('',#1938,#1937,#1487,.T.);
#2517=EDGE_CURVE('',#1934,#1938,#375,.T.);
#2518=EDGE_CURVE('',#1936,#1935,#1488,.T.);
#2519=EDGE_CURVE('',#1770,#1938,#1489,.T.);
#2520=EDGE_CURVE('',#1939,#1939,#1490,.T.);
#2521=EDGE_CURVE('',#1939,#1940,#376,.T.);
#2522=EDGE_CURVE('',#1940,#1940,#1491,.T.);
#2523=EDGE_CURVE('',#1941,#1941,#1492,.T.);
#2524=EDGE_CURVE('',#1941,#1942,#377,.T.);
#2525=EDGE_CURVE('',#1942,#1942,#1493,.T.);
#2526=EDGE_CURVE('',#1943,#1944,#1494,.T.);
#2527=EDGE_CURVE('',#1945,#1944,#378,.T.);
#2528=EDGE_CURVE('',#1945,#1946,#1495,.T.);
#2529=EDGE_CURVE('',#1946,#1943,#379,.T.);
#2530=EDGE_CURVE('',#1944,#1947,#1496,.T.);
#2531=EDGE_CURVE('',#1948,#1947,#380,.T.);
#2532=EDGE_CURVE('',#1948,#1945,#1497,.T.);
#2533=EDGE_CURVE('',#1947,#1949,#1498,.T.);
#2534=EDGE_CURVE('',#1950,#1949,#381,.T.);
#2535=EDGE_CURVE('',#1950,#1948,#1499,.T.);
#2536=EDGE_CURVE('',#1949,#1951,#382,.T.);
#2537=EDGE_CURVE('',#1952,#1951,#383,.T.);
#2538=EDGE_CURVE('',#1952,#1950,#384,.T.);
#2539=EDGE_CURVE('',#1951,#1953,#1500,.T.);
#2540=EDGE_CURVE('',#1954,#1953,#385,.T.);
#2541=EDGE_CURVE('',#1954,#1952,#1501,.T.);
#2542=EDGE_CURVE('',#1953,#1955,#386,.T.);
#2543=EDGE_CURVE('',#1956,#1955,#387,.T.);
#2544=EDGE_CURVE('',#1956,#1954,#388,.T.);
#2545=EDGE_CURVE('',#1955,#1957,#1502,.T.);
#2546=EDGE_CURVE('',#1958,#1957,#389,.T.);
#2547=EDGE_CURVE('',#1958,#1956,#1503,.T.);
#2548=EDGE_CURVE('',#1957,#1943,#1504,.T.);
#2549=EDGE_CURVE('',#1946,#1958,#1505,.T.);
#2550=EDGE_CURVE('',#1959,#1959,#1506,.T.);
#2551=EDGE_CURVE('',#1959,#1960,#390,.T.);
#2552=EDGE_CURVE('',#1960,#1960,#1507,.T.);
#2553=EDGE_CURVE('',#1961,#1961,#1508,.T.);
#2554=EDGE_CURVE('',#1961,#1962,#391,.T.);
#2555=EDGE_CURVE('',#1962,#1962,#1509,.T.);
#2556=EDGE_CURVE('',#1963,#1964,#1510,.T.);
#2557=EDGE_CURVE('',#1965,#1964,#392,.T.);
#2558=EDGE_CURVE('',#1966,#1965,#1511,.T.);
#2559=EDGE_CURVE('',#1966,#1963,#393,.T.);
#2560=EDGE_CURVE('',#1964,#1967,#394,.T.);
#2561=EDGE_CURVE('',#1968,#1967,#395,.T.);
#2562=EDGE_CURVE('',#1965,#1968,#396,.T.);
#2563=EDGE_CURVE('',#1967,#1969,#1512,.T.);
#2564=EDGE_CURVE('',#1970,#1969,#397,.T.);
#2565=EDGE_CURVE('',#1968,#1970,#1513,.T.);
#2566=EDGE_CURVE('',#1969,#1971,#1514,.T.);
#2567=EDGE_CURVE('',#1972,#1971,#398,.T.);
#2568=EDGE_CURVE('',#1970,#1972,#1515,.T.);
#2569=EDGE_CURVE('',#1971,#1973,#1516,.T.);
#2570=EDGE_CURVE('',#1974,#1973,#399,.T.);
#2571=EDGE_CURVE('',#1972,#1974,#1517,.T.);
#2572=EDGE_CURVE('',#1973,#1975,#400,.T.);
#2573=EDGE_CURVE('',#1976,#1975,#401,.T.);
#2574=EDGE_CURVE('',#1974,#1976,#402,.T.);
#2575=EDGE_CURVE('',#1975,#1977,#1518,.T.);
#2576=EDGE_CURVE('',#1978,#1977,#403,.T.);
#2577=EDGE_CURVE('',#1976,#1978,#1519,.T.);
#2578=EDGE_CURVE('',#1977,#1979,#1520,.T.);
#2579=EDGE_CURVE('',#1980,#1979,#404,.T.);
#2580=EDGE_CURVE('',#1978,#1980,#1521,.T.);
#2581=EDGE_CURVE('',#1979,#1981,#405,.T.);
#2582=EDGE_CURVE('',#1982,#1981,#406,.T.);
#2583=EDGE_CURVE('',#1980,#1982,#407,.T.);
#2584=EDGE_CURVE('',#1981,#1983,#1522,.T.);
#2585=EDGE_CURVE('',#1984,#1983,#408,.T.);
#2586=EDGE_CURVE('',#1982,#1984,#1523,.T.);
#2587=EDGE_CURVE('',#1983,#1985,#409,.T.);
#2588=EDGE_CURVE('',#1986,#1985,#410,.T.);
#2589=EDGE_CURVE('',#1984,#1986,#411,.T.);
#2590=EDGE_CURVE('',#1985,#1963,#1524,.T.);
#2591=EDGE_CURVE('',#1986,#1966,#1525,.T.);
#2592=EDGE_CURVE('',#1987,#1988,#412,.T.);
#2593=EDGE_CURVE('',#1988,#1989,#413,.T.);
#2594=EDGE_CURVE('',#1989,#1990,#414,.T.);
#2595=EDGE_CURVE('',#1990,#1987,#415,.T.);
#2596=EDGE_CURVE('',#1991,#1992,#416,.T.);
#2597=EDGE_CURVE('',#1992,#1988,#1526,.T.);
#2598=EDGE_CURVE('',#1987,#1991,#1527,.T.);
#2599=EDGE_CURVE('',#1993,#1994,#417,.T.);
#2600=EDGE_CURVE('',#1994,#1990,#1528,.T.);
#2601=EDGE_CURVE('',#1989,#1993,#1529,.T.);
#2602=EDGE_CURVE('',#1991,#1994,#418,.T.);
#2603=EDGE_CURVE('',#1993,#1992,#419,.T.);
#2604=EDGE_CURVE('',#1995,#1989,#420,.T.);
#2605=EDGE_CURVE('',#1996,#1995,#1530,.T.);
#2606=EDGE_CURVE('',#1993,#1996,#421,.T.);
#2607=EDGE_CURVE('',#1997,#1988,#422,.T.);
#2608=EDGE_CURVE('',#1995,#1997,#423,.T.);
#2609=EDGE_CURVE('',#1995,#1998,#424,.T.);
#2610=EDGE_CURVE('',#1998,#1999,#1531,.T.);
#2611=EDGE_CURVE('',#1999,#1996,#425,.T.);
#2612=EDGE_CURVE('',#1997,#2000,#426,.T.);
#2613=EDGE_CURVE('',#2000,#1998,#427,.T.);
#2614=EDGE_CURVE('',#2001,#2002,#428,.T.);
#2615=EDGE_CURVE('',#2002,#1996,#429,.T.);
#2616=EDGE_CURVE('',#1999,#2001,#430,.T.);
#2617=EDGE_CURVE('',#1997,#2002,#1532,.T.);
#2618=EDGE_CURVE('',#2001,#2000,#1533,.T.);
#2619=EDGE_CURVE('',#2002,#1992,#431,.T.);
#2620=EDGE_CURVE('',#2003,#2004,#1534,.T.);
#2621=EDGE_CURVE('',#2005,#2006,#1535,.T.);
#2622=EDGE_CURVE('',#2007,#2008,#1536,.T.);
#2623=EDGE_CURVE('',#2009,#2010,#1537,.T.);
#2624=EDGE_CURVE('',#2011,#2012,#1538,.T.);
#2625=EDGE_CURVE('',#2013,#2014,#1539,.T.);
#2626=EDGE_CURVE('',#2015,#2016,#1540,.T.);
#2627=EDGE_CURVE('',#2017,#2018,#1541,.T.);
#2628=EDGE_CURVE('',#2019,#2020,#1542,.T.);
#2629=EDGE_CURVE('',#2021,#2022,#1543,.T.);
#2630=EDGE_CURVE('',#2023,#2024,#1544,.T.);
#2631=EDGE_CURVE('',#2025,#2026,#1545,.T.);
#2632=EDGE_CURVE('',#2027,#2028,#1546,.T.);
#2633=EDGE_CURVE('',#2029,#2030,#1547,.T.);
#2634=EDGE_CURVE('',#2031,#2032,#1548,.T.);
#2635=EDGE_CURVE('',#2033,#2034,#1549,.T.);
#2636=EDGE_CURVE('',#2035,#2036,#1550,.T.);
#2637=EDGE_CURVE('',#2037,#2038,#1551,.T.);
#2638=EDGE_CURVE('',#2039,#2040,#1552,.T.);
#2639=EDGE_CURVE('',#2041,#2042,#1553,.T.);
#2640=EDGE_CURVE('',#2043,#2044,#1554,.T.);
#2641=EDGE_CURVE('',#2045,#2046,#1555,.T.);
#2642=EDGE_CURVE('',#2047,#2048,#1556,.T.);
#2643=EDGE_CURVE('',#2049,#2050,#1557,.T.);
#2644=EDGE_CURVE('',#2051,#2052,#1558,.T.);
#2645=EDGE_CURVE('',#2053,#2051,#1559,.T.);
#2646=EDGE_CURVE('',#2054,#2053,#1560,.T.);
#2647=EDGE_CURVE('',#2055,#2054,#1561,.T.);
#2648=EDGE_CURVE('',#2056,#2055,#1562,.T.);
#2649=EDGE_CURVE('',#2057,#2056,#1563,.T.);
#2650=EDGE_CURVE('',#2057,#2058,#432,.T.);
#2651=EDGE_CURVE('',#2058,#2059,#1564,.T.);
#2652=EDGE_CURVE('',#2059,#2058,#1565,.T.);
#2653=EDGE_CURVE('',#2060,#2057,#1566,.T.);
#2654=EDGE_CURVE('',#2061,#2060,#1567,.T.);
#2655=EDGE_CURVE('',#2062,#2061,#1568,.T.);
#2656=EDGE_CURVE('',#2052,#2062,#1569,.T.);
#2657=EDGE_CURVE('',#2063,#2064,#1570,.T.);
#2658=EDGE_CURVE('',#2064,#2063,#1571,.T.);
#2659=EDGE_CURVE('',#2064,#2065,#433,.T.);
#2660=EDGE_CURVE('',#2065,#2066,#1572,.T.);
#2661=EDGE_CURVE('',#2066,#2065,#1573,.T.);
#2662=EDGE_CURVE('',#2067,#2068,#1574,.T.);
#2663=EDGE_CURVE('',#2068,#2067,#1575,.T.);
#2664=EDGE_CURVE('',#2068,#2069,#434,.T.);
#2665=EDGE_CURVE('',#2069,#2070,#1576,.T.);
#2666=EDGE_CURVE('',#2070,#2069,#1577,.T.);
#2667=EDGE_CURVE('',#2071,#2072,#1578,.T.);
#2668=EDGE_CURVE('',#2072,#2071,#1579,.T.);
#2669=EDGE_CURVE('',#2072,#2073,#435,.T.);
#2670=EDGE_CURVE('',#2073,#2074,#1580,.T.);
#2671=EDGE_CURVE('',#2074,#2075,#1581,.T.);
#2672=EDGE_CURVE('',#2075,#2076,#1582,.T.);
#2673=EDGE_CURVE('',#2076,#2077,#1583,.T.);
#2674=EDGE_CURVE('',#2077,#2078,#1584,.T.);
#2675=EDGE_CURVE('',#2078,#2079,#1585,.T.);
#2676=EDGE_CURVE('',#2079,#2080,#1586,.T.);
#2677=EDGE_CURVE('',#2080,#2081,#1587,.T.);
#2678=EDGE_CURVE('',#2081,#2082,#1588,.T.);
#2679=EDGE_CURVE('',#2082,#2073,#1589,.T.);
#2680=EDGE_CURVE('',#2053,#2077,#1590,.T.);
#2681=EDGE_CURVE('',#2054,#2076,#1591,.T.);
#2682=EDGE_CURVE('',#2083,#2084,#1592,.T.);
#2683=EDGE_CURVE('',#2084,#2083,#1593,.T.);
#2684=EDGE_CURVE('',#2085,#2086,#1594,.T.);
#2685=EDGE_CURVE('',#2086,#2087,#1595,.T.);
#2686=EDGE_CURVE('',#2087,#2084,#1596,.T.);
#2687=EDGE_CURVE('',#2087,#2085,#1597,.T.);
#2688=EDGE_CURVE('',#2088,#2089,#1598,.T.);
#2689=EDGE_CURVE('',#2089,#2088,#1599,.T.);
#2690=EDGE_CURVE('',#2086,#2090,#436,.T.);
#2691=EDGE_CURVE('',#2091,#2090,#1600,.T.);
#2692=EDGE_CURVE('',#2092,#2091,#1601,.T.);
#2693=EDGE_CURVE('',#2090,#2092,#1602,.T.);
#2694=EDGE_CURVE('',#2089,#2091,#1603,.T.);
#2695=EDGE_CURVE('',#2051,#2078,#1604,.T.);
#2696=EDGE_CURVE('',#2055,#2075,#1605,.T.);
#2697=EDGE_CURVE('',#2056,#2074,#1606,.T.);
#2698=EDGE_CURVE('',#2060,#2082,#1607,.T.);
#2699=EDGE_CURVE('',#2061,#2081,#1608,.T.);
#2700=EDGE_CURVE('',#2062,#2080,#1609,.T.);
#2701=EDGE_CURVE('',#2052,#2079,#1610,.T.);
#2702=EDGE_CURVE('',#2093,#2094,#1611,.T.);
#2703=EDGE_CURVE('',#2095,#2096,#1612,.T.);
#2704=EDGE_CURVE('',#2097,#2098,#1613,.T.);
#2705=EDGE_CURVE('',#2099,#2100,#1614,.T.);
#2706=EDGE_CURVE('',#2100,#2101,#437,.T.);
#2707=EDGE_CURVE('',#2102,#2101,#1615,.T.);
#2708=EDGE_CURVE('',#2103,#2102,#1616,.T.);
#2709=EDGE_CURVE('',#2104,#2103,#1617,.T.);
#2710=EDGE_CURVE('',#2105,#2104,#1618,.T.);
#2711=EDGE_CURVE('',#2106,#2105,#1619,.T.);
#2712=EDGE_CURVE('',#2107,#2106,#1620,.T.);
#2713=EDGE_CURVE('',#2108,#2107,#1621,.T.);
#2714=EDGE_CURVE('',#2109,#2108,#1622,.T.);
#2715=EDGE_CURVE('',#2110,#2109,#1623,.T.);
#2716=EDGE_CURVE('',#2101,#2110,#1624,.T.);
#2717=EDGE_CURVE('',#2100,#2099,#1625,.T.);
#2718=EDGE_CURVE('',#2111,#2112,#1626,.T.);
#2719=EDGE_CURVE('',#2112,#2111,#1627,.T.);
#2720=EDGE_CURVE('',#2113,#2114,#1628,.T.);
#2721=EDGE_CURVE('',#2114,#2112,#438,.T.);
#2722=EDGE_CURVE('',#2114,#2113,#1629,.T.);
#2723=EDGE_CURVE('',#2115,#2116,#1630,.T.);
#2724=EDGE_CURVE('',#2116,#2117,#439,.T.);
#2725=EDGE_CURVE('',#2118,#2117,#1631,.T.);
#2726=EDGE_CURVE('',#2117,#2118,#1632,.T.);
#2727=EDGE_CURVE('',#2116,#2115,#1633,.T.);
#2728=EDGE_CURVE('',#2119,#2120,#1634,.T.);
#2729=EDGE_CURVE('',#2120,#2119,#1635,.T.);
#2730=EDGE_CURVE('',#2121,#2122,#1636,.T.);
#2731=EDGE_CURVE('',#2122,#2123,#1637,.T.);
#2732=EDGE_CURVE('',#2123,#2124,#1638,.T.);
#2733=EDGE_CURVE('',#2124,#2125,#1639,.T.);
#2734=EDGE_CURVE('',#2125,#2126,#1640,.T.);
#2735=EDGE_CURVE('',#2126,#2120,#440,.T.);
#2736=EDGE_CURVE('',#2126,#2127,#1641,.T.);
#2737=EDGE_CURVE('',#2127,#2128,#1642,.T.);
#2738=EDGE_CURVE('',#2128,#2129,#1643,.T.);
#2739=EDGE_CURVE('',#2129,#2130,#1644,.T.);
#2740=EDGE_CURVE('',#2130,#2121,#1645,.T.);
#2741=EDGE_CURVE('',#2107,#2130,#1646,.T.);
#2742=EDGE_CURVE('',#2108,#2129,#1647,.T.);
#2743=EDGE_CURVE('',#2131,#2132,#1648,.T.);
#2744=EDGE_CURVE('',#2132,#2131,#1649,.T.);
#2745=EDGE_CURVE('',#2133,#2134,#1650,.T.);
#2746=EDGE_CURVE('',#2134,#2135,#1651,.T.);
#2747=EDGE_CURVE('',#2135,#2132,#1652,.T.);
#2748=EDGE_CURVE('',#2135,#2133,#1653,.T.);
#2749=EDGE_CURVE('',#2136,#2137,#1654,.T.);
#2750=EDGE_CURVE('',#2137,#2136,#1655,.T.);
#2751=EDGE_CURVE('',#2138,#2139,#1656,.T.);
#2752=EDGE_CURVE('',#2140,#2138,#1657,.T.);
#2753=EDGE_CURVE('',#2140,#2134,#441,.T.);
#2754=EDGE_CURVE('',#2139,#2140,#1658,.T.);
#2755=EDGE_CURVE('',#2137,#2139,#1659,.T.);
#2756=EDGE_CURVE('',#2106,#2121,#1660,.T.);
#2757=EDGE_CURVE('',#2109,#2128,#1661,.T.);
#2758=EDGE_CURVE('',#2110,#2127,#1662,.T.);
#2759=EDGE_CURVE('',#2102,#2125,#1663,.T.);
#2760=EDGE_CURVE('',#2103,#2124,#1664,.T.);
#2761=EDGE_CURVE('',#2104,#2123,#1665,.T.);
#2762=EDGE_CURVE('',#2105,#2122,#1666,.T.);
#2763=ORIENTED_EDGE('',*,*,#2141,.F.);
#2764=ORIENTED_EDGE('',*,*,#2142,.F.);
#2765=ORIENTED_EDGE('',*,*,#2143,.F.);
#2766=ORIENTED_EDGE('',*,*,#2144,.F.);
#2767=ORIENTED_EDGE('',*,*,#2145,.F.);
#2768=ORIENTED_EDGE('',*,*,#2146,.F.);
#2769=ORIENTED_EDGE('',*,*,#2147,.F.);
#2770=ORIENTED_EDGE('',*,*,#2148,.F.);
#2771=ORIENTED_EDGE('',*,*,#2149,.F.);
#2772=ORIENTED_EDGE('',*,*,#2150,.F.);
#2773=ORIENTED_EDGE('',*,*,#2145,.T.);
#2774=ORIENTED_EDGE('',*,*,#2151,.F.);
#2775=ORIENTED_EDGE('',*,*,#2152,.F.);
#2776=ORIENTED_EDGE('',*,*,#2153,.F.);
#2777=ORIENTED_EDGE('',*,*,#2154,.F.);
#2778=ORIENTED_EDGE('',*,*,#2155,.F.);
#2779=ORIENTED_EDGE('',*,*,#2147,.T.);
#2780=ORIENTED_EDGE('',*,*,#2152,.T.);
#2781=ORIENTED_EDGE('',*,*,#2156,.T.);
#2782=ORIENTED_EDGE('',*,*,#2157,.F.);
#2783=ORIENTED_EDGE('',*,*,#2158,.T.);
#2784=ORIENTED_EDGE('',*,*,#2154,.T.);
#2785=ORIENTED_EDGE('',*,*,#2159,.T.);
#2786=ORIENTED_EDGE('',*,*,#2160,.F.);
#2787=ORIENTED_EDGE('',*,*,#2161,.T.);
#2788=ORIENTED_EDGE('',*,*,#2162,.F.);
#2789=ORIENTED_EDGE('',*,*,#2163,.F.);
#2790=ORIENTED_EDGE('',*,*,#2164,.T.);
#2791=ORIENTED_EDGE('',*,*,#2142,.T.);
#2792=ORIENTED_EDGE('',*,*,#2165,.T.);
#2793=ORIENTED_EDGE('',*,*,#2166,.T.);
#2794=ORIENTED_EDGE('',*,*,#2167,.T.);
#2795=ORIENTED_EDGE('',*,*,#2149,.T.);
#2796=ORIENTED_EDGE('',*,*,#2168,.T.);
#2797=ORIENTED_EDGE('',*,*,#2169,.T.);
#2798=ORIENTED_EDGE('',*,*,#2170,.T.);
#2799=ORIENTED_EDGE('',*,*,#2143,.T.);
#2800=ORIENTED_EDGE('',*,*,#2164,.F.);
#2801=ORIENTED_EDGE('',*,*,#2148,.T.);
#2802=ORIENTED_EDGE('',*,*,#2155,.T.);
#2803=ORIENTED_EDGE('',*,*,#2161,.F.);
#2804=ORIENTED_EDGE('',*,*,#2171,.F.);
#2805=ORIENTED_EDGE('',*,*,#2172,.F.);
#2806=ORIENTED_EDGE('',*,*,#2173,.F.);
#2807=ORIENTED_EDGE('',*,*,#2156,.F.);
#2808=ORIENTED_EDGE('',*,*,#2151,.T.);
#2809=ORIENTED_EDGE('',*,*,#2144,.T.);
#2810=ORIENTED_EDGE('',*,*,#2170,.F.);
#2811=ORIENTED_EDGE('',*,*,#2174,.F.);
#2812=ORIENTED_EDGE('',*,*,#2168,.F.);
#2813=ORIENTED_EDGE('',*,*,#2175,.T.);
#2814=ORIENTED_EDGE('',*,*,#2176,.T.);
#2815=ORIENTED_EDGE('',*,*,#2177,.T.);
#2816=ORIENTED_EDGE('',*,*,#2178,.T.);
#2817=ORIENTED_EDGE('',*,*,#2176,.F.);
#2818=ORIENTED_EDGE('',*,*,#2177,.F.);
#2819=ORIENTED_EDGE('',*,*,#2178,.F.);
#2820=ORIENTED_EDGE('',*,*,#2179,.T.);
#2821=ORIENTED_EDGE('',*,*,#2180,.T.);
#2822=ORIENTED_EDGE('',*,*,#2181,.T.);
#2823=ORIENTED_EDGE('',*,*,#2179,.F.);
#2824=ORIENTED_EDGE('',*,*,#2175,.F.);
#2825=ORIENTED_EDGE('',*,*,#2182,.T.);
#2826=ORIENTED_EDGE('',*,*,#2157,.T.);
#2827=ORIENTED_EDGE('',*,*,#2173,.T.);
#2828=ORIENTED_EDGE('',*,*,#2183,.T.);
#2829=ORIENTED_EDGE('',*,*,#2184,.T.);
#2830=ORIENTED_EDGE('',*,*,#2185,.T.);
#2831=ORIENTED_EDGE('',*,*,#2146,.T.);
#2832=ORIENTED_EDGE('',*,*,#2167,.F.);
#2833=ORIENTED_EDGE('',*,*,#2186,.F.);
#2834=ORIENTED_EDGE('',*,*,#2165,.F.);
#2835=ORIENTED_EDGE('',*,*,#2141,.T.);
#2836=ORIENTED_EDGE('',*,*,#2150,.T.);
#2837=ORIENTED_EDGE('',*,*,#2158,.F.);
#2838=ORIENTED_EDGE('',*,*,#2182,.F.);
#2839=ORIENTED_EDGE('',*,*,#2187,.F.);
#2840=ORIENTED_EDGE('',*,*,#2188,.F.);
#2841=ORIENTED_EDGE('',*,*,#2159,.F.);
#2842=ORIENTED_EDGE('',*,*,#2153,.T.);
#2843=ORIENTED_EDGE('',*,*,#2185,.F.);
#2844=ORIENTED_EDGE('',*,*,#2189,.T.);
#2845=ORIENTED_EDGE('',*,*,#2190,.F.);
#2846=ORIENTED_EDGE('',*,*,#2187,.T.);
#2847=ORIENTED_EDGE('',*,*,#2171,.T.);
#2848=ORIENTED_EDGE('',*,*,#2160,.T.);
#2849=ORIENTED_EDGE('',*,*,#2188,.T.);
#2850=ORIENTED_EDGE('',*,*,#2190,.T.);
#2851=ORIENTED_EDGE('',*,*,#2191,.T.);
#2852=ORIENTED_EDGE('',*,*,#2192,.T.);
#2853=ORIENTED_EDGE('',*,*,#2183,.F.);
#2854=ORIENTED_EDGE('',*,*,#2172,.T.);
#2855=ORIENTED_EDGE('',*,*,#2192,.F.);
#2856=ORIENTED_EDGE('',*,*,#2193,.T.);
#2857=ORIENTED_EDGE('',*,*,#2186,.T.);
#2858=ORIENTED_EDGE('',*,*,#2166,.F.);
#2859=ORIENTED_EDGE('',*,*,#2169,.F.);
#2860=ORIENTED_EDGE('',*,*,#2174,.T.);
#2861=ORIENTED_EDGE('',*,*,#2194,.F.);
#2862=ORIENTED_EDGE('',*,*,#2195,.T.);
#2863=ORIENTED_EDGE('',*,*,#2196,.F.);
#2864=ORIENTED_EDGE('',*,*,#2197,.F.);
#2865=ORIENTED_EDGE('',*,*,#2198,.F.);
#2866=ORIENTED_EDGE('',*,*,#2199,.F.);
#2867=ORIENTED_EDGE('',*,*,#2197,.T.);
#2868=ORIENTED_EDGE('',*,*,#2200,.F.);
#2869=ORIENTED_EDGE('',*,*,#2201,.F.);
#2870=ORIENTED_EDGE('',*,*,#2202,.F.);
#2871=ORIENTED_EDGE('',*,*,#2203,.T.);
#2872=ORIENTED_EDGE('',*,*,#2204,.F.);
#2873=ORIENTED_EDGE('',*,*,#2195,.F.);
#2874=ORIENTED_EDGE('',*,*,#2205,.F.);
#2875=ORIENTED_EDGE('',*,*,#2206,.F.);
#2876=ORIENTED_EDGE('',*,*,#2201,.T.);
#2877=ORIENTED_EDGE('',*,*,#2207,.F.);
#2878=ORIENTED_EDGE('',*,*,#2203,.F.);
#2879=ORIENTED_EDGE('',*,*,#2196,.T.);
#2880=ORIENTED_EDGE('',*,*,#2204,.T.);
#2881=ORIENTED_EDGE('',*,*,#2207,.T.);
#2882=ORIENTED_EDGE('',*,*,#2200,.T.);
#2883=ORIENTED_EDGE('',*,*,#2184,.F.);
#2884=ORIENTED_EDGE('',*,*,#2193,.F.);
#2885=ORIENTED_EDGE('',*,*,#2191,.F.);
#2886=ORIENTED_EDGE('',*,*,#2189,.F.);
#2887=ORIENTED_EDGE('',*,*,#2208,.F.);
#2888=ORIENTED_EDGE('',*,*,#2209,.F.);
#2889=ORIENTED_EDGE('',*,*,#2162,.T.);
#2890=ORIENTED_EDGE('',*,*,#2163,.T.);
#2891=ORIENTED_EDGE('',*,*,#2210,.F.);
#2892=ORIENTED_EDGE('',*,*,#2211,.F.);
#2893=ORIENTED_EDGE('',*,*,#2212,.T.);
#2894=ORIENTED_EDGE('',*,*,#2209,.T.);
#2895=ORIENTED_EDGE('',*,*,#2208,.T.);
#2896=ORIENTED_EDGE('',*,*,#2212,.F.);
#2897=ORIENTED_EDGE('',*,*,#2210,.T.);
#2898=ORIENTED_EDGE('',*,*,#2211,.T.);
#2899=ORIENTED_EDGE('',*,*,#2213,.F.);
#2900=ORIENTED_EDGE('',*,*,#2214,.F.);
#2901=ORIENTED_EDGE('',*,*,#2215,.F.);
#2902=ORIENTED_EDGE('',*,*,#2216,.F.);
#2903=ORIENTED_EDGE('',*,*,#2217,.T.);
#2904=ORIENTED_EDGE('',*,*,#2214,.T.);
#2905=ORIENTED_EDGE('',*,*,#2213,.T.);
#2906=ORIENTED_EDGE('',*,*,#2217,.F.);
#2907=ORIENTED_EDGE('',*,*,#2218,.F.);
#2908=ORIENTED_EDGE('',*,*,#2219,.F.);
#2909=ORIENTED_EDGE('',*,*,#2215,.T.);
#2910=ORIENTED_EDGE('',*,*,#2216,.T.);
#2911=ORIENTED_EDGE('',*,*,#2220,.F.);
#2912=ORIENTED_EDGE('',*,*,#2221,.F.);
#2913=ORIENTED_EDGE('',*,*,#2222,.T.);
#2914=ORIENTED_EDGE('',*,*,#2219,.T.);
#2915=ORIENTED_EDGE('',*,*,#2218,.T.);
#2916=ORIENTED_EDGE('',*,*,#2222,.F.);
#2917=ORIENTED_EDGE('',*,*,#2206,.T.);
#2918=ORIENTED_EDGE('',*,*,#2205,.T.);
#2919=ORIENTED_EDGE('',*,*,#2202,.T.);
#2920=ORIENTED_EDGE('',*,*,#2194,.T.);
#2921=ORIENTED_EDGE('',*,*,#2198,.T.);
#2922=ORIENTED_EDGE('',*,*,#2199,.T.);
#2923=ORIENTED_EDGE('',*,*,#2220,.T.);
#2924=ORIENTED_EDGE('',*,*,#2221,.T.);
#2925=ORIENTED_EDGE('',*,*,#2223,.F.);
#2926=ORIENTED_EDGE('',*,*,#2224,.F.);
#2927=ORIENTED_EDGE('',*,*,#2225,.F.);
#2928=ORIENTED_EDGE('',*,*,#2226,.F.);
#2929=ORIENTED_EDGE('',*,*,#2227,.T.);
#2930=ORIENTED_EDGE('',*,*,#2224,.T.);
#2931=ORIENTED_EDGE('',*,*,#2223,.T.);
#2932=ORIENTED_EDGE('',*,*,#2227,.F.);
#2933=ORIENTED_EDGE('',*,*,#2181,.F.);
#2934=ORIENTED_EDGE('',*,*,#2180,.F.);
#2935=ORIENTED_EDGE('',*,*,#2225,.T.);
#2936=ORIENTED_EDGE('',*,*,#2226,.T.);
#2937=ORIENTED_EDGE('',*,*,#2228,.T.);
#2938=ORIENTED_EDGE('',*,*,#2229,.T.);
#2939=ORIENTED_EDGE('',*,*,#2230,.T.);
#2940=ORIENTED_EDGE('',*,*,#2229,.F.);
#2941=ORIENTED_EDGE('',*,*,#2230,.F.);
#2942=ORIENTED_EDGE('',*,*,#2231,.T.);
#2943=ORIENTED_EDGE('',*,*,#2232,.F.);
#2944=ORIENTED_EDGE('',*,*,#2231,.F.);
#2945=ORIENTED_EDGE('',*,*,#2233,.F.);
#2946=ORIENTED_EDGE('',*,*,#2228,.F.);
#2947=ORIENTED_EDGE('',*,*,#2234,.T.);
#2948=ORIENTED_EDGE('',*,*,#2235,.T.);
#2949=ORIENTED_EDGE('',*,*,#2232,.T.);
#2950=ORIENTED_EDGE('',*,*,#2235,.F.);
#2951=ORIENTED_EDGE('',*,*,#2236,.F.);
#2952=ORIENTED_EDGE('',*,*,#2234,.F.);
#2953=ORIENTED_EDGE('',*,*,#2236,.T.);
#2954=ORIENTED_EDGE('',*,*,#2237,.T.);
#2955=ORIENTED_EDGE('',*,*,#2233,.T.);
#2956=ORIENTED_EDGE('',*,*,#2237,.F.);
#2957=ORIENTED_EDGE('',*,*,#2238,.T.);
#2958=ORIENTED_EDGE('',*,*,#2239,.T.);
#2959=ORIENTED_EDGE('',*,*,#2240,.T.);
#2960=ORIENTED_EDGE('',*,*,#2241,.T.);
#2961=ORIENTED_EDGE('',*,*,#2238,.F.);
#2962=ORIENTED_EDGE('',*,*,#2242,.F.);
#2963=ORIENTED_EDGE('',*,*,#2243,.F.);
#2964=ORIENTED_EDGE('',*,*,#2244,.F.);
#2965=ORIENTED_EDGE('',*,*,#2245,.T.);
#2966=ORIENTED_EDGE('',*,*,#2246,.F.);
#2967=ORIENTED_EDGE('',*,*,#2241,.F.);
#2968=ORIENTED_EDGE('',*,*,#2247,.F.);
#2969=ORIENTED_EDGE('',*,*,#2248,.F.);
#2970=ORIENTED_EDGE('',*,*,#2242,.T.);
#2971=ORIENTED_EDGE('',*,*,#2240,.F.);
#2972=ORIENTED_EDGE('',*,*,#2249,.F.);
#2973=ORIENTED_EDGE('',*,*,#2250,.F.);
#2974=ORIENTED_EDGE('',*,*,#2251,.F.);
#2975=ORIENTED_EDGE('',*,*,#2252,.F.);
#2976=ORIENTED_EDGE('',*,*,#2247,.T.);
#2977=ORIENTED_EDGE('',*,*,#2252,.T.);
#2978=ORIENTED_EDGE('',*,*,#2253,.T.);
#2979=ORIENTED_EDGE('',*,*,#2243,.T.);
#2980=ORIENTED_EDGE('',*,*,#2248,.T.);
#2981=ORIENTED_EDGE('',*,*,#2254,.F.);
#2982=ORIENTED_EDGE('',*,*,#2245,.F.);
#2983=ORIENTED_EDGE('',*,*,#2255,.F.);
#2984=ORIENTED_EDGE('',*,*,#2250,.T.);
#2985=ORIENTED_EDGE('',*,*,#2256,.F.);
#2986=ORIENTED_EDGE('',*,*,#2257,.F.);
#2987=ORIENTED_EDGE('',*,*,#2258,.F.);
#2988=ORIENTED_EDGE('',*,*,#2259,.T.);
#2989=ORIENTED_EDGE('',*,*,#2260,.F.);
#2990=ORIENTED_EDGE('',*,*,#2259,.F.);
#2991=ORIENTED_EDGE('',*,*,#2261,.F.);
#2992=ORIENTED_EDGE('',*,*,#2262,.F.);
#2993=ORIENTED_EDGE('',*,*,#2263,.F.);
#2994=ORIENTED_EDGE('',*,*,#2264,.F.);
#2995=ORIENTED_EDGE('',*,*,#2265,.F.);
#2996=ORIENTED_EDGE('',*,*,#2257,.T.);
#2997=ORIENTED_EDGE('',*,*,#2266,.F.);
#2998=ORIENTED_EDGE('',*,*,#2267,.F.);
#2999=ORIENTED_EDGE('',*,*,#2268,.F.);
#3000=ORIENTED_EDGE('',*,*,#2269,.T.);
#3001=ORIENTED_EDGE('',*,*,#2270,.F.);
#3002=ORIENTED_EDGE('',*,*,#2269,.F.);
#3003=ORIENTED_EDGE('',*,*,#2271,.F.);
#3004=ORIENTED_EDGE('',*,*,#2272,.F.);
#3005=ORIENTED_EDGE('',*,*,#2273,.F.);
#3006=ORIENTED_EDGE('',*,*,#2274,.F.);
#3007=ORIENTED_EDGE('',*,*,#2275,.F.);
#3008=ORIENTED_EDGE('',*,*,#2267,.T.);
#3009=ORIENTED_EDGE('',*,*,#2276,.F.);
#3010=ORIENTED_EDGE('',*,*,#2277,.F.);
#3011=ORIENTED_EDGE('',*,*,#2278,.F.);
#3012=ORIENTED_EDGE('',*,*,#2279,.T.);
#3013=ORIENTED_EDGE('',*,*,#2280,.F.);
#3014=ORIENTED_EDGE('',*,*,#2279,.F.);
#3015=ORIENTED_EDGE('',*,*,#2281,.F.);
#3016=ORIENTED_EDGE('',*,*,#2282,.F.);
#3017=ORIENTED_EDGE('',*,*,#2283,.F.);
#3018=ORIENTED_EDGE('',*,*,#2284,.F.);
#3019=ORIENTED_EDGE('',*,*,#2285,.F.);
#3020=ORIENTED_EDGE('',*,*,#2277,.T.);
#3021=ORIENTED_EDGE('',*,*,#2286,.F.);
#3022=ORIENTED_EDGE('',*,*,#2287,.F.);
#3023=ORIENTED_EDGE('',*,*,#2288,.F.);
#3024=ORIENTED_EDGE('',*,*,#2289,.T.);
#3025=ORIENTED_EDGE('',*,*,#2290,.F.);
#3026=ORIENTED_EDGE('',*,*,#2289,.F.);
#3027=ORIENTED_EDGE('',*,*,#2291,.F.);
#3028=ORIENTED_EDGE('',*,*,#2292,.F.);
#3029=ORIENTED_EDGE('',*,*,#2293,.F.);
#3030=ORIENTED_EDGE('',*,*,#2294,.F.);
#3031=ORIENTED_EDGE('',*,*,#2295,.F.);
#3032=ORIENTED_EDGE('',*,*,#2287,.T.);
#3033=ORIENTED_EDGE('',*,*,#2296,.F.);
#3034=ORIENTED_EDGE('',*,*,#2297,.F.);
#3035=ORIENTED_EDGE('',*,*,#2298,.F.);
#3036=ORIENTED_EDGE('',*,*,#2299,.T.);
#3037=ORIENTED_EDGE('',*,*,#2300,.F.);
#3038=ORIENTED_EDGE('',*,*,#2299,.F.);
#3039=ORIENTED_EDGE('',*,*,#2301,.F.);
#3040=ORIENTED_EDGE('',*,*,#2302,.F.);
#3041=ORIENTED_EDGE('',*,*,#2303,.F.);
#3042=ORIENTED_EDGE('',*,*,#2304,.F.);
#3043=ORIENTED_EDGE('',*,*,#2305,.F.);
#3044=ORIENTED_EDGE('',*,*,#2297,.T.);
#3045=ORIENTED_EDGE('',*,*,#2306,.F.);
#3046=ORIENTED_EDGE('',*,*,#2307,.F.);
#3047=ORIENTED_EDGE('',*,*,#2308,.F.);
#3048=ORIENTED_EDGE('',*,*,#2309,.T.);
#3049=ORIENTED_EDGE('',*,*,#2310,.F.);
#3050=ORIENTED_EDGE('',*,*,#2309,.F.);
#3051=ORIENTED_EDGE('',*,*,#2311,.F.);
#3052=ORIENTED_EDGE('',*,*,#2312,.F.);
#3053=ORIENTED_EDGE('',*,*,#2313,.F.);
#3054=ORIENTED_EDGE('',*,*,#2314,.F.);
#3055=ORIENTED_EDGE('',*,*,#2315,.F.);
#3056=ORIENTED_EDGE('',*,*,#2307,.T.);
#3057=ORIENTED_EDGE('',*,*,#2316,.F.);
#3058=ORIENTED_EDGE('',*,*,#2317,.F.);
#3059=ORIENTED_EDGE('',*,*,#2318,.F.);
#3060=ORIENTED_EDGE('',*,*,#2319,.T.);
#3061=ORIENTED_EDGE('',*,*,#2320,.F.);
#3062=ORIENTED_EDGE('',*,*,#2319,.F.);
#3063=ORIENTED_EDGE('',*,*,#2321,.F.);
#3064=ORIENTED_EDGE('',*,*,#2322,.F.);
#3065=ORIENTED_EDGE('',*,*,#2323,.F.);
#3066=ORIENTED_EDGE('',*,*,#2324,.F.);
#3067=ORIENTED_EDGE('',*,*,#2325,.F.);
#3068=ORIENTED_EDGE('',*,*,#2317,.T.);
#3069=ORIENTED_EDGE('',*,*,#2326,.F.);
#3070=ORIENTED_EDGE('',*,*,#2327,.F.);
#3071=ORIENTED_EDGE('',*,*,#2328,.F.);
#3072=ORIENTED_EDGE('',*,*,#2329,.T.);
#3073=ORIENTED_EDGE('',*,*,#2330,.F.);
#3074=ORIENTED_EDGE('',*,*,#2329,.F.);
#3075=ORIENTED_EDGE('',*,*,#2331,.F.);
#3076=ORIENTED_EDGE('',*,*,#2332,.F.);
#3077=ORIENTED_EDGE('',*,*,#2333,.F.);
#3078=ORIENTED_EDGE('',*,*,#2334,.F.);
#3079=ORIENTED_EDGE('',*,*,#2335,.F.);
#3080=ORIENTED_EDGE('',*,*,#2327,.T.);
#3081=ORIENTED_EDGE('',*,*,#2336,.F.);
#3082=ORIENTED_EDGE('',*,*,#2337,.F.);
#3083=ORIENTED_EDGE('',*,*,#2338,.F.);
#3084=ORIENTED_EDGE('',*,*,#2339,.T.);
#3085=ORIENTED_EDGE('',*,*,#2340,.F.);
#3086=ORIENTED_EDGE('',*,*,#2339,.F.);
#3087=ORIENTED_EDGE('',*,*,#2341,.F.);
#3088=ORIENTED_EDGE('',*,*,#2342,.F.);
#3089=ORIENTED_EDGE('',*,*,#2343,.F.);
#3090=ORIENTED_EDGE('',*,*,#2344,.F.);
#3091=ORIENTED_EDGE('',*,*,#2345,.F.);
#3092=ORIENTED_EDGE('',*,*,#2337,.T.);
#3093=ORIENTED_EDGE('',*,*,#2346,.F.);
#3094=ORIENTED_EDGE('',*,*,#2347,.F.);
#3095=ORIENTED_EDGE('',*,*,#2348,.F.);
#3096=ORIENTED_EDGE('',*,*,#2349,.T.);
#3097=ORIENTED_EDGE('',*,*,#2350,.F.);
#3098=ORIENTED_EDGE('',*,*,#2349,.F.);
#3099=ORIENTED_EDGE('',*,*,#2351,.F.);
#3100=ORIENTED_EDGE('',*,*,#2352,.F.);
#3101=ORIENTED_EDGE('',*,*,#2353,.F.);
#3102=ORIENTED_EDGE('',*,*,#2354,.F.);
#3103=ORIENTED_EDGE('',*,*,#2355,.F.);
#3104=ORIENTED_EDGE('',*,*,#2347,.T.);
#3105=ORIENTED_EDGE('',*,*,#2356,.F.);
#3106=ORIENTED_EDGE('',*,*,#2357,.F.);
#3107=ORIENTED_EDGE('',*,*,#2358,.F.);
#3108=ORIENTED_EDGE('',*,*,#2359,.T.);
#3109=ORIENTED_EDGE('',*,*,#2360,.F.);
#3110=ORIENTED_EDGE('',*,*,#2359,.F.);
#3111=ORIENTED_EDGE('',*,*,#2361,.F.);
#3112=ORIENTED_EDGE('',*,*,#2362,.F.);
#3113=ORIENTED_EDGE('',*,*,#2363,.F.);
#3114=ORIENTED_EDGE('',*,*,#2364,.F.);
#3115=ORIENTED_EDGE('',*,*,#2365,.F.);
#3116=ORIENTED_EDGE('',*,*,#2357,.T.);
#3117=ORIENTED_EDGE('',*,*,#2366,.F.);
#3118=ORIENTED_EDGE('',*,*,#2367,.F.);
#3119=ORIENTED_EDGE('',*,*,#2368,.F.);
#3120=ORIENTED_EDGE('',*,*,#2369,.T.);
#3121=ORIENTED_EDGE('',*,*,#2370,.F.);
#3122=ORIENTED_EDGE('',*,*,#2369,.F.);
#3123=ORIENTED_EDGE('',*,*,#2371,.F.);
#3124=ORIENTED_EDGE('',*,*,#2372,.F.);
#3125=ORIENTED_EDGE('',*,*,#2373,.F.);
#3126=ORIENTED_EDGE('',*,*,#2374,.F.);
#3127=ORIENTED_EDGE('',*,*,#2375,.F.);
#3128=ORIENTED_EDGE('',*,*,#2367,.T.);
#3129=ORIENTED_EDGE('',*,*,#2376,.F.);
#3130=ORIENTED_EDGE('',*,*,#2377,.F.);
#3131=ORIENTED_EDGE('',*,*,#2378,.F.);
#3132=ORIENTED_EDGE('',*,*,#2379,.T.);
#3133=ORIENTED_EDGE('',*,*,#2380,.F.);
#3134=ORIENTED_EDGE('',*,*,#2379,.F.);
#3135=ORIENTED_EDGE('',*,*,#2381,.F.);
#3136=ORIENTED_EDGE('',*,*,#2382,.F.);
#3137=ORIENTED_EDGE('',*,*,#2383,.F.);
#3138=ORIENTED_EDGE('',*,*,#2384,.F.);
#3139=ORIENTED_EDGE('',*,*,#2385,.F.);
#3140=ORIENTED_EDGE('',*,*,#2377,.T.);
#3141=ORIENTED_EDGE('',*,*,#2386,.F.);
#3142=ORIENTED_EDGE('',*,*,#2387,.F.);
#3143=ORIENTED_EDGE('',*,*,#2388,.F.);
#3144=ORIENTED_EDGE('',*,*,#2389,.T.);
#3145=ORIENTED_EDGE('',*,*,#2390,.F.);
#3146=ORIENTED_EDGE('',*,*,#2389,.F.);
#3147=ORIENTED_EDGE('',*,*,#2391,.F.);
#3148=ORIENTED_EDGE('',*,*,#2392,.F.);
#3149=ORIENTED_EDGE('',*,*,#2393,.F.);
#3150=ORIENTED_EDGE('',*,*,#2394,.F.);
#3151=ORIENTED_EDGE('',*,*,#2395,.F.);
#3152=ORIENTED_EDGE('',*,*,#2387,.T.);
#3153=ORIENTED_EDGE('',*,*,#2396,.F.);
#3154=ORIENTED_EDGE('',*,*,#2397,.F.);
#3155=ORIENTED_EDGE('',*,*,#2398,.F.);
#3156=ORIENTED_EDGE('',*,*,#2399,.T.);
#3157=ORIENTED_EDGE('',*,*,#2400,.F.);
#3158=ORIENTED_EDGE('',*,*,#2399,.F.);
#3159=ORIENTED_EDGE('',*,*,#2401,.F.);
#3160=ORIENTED_EDGE('',*,*,#2402,.F.);
#3161=ORIENTED_EDGE('',*,*,#2403,.F.);
#3162=ORIENTED_EDGE('',*,*,#2404,.F.);
#3163=ORIENTED_EDGE('',*,*,#2405,.F.);
#3164=ORIENTED_EDGE('',*,*,#2397,.T.);
#3165=ORIENTED_EDGE('',*,*,#2406,.F.);
#3166=ORIENTED_EDGE('',*,*,#2407,.F.);
#3167=ORIENTED_EDGE('',*,*,#2408,.F.);
#3168=ORIENTED_EDGE('',*,*,#2409,.T.);
#3169=ORIENTED_EDGE('',*,*,#2410,.F.);
#3170=ORIENTED_EDGE('',*,*,#2409,.F.);
#3171=ORIENTED_EDGE('',*,*,#2411,.F.);
#3172=ORIENTED_EDGE('',*,*,#2412,.F.);
#3173=ORIENTED_EDGE('',*,*,#2413,.F.);
#3174=ORIENTED_EDGE('',*,*,#2414,.F.);
#3175=ORIENTED_EDGE('',*,*,#2415,.F.);
#3176=ORIENTED_EDGE('',*,*,#2407,.T.);
#3177=ORIENTED_EDGE('',*,*,#2416,.F.);
#3178=ORIENTED_EDGE('',*,*,#2417,.F.);
#3179=ORIENTED_EDGE('',*,*,#2418,.F.);
#3180=ORIENTED_EDGE('',*,*,#2419,.T.);
#3181=ORIENTED_EDGE('',*,*,#2420,.F.);
#3182=ORIENTED_EDGE('',*,*,#2419,.F.);
#3183=ORIENTED_EDGE('',*,*,#2421,.F.);
#3184=ORIENTED_EDGE('',*,*,#2422,.F.);
#3185=ORIENTED_EDGE('',*,*,#2423,.F.);
#3186=ORIENTED_EDGE('',*,*,#2424,.F.);
#3187=ORIENTED_EDGE('',*,*,#2425,.F.);
#3188=ORIENTED_EDGE('',*,*,#2417,.T.);
#3189=ORIENTED_EDGE('',*,*,#2426,.F.);
#3190=ORIENTED_EDGE('',*,*,#2427,.F.);
#3191=ORIENTED_EDGE('',*,*,#2428,.F.);
#3192=ORIENTED_EDGE('',*,*,#2429,.T.);
#3193=ORIENTED_EDGE('',*,*,#2430,.F.);
#3194=ORIENTED_EDGE('',*,*,#2429,.F.);
#3195=ORIENTED_EDGE('',*,*,#2431,.F.);
#3196=ORIENTED_EDGE('',*,*,#2432,.F.);
#3197=ORIENTED_EDGE('',*,*,#2433,.F.);
#3198=ORIENTED_EDGE('',*,*,#2434,.F.);
#3199=ORIENTED_EDGE('',*,*,#2435,.F.);
#3200=ORIENTED_EDGE('',*,*,#2427,.T.);
#3201=ORIENTED_EDGE('',*,*,#2436,.F.);
#3202=ORIENTED_EDGE('',*,*,#2437,.F.);
#3203=ORIENTED_EDGE('',*,*,#2438,.F.);
#3204=ORIENTED_EDGE('',*,*,#2439,.T.);
#3205=ORIENTED_EDGE('',*,*,#2440,.F.);
#3206=ORIENTED_EDGE('',*,*,#2439,.F.);
#3207=ORIENTED_EDGE('',*,*,#2441,.F.);
#3208=ORIENTED_EDGE('',*,*,#2442,.F.);
#3209=ORIENTED_EDGE('',*,*,#2443,.F.);
#3210=ORIENTED_EDGE('',*,*,#2444,.F.);
#3211=ORIENTED_EDGE('',*,*,#2445,.F.);
#3212=ORIENTED_EDGE('',*,*,#2437,.T.);
#3213=ORIENTED_EDGE('',*,*,#2446,.F.);
#3214=ORIENTED_EDGE('',*,*,#2447,.F.);
#3215=ORIENTED_EDGE('',*,*,#2448,.F.);
#3216=ORIENTED_EDGE('',*,*,#2449,.T.);
#3217=ORIENTED_EDGE('',*,*,#2450,.F.);
#3218=ORIENTED_EDGE('',*,*,#2449,.F.);
#3219=ORIENTED_EDGE('',*,*,#2451,.F.);
#3220=ORIENTED_EDGE('',*,*,#2452,.F.);
#3221=ORIENTED_EDGE('',*,*,#2453,.F.);
#3222=ORIENTED_EDGE('',*,*,#2454,.F.);
#3223=ORIENTED_EDGE('',*,*,#2455,.F.);
#3224=ORIENTED_EDGE('',*,*,#2447,.T.);
#3225=ORIENTED_EDGE('',*,*,#2456,.F.);
#3226=ORIENTED_EDGE('',*,*,#2457,.F.);
#3227=ORIENTED_EDGE('',*,*,#2458,.F.);
#3228=ORIENTED_EDGE('',*,*,#2459,.T.);
#3229=ORIENTED_EDGE('',*,*,#2460,.F.);
#3230=ORIENTED_EDGE('',*,*,#2459,.F.);
#3231=ORIENTED_EDGE('',*,*,#2461,.F.);
#3232=ORIENTED_EDGE('',*,*,#2462,.F.);
#3233=ORIENTED_EDGE('',*,*,#2463,.F.);
#3234=ORIENTED_EDGE('',*,*,#2464,.F.);
#3235=ORIENTED_EDGE('',*,*,#2465,.F.);
#3236=ORIENTED_EDGE('',*,*,#2457,.T.);
#3237=ORIENTED_EDGE('',*,*,#2263,.T.);
#3238=ORIENTED_EDGE('',*,*,#2256,.T.);
#3239=ORIENTED_EDGE('',*,*,#2260,.T.);
#3240=ORIENTED_EDGE('',*,*,#2466,.F.);
#3241=ORIENTED_EDGE('',*,*,#2273,.T.);
#3242=ORIENTED_EDGE('',*,*,#2266,.T.);
#3243=ORIENTED_EDGE('',*,*,#2270,.T.);
#3244=ORIENTED_EDGE('',*,*,#2467,.F.);
#3245=ORIENTED_EDGE('',*,*,#2283,.T.);
#3246=ORIENTED_EDGE('',*,*,#2276,.T.);
#3247=ORIENTED_EDGE('',*,*,#2280,.T.);
#3248=ORIENTED_EDGE('',*,*,#2468,.F.);
#3249=ORIENTED_EDGE('',*,*,#2293,.T.);
#3250=ORIENTED_EDGE('',*,*,#2286,.T.);
#3251=ORIENTED_EDGE('',*,*,#2290,.T.);
#3252=ORIENTED_EDGE('',*,*,#2469,.F.);
#3253=ORIENTED_EDGE('',*,*,#2303,.T.);
#3254=ORIENTED_EDGE('',*,*,#2296,.T.);
#3255=ORIENTED_EDGE('',*,*,#2300,.T.);
#3256=ORIENTED_EDGE('',*,*,#2470,.F.);
#3257=ORIENTED_EDGE('',*,*,#2313,.T.);
#3258=ORIENTED_EDGE('',*,*,#2306,.T.);
#3259=ORIENTED_EDGE('',*,*,#2310,.T.);
#3260=ORIENTED_EDGE('',*,*,#2471,.F.);
#3261=ORIENTED_EDGE('',*,*,#2323,.T.);
#3262=ORIENTED_EDGE('',*,*,#2316,.T.);
#3263=ORIENTED_EDGE('',*,*,#2320,.T.);
#3264=ORIENTED_EDGE('',*,*,#2472,.F.);
#3265=ORIENTED_EDGE('',*,*,#2333,.T.);
#3266=ORIENTED_EDGE('',*,*,#2326,.T.);
#3267=ORIENTED_EDGE('',*,*,#2330,.T.);
#3268=ORIENTED_EDGE('',*,*,#2473,.F.);
#3269=ORIENTED_EDGE('',*,*,#2343,.T.);
#3270=ORIENTED_EDGE('',*,*,#2336,.T.);
#3271=ORIENTED_EDGE('',*,*,#2340,.T.);
#3272=ORIENTED_EDGE('',*,*,#2474,.F.);
#3273=ORIENTED_EDGE('',*,*,#2353,.T.);
#3274=ORIENTED_EDGE('',*,*,#2346,.T.);
#3275=ORIENTED_EDGE('',*,*,#2350,.T.);
#3276=ORIENTED_EDGE('',*,*,#2475,.F.);
#3277=ORIENTED_EDGE('',*,*,#2363,.T.);
#3278=ORIENTED_EDGE('',*,*,#2356,.T.);
#3279=ORIENTED_EDGE('',*,*,#2360,.T.);
#3280=ORIENTED_EDGE('',*,*,#2476,.F.);
#3281=ORIENTED_EDGE('',*,*,#2373,.T.);
#3282=ORIENTED_EDGE('',*,*,#2366,.T.);
#3283=ORIENTED_EDGE('',*,*,#2370,.T.);
#3284=ORIENTED_EDGE('',*,*,#2477,.F.);
#3285=ORIENTED_EDGE('',*,*,#2383,.T.);
#3286=ORIENTED_EDGE('',*,*,#2376,.T.);
#3287=ORIENTED_EDGE('',*,*,#2380,.T.);
#3288=ORIENTED_EDGE('',*,*,#2478,.F.);
#3289=ORIENTED_EDGE('',*,*,#2393,.T.);
#3290=ORIENTED_EDGE('',*,*,#2386,.T.);
#3291=ORIENTED_EDGE('',*,*,#2390,.T.);
#3292=ORIENTED_EDGE('',*,*,#2479,.F.);
#3293=ORIENTED_EDGE('',*,*,#2403,.T.);
#3294=ORIENTED_EDGE('',*,*,#2396,.T.);
#3295=ORIENTED_EDGE('',*,*,#2400,.T.);
#3296=ORIENTED_EDGE('',*,*,#2480,.F.);
#3297=ORIENTED_EDGE('',*,*,#2413,.T.);
#3298=ORIENTED_EDGE('',*,*,#2406,.T.);
#3299=ORIENTED_EDGE('',*,*,#2410,.T.);
#3300=ORIENTED_EDGE('',*,*,#2481,.F.);
#3301=ORIENTED_EDGE('',*,*,#2423,.T.);
#3302=ORIENTED_EDGE('',*,*,#2416,.T.);
#3303=ORIENTED_EDGE('',*,*,#2420,.T.);
#3304=ORIENTED_EDGE('',*,*,#2482,.F.);
#3305=ORIENTED_EDGE('',*,*,#2433,.T.);
#3306=ORIENTED_EDGE('',*,*,#2426,.T.);
#3307=ORIENTED_EDGE('',*,*,#2430,.T.);
#3308=ORIENTED_EDGE('',*,*,#2483,.F.);
#3309=ORIENTED_EDGE('',*,*,#2443,.T.);
#3310=ORIENTED_EDGE('',*,*,#2436,.T.);
#3311=ORIENTED_EDGE('',*,*,#2440,.T.);
#3312=ORIENTED_EDGE('',*,*,#2484,.F.);
#3313=ORIENTED_EDGE('',*,*,#2453,.T.);
#3314=ORIENTED_EDGE('',*,*,#2446,.T.);
#3315=ORIENTED_EDGE('',*,*,#2450,.T.);
#3316=ORIENTED_EDGE('',*,*,#2485,.F.);
#3317=ORIENTED_EDGE('',*,*,#2463,.T.);
#3318=ORIENTED_EDGE('',*,*,#2456,.T.);
#3319=ORIENTED_EDGE('',*,*,#2460,.T.);
#3320=ORIENTED_EDGE('',*,*,#2486,.F.);
#3321=ORIENTED_EDGE('',*,*,#2487,.T.);
#3322=ORIENTED_EDGE('',*,*,#2488,.T.);
#3323=ORIENTED_EDGE('',*,*,#2489,.T.);
#3324=ORIENTED_EDGE('',*,*,#2490,.F.);
#3325=ORIENTED_EDGE('',*,*,#2253,.F.);
#3326=ORIENTED_EDGE('',*,*,#2251,.T.);
#3327=ORIENTED_EDGE('',*,*,#2255,.T.);
#3328=ORIENTED_EDGE('',*,*,#2244,.T.);
#3329=ORIENTED_EDGE('',*,*,#2462,.T.);
#3330=ORIENTED_EDGE('',*,*,#2491,.F.);
#3331=ORIENTED_EDGE('',*,*,#2492,.T.);
#3332=ORIENTED_EDGE('',*,*,#2486,.T.);
#3333=ORIENTED_EDGE('',*,*,#2452,.T.);
#3334=ORIENTED_EDGE('',*,*,#2493,.F.);
#3335=ORIENTED_EDGE('',*,*,#2464,.T.);
#3336=ORIENTED_EDGE('',*,*,#2485,.T.);
#3337=ORIENTED_EDGE('',*,*,#2442,.T.);
#3338=ORIENTED_EDGE('',*,*,#2494,.F.);
#3339=ORIENTED_EDGE('',*,*,#2454,.T.);
#3340=ORIENTED_EDGE('',*,*,#2484,.T.);
#3341=ORIENTED_EDGE('',*,*,#2432,.T.);
#3342=ORIENTED_EDGE('',*,*,#2495,.F.);
#3343=ORIENTED_EDGE('',*,*,#2444,.T.);
#3344=ORIENTED_EDGE('',*,*,#2483,.T.);
#3345=ORIENTED_EDGE('',*,*,#2422,.T.);
#3346=ORIENTED_EDGE('',*,*,#2496,.F.);
#3347=ORIENTED_EDGE('',*,*,#2434,.T.);
#3348=ORIENTED_EDGE('',*,*,#2482,.T.);
#3349=ORIENTED_EDGE('',*,*,#2412,.T.);
#3350=ORIENTED_EDGE('',*,*,#2497,.F.);
#3351=ORIENTED_EDGE('',*,*,#2424,.T.);
#3352=ORIENTED_EDGE('',*,*,#2481,.T.);
#3353=ORIENTED_EDGE('',*,*,#2402,.T.);
#3354=ORIENTED_EDGE('',*,*,#2498,.F.);
#3355=ORIENTED_EDGE('',*,*,#2414,.T.);
#3356=ORIENTED_EDGE('',*,*,#2480,.T.);
#3357=ORIENTED_EDGE('',*,*,#2392,.T.);
#3358=ORIENTED_EDGE('',*,*,#2499,.F.);
#3359=ORIENTED_EDGE('',*,*,#2404,.T.);
#3360=ORIENTED_EDGE('',*,*,#2479,.T.);
#3361=ORIENTED_EDGE('',*,*,#2382,.T.);
#3362=ORIENTED_EDGE('',*,*,#2500,.F.);
#3363=ORIENTED_EDGE('',*,*,#2394,.T.);
#3364=ORIENTED_EDGE('',*,*,#2478,.T.);
#3365=ORIENTED_EDGE('',*,*,#2372,.T.);
#3366=ORIENTED_EDGE('',*,*,#2501,.F.);
#3367=ORIENTED_EDGE('',*,*,#2384,.T.);
#3368=ORIENTED_EDGE('',*,*,#2477,.T.);
#3369=ORIENTED_EDGE('',*,*,#2362,.T.);
#3370=ORIENTED_EDGE('',*,*,#2502,.F.);
#3371=ORIENTED_EDGE('',*,*,#2374,.T.);
#3372=ORIENTED_EDGE('',*,*,#2476,.T.);
#3373=ORIENTED_EDGE('',*,*,#2352,.T.);
#3374=ORIENTED_EDGE('',*,*,#2503,.F.);
#3375=ORIENTED_EDGE('',*,*,#2364,.T.);
#3376=ORIENTED_EDGE('',*,*,#2475,.T.);
#3377=ORIENTED_EDGE('',*,*,#2342,.T.);
#3378=ORIENTED_EDGE('',*,*,#2504,.F.);
#3379=ORIENTED_EDGE('',*,*,#2354,.T.);
#3380=ORIENTED_EDGE('',*,*,#2474,.T.);
#3381=ORIENTED_EDGE('',*,*,#2332,.T.);
#3382=ORIENTED_EDGE('',*,*,#2505,.F.);
#3383=ORIENTED_EDGE('',*,*,#2344,.T.);
#3384=ORIENTED_EDGE('',*,*,#2473,.T.);
#3385=ORIENTED_EDGE('',*,*,#2322,.T.);
#3386=ORIENTED_EDGE('',*,*,#2506,.F.);
#3387=ORIENTED_EDGE('',*,*,#2334,.T.);
#3388=ORIENTED_EDGE('',*,*,#2472,.T.);
#3389=ORIENTED_EDGE('',*,*,#2312,.T.);
#3390=ORIENTED_EDGE('',*,*,#2507,.F.);
#3391=ORIENTED_EDGE('',*,*,#2324,.T.);
#3392=ORIENTED_EDGE('',*,*,#2471,.T.);
#3393=ORIENTED_EDGE('',*,*,#2302,.T.);
#3394=ORIENTED_EDGE('',*,*,#2508,.F.);
#3395=ORIENTED_EDGE('',*,*,#2314,.T.);
#3396=ORIENTED_EDGE('',*,*,#2470,.T.);
#3397=ORIENTED_EDGE('',*,*,#2292,.T.);
#3398=ORIENTED_EDGE('',*,*,#2509,.F.);
#3399=ORIENTED_EDGE('',*,*,#2304,.T.);
#3400=ORIENTED_EDGE('',*,*,#2469,.T.);
#3401=ORIENTED_EDGE('',*,*,#2282,.T.);
#3402=ORIENTED_EDGE('',*,*,#2510,.F.);
#3403=ORIENTED_EDGE('',*,*,#2294,.T.);
#3404=ORIENTED_EDGE('',*,*,#2468,.T.);
#3405=ORIENTED_EDGE('',*,*,#2272,.T.);
#3406=ORIENTED_EDGE('',*,*,#2511,.F.);
#3407=ORIENTED_EDGE('',*,*,#2284,.T.);
#3408=ORIENTED_EDGE('',*,*,#2467,.T.);
#3409=ORIENTED_EDGE('',*,*,#2262,.T.);
#3410=ORIENTED_EDGE('',*,*,#2512,.F.);
#3411=ORIENTED_EDGE('',*,*,#2274,.T.);
#3412=ORIENTED_EDGE('',*,*,#2466,.T.);
#3413=ORIENTED_EDGE('',*,*,#2488,.F.);
#3414=ORIENTED_EDGE('',*,*,#2513,.F.);
#3415=ORIENTED_EDGE('',*,*,#2514,.F.);
#3416=ORIENTED_EDGE('',*,*,#2515,.T.);
#3417=ORIENTED_EDGE('',*,*,#2489,.F.);
#3418=ORIENTED_EDGE('',*,*,#2515,.F.);
#3419=ORIENTED_EDGE('',*,*,#2516,.F.);
#3420=ORIENTED_EDGE('',*,*,#2517,.F.);
#3421=ORIENTED_EDGE('',*,*,#2487,.F.);
#3422=ORIENTED_EDGE('',*,*,#2492,.F.);
#3423=ORIENTED_EDGE('',*,*,#2518,.F.);
#3424=ORIENTED_EDGE('',*,*,#2513,.T.);
#3425=ORIENTED_EDGE('',*,*,#2264,.T.);
#3426=ORIENTED_EDGE('',*,*,#2490,.T.);
#3427=ORIENTED_EDGE('',*,*,#2517,.T.);
#3428=ORIENTED_EDGE('',*,*,#2519,.F.);
#3429=ORIENTED_EDGE('',*,*,#2265,.T.);
#3430=ORIENTED_EDGE('',*,*,#2519,.T.);
#3431=ORIENTED_EDGE('',*,*,#2516,.T.);
#3432=ORIENTED_EDGE('',*,*,#2514,.T.);
#3433=ORIENTED_EDGE('',*,*,#2518,.T.);
#3434=ORIENTED_EDGE('',*,*,#2491,.T.);
#3435=ORIENTED_EDGE('',*,*,#2461,.T.);
#3436=ORIENTED_EDGE('',*,*,#2458,.T.);
#3437=ORIENTED_EDGE('',*,*,#2465,.T.);
#3438=ORIENTED_EDGE('',*,*,#2493,.T.);
#3439=ORIENTED_EDGE('',*,*,#2451,.T.);
#3440=ORIENTED_EDGE('',*,*,#2448,.T.);
#3441=ORIENTED_EDGE('',*,*,#2455,.T.);
#3442=ORIENTED_EDGE('',*,*,#2494,.T.);
#3443=ORIENTED_EDGE('',*,*,#2441,.T.);
#3444=ORIENTED_EDGE('',*,*,#2438,.T.);
#3445=ORIENTED_EDGE('',*,*,#2445,.T.);
#3446=ORIENTED_EDGE('',*,*,#2495,.T.);
#3447=ORIENTED_EDGE('',*,*,#2431,.T.);
#3448=ORIENTED_EDGE('',*,*,#2428,.T.);
#3449=ORIENTED_EDGE('',*,*,#2435,.T.);
#3450=ORIENTED_EDGE('',*,*,#2496,.T.);
#3451=ORIENTED_EDGE('',*,*,#2421,.T.);
#3452=ORIENTED_EDGE('',*,*,#2418,.T.);
#3453=ORIENTED_EDGE('',*,*,#2425,.T.);
#3454=ORIENTED_EDGE('',*,*,#2497,.T.);
#3455=ORIENTED_EDGE('',*,*,#2411,.T.);
#3456=ORIENTED_EDGE('',*,*,#2408,.T.);
#3457=ORIENTED_EDGE('',*,*,#2415,.T.);
#3458=ORIENTED_EDGE('',*,*,#2498,.T.);
#3459=ORIENTED_EDGE('',*,*,#2401,.T.);
#3460=ORIENTED_EDGE('',*,*,#2398,.T.);
#3461=ORIENTED_EDGE('',*,*,#2405,.T.);
#3462=ORIENTED_EDGE('',*,*,#2499,.T.);
#3463=ORIENTED_EDGE('',*,*,#2391,.T.);
#3464=ORIENTED_EDGE('',*,*,#2388,.T.);
#3465=ORIENTED_EDGE('',*,*,#2395,.T.);
#3466=ORIENTED_EDGE('',*,*,#2500,.T.);
#3467=ORIENTED_EDGE('',*,*,#2381,.T.);
#3468=ORIENTED_EDGE('',*,*,#2378,.T.);
#3469=ORIENTED_EDGE('',*,*,#2385,.T.);
#3470=ORIENTED_EDGE('',*,*,#2501,.T.);
#3471=ORIENTED_EDGE('',*,*,#2371,.T.);
#3472=ORIENTED_EDGE('',*,*,#2368,.T.);
#3473=ORIENTED_EDGE('',*,*,#2375,.T.);
#3474=ORIENTED_EDGE('',*,*,#2502,.T.);
#3475=ORIENTED_EDGE('',*,*,#2361,.T.);
#3476=ORIENTED_EDGE('',*,*,#2358,.T.);
#3477=ORIENTED_EDGE('',*,*,#2365,.T.);
#3478=ORIENTED_EDGE('',*,*,#2503,.T.);
#3479=ORIENTED_EDGE('',*,*,#2351,.T.);
#3480=ORIENTED_EDGE('',*,*,#2348,.T.);
#3481=ORIENTED_EDGE('',*,*,#2355,.T.);
#3482=ORIENTED_EDGE('',*,*,#2504,.T.);
#3483=ORIENTED_EDGE('',*,*,#2341,.T.);
#3484=ORIENTED_EDGE('',*,*,#2338,.T.);
#3485=ORIENTED_EDGE('',*,*,#2345,.T.);
#3486=ORIENTED_EDGE('',*,*,#2505,.T.);
#3487=ORIENTED_EDGE('',*,*,#2331,.T.);
#3488=ORIENTED_EDGE('',*,*,#2328,.T.);
#3489=ORIENTED_EDGE('',*,*,#2335,.T.);
#3490=ORIENTED_EDGE('',*,*,#2506,.T.);
#3491=ORIENTED_EDGE('',*,*,#2321,.T.);
#3492=ORIENTED_EDGE('',*,*,#2318,.T.);
#3493=ORIENTED_EDGE('',*,*,#2325,.T.);
#3494=ORIENTED_EDGE('',*,*,#2507,.T.);
#3495=ORIENTED_EDGE('',*,*,#2311,.T.);
#3496=ORIENTED_EDGE('',*,*,#2308,.T.);
#3497=ORIENTED_EDGE('',*,*,#2315,.T.);
#3498=ORIENTED_EDGE('',*,*,#2508,.T.);
#3499=ORIENTED_EDGE('',*,*,#2301,.T.);
#3500=ORIENTED_EDGE('',*,*,#2298,.T.);
#3501=ORIENTED_EDGE('',*,*,#2305,.T.);
#3502=ORIENTED_EDGE('',*,*,#2509,.T.);
#3503=ORIENTED_EDGE('',*,*,#2291,.T.);
#3504=ORIENTED_EDGE('',*,*,#2288,.T.);
#3505=ORIENTED_EDGE('',*,*,#2295,.T.);
#3506=ORIENTED_EDGE('',*,*,#2510,.T.);
#3507=ORIENTED_EDGE('',*,*,#2281,.T.);
#3508=ORIENTED_EDGE('',*,*,#2278,.T.);
#3509=ORIENTED_EDGE('',*,*,#2285,.T.);
#3510=ORIENTED_EDGE('',*,*,#2511,.T.);
#3511=ORIENTED_EDGE('',*,*,#2271,.T.);
#3512=ORIENTED_EDGE('',*,*,#2268,.T.);
#3513=ORIENTED_EDGE('',*,*,#2275,.T.);
#3514=ORIENTED_EDGE('',*,*,#2512,.T.);
#3515=ORIENTED_EDGE('',*,*,#2261,.T.);
#3516=ORIENTED_EDGE('',*,*,#2258,.T.);
#3517=ORIENTED_EDGE('',*,*,#2239,.F.);
#3518=ORIENTED_EDGE('',*,*,#2246,.T.);
#3519=ORIENTED_EDGE('',*,*,#2254,.T.);
#3520=ORIENTED_EDGE('',*,*,#2249,.T.);
#3521=ORIENTED_EDGE('',*,*,#2520,.F.);
#3522=ORIENTED_EDGE('',*,*,#2521,.T.);
#3523=ORIENTED_EDGE('',*,*,#2522,.F.);
#3524=ORIENTED_EDGE('',*,*,#2521,.F.);
#3525=ORIENTED_EDGE('',*,*,#2523,.F.);
#3526=ORIENTED_EDGE('',*,*,#2524,.T.);
#3527=ORIENTED_EDGE('',*,*,#2525,.F.);
#3528=ORIENTED_EDGE('',*,*,#2524,.F.);
#3529=ORIENTED_EDGE('',*,*,#2526,.T.);
#3530=ORIENTED_EDGE('',*,*,#2527,.F.);
#3531=ORIENTED_EDGE('',*,*,#2528,.T.);
#3532=ORIENTED_EDGE('',*,*,#2529,.T.);
#3533=ORIENTED_EDGE('',*,*,#2530,.T.);
#3534=ORIENTED_EDGE('',*,*,#2531,.F.);
#3535=ORIENTED_EDGE('',*,*,#2532,.T.);
#3536=ORIENTED_EDGE('',*,*,#2527,.T.);
#3537=ORIENTED_EDGE('',*,*,#2533,.T.);
#3538=ORIENTED_EDGE('',*,*,#2534,.F.);
#3539=ORIENTED_EDGE('',*,*,#2535,.T.);
#3540=ORIENTED_EDGE('',*,*,#2531,.T.);
#3541=ORIENTED_EDGE('',*,*,#2536,.T.);
#3542=ORIENTED_EDGE('',*,*,#2537,.F.);
#3543=ORIENTED_EDGE('',*,*,#2538,.T.);
#3544=ORIENTED_EDGE('',*,*,#2534,.T.);
#3545=ORIENTED_EDGE('',*,*,#2539,.T.);
#3546=ORIENTED_EDGE('',*,*,#2540,.F.);
#3547=ORIENTED_EDGE('',*,*,#2541,.T.);
#3548=ORIENTED_EDGE('',*,*,#2537,.T.);
#3549=ORIENTED_EDGE('',*,*,#2542,.T.);
#3550=ORIENTED_EDGE('',*,*,#2543,.F.);
#3551=ORIENTED_EDGE('',*,*,#2544,.T.);
#3552=ORIENTED_EDGE('',*,*,#2540,.T.);
#3553=ORIENTED_EDGE('',*,*,#2545,.T.);
#3554=ORIENTED_EDGE('',*,*,#2546,.F.);
#3555=ORIENTED_EDGE('',*,*,#2547,.T.);
#3556=ORIENTED_EDGE('',*,*,#2543,.T.);
#3557=ORIENTED_EDGE('',*,*,#2548,.T.);
#3558=ORIENTED_EDGE('',*,*,#2529,.F.);
#3559=ORIENTED_EDGE('',*,*,#2549,.T.);
#3560=ORIENTED_EDGE('',*,*,#2546,.T.);
#3561=ORIENTED_EDGE('',*,*,#2528,.F.);
#3562=ORIENTED_EDGE('',*,*,#2532,.F.);
#3563=ORIENTED_EDGE('',*,*,#2535,.F.);
#3564=ORIENTED_EDGE('',*,*,#2538,.F.);
#3565=ORIENTED_EDGE('',*,*,#2541,.F.);
#3566=ORIENTED_EDGE('',*,*,#2544,.F.);
#3567=ORIENTED_EDGE('',*,*,#2547,.F.);
#3568=ORIENTED_EDGE('',*,*,#2549,.F.);
#3569=ORIENTED_EDGE('',*,*,#2520,.T.);
#3570=ORIENTED_EDGE('',*,*,#2523,.T.);
#3571=ORIENTED_EDGE('',*,*,#2526,.F.);
#3572=ORIENTED_EDGE('',*,*,#2548,.F.);
#3573=ORIENTED_EDGE('',*,*,#2545,.F.);
#3574=ORIENTED_EDGE('',*,*,#2542,.F.);
#3575=ORIENTED_EDGE('',*,*,#2539,.F.);
#3576=ORIENTED_EDGE('',*,*,#2536,.F.);
#3577=ORIENTED_EDGE('',*,*,#2533,.F.);
#3578=ORIENTED_EDGE('',*,*,#2530,.F.);
#3579=ORIENTED_EDGE('',*,*,#2522,.T.);
#3580=ORIENTED_EDGE('',*,*,#2525,.T.);
#3581=ORIENTED_EDGE('',*,*,#2550,.F.);
#3582=ORIENTED_EDGE('',*,*,#2551,.T.);
#3583=ORIENTED_EDGE('',*,*,#2552,.F.);
#3584=ORIENTED_EDGE('',*,*,#2551,.F.);
#3585=ORIENTED_EDGE('',*,*,#2553,.F.);
#3586=ORIENTED_EDGE('',*,*,#2554,.T.);
#3587=ORIENTED_EDGE('',*,*,#2555,.F.);
#3588=ORIENTED_EDGE('',*,*,#2554,.F.);
#3589=ORIENTED_EDGE('',*,*,#2556,.T.);
#3590=ORIENTED_EDGE('',*,*,#2557,.F.);
#3591=ORIENTED_EDGE('',*,*,#2558,.F.);
#3592=ORIENTED_EDGE('',*,*,#2559,.T.);
#3593=ORIENTED_EDGE('',*,*,#2560,.T.);
#3594=ORIENTED_EDGE('',*,*,#2561,.F.);
#3595=ORIENTED_EDGE('',*,*,#2562,.F.);
#3596=ORIENTED_EDGE('',*,*,#2557,.T.);
#3597=ORIENTED_EDGE('',*,*,#2563,.T.);
#3598=ORIENTED_EDGE('',*,*,#2564,.F.);
#3599=ORIENTED_EDGE('',*,*,#2565,.F.);
#3600=ORIENTED_EDGE('',*,*,#2561,.T.);
#3601=ORIENTED_EDGE('',*,*,#2566,.T.);
#3602=ORIENTED_EDGE('',*,*,#2567,.F.);
#3603=ORIENTED_EDGE('',*,*,#2568,.F.);
#3604=ORIENTED_EDGE('',*,*,#2564,.T.);
#3605=ORIENTED_EDGE('',*,*,#2569,.T.);
#3606=ORIENTED_EDGE('',*,*,#2570,.F.);
#3607=ORIENTED_EDGE('',*,*,#2571,.F.);
#3608=ORIENTED_EDGE('',*,*,#2567,.T.);
#3609=ORIENTED_EDGE('',*,*,#2572,.T.);
#3610=ORIENTED_EDGE('',*,*,#2573,.F.);
#3611=ORIENTED_EDGE('',*,*,#2574,.F.);
#3612=ORIENTED_EDGE('',*,*,#2570,.T.);
#3613=ORIENTED_EDGE('',*,*,#2575,.T.);
#3614=ORIENTED_EDGE('',*,*,#2576,.F.);
#3615=ORIENTED_EDGE('',*,*,#2577,.F.);
#3616=ORIENTED_EDGE('',*,*,#2573,.T.);
#3617=ORIENTED_EDGE('',*,*,#2578,.T.);
#3618=ORIENTED_EDGE('',*,*,#2579,.F.);
#3619=ORIENTED_EDGE('',*,*,#2580,.F.);
#3620=ORIENTED_EDGE('',*,*,#2576,.T.);
#3621=ORIENTED_EDGE('',*,*,#2581,.T.);
#3622=ORIENTED_EDGE('',*,*,#2582,.F.);
#3623=ORIENTED_EDGE('',*,*,#2583,.F.);
#3624=ORIENTED_EDGE('',*,*,#2579,.T.);
#3625=ORIENTED_EDGE('',*,*,#2584,.T.);
#3626=ORIENTED_EDGE('',*,*,#2585,.F.);
#3627=ORIENTED_EDGE('',*,*,#2586,.F.);
#3628=ORIENTED_EDGE('',*,*,#2582,.T.);
#3629=ORIENTED_EDGE('',*,*,#2587,.T.);
#3630=ORIENTED_EDGE('',*,*,#2588,.F.);
#3631=ORIENTED_EDGE('',*,*,#2589,.F.);
#3632=ORIENTED_EDGE('',*,*,#2585,.T.);
#3633=ORIENTED_EDGE('',*,*,#2590,.T.);
#3634=ORIENTED_EDGE('',*,*,#2559,.F.);
#3635=ORIENTED_EDGE('',*,*,#2591,.F.);
#3636=ORIENTED_EDGE('',*,*,#2588,.T.);
#3637=ORIENTED_EDGE('',*,*,#2556,.F.);
#3638=ORIENTED_EDGE('',*,*,#2590,.F.);
#3639=ORIENTED_EDGE('',*,*,#2587,.F.);
#3640=ORIENTED_EDGE('',*,*,#2584,.F.);
#3641=ORIENTED_EDGE('',*,*,#2581,.F.);
#3642=ORIENTED_EDGE('',*,*,#2578,.F.);
#3643=ORIENTED_EDGE('',*,*,#2575,.F.);
#3644=ORIENTED_EDGE('',*,*,#2572,.F.);
#3645=ORIENTED_EDGE('',*,*,#2569,.F.);
#3646=ORIENTED_EDGE('',*,*,#2566,.F.);
#3647=ORIENTED_EDGE('',*,*,#2563,.F.);
#3648=ORIENTED_EDGE('',*,*,#2560,.F.);
#3649=ORIENTED_EDGE('',*,*,#2552,.T.);
#3650=ORIENTED_EDGE('',*,*,#2555,.T.);
#3651=ORIENTED_EDGE('',*,*,#2591,.T.);
#3652=ORIENTED_EDGE('',*,*,#2558,.T.);
#3653=ORIENTED_EDGE('',*,*,#2562,.T.);
#3654=ORIENTED_EDGE('',*,*,#2565,.T.);
#3655=ORIENTED_EDGE('',*,*,#2568,.T.);
#3656=ORIENTED_EDGE('',*,*,#2571,.T.);
#3657=ORIENTED_EDGE('',*,*,#2574,.T.);
#3658=ORIENTED_EDGE('',*,*,#2577,.T.);
#3659=ORIENTED_EDGE('',*,*,#2580,.T.);
#3660=ORIENTED_EDGE('',*,*,#2583,.T.);
#3661=ORIENTED_EDGE('',*,*,#2586,.T.);
#3662=ORIENTED_EDGE('',*,*,#2589,.T.);
#3663=ORIENTED_EDGE('',*,*,#2550,.T.);
#3664=ORIENTED_EDGE('',*,*,#2553,.T.);
#3665=ORIENTED_EDGE('',*,*,#2592,.T.);
#3666=ORIENTED_EDGE('',*,*,#2593,.T.);
#3667=ORIENTED_EDGE('',*,*,#2594,.T.);
#3668=ORIENTED_EDGE('',*,*,#2595,.T.);
#3669=ORIENTED_EDGE('',*,*,#2596,.T.);
#3670=ORIENTED_EDGE('',*,*,#2597,.T.);
#3671=ORIENTED_EDGE('',*,*,#2592,.F.);
#3672=ORIENTED_EDGE('',*,*,#2598,.T.);
#3673=ORIENTED_EDGE('',*,*,#2599,.T.);
#3674=ORIENTED_EDGE('',*,*,#2600,.T.);
#3675=ORIENTED_EDGE('',*,*,#2594,.F.);
#3676=ORIENTED_EDGE('',*,*,#2601,.T.);
#3677=ORIENTED_EDGE('',*,*,#2596,.F.);
#3678=ORIENTED_EDGE('',*,*,#2602,.T.);
#3679=ORIENTED_EDGE('',*,*,#2599,.F.);
#3680=ORIENTED_EDGE('',*,*,#2603,.T.);
#3681=ORIENTED_EDGE('',*,*,#2601,.F.);
#3682=ORIENTED_EDGE('',*,*,#2604,.F.);
#3683=ORIENTED_EDGE('',*,*,#2605,.F.);
#3684=ORIENTED_EDGE('',*,*,#2606,.F.);
#3685=ORIENTED_EDGE('',*,*,#2593,.F.);
#3686=ORIENTED_EDGE('',*,*,#2607,.F.);
#3687=ORIENTED_EDGE('',*,*,#2608,.F.);
#3688=ORIENTED_EDGE('',*,*,#2604,.T.);
#3689=ORIENTED_EDGE('',*,*,#2595,.F.);
#3690=ORIENTED_EDGE('',*,*,#2600,.F.);
#3691=ORIENTED_EDGE('',*,*,#2602,.F.);
#3692=ORIENTED_EDGE('',*,*,#2598,.F.);
#3693=ORIENTED_EDGE('',*,*,#2609,.T.);
#3694=ORIENTED_EDGE('',*,*,#2610,.T.);
#3695=ORIENTED_EDGE('',*,*,#2611,.T.);
#3696=ORIENTED_EDGE('',*,*,#2605,.T.);
#3697=ORIENTED_EDGE('',*,*,#2612,.T.);
#3698=ORIENTED_EDGE('',*,*,#2613,.T.);
#3699=ORIENTED_EDGE('',*,*,#2609,.F.);
#3700=ORIENTED_EDGE('',*,*,#2608,.T.);
#3701=ORIENTED_EDGE('',*,*,#2614,.T.);
#3702=ORIENTED_EDGE('',*,*,#2615,.T.);
#3703=ORIENTED_EDGE('',*,*,#2611,.F.);
#3704=ORIENTED_EDGE('',*,*,#2616,.T.);
#3705=ORIENTED_EDGE('',*,*,#2612,.F.);
#3706=ORIENTED_EDGE('',*,*,#2617,.T.);
#3707=ORIENTED_EDGE('',*,*,#2614,.F.);
#3708=ORIENTED_EDGE('',*,*,#2618,.T.);
#3709=ORIENTED_EDGE('',*,*,#2610,.F.);
#3710=ORIENTED_EDGE('',*,*,#2613,.F.);
#3711=ORIENTED_EDGE('',*,*,#2618,.F.);
#3712=ORIENTED_EDGE('',*,*,#2616,.F.);
#3713=ORIENTED_EDGE('',*,*,#2603,.F.);
#3714=ORIENTED_EDGE('',*,*,#2606,.T.);
#3715=ORIENTED_EDGE('',*,*,#2615,.F.);
#3716=ORIENTED_EDGE('',*,*,#2619,.T.);
#3717=ORIENTED_EDGE('',*,*,#2597,.F.);
#3718=ORIENTED_EDGE('',*,*,#2619,.F.);
#3719=ORIENTED_EDGE('',*,*,#2617,.F.);
#3720=ORIENTED_EDGE('',*,*,#2607,.T.);
#3721=ORIENTED_EDGE('',*,*,#2620,.T.);
#3722=ORIENTED_EDGE('',*,*,#2620,.F.);
#3723=ORIENTED_EDGE('',*,*,#2621,.T.);
#3724=ORIENTED_EDGE('',*,*,#2621,.F.);
#3725=ORIENTED_EDGE('',*,*,#2622,.T.);
#3726=ORIENTED_EDGE('',*,*,#2622,.F.);
#3727=ORIENTED_EDGE('',*,*,#2623,.T.);
#3728=ORIENTED_EDGE('',*,*,#2623,.F.);
#3729=ORIENTED_EDGE('',*,*,#2624,.T.);
#3730=ORIENTED_EDGE('',*,*,#2624,.F.);
#3731=ORIENTED_EDGE('',*,*,#2625,.T.);
#3732=ORIENTED_EDGE('',*,*,#2625,.F.);
#3733=ORIENTED_EDGE('',*,*,#2626,.T.);
#3734=ORIENTED_EDGE('',*,*,#2626,.F.);
#3735=ORIENTED_EDGE('',*,*,#2627,.T.);
#3736=ORIENTED_EDGE('',*,*,#2627,.F.);
#3737=ORIENTED_EDGE('',*,*,#2628,.T.);
#3738=ORIENTED_EDGE('',*,*,#2628,.F.);
#3739=ORIENTED_EDGE('',*,*,#2629,.T.);
#3740=ORIENTED_EDGE('',*,*,#2629,.F.);
#3741=ORIENTED_EDGE('',*,*,#2630,.T.);
#3742=ORIENTED_EDGE('',*,*,#2630,.F.);
#3743=ORIENTED_EDGE('',*,*,#2631,.T.);
#3744=ORIENTED_EDGE('',*,*,#2631,.F.);
#3745=ORIENTED_EDGE('',*,*,#2632,.T.);
#3746=ORIENTED_EDGE('',*,*,#2632,.F.);
#3747=ORIENTED_EDGE('',*,*,#2633,.T.);
#3748=ORIENTED_EDGE('',*,*,#2633,.F.);
#3749=ORIENTED_EDGE('',*,*,#2634,.T.);
#3750=ORIENTED_EDGE('',*,*,#2634,.F.);
#3751=ORIENTED_EDGE('',*,*,#2635,.T.);
#3752=ORIENTED_EDGE('',*,*,#2635,.F.);
#3753=ORIENTED_EDGE('',*,*,#2636,.T.);
#3754=ORIENTED_EDGE('',*,*,#2636,.F.);
#3755=ORIENTED_EDGE('',*,*,#2637,.T.);
#3756=ORIENTED_EDGE('',*,*,#2637,.F.);
#3757=ORIENTED_EDGE('',*,*,#2638,.T.);
#3758=ORIENTED_EDGE('',*,*,#2638,.F.);
#3759=ORIENTED_EDGE('',*,*,#2639,.T.);
#3760=ORIENTED_EDGE('',*,*,#2639,.F.);
#3761=ORIENTED_EDGE('',*,*,#2640,.T.);
#3762=ORIENTED_EDGE('',*,*,#2640,.F.);
#3763=ORIENTED_EDGE('',*,*,#2641,.T.);
#3764=ORIENTED_EDGE('',*,*,#2641,.F.);
#3765=ORIENTED_EDGE('',*,*,#2642,.T.);
#3766=ORIENTED_EDGE('',*,*,#2642,.F.);
#3767=ORIENTED_EDGE('',*,*,#2643,.T.);
#3768=ORIENTED_EDGE('',*,*,#2643,.F.);
#3769=ORIENTED_EDGE('',*,*,#2644,.F.);
#3770=ORIENTED_EDGE('',*,*,#2645,.F.);
#3771=ORIENTED_EDGE('',*,*,#2646,.F.);
#3772=ORIENTED_EDGE('',*,*,#2647,.F.);
#3773=ORIENTED_EDGE('',*,*,#2648,.F.);
#3774=ORIENTED_EDGE('',*,*,#2649,.F.);
#3775=ORIENTED_EDGE('',*,*,#2650,.T.);
#3776=ORIENTED_EDGE('',*,*,#2651,.T.);
#3777=ORIENTED_EDGE('',*,*,#2652,.T.);
#3778=ORIENTED_EDGE('',*,*,#2650,.F.);
#3779=ORIENTED_EDGE('',*,*,#2653,.F.);
#3780=ORIENTED_EDGE('',*,*,#2654,.F.);
#3781=ORIENTED_EDGE('',*,*,#2655,.F.);
#3782=ORIENTED_EDGE('',*,*,#2656,.F.);
#3783=ORIENTED_EDGE('',*,*,#2652,.F.);
#3784=ORIENTED_EDGE('',*,*,#2651,.F.);
#3785=ORIENTED_EDGE('',*,*,#2657,.T.);
#3786=ORIENTED_EDGE('',*,*,#2658,.T.);
#3787=ORIENTED_EDGE('',*,*,#2657,.F.);
#3788=ORIENTED_EDGE('',*,*,#2658,.F.);
#3789=ORIENTED_EDGE('',*,*,#2659,.T.);
#3790=ORIENTED_EDGE('',*,*,#2660,.T.);
#3791=ORIENTED_EDGE('',*,*,#2661,.T.);
#3792=ORIENTED_EDGE('',*,*,#2659,.F.);
#3793=ORIENTED_EDGE('',*,*,#2662,.F.);
#3794=ORIENTED_EDGE('',*,*,#2663,.F.);
#3795=ORIENTED_EDGE('',*,*,#2664,.T.);
#3796=ORIENTED_EDGE('',*,*,#2665,.T.);
#3797=ORIENTED_EDGE('',*,*,#2666,.T.);
#3798=ORIENTED_EDGE('',*,*,#2664,.F.);
#3799=ORIENTED_EDGE('',*,*,#2667,.T.);
#3800=ORIENTED_EDGE('',*,*,#2668,.T.);
#3801=ORIENTED_EDGE('',*,*,#2666,.F.);
#3802=ORIENTED_EDGE('',*,*,#2665,.F.);
#3803=ORIENTED_EDGE('',*,*,#2667,.F.);
#3804=ORIENTED_EDGE('',*,*,#2668,.F.);
#3805=ORIENTED_EDGE('',*,*,#2669,.T.);
#3806=ORIENTED_EDGE('',*,*,#2670,.T.);
#3807=ORIENTED_EDGE('',*,*,#2671,.T.);
#3808=ORIENTED_EDGE('',*,*,#2672,.T.);
#3809=ORIENTED_EDGE('',*,*,#2673,.T.);
#3810=ORIENTED_EDGE('',*,*,#2674,.T.);
#3811=ORIENTED_EDGE('',*,*,#2675,.T.);
#3812=ORIENTED_EDGE('',*,*,#2676,.T.);
#3813=ORIENTED_EDGE('',*,*,#2677,.T.);
#3814=ORIENTED_EDGE('',*,*,#2678,.T.);
#3815=ORIENTED_EDGE('',*,*,#2679,.T.);
#3816=ORIENTED_EDGE('',*,*,#2669,.F.);
#3817=ORIENTED_EDGE('',*,*,#2680,.T.);
#3818=ORIENTED_EDGE('',*,*,#2673,.F.);
#3819=ORIENTED_EDGE('',*,*,#2681,.F.);
#3820=ORIENTED_EDGE('',*,*,#2646,.T.);
#3821=ORIENTED_EDGE('',*,*,#2662,.T.);
#3822=ORIENTED_EDGE('',*,*,#2663,.T.);
#3823=ORIENTED_EDGE('',*,*,#2682,.F.);
#3824=ORIENTED_EDGE('',*,*,#2683,.F.);
#3825=ORIENTED_EDGE('',*,*,#2684,.T.);
#3826=ORIENTED_EDGE('',*,*,#2685,.T.);
#3827=ORIENTED_EDGE('',*,*,#2686,.T.);
#3828=ORIENTED_EDGE('',*,*,#2683,.T.);
#3829=ORIENTED_EDGE('',*,*,#2682,.T.);
#3830=ORIENTED_EDGE('',*,*,#2686,.F.);
#3831=ORIENTED_EDGE('',*,*,#2687,.T.);
#3832=ORIENTED_EDGE('',*,*,#2661,.F.);
#3833=ORIENTED_EDGE('',*,*,#2660,.F.);
#3834=ORIENTED_EDGE('',*,*,#2688,.F.);
#3835=ORIENTED_EDGE('',*,*,#2689,.F.);
#3836=ORIENTED_EDGE('',*,*,#2684,.F.);
#3837=ORIENTED_EDGE('',*,*,#2687,.F.);
#3838=ORIENTED_EDGE('',*,*,#2685,.F.);
#3839=ORIENTED_EDGE('',*,*,#2690,.T.);
#3840=ORIENTED_EDGE('',*,*,#2691,.F.);
#3841=ORIENTED_EDGE('',*,*,#2692,.F.);
#3842=ORIENTED_EDGE('',*,*,#2693,.F.);
#3843=ORIENTED_EDGE('',*,*,#2690,.F.);
#3844=ORIENTED_EDGE('',*,*,#2688,.T.);
#3845=ORIENTED_EDGE('',*,*,#2694,.T.);
#3846=ORIENTED_EDGE('',*,*,#2691,.T.);
#3847=ORIENTED_EDGE('',*,*,#2693,.T.);
#3848=ORIENTED_EDGE('',*,*,#2692,.T.);
#3849=ORIENTED_EDGE('',*,*,#2694,.F.);
#3850=ORIENTED_EDGE('',*,*,#2689,.T.);
#3851=ORIENTED_EDGE('',*,*,#2680,.F.);
#3852=ORIENTED_EDGE('',*,*,#2645,.T.);
#3853=ORIENTED_EDGE('',*,*,#2695,.T.);
#3854=ORIENTED_EDGE('',*,*,#2674,.F.);
#3855=ORIENTED_EDGE('',*,*,#2681,.T.);
#3856=ORIENTED_EDGE('',*,*,#2672,.F.);
#3857=ORIENTED_EDGE('',*,*,#2696,.F.);
#3858=ORIENTED_EDGE('',*,*,#2647,.T.);
#3859=ORIENTED_EDGE('',*,*,#2696,.T.);
#3860=ORIENTED_EDGE('',*,*,#2671,.F.);
#3861=ORIENTED_EDGE('',*,*,#2697,.F.);
#3862=ORIENTED_EDGE('',*,*,#2648,.T.);
#3863=ORIENTED_EDGE('',*,*,#2697,.T.);
#3864=ORIENTED_EDGE('',*,*,#2670,.F.);
#3865=ORIENTED_EDGE('',*,*,#2679,.F.);
#3866=ORIENTED_EDGE('',*,*,#2698,.F.);
#3867=ORIENTED_EDGE('',*,*,#2653,.T.);
#3868=ORIENTED_EDGE('',*,*,#2649,.T.);
#3869=ORIENTED_EDGE('',*,*,#2698,.T.);
#3870=ORIENTED_EDGE('',*,*,#2678,.F.);
#3871=ORIENTED_EDGE('',*,*,#2699,.F.);
#3872=ORIENTED_EDGE('',*,*,#2654,.T.);
#3873=ORIENTED_EDGE('',*,*,#2699,.T.);
#3874=ORIENTED_EDGE('',*,*,#2677,.F.);
#3875=ORIENTED_EDGE('',*,*,#2700,.F.);
#3876=ORIENTED_EDGE('',*,*,#2655,.T.);
#3877=ORIENTED_EDGE('',*,*,#2700,.T.);
#3878=ORIENTED_EDGE('',*,*,#2676,.F.);
#3879=ORIENTED_EDGE('',*,*,#2701,.F.);
#3880=ORIENTED_EDGE('',*,*,#2656,.T.);
#3881=ORIENTED_EDGE('',*,*,#2701,.T.);
#3882=ORIENTED_EDGE('',*,*,#2675,.F.);
#3883=ORIENTED_EDGE('',*,*,#2695,.F.);
#3884=ORIENTED_EDGE('',*,*,#2644,.T.);
#3885=ORIENTED_EDGE('',*,*,#2702,.T.);
#3886=ORIENTED_EDGE('',*,*,#2702,.F.);
#3887=ORIENTED_EDGE('',*,*,#2703,.T.);
#3888=ORIENTED_EDGE('',*,*,#2703,.F.);
#3889=ORIENTED_EDGE('',*,*,#2704,.T.);
#3890=ORIENTED_EDGE('',*,*,#2704,.F.);
#3891=ORIENTED_EDGE('',*,*,#2705,.T.);
#3892=ORIENTED_EDGE('',*,*,#2706,.T.);
#3893=ORIENTED_EDGE('',*,*,#2707,.F.);
#3894=ORIENTED_EDGE('',*,*,#2708,.F.);
#3895=ORIENTED_EDGE('',*,*,#2709,.F.);
#3896=ORIENTED_EDGE('',*,*,#2710,.F.);
#3897=ORIENTED_EDGE('',*,*,#2711,.F.);
#3898=ORIENTED_EDGE('',*,*,#2712,.F.);
#3899=ORIENTED_EDGE('',*,*,#2713,.F.);
#3900=ORIENTED_EDGE('',*,*,#2714,.F.);
#3901=ORIENTED_EDGE('',*,*,#2715,.F.);
#3902=ORIENTED_EDGE('',*,*,#2716,.F.);
#3903=ORIENTED_EDGE('',*,*,#2706,.F.);
#3904=ORIENTED_EDGE('',*,*,#2717,.T.);
#3905=ORIENTED_EDGE('',*,*,#2718,.T.);
#3906=ORIENTED_EDGE('',*,*,#2719,.T.);
#3907=ORIENTED_EDGE('',*,*,#2705,.F.);
#3908=ORIENTED_EDGE('',*,*,#2717,.F.);
#3909=ORIENTED_EDGE('',*,*,#2720,.T.);
#3910=ORIENTED_EDGE('',*,*,#2721,.T.);
#3911=ORIENTED_EDGE('',*,*,#2718,.F.);
#3912=ORIENTED_EDGE('',*,*,#2719,.F.);
#3913=ORIENTED_EDGE('',*,*,#2721,.F.);
#3914=ORIENTED_EDGE('',*,*,#2722,.T.);
#3915=ORIENTED_EDGE('',*,*,#2723,.T.);
#3916=ORIENTED_EDGE('',*,*,#2724,.T.);
#3917=ORIENTED_EDGE('',*,*,#2725,.F.);
#3918=ORIENTED_EDGE('',*,*,#2726,.F.);
#3919=ORIENTED_EDGE('',*,*,#2724,.F.);
#3920=ORIENTED_EDGE('',*,*,#2727,.T.);
#3921=ORIENTED_EDGE('',*,*,#2723,.F.);
#3922=ORIENTED_EDGE('',*,*,#2727,.F.);
#3923=ORIENTED_EDGE('',*,*,#2728,.T.);
#3924=ORIENTED_EDGE('',*,*,#2729,.T.);
#3925=ORIENTED_EDGE('',*,*,#2730,.T.);
#3926=ORIENTED_EDGE('',*,*,#2731,.T.);
#3927=ORIENTED_EDGE('',*,*,#2732,.T.);
#3928=ORIENTED_EDGE('',*,*,#2733,.T.);
#3929=ORIENTED_EDGE('',*,*,#2734,.T.);
#3930=ORIENTED_EDGE('',*,*,#2735,.T.);
#3931=ORIENTED_EDGE('',*,*,#2728,.F.);
#3932=ORIENTED_EDGE('',*,*,#2729,.F.);
#3933=ORIENTED_EDGE('',*,*,#2735,.F.);
#3934=ORIENTED_EDGE('',*,*,#2736,.T.);
#3935=ORIENTED_EDGE('',*,*,#2737,.T.);
#3936=ORIENTED_EDGE('',*,*,#2738,.T.);
#3937=ORIENTED_EDGE('',*,*,#2739,.T.);
#3938=ORIENTED_EDGE('',*,*,#2740,.T.);
#3939=ORIENTED_EDGE('',*,*,#2741,.T.);
#3940=ORIENTED_EDGE('',*,*,#2739,.F.);
#3941=ORIENTED_EDGE('',*,*,#2742,.F.);
#3942=ORIENTED_EDGE('',*,*,#2713,.T.);
#3943=ORIENTED_EDGE('',*,*,#2743,.F.);
#3944=ORIENTED_EDGE('',*,*,#2744,.F.);
#3945=ORIENTED_EDGE('',*,*,#2725,.T.);
#3946=ORIENTED_EDGE('',*,*,#2726,.T.);
#3947=ORIENTED_EDGE('',*,*,#2745,.T.);
#3948=ORIENTED_EDGE('',*,*,#2746,.T.);
#3949=ORIENTED_EDGE('',*,*,#2747,.T.);
#3950=ORIENTED_EDGE('',*,*,#2744,.T.);
#3951=ORIENTED_EDGE('',*,*,#2743,.T.);
#3952=ORIENTED_EDGE('',*,*,#2747,.F.);
#3953=ORIENTED_EDGE('',*,*,#2748,.T.);
#3954=ORIENTED_EDGE('',*,*,#2749,.F.);
#3955=ORIENTED_EDGE('',*,*,#2750,.F.);
#3956=ORIENTED_EDGE('',*,*,#2720,.F.);
#3957=ORIENTED_EDGE('',*,*,#2722,.F.);
#3958=ORIENTED_EDGE('',*,*,#2751,.F.);
#3959=ORIENTED_EDGE('',*,*,#2752,.F.);
#3960=ORIENTED_EDGE('',*,*,#2753,.T.);
#3961=ORIENTED_EDGE('',*,*,#2745,.F.);
#3962=ORIENTED_EDGE('',*,*,#2748,.F.);
#3963=ORIENTED_EDGE('',*,*,#2746,.F.);
#3964=ORIENTED_EDGE('',*,*,#2753,.F.);
#3965=ORIENTED_EDGE('',*,*,#2754,.F.);
#3966=ORIENTED_EDGE('',*,*,#2749,.T.);
#3967=ORIENTED_EDGE('',*,*,#2755,.T.);
#3968=ORIENTED_EDGE('',*,*,#2754,.T.);
#3969=ORIENTED_EDGE('',*,*,#2752,.T.);
#3970=ORIENTED_EDGE('',*,*,#2751,.T.);
#3971=ORIENTED_EDGE('',*,*,#2755,.F.);
#3972=ORIENTED_EDGE('',*,*,#2750,.T.);
#3973=ORIENTED_EDGE('',*,*,#2741,.F.);
#3974=ORIENTED_EDGE('',*,*,#2712,.T.);
#3975=ORIENTED_EDGE('',*,*,#2756,.T.);
#3976=ORIENTED_EDGE('',*,*,#2740,.F.);
#3977=ORIENTED_EDGE('',*,*,#2742,.T.);
#3978=ORIENTED_EDGE('',*,*,#2738,.F.);
#3979=ORIENTED_EDGE('',*,*,#2757,.F.);
#3980=ORIENTED_EDGE('',*,*,#2714,.T.);
#3981=ORIENTED_EDGE('',*,*,#2757,.T.);
#3982=ORIENTED_EDGE('',*,*,#2737,.F.);
#3983=ORIENTED_EDGE('',*,*,#2758,.F.);
#3984=ORIENTED_EDGE('',*,*,#2715,.T.);
#3985=ORIENTED_EDGE('',*,*,#2758,.T.);
#3986=ORIENTED_EDGE('',*,*,#2736,.F.);
#3987=ORIENTED_EDGE('',*,*,#2734,.F.);
#3988=ORIENTED_EDGE('',*,*,#2759,.F.);
#3989=ORIENTED_EDGE('',*,*,#2707,.T.);
#3990=ORIENTED_EDGE('',*,*,#2716,.T.);
#3991=ORIENTED_EDGE('',*,*,#2759,.T.);
#3992=ORIENTED_EDGE('',*,*,#2733,.F.);
#3993=ORIENTED_EDGE('',*,*,#2760,.F.);
#3994=ORIENTED_EDGE('',*,*,#2708,.T.);
#3995=ORIENTED_EDGE('',*,*,#2760,.T.);
#3996=ORIENTED_EDGE('',*,*,#2732,.F.);
#3997=ORIENTED_EDGE('',*,*,#2761,.F.);
#3998=ORIENTED_EDGE('',*,*,#2709,.T.);
#3999=ORIENTED_EDGE('',*,*,#2761,.T.);
#4000=ORIENTED_EDGE('',*,*,#2731,.F.);
#4001=ORIENTED_EDGE('',*,*,#2762,.F.);
#4002=ORIENTED_EDGE('',*,*,#2710,.T.);
#4003=ORIENTED_EDGE('',*,*,#2762,.T.);
#4004=ORIENTED_EDGE('',*,*,#2730,.F.);
#4005=ORIENTED_EDGE('',*,*,#2756,.F.);
#4006=ORIENTED_EDGE('',*,*,#2711,.T.);
#4007=CONICAL_SURFACE('',#4405,8.5,0.523598775598298);
#4008=CONICAL_SURFACE('',#4409,8.5,0.523598775598298);
#4009=CONICAL_SURFACE('',#4412,8.5,0.523598775598298);
#4010=CONICAL_SURFACE('',#4414,8.5,0.523598775598298);
#4011=CONICAL_SURFACE('',#4426,9.74999999999999,0.785398163397441);
#4012=CONICAL_SURFACE('',#4434,8.6360297657338,0.349065850398866);
#4013=CONICAL_SURFACE('',#4441,8.6360297657338,0.349065850398866);
#4014=CONICAL_SURFACE('',#4481,10.25,0.785398163397449);
#4015=CONICAL_SURFACE('',#4488,10.25,0.785398163397449);
#4016=CONICAL_SURFACE('',#4496,10.25,0.785398163397449);
#4017=CONICAL_SURFACE('',#4503,10.25,0.785398163397449);
#4018=CONICAL_SURFACE('',#4842,2.8,0.785398163397449);
#4019=CONICAL_SURFACE('',#4845,2.8,0.785398163397449);
#4020=CONICAL_SURFACE('',#4853,2.8,0.785398163397449);
#4021=CONICAL_SURFACE('',#4857,2.8,0.785398163397449);
#4022=ADVANCED_FACE('',(#770),#4007,.T.);
#4023=ADVANCED_FACE('',(#771),#4008,.T.);
#4024=ADVANCED_FACE('',(#772),#4009,.T.);
#4025=ADVANCED_FACE('',(#773),#4010,.T.);
#4026=ADVANCED_FACE('',(#774),#639,.T.);
#4027=ADVANCED_FACE('',(#775),#640,.T.);
#4028=ADVANCED_FACE('',(#776),#641,.T.);
#4029=ADVANCED_FACE('',(#777),#196,.F.);
#4030=ADVANCED_FACE('',(#778),#4011,.T.);
#4031=ADVANCED_FACE('',(#779),#642,.T.);
#4032=ADVANCED_FACE('',(#780),#197,.T.);
#4033=ADVANCED_FACE('',(#781),#4012,.T.);
#4034=ADVANCED_FACE('',(#782),#198,.F.);
#4035=ADVANCED_FACE('',(#783),#199,.T.);
#4036=ADVANCED_FACE('',(#784),#4013,.T.);
#4037=ADVANCED_FACE('',(#785),#200,.T.);
#4038=ADVANCED_FACE('',(#786),#201,.F.);
#4039=ADVANCED_FACE('',(#787),#202,.F.);
#4040=ADVANCED_FACE('',(#788),#643,.F.);
#4041=ADVANCED_FACE('',(#789),#203,.F.);
#4042=ADVANCED_FACE('',(#790),#204,.F.);
#4043=ADVANCED_FACE('',(#791),#644,.F.);
#4044=ADVANCED_FACE('',(#792),#205,.T.);
#4045=ADVANCED_FACE('',(#793),#206,.T.);
#4046=ADVANCED_FACE('',(#794,#144),#207,.T.);
#4047=ADVANCED_FACE('',(#795),#645,.T.);
#4048=ADVANCED_FACE('',(#796,#145),#208,.T.);
#4049=ADVANCED_FACE('',(#797),#646,.T.);
#4050=ADVANCED_FACE('',(#798,#146),#209,.T.);
#4051=ADVANCED_FACE('',(#799,#147),#647,.T.);
#4052=ADVANCED_FACE('',(#800,#148),#210,.T.);
#4053=ADVANCED_FACE('',(#801),#648,.T.);
#4054=ADVANCED_FACE('',(#802,#149),#211,.T.);
#4055=ADVANCED_FACE('',(#803),#4014,.F.);
#4056=ADVANCED_FACE('',(#804),#649,.F.);
#4057=ADVANCED_FACE('',(#805,#150),#212,.T.);
#4058=ADVANCED_FACE('',(#806),#4015,.F.);
#4059=ADVANCED_FACE('',(#807,#151),#213,.F.);
#4060=ADVANCED_FACE('',(#808),#650,.T.);
#4061=ADVANCED_FACE('',(#809),#4016,.F.);
#4062=ADVANCED_FACE('',(#810),#214,.F.);
#4063=ADVANCED_FACE('',(#811),#651,.F.);
#4064=ADVANCED_FACE('',(#812),#215,.F.);
#4065=ADVANCED_FACE('',(#813),#4017,.F.);
#4066=ADVANCED_FACE('',(#814),#216,.F.);
#4067=ADVANCED_FACE('',(#815),#652,.T.);
#4068=ADVANCED_FACE('',(#816),#653,.T.);
#4069=ADVANCED_FACE('',(#817),#654,.T.);
#4070=ADVANCED_FACE('',(#818),#655,.T.);
#4071=ADVANCED_FACE('',(#819),#656,.T.);
#4072=ADVANCED_FACE('',(#820),#657,.T.);
#4073=ADVANCED_FACE('',(#821),#658,.T.);
#4074=ADVANCED_FACE('',(#822),#659,.T.);
#4075=ADVANCED_FACE('',(#823),#660,.T.);
#4076=ADVANCED_FACE('',(#824),#661,.T.);
#4077=ADVANCED_FACE('',(#825),#662,.T.);
#4078=ADVANCED_FACE('',(#826),#663,.T.);
#4079=ADVANCED_FACE('',(#827),#664,.T.);
#4080=ADVANCED_FACE('',(#828),#665,.T.);
#4081=ADVANCED_FACE('',(#829),#666,.T.);
#4082=ADVANCED_FACE('',(#830),#667,.T.);
#4083=ADVANCED_FACE('',(#831),#668,.T.);
#4084=ADVANCED_FACE('',(#832),#669,.T.);
#4085=ADVANCED_FACE('',(#833),#670,.T.);
#4086=ADVANCED_FACE('',(#834),#671,.T.);
#4087=ADVANCED_FACE('',(#835),#672,.T.);
#4088=ADVANCED_FACE('',(#836),#673,.T.);
#4089=ADVANCED_FACE('',(#837),#674,.T.);
#4090=ADVANCED_FACE('',(#838),#675,.T.);
#4091=ADVANCED_FACE('',(#839),#676,.T.);
#4092=ADVANCED_FACE('',(#840),#677,.T.);
#4093=ADVANCED_FACE('',(#841),#678,.T.);
#4094=ADVANCED_FACE('',(#842),#679,.T.);
#4095=ADVANCED_FACE('',(#843),#680,.T.);
#4096=ADVANCED_FACE('',(#844),#681,.T.);
#4097=ADVANCED_FACE('',(#845),#682,.T.);
#4098=ADVANCED_FACE('',(#846),#683,.T.);
#4099=ADVANCED_FACE('',(#847),#684,.T.);
#4100=ADVANCED_FACE('',(#848),#685,.T.);
#4101=ADVANCED_FACE('',(#849),#686,.T.);
#4102=ADVANCED_FACE('',(#850),#687,.T.);
#4103=ADVANCED_FACE('',(#851),#688,.T.);
#4104=ADVANCED_FACE('',(#852),#689,.T.);
#4105=ADVANCED_FACE('',(#853),#690,.T.);
#4106=ADVANCED_FACE('',(#854),#691,.T.);
#4107=ADVANCED_FACE('',(#855),#692,.T.);
#4108=ADVANCED_FACE('',(#856),#693,.T.);
#4109=ADVANCED_FACE('',(#857),#694,.T.);
#4110=ADVANCED_FACE('',(#858),#695,.T.);
#4111=ADVANCED_FACE('',(#859),#696,.T.);
#4112=ADVANCED_FACE('',(#860),#697,.T.);
#4113=ADVANCED_FACE('',(#861),#698,.T.);
#4114=ADVANCED_FACE('',(#862),#699,.T.);
#4115=ADVANCED_FACE('',(#863),#700,.T.);
#4116=ADVANCED_FACE('',(#864),#701,.T.);
#4117=ADVANCED_FACE('',(#865),#702,.T.);
#4118=ADVANCED_FACE('',(#866),#703,.T.);
#4119=ADVANCED_FACE('',(#867),#704,.T.);
#4120=ADVANCED_FACE('',(#868),#705,.T.);
#4121=ADVANCED_FACE('',(#869),#706,.T.);
#4122=ADVANCED_FACE('',(#870),#707,.T.);
#4123=ADVANCED_FACE('',(#871),#708,.T.);
#4124=ADVANCED_FACE('',(#872),#709,.T.);
#4125=ADVANCED_FACE('',(#873),#710,.T.);
#4126=ADVANCED_FACE('',(#874),#711,.T.);
#4127=ADVANCED_FACE('',(#875),#712,.T.);
#4128=ADVANCED_FACE('',(#876),#713,.T.);
#4129=ADVANCED_FACE('',(#877),#714,.T.);
#4130=ADVANCED_FACE('',(#878,#152),#217,.F.);
#4131=ADVANCED_FACE('',(#879),#715,.T.);
#4132=ADVANCED_FACE('',(#880),#716,.T.);
#4133=ADVANCED_FACE('',(#881),#717,.T.);
#4134=ADVANCED_FACE('',(#882),#718,.T.);
#4135=ADVANCED_FACE('',(#883),#719,.T.);
#4136=ADVANCED_FACE('',(#884),#720,.T.);
#4137=ADVANCED_FACE('',(#885),#721,.T.);
#4138=ADVANCED_FACE('',(#886),#722,.T.);
#4139=ADVANCED_FACE('',(#887),#723,.T.);
#4140=ADVANCED_FACE('',(#888),#724,.T.);
#4141=ADVANCED_FACE('',(#889),#725,.T.);
#4142=ADVANCED_FACE('',(#890),#726,.T.);
#4143=ADVANCED_FACE('',(#891),#727,.T.);
#4144=ADVANCED_FACE('',(#892),#728,.T.);
#4145=ADVANCED_FACE('',(#893),#729,.T.);
#4146=ADVANCED_FACE('',(#894),#730,.T.);
#4147=ADVANCED_FACE('',(#895),#731,.T.);
#4148=ADVANCED_FACE('',(#896),#732,.T.);
#4149=ADVANCED_FACE('',(#897),#733,.T.);
#4150=ADVANCED_FACE('',(#898),#734,.T.);
#4151=ADVANCED_FACE('',(#899),#735,.T.);
#4152=ADVANCED_FACE('',(#900),#736,.T.);
#4153=ADVANCED_FACE('',(#901),#737,.T.);
#4154=ADVANCED_FACE('',(#902),#738,.T.);
#4155=ADVANCED_FACE('',(#903),#739,.T.);
#4156=ADVANCED_FACE('',(#904,#153),#218,.T.);
#4157=ADVANCED_FACE('',(#905),#740,.F.);
#4158=ADVANCED_FACE('',(#906),#741,.F.);
#4159=ADVANCED_FACE('',(#907),#742,.F.);
#4160=ADVANCED_FACE('',(#908),#743,.F.);
#4161=ADVANCED_FACE('',(#909),#744,.T.);
#4162=ADVANCED_FACE('',(#910),#219,.T.);
#4163=ADVANCED_FACE('',(#911),#745,.T.);
#4164=ADVANCED_FACE('',(#912),#220,.T.);
#4165=ADVANCED_FACE('',(#913),#746,.T.);
#4166=ADVANCED_FACE('',(#914),#747,.F.);
#4167=ADVANCED_FACE('',(#915,#154,#155),#221,.F.);
#4168=ADVANCED_FACE('',(#916,#156,#157),#222,.T.);
#4169=ADVANCED_FACE('',(#917),#748,.F.);
#4170=ADVANCED_FACE('',(#918),#749,.F.);
#4171=ADVANCED_FACE('',(#919),#750,.T.);
#4172=ADVANCED_FACE('',(#920),#223,.T.);
#4173=ADVANCED_FACE('',(#921),#751,.F.);
#4174=ADVANCED_FACE('',(#922),#752,.T.);
#4175=ADVANCED_FACE('',(#923),#753,.F.);
#4176=ADVANCED_FACE('',(#924),#224,.T.);
#4177=ADVANCED_FACE('',(#925),#754,.T.);
#4178=ADVANCED_FACE('',(#926),#755,.T.);
#4179=ADVANCED_FACE('',(#927),#225,.T.);
#4180=ADVANCED_FACE('',(#928),#756,.F.);
#4181=ADVANCED_FACE('',(#929),#226,.T.);
#4182=ADVANCED_FACE('',(#930),#757,.T.);
#4183=ADVANCED_FACE('',(#931,#158,#159),#227,.T.);
#4184=ADVANCED_FACE('',(#932,#160,#161),#228,.F.);
#4185=ADVANCED_FACE('',(#933),#229,.T.);
#4186=ADVANCED_FACE('',(#934),#4018,.T.);
#4187=ADVANCED_FACE('',(#935),#4019,.T.);
#4188=ADVANCED_FACE('',(#936),#230,.T.);
#4189=ADVANCED_FACE('',(#937),#758,.T.);
#4190=ADVANCED_FACE('',(#938),#231,.T.);
#4191=ADVANCED_FACE('',(#939),#232,.F.);
#4192=ADVANCED_FACE('',(#940),#4020,.T.);
#4193=ADVANCED_FACE('',(#941),#233,.T.);
#4194=ADVANCED_FACE('',(#942),#234,.T.);
#4195=ADVANCED_FACE('',(#943),#4021,.T.);
#4196=ADVANCED_FACE('',(#944),#235,.T.);
#4197=ADVANCED_FACE('',(#945),#236,.T.);
#4198=ADVANCED_FACE('',(#946),#759,.T.);
#4199=ADVANCED_FACE('',(#947,#162,#163),#42,.T.);
#4200=ADVANCED_FACE('',(#948,#164,#165),#43,.T.);
#4201=ADVANCED_FACE('',(#949,#166,#167),#44,.T.);
#4202=ADVANCED_FACE('',(#950,#168,#169),#45,.T.);
#4203=ADVANCED_FACE('',(#951,#170,#171),#46,.T.);
#4204=ADVANCED_FACE('',(#952,#172,#173),#47,.T.);
#4205=ADVANCED_FACE('',(#953,#174,#175),#48,.T.);
#4206=ADVANCED_FACE('',(#954,#176,#177),#49,.T.);
#4207=ADVANCED_FACE('',(#955),#760,.T.);
#4208=ADVANCED_FACE('',(#956,#178),#237,.T.);
#4209=ADVANCED_FACE('',(#957),#761,.T.);
#4210=ADVANCED_FACE('',(#958),#762,.T.);
#4211=ADVANCED_FACE('',(#959,#179),#238,.T.);
#4212=ADVANCED_FACE('',(#960),#763,.T.);
#4213=ADVANCED_FACE('',(#961),#20,.F.);
#4214=ADVANCED_FACE('',(#962,#180),#239,.T.);
#4215=ADVANCED_FACE('',(#963),#21,.T.);
#4216=ADVANCED_FACE('',(#964,#181),#240,.T.);
#4217=ADVANCED_FACE('',(#965),#764,.F.);
#4218=ADVANCED_FACE('',(#966),#22,.T.);
#4219=ADVANCED_FACE('',(#967),#23,.F.);
#4220=ADVANCED_FACE('',(#968),#24,.F.);
#4221=ADVANCED_FACE('',(#969),#25,.F.);
#4222=ADVANCED_FACE('',(#970),#26,.F.);
#4223=ADVANCED_FACE('',(#971),#27,.F.);
#4224=ADVANCED_FACE('',(#972),#28,.F.);
#4225=ADVANCED_FACE('',(#973),#29,.F.);
#4226=ADVANCED_FACE('',(#974),#30,.F.);
#4227=ADVANCED_FACE('',(#975,#182,#183),#50,.T.);
#4228=ADVANCED_FACE('',(#976),#765,.F.);
#4229=ADVANCED_FACE('',(#977,#184),#241,.T.);
#4230=ADVANCED_FACE('',(#978),#766,.F.);
#4231=ADVANCED_FACE('',(#979),#767,.F.);
#4232=ADVANCED_FACE('',(#980,#185),#242,.T.);
#4233=ADVANCED_FACE('',(#981),#768,.F.);
#4234=ADVANCED_FACE('',(#982),#31,.F.);
#4235=ADVANCED_FACE('',(#983,#186),#243,.T.);
#4236=ADVANCED_FACE('',(#984),#32,.T.);
#4237=ADVANCED_FACE('',(#985,#187),#244,.T.);
#4238=ADVANCED_FACE('',(#986),#769,.T.);
#4239=ADVANCED_FACE('',(#987),#33,.T.);
#4240=ADVANCED_FACE('',(#988),#34,.F.);
#4241=ADVANCED_FACE('',(#989),#35,.F.);
#4242=ADVANCED_FACE('',(#990),#36,.F.);
#4243=ADVANCED_FACE('',(#991),#37,.F.);
#4244=ADVANCED_FACE('',(#992),#38,.F.);
#4245=ADVANCED_FACE('',(#993),#39,.F.);
#4246=ADVANCED_FACE('',(#994),#40,.F.);
#4247=ADVANCED_FACE('',(#995),#41,.F.);
#4248=CLOSED_SHELL('',(#4022,#4023,#4024,#4025,#4026,#4027,#4028,#4029,
#4030,#4031,#4032,#4033,#4034,#4035,#4036,#4037,#4038,#4039,#4040,#4041,
#4042,#4043,#4044,#4045,#4046,#4047,#4048,#4049,#4050,#4051,#4052,#4053,
#4054));
#4249=CLOSED_SHELL('',(#4055,#4056,#4057,#4058,#4059,#4060));
#4250=CLOSED_SHELL('',(#4061,#4062,#4063,#4064,#4065,#4066,#4067,#4068,
#4069,#4070,#4071,#4072,#4073,#4074,#4075,#4076,#4077,#4078,#4079,#4080,
#4081,#4082,#4083,#4084,#4085,#4086,#4087,#4088,#4089,#4090,#4091,#4092,
#4093,#4094,#4095,#4096,#4097,#4098,#4099,#4100,#4101,#4102,#4103,#4104,
#4105,#4106,#4107,#4108,#4109,#4110,#4111,#4112,#4113,#4114,#4115,#4116,
#4117,#4118,#4119,#4120,#4121,#4122,#4123,#4124,#4125,#4126,#4127,#4128,
#4129,#4130,#4131,#4132,#4133,#4134,#4135,#4136,#4137,#4138,#4139,#4140,
#4141,#4142,#4143,#4144,#4145,#4146,#4147,#4148,#4149,#4150,#4151,#4152,
#4153,#4154,#4155,#4156));
#4251=CLOSED_SHELL('',(#4157,#4158,#4159,#4160,#4161,#4162,#4163,#4164,
#4165,#4166,#4167,#4168));
#4252=CLOSED_SHELL('',(#4169,#4170,#4171,#4172,#4173,#4174,#4175,#4176,
#4177,#4178,#4179,#4180,#4181,#4182,#4183,#4184));
#4253=CLOSED_SHELL('',(#4185,#4186,#4187,#4188,#4189,#4190,#4191,#4192,
#4193,#4194,#4195,#4196,#4197,#4198));
#4254=CLOSED_SHELL('',(#4199));
#4255=CLOSED_SHELL('',(#4200));
#4256=CLOSED_SHELL('',(#4201));
#4257=CLOSED_SHELL('',(#4202));
#4258=CLOSED_SHELL('',(#4203));
#4259=CLOSED_SHELL('',(#4204));
#4260=CLOSED_SHELL('',(#4205));
#4261=CLOSED_SHELL('',(#4206));
#4262=CLOSED_SHELL('',(#4207,#4208,#4209,#4210,#4211,#4212,#4213,#4214,
#4215,#4216,#4217,#4218,#4219,#4220,#4221,#4222,#4223,#4224,#4225,#4226));
#4263=CLOSED_SHELL('',(#4227));
#4264=CLOSED_SHELL('',(#4228,#4229,#4230,#4231,#4232,#4233,#4234,#4235,
#4236,#4237,#4238,#4239,#4240,#4241,#4242,#4243,#4244,#4245,#4246,#4247));
#4265=DERIVED_UNIT_ELEMENT(#4279,1.);
#4266=DERIVED_UNIT_ELEMENT(#7978,3.);
#4267=DERIVED_UNIT_ELEMENT(#4279,1.);
#4268=DERIVED_UNIT_ELEMENT(#7978,3.);
#4269=DERIVED_UNIT_ELEMENT(#4279,1.);
#4270=DERIVED_UNIT_ELEMENT(#7978,3.);
#4271=DERIVED_UNIT_ELEMENT(#4279,1.);
#4272=DERIVED_UNIT_ELEMENT(#7978,3.);
#4273=DERIVED_UNIT_ELEMENT(#4279,1.);
#4274=DERIVED_UNIT_ELEMENT(#7978,3.);
#4275=DERIVED_UNIT_ELEMENT(#4279,1.);
#4276=DERIVED_UNIT_ELEMENT(#7978,3.);
#4277=DERIVED_UNIT_ELEMENT(#4279,1.);
#4278=DERIVED_UNIT_ELEMENT(#7978,3.);
#4279=(
MASS_UNIT()
NAMED_UNIT(*)
SI_UNIT($,.GRAM.)
);
#4280=DERIVED_UNIT((#4265,#4266));
#4281=DERIVED_UNIT((#4267,#4268));
#4282=DERIVED_UNIT((#4269,#4270));
#4283=DERIVED_UNIT((#4271,#4272));
#4284=DERIVED_UNIT((#4273,#4274));
#4285=DERIVED_UNIT((#4275,#4276));
#4286=DERIVED_UNIT((#4277,#4278));
#4287=MEASURE_REPRESENTATION_ITEM('density measure',
POSITIVE_RATIO_MEASURE(1.),#4280);
#4288=MEASURE_REPRESENTATION_ITEM('density measure',
POSITIVE_RATIO_MEASURE(1.),#4281);
#4289=MEASURE_REPRESENTATION_ITEM('density measure',
POSITIVE_RATIO_MEASURE(7.85),#4282);
#4290=MEASURE_REPRESENTATION_ITEM('density measure',
POSITIVE_RATIO_MEASURE(7.85),#4283);
#4291=MEASURE_REPRESENTATION_ITEM('density measure',
POSITIVE_RATIO_MEASURE(7.85),#4284);
#4292=MEASURE_REPRESENTATION_ITEM('density measure',
POSITIVE_RATIO_MEASURE(7.85),#4285);
#4293=MEASURE_REPRESENTATION_ITEM('density measure',
POSITIVE_RATIO_MEASURE(7.85),#4286);
#4294=PROPERTY_DEFINITION_REPRESENTATION(#4329,#4308);
#4295=PROPERTY_DEFINITION_REPRESENTATION(#4330,#4309);
#4296=PROPERTY_DEFINITION_REPRESENTATION(#4331,#4310);
#4297=PROPERTY_DEFINITION_REPRESENTATION(#4332,#4311);
#4298=PROPERTY_DEFINITION_REPRESENTATION(#4333,#4312);
#4299=PROPERTY_DEFINITION_REPRESENTATION(#4334,#4313);
#4300=PROPERTY_DEFINITION_REPRESENTATION(#4335,#4314);
#4301=PROPERTY_DEFINITION_REPRESENTATION(#4336,#4315);
#4302=PROPERTY_DEFINITION_REPRESENTATION(#4337,#4316);
#4303=PROPERTY_DEFINITION_REPRESENTATION(#4338,#4317);
#4304=PROPERTY_DEFINITION_REPRESENTATION(#4339,#4318);
#4305=PROPERTY_DEFINITION_REPRESENTATION(#4340,#4319);
#4306=PROPERTY_DEFINITION_REPRESENTATION(#4341,#4320);
#4307=PROPERTY_DEFINITION_REPRESENTATION(#4342,#4321);
#4308=REPRESENTATION('material name',(#4322),#7967);
#4309=REPRESENTATION('density',(#4287),#7967);
#4310=REPRESENTATION('material name',(#4323),#7968);
#4311=REPRESENTATION('density',(#4288),#7968);
#4312=REPRESENTATION('material name',(#4324),#7971);
#4313=REPRESENTATION('density',(#4289),#7971);
#4314=REPRESENTATION('material name',(#4325),#7972);
#4315=REPRESENTATION('density',(#4290),#7972);
#4316=REPRESENTATION('material name',(#4326),#7973);
#4317=REPRESENTATION('density',(#4291),#7973);
#4318=REPRESENTATION('material name',(#4327),#7974);
#4319=REPRESENTATION('density',(#4292),#7974);
#4320=REPRESENTATION('material name',(#4328),#7975);
#4321=REPRESENTATION('density',(#4293),#7975);
#4322=DESCRIPTIVE_REPRESENTATION_ITEM('\X2\5E3889C4\X0\','\X2\5E3889C4\X0\');
#4323=DESCRIPTIVE_REPRESENTATION_ITEM('\X2\5E3889C4\X0\','\X2\5E3889C4\X0\');
#4324=DESCRIPTIVE_REPRESENTATION_ITEM('\X2\94A2\X0\','\X2\94A2\X0\');
#4325=DESCRIPTIVE_REPRESENTATION_ITEM('\X2\94A2FF0C8F6F\X0\',
'\X2\94A2FF0C8F6F\X0\');
#4326=DESCRIPTIVE_REPRESENTATION_ITEM('\X2\94A2FF0C8F6F\X0\',
'\X2\94A2FF0C8F6F\X0\');
#4327=DESCRIPTIVE_REPRESENTATION_ITEM('\X2\94A2FF0C8F6F\X0\',
'\X2\94A2FF0C8F6F\X0\');
#4328=DESCRIPTIVE_REPRESENTATION_ITEM('\X2\94A2FF0C8F6F\X0\',
'\X2\94A2FF0C8F6F\X0\');
#4329=PROPERTY_DEFINITION('material property','material name',#8024);
#4330=PROPERTY_DEFINITION('material property','density of part',#8024);
#4331=PROPERTY_DEFINITION('material property','material name',#8025);
#4332=PROPERTY_DEFINITION('material property','density of part',#8025);
#4333=PROPERTY_DEFINITION('material property','material name',#8028);
#4334=PROPERTY_DEFINITION('material property','density of part',#8028);
#4335=PROPERTY_DEFINITION('material property','material name',#8029);
#4336=PROPERTY_DEFINITION('material property','density of part',#8029);
#4337=PROPERTY_DEFINITION('material property','material name',#8030);
#4338=PROPERTY_DEFINITION('material property','density of part',#8030);
#4339=PROPERTY_DEFINITION('material property','material name',#8031);
#4340=PROPERTY_DEFINITION('material property','density of part',#8031);
#4341=PROPERTY_DEFINITION('material property','material name',#8032);
#4342=PROPERTY_DEFINITION('material property','density of part',#8032);
#4343=DATE_TIME_ROLE('creation_date');
#4344=DATE_TIME_ROLE('creation_date');
#4345=DATE_TIME_ROLE('creation_date');
#4346=DATE_TIME_ROLE('creation_date');
#4347=DATE_TIME_ROLE('creation_date');
#4348=DATE_TIME_ROLE('creation_date');
#4349=DATE_TIME_ROLE('creation_date');
#4350=DATE_TIME_ROLE('creation_date');
#4351=DATE_TIME_ROLE('creation_date');
#4352=DATE_TIME_ROLE('creation_date');
#4353=APPLIED_DATE_AND_TIME_ASSIGNMENT(#4363,#4343,(#8023));
#4354=APPLIED_DATE_AND_TIME_ASSIGNMENT(#4364,#4344,(#8024));
#4355=APPLIED_DATE_AND_TIME_ASSIGNMENT(#4365,#4345,(#8025));
#4356=APPLIED_DATE_AND_TIME_ASSIGNMENT(#4366,#4346,(#8026));
#4357=APPLIED_DATE_AND_TIME_ASSIGNMENT(#4367,#4347,(#8027));
#4358=APPLIED_DATE_AND_TIME_ASSIGNMENT(#4368,#4348,(#8028));
#4359=APPLIED_DATE_AND_TIME_ASSIGNMENT(#4369,#4349,(#8029));
#4360=APPLIED_DATE_AND_TIME_ASSIGNMENT(#4370,#4350,(#8030));
#4361=APPLIED_DATE_AND_TIME_ASSIGNMENT(#4371,#4351,(#8031));
#4362=APPLIED_DATE_AND_TIME_ASSIGNMENT(#4372,#4352,(#8032));
#4363=DATE_AND_TIME(#4373,#4383);
#4364=DATE_AND_TIME(#4374,#4384);
#4365=DATE_AND_TIME(#4375,#4385);
#4366=DATE_AND_TIME(#4376,#4386);
#4367=DATE_AND_TIME(#4377,#4387);
#4368=DATE_AND_TIME(#4378,#4388);
#4369=DATE_AND_TIME(#4379,#4389);
#4370=DATE_AND_TIME(#4380,#4390);
#4371=DATE_AND_TIME(#4381,#4391);
#4372=DATE_AND_TIME(#4382,#4392);
#4373=CALENDAR_DATE(2013,18,1);
#4374=CALENDAR_DATE(2013,14,1);
#4375=CALENDAR_DATE(2013,14,1);
#4376=CALENDAR_DATE(2013,18,1);
#4377=CALENDAR_DATE(2013,18,1);
#4378=CALENDAR_DATE(2013,18,1);
#4379=CALENDAR_DATE(2020,22,1);
#4380=CALENDAR_DATE(2020,22,1);
#4381=CALENDAR_DATE(2020,22,1);
#4382=CALENDAR_DATE(2020,22,1);
#4383=LOCAL_TIME(0,0,0.,#4393);
#4384=LOCAL_TIME(0,0,0.,#4394);
#4385=LOCAL_TIME(0,0,0.,#4395);
#4386=LOCAL_TIME(0,0,0.,#4396);
#4387=LOCAL_TIME(0,0,0.,#4397);
#4388=LOCAL_TIME(0,0,0.,#4398);
#4389=LOCAL_TIME(0,0,0.,#4399);
#4390=LOCAL_TIME(0,0,0.,#4400);
#4391=LOCAL_TIME(0,0,0.,#4401);
#4392=LOCAL_TIME(0,0,0.,#4402);
#4393=COORDINATED_UNIVERSAL_TIME_OFFSET(0,0,.BEHIND.);
#4394=COORDINATED_UNIVERSAL_TIME_OFFSET(0,0,.BEHIND.);
#4395=COORDINATED_UNIVERSAL_TIME_OFFSET(0,0,.BEHIND.);
#4396=COORDINATED_UNIVERSAL_TIME_OFFSET(0,0,.BEHIND.);
#4397=COORDINATED_UNIVERSAL_TIME_OFFSET(0,0,.BEHIND.);
#4398=COORDINATED_UNIVERSAL_TIME_OFFSET(0,0,.BEHIND.);
#4399=COORDINATED_UNIVERSAL_TIME_OFFSET(0,0,.BEHIND.);
#4400=COORDINATED_UNIVERSAL_TIME_OFFSET(0,0,.BEHIND.);
#4401=COORDINATED_UNIVERSAL_TIME_OFFSET(0,0,.BEHIND.);
#4402=COORDINATED_UNIVERSAL_TIME_OFFSET(0,0,.BEHIND.);
#4403=AXIS2_PLACEMENT_3D('placement',#6559,#5056,#5057);
#4404=AXIS2_PLACEMENT_3D('placement',#6560,#5058,#5059);
#4405=AXIS2_PLACEMENT_3D('',#6561,#5060,#5061);
#4406=AXIS2_PLACEMENT_3D('',#6568,#5062,#5063);
#4407=AXIS2_PLACEMENT_3D('',#6570,#5064,#5065);
#4408=AXIS2_PLACEMENT_3D('',#6575,#5066,#5067);
#4409=AXIS2_PLACEMENT_3D('',#6576,#5068,#5069);
#4410=AXIS2_PLACEMENT_3D('',#6583,#5070,#5071);
#4411=AXIS2_PLACEMENT_3D('',#6588,#5072,#5073);
#4412=AXIS2_PLACEMENT_3D('',#6589,#5074,#5075);
#4413=AXIS2_PLACEMENT_3D('',#6598,#5076,#5077);
#4414=AXIS2_PLACEMENT_3D('',#6599,#5078,#5079);
#4415=AXIS2_PLACEMENT_3D('',#6605,#5080,#5081);
#4416=AXIS2_PLACEMENT_3D('',#6609,#5082,#5083);
#4417=AXIS2_PLACEMENT_3D('',#6613,#5085,#5086);
#4418=AXIS2_PLACEMENT_3D('',#6615,#5088,#5089);
#4419=AXIS2_PLACEMENT_3D('',#6619,#5091,#5092);
#4420=AXIS2_PLACEMENT_3D('',#6621,#5094,#5095);
#4421=AXIS2_PLACEMENT_3D('',#6624,#5096,#5097);
#4422=AXIS2_PLACEMENT_3D('',#6625,#5098,#5099);
#4423=AXIS2_PLACEMENT_3D('',#6630,#5102,#5103);
#4424=AXIS2_PLACEMENT_3D('',#6635,#5106,#5107);
#4425=AXIS2_PLACEMENT_3D('',#6637,#5109,#5110);
#4426=AXIS2_PLACEMENT_3D('',#6648,#5113,#5114);
#4427=AXIS2_PLACEMENT_3D('',#6650,#5115,#5116);
#4428=AXIS2_PLACEMENT_3D('',#6654,#5118,#5119);
#4429=AXIS2_PLACEMENT_3D('',#6655,#5120,#5121);
#4430=AXIS2_PLACEMENT_3D('',#6656,#5122,#5123);
#4431=AXIS2_PLACEMENT_3D('',#6660,#5125,#5126);
#4432=AXIS2_PLACEMENT_3D('',#6661,#5127,#5128);
#4433=AXIS2_PLACEMENT_3D('',#6662,#5129,#5130);
#4434=AXIS2_PLACEMENT_3D('',#6663,#5131,#5132);
#4435=AXIS2_PLACEMENT_3D('',#6669,#5133,#5134);
#4436=AXIS2_PLACEMENT_3D('',#6671,#5135,#5136);
#4437=AXIS2_PLACEMENT_3D('',#6672,#5137,#5138);
#4438=AXIS2_PLACEMENT_3D('',#6673,#5139,#5140);
#4439=AXIS2_PLACEMENT_3D('',#6680,#5143,#5144);
#4440=AXIS2_PLACEMENT_3D('',#6683,#5146,#5147);
#4441=AXIS2_PLACEMENT_3D('',#6684,#5148,#5149);
#4442=AXIS2_PLACEMENT_3D('',#6686,#5150,#5151);
#4443=AXIS2_PLACEMENT_3D('',#6687,#5152,#5153);
#4444=AXIS2_PLACEMENT_3D('',#6688,#5154,#5155);
#4445=AXIS2_PLACEMENT_3D('',#6690,#5157,#5158);
#4446=AXIS2_PLACEMENT_3D('',#6691,#5159,#5160);
#4447=AXIS2_PLACEMENT_3D('',#6692,#5161,#5162);
#4448=AXIS2_PLACEMENT_3D('',#6708,#5164,#5165);
#4449=AXIS2_PLACEMENT_3D('',#6721,#5167,#5168);
#4450=AXIS2_PLACEMENT_3D('',#6727,#5172,#5173);
#4451=AXIS2_PLACEMENT_3D('',#6733,#5177,#5178);
#4452=AXIS2_PLACEMENT_3D('',#6755,#5179,#5180);
#4453=AXIS2_PLACEMENT_3D('',#6756,#5181,#5182);
#4454=AXIS2_PLACEMENT_3D('',#6757,#5183,#5184);
#4455=AXIS2_PLACEMENT_3D('',#6758,#5185,#5186);
#4456=AXIS2_PLACEMENT_3D('',#6761,#5187,#5188);
#4457=AXIS2_PLACEMENT_3D('',#6762,#5189,#5190);
#4458=AXIS2_PLACEMENT_3D('',#6763,#5191,#5192);
#4459=AXIS2_PLACEMENT_3D('',#6766,#5193,#5194);
#4460=AXIS2_PLACEMENT_3D('',#6767,#5195,#5196);
#4461=AXIS2_PLACEMENT_3D('',#6769,#5198,#5199);
#4462=AXIS2_PLACEMENT_3D('',#6772,#5200,#5201);
#4463=AXIS2_PLACEMENT_3D('',#6773,#5202,#5203);
#4464=AXIS2_PLACEMENT_3D('',#6774,#5204,#5205);
#4465=AXIS2_PLACEMENT_3D('',#6777,#5206,#5207);
#4466=AXIS2_PLACEMENT_3D('',#6778,#5208,#5209);
#4467=AXIS2_PLACEMENT_3D('',#6780,#5211,#5212);
#4468=AXIS2_PLACEMENT_3D('',#6783,#5213,#5214);
#4469=AXIS2_PLACEMENT_3D('',#6784,#5215,#5216);
#4470=AXIS2_PLACEMENT_3D('',#6785,#5217,#5218);
#4471=AXIS2_PLACEMENT_3D('',#6788,#5219,#5220);
#4472=AXIS2_PLACEMENT_3D('',#6789,#5221,#5222);
#4473=AXIS2_PLACEMENT_3D('',#6791,#5224,#5225);
#4474=AXIS2_PLACEMENT_3D('',#6794,#5226,#5227);
#4475=AXIS2_PLACEMENT_3D('',#6795,#5228,#5229);
#4476=AXIS2_PLACEMENT_3D('',#6796,#5230,#5231);
#4477=AXIS2_PLACEMENT_3D('',#6799,#5232,#5233);
#4478=AXIS2_PLACEMENT_3D('',#6800,#5234,#5235);
#4479=AXIS2_PLACEMENT_3D('',#6802,#5237,#5238);
#4480=AXIS2_PLACEMENT_3D('placement',#6803,#5239,#5240);
#4481=AXIS2_PLACEMENT_3D('',#6804,#5241,#5242);
#4482=AXIS2_PLACEMENT_3D('',#6806,#5243,#5244);
#4483=AXIS2_PLACEMENT_3D('',#6809,#5246,#5247);
#4484=AXIS2_PLACEMENT_3D('',#6810,#5248,#5249);
#4485=AXIS2_PLACEMENT_3D('',#6813,#5251,#5252);
#4486=AXIS2_PLACEMENT_3D('',#6814,#5253,#5254);
#4487=AXIS2_PLACEMENT_3D('',#6816,#5255,#5256);
#4488=AXIS2_PLACEMENT_3D('',#6817,#5257,#5258);
#4489=AXIS2_PLACEMENT_3D('',#6819,#5259,#5260);
#4490=AXIS2_PLACEMENT_3D('',#6821,#5262,#5263);
#4491=AXIS2_PLACEMENT_3D('',#6823,#5264,#5265);
#4492=AXIS2_PLACEMENT_3D('',#6824,#5266,#5267);
#4493=AXIS2_PLACEMENT_3D('placement',#6826,#5269,#5270);
#4494=AXIS2_PLACEMENT_3D('placement',#6827,#5271,#5272);
#4495=AXIS2_PLACEMENT_3D('placement',#6828,#5273,#5274);
#4496=AXIS2_PLACEMENT_3D('',#6829,#5275,#5276);
#4497=AXIS2_PLACEMENT_3D('',#6836,#5277,#5278);
#4498=AXIS2_PLACEMENT_3D('',#6841,#5279,#5280);
#4499=AXIS2_PLACEMENT_3D('',#6842,#5281,#5282);
#4500=AXIS2_PLACEMENT_3D('',#6854,#5287,#5288);
#4501=AXIS2_PLACEMENT_3D('',#6857,#5290,#5291);
#4502=AXIS2_PLACEMENT_3D('',#6858,#5292,#5293);
#4503=AXIS2_PLACEMENT_3D('',#6868,#5297,#5298);
#4504=AXIS2_PLACEMENT_3D('',#6869,#5299,#5300);
#4505=AXIS2_PLACEMENT_3D('',#6870,#5301,#5302);
#4506=AXIS2_PLACEMENT_3D('',#6873,#5305,#5306);
#4507=AXIS2_PLACEMENT_3D('',#6876,#5307,#5308);
#4508=AXIS2_PLACEMENT_3D('',#6880,#5310,#5311);
#4509=AXIS2_PLACEMENT_3D('',#6882,#5313,#5314);
#4510=AXIS2_PLACEMENT_3D('',#6884,#5315,#5316);
#4511=AXIS2_PLACEMENT_3D('',#6886,#5317,#5318);
#4512=AXIS2_PLACEMENT_3D('',#6888,#5320,#5321);
#4513=AXIS2_PLACEMENT_3D('',#6890,#5322,#5323);
#4514=AXIS2_PLACEMENT_3D('',#6893,#5325,#5326);
#4515=AXIS2_PLACEMENT_3D('',#6894,#5327,#5328);
#4516=AXIS2_PLACEMENT_3D('',#6897,#5329,#5330);
#4517=AXIS2_PLACEMENT_3D('',#6901,#5332,#5333);
#4518=AXIS2_PLACEMENT_3D('',#6903,#5335,#5336);
#4519=AXIS2_PLACEMENT_3D('',#6905,#5337,#5338);
#4520=AXIS2_PLACEMENT_3D('',#6907,#5339,#5340);
#4521=AXIS2_PLACEMENT_3D('',#6909,#5342,#5343);
#4522=AXIS2_PLACEMENT_3D('',#6911,#5344,#5345);
#4523=AXIS2_PLACEMENT_3D('',#6914,#5347,#5348);
#4524=AXIS2_PLACEMENT_3D('',#6915,#5349,#5350);
#4525=AXIS2_PLACEMENT_3D('',#6918,#5351,#5352);
#4526=AXIS2_PLACEMENT_3D('',#6922,#5354,#5355);
#4527=AXIS2_PLACEMENT_3D('',#6924,#5357,#5358);
#4528=AXIS2_PLACEMENT_3D('',#6926,#5359,#5360);
#4529=AXIS2_PLACEMENT_3D('',#6928,#5361,#5362);
#4530=AXIS2_PLACEMENT_3D('',#6930,#5364,#5365);
#4531=AXIS2_PLACEMENT_3D('',#6932,#5366,#5367);
#4532=AXIS2_PLACEMENT_3D('',#6935,#5369,#5370);
#4533=AXIS2_PLACEMENT_3D('',#6936,#5371,#5372);
#4534=AXIS2_PLACEMENT_3D('',#6939,#5373,#5374);
#4535=AXIS2_PLACEMENT_3D('',#6943,#5376,#5377);
#4536=AXIS2_PLACEMENT_3D('',#6945,#5379,#5380);
#4537=AXIS2_PLACEMENT_3D('',#6947,#5381,#5382);
#4538=AXIS2_PLACEMENT_3D('',#6949,#5383,#5384);
#4539=AXIS2_PLACEMENT_3D('',#6951,#5386,#5387);
#4540=AXIS2_PLACEMENT_3D('',#6953,#5388,#5389);
#4541=AXIS2_PLACEMENT_3D('',#6956,#5391,#5392);
#4542=AXIS2_PLACEMENT_3D('',#6957,#5393,#5394);
#4543=AXIS2_PLACEMENT_3D('',#6960,#5395,#5396);
#4544=AXIS2_PLACEMENT_3D('',#6964,#5398,#5399);
#4545=AXIS2_PLACEMENT_3D('',#6966,#5401,#5402);
#4546=AXIS2_PLACEMENT_3D('',#6968,#5403,#5404);
#4547=AXIS2_PLACEMENT_3D('',#6970,#5405,#5406);
#4548=AXIS2_PLACEMENT_3D('',#6972,#5408,#5409);
#4549=AXIS2_PLACEMENT_3D('',#6974,#5410,#5411);
#4550=AXIS2_PLACEMENT_3D('',#6977,#5413,#5414);
#4551=AXIS2_PLACEMENT_3D('',#6978,#5415,#5416);
#4552=AXIS2_PLACEMENT_3D('',#6981,#5417,#5418);
#4553=AXIS2_PLACEMENT_3D('',#6985,#5420,#5421);
#4554=AXIS2_PLACEMENT_3D('',#6987,#5423,#5424);
#4555=AXIS2_PLACEMENT_3D('',#6989,#5425,#5426);
#4556=AXIS2_PLACEMENT_3D('',#6991,#5427,#5428);
#4557=AXIS2_PLACEMENT_3D('',#6993,#5430,#5431);
#4558=AXIS2_PLACEMENT_3D('',#6995,#5432,#5433);
#4559=AXIS2_PLACEMENT_3D('',#6998,#5435,#5436);
#4560=AXIS2_PLACEMENT_3D('',#6999,#5437,#5438);
#4561=AXIS2_PLACEMENT_3D('',#7002,#5439,#5440);
#4562=AXIS2_PLACEMENT_3D('',#7006,#5442,#5443);
#4563=AXIS2_PLACEMENT_3D('',#7008,#5445,#5446);
#4564=AXIS2_PLACEMENT_3D('',#7010,#5447,#5448);
#4565=AXIS2_PLACEMENT_3D('',#7012,#5449,#5450);
#4566=AXIS2_PLACEMENT_3D('',#7014,#5452,#5453);
#4567=AXIS2_PLACEMENT_3D('',#7016,#5454,#5455);
#4568=AXIS2_PLACEMENT_3D('',#7019,#5457,#5458);
#4569=AXIS2_PLACEMENT_3D('',#7020,#5459,#5460);
#4570=AXIS2_PLACEMENT_3D('',#7023,#5461,#5462);
#4571=AXIS2_PLACEMENT_3D('',#7027,#5464,#5465);
#4572=AXIS2_PLACEMENT_3D('',#7029,#5467,#5468);
#4573=AXIS2_PLACEMENT_3D('',#7031,#5469,#5470);
#4574=AXIS2_PLACEMENT_3D('',#7033,#5471,#5472);
#4575=AXIS2_PLACEMENT_3D('',#7035,#5474,#5475);
#4576=AXIS2_PLACEMENT_3D('',#7037,#5476,#5477);
#4577=AXIS2_PLACEMENT_3D('',#7040,#5479,#5480);
#4578=AXIS2_PLACEMENT_3D('',#7041,#5481,#5482);
#4579=AXIS2_PLACEMENT_3D('',#7044,#5483,#5484);
#4580=AXIS2_PLACEMENT_3D('',#7048,#5486,#5487);
#4581=AXIS2_PLACEMENT_3D('',#7050,#5489,#5490);
#4582=AXIS2_PLACEMENT_3D('',#7052,#5491,#5492);
#4583=AXIS2_PLACEMENT_3D('',#7054,#5493,#5494);
#4584=AXIS2_PLACEMENT_3D('',#7056,#5496,#5497);
#4585=AXIS2_PLACEMENT_3D('',#7058,#5498,#5499);
#4586=AXIS2_PLACEMENT_3D('',#7061,#5501,#5502);
#4587=AXIS2_PLACEMENT_3D('',#7062,#5503,#5504);
#4588=AXIS2_PLACEMENT_3D('',#7065,#5505,#5506);
#4589=AXIS2_PLACEMENT_3D('',#7069,#5508,#5509);
#4590=AXIS2_PLACEMENT_3D('',#7071,#5511,#5512);
#4591=AXIS2_PLACEMENT_3D('',#7073,#5513,#5514);
#4592=AXIS2_PLACEMENT_3D('',#7075,#5515,#5516);
#4593=AXIS2_PLACEMENT_3D('',#7077,#5518,#5519);
#4594=AXIS2_PLACEMENT_3D('',#7079,#5520,#5521);
#4595=AXIS2_PLACEMENT_3D('',#7082,#5523,#5524);
#4596=AXIS2_PLACEMENT_3D('',#7083,#5525,#5526);
#4597=AXIS2_PLACEMENT_3D('',#7086,#5527,#5528);
#4598=AXIS2_PLACEMENT_3D('',#7090,#5530,#5531);
#4599=AXIS2_PLACEMENT_3D('',#7092,#5533,#5534);
#4600=AXIS2_PLACEMENT_3D('',#7094,#5535,#5536);
#4601=AXIS2_PLACEMENT_3D('',#7096,#5537,#5538);
#4602=AXIS2_PLACEMENT_3D('',#7098,#5540,#5541);
#4603=AXIS2_PLACEMENT_3D('',#7100,#5542,#5543);
#4604=AXIS2_PLACEMENT_3D('',#7103,#5545,#5546);
#4605=AXIS2_PLACEMENT_3D('',#7104,#5547,#5548);
#4606=AXIS2_PLACEMENT_3D('',#7107,#5549,#5550);
#4607=AXIS2_PLACEMENT_3D('',#7111,#5552,#5553);
#4608=AXIS2_PLACEMENT_3D('',#7113,#5555,#5556);
#4609=AXIS2_PLACEMENT_3D('',#7115,#5557,#5558);
#4610=AXIS2_PLACEMENT_3D('',#7117,#5559,#5560);
#4611=AXIS2_PLACEMENT_3D('',#7119,#5562,#5563);
#4612=AXIS2_PLACEMENT_3D('',#7121,#5564,#5565);
#4613=AXIS2_PLACEMENT_3D('',#7124,#5567,#5568);
#4614=AXIS2_PLACEMENT_3D('',#7125,#5569,#5570);
#4615=AXIS2_PLACEMENT_3D('',#7128,#5571,#5572);
#4616=AXIS2_PLACEMENT_3D('',#7132,#5574,#5575);
#4617=AXIS2_PLACEMENT_3D('',#7134,#5577,#5578);
#4618=AXIS2_PLACEMENT_3D('',#7136,#5579,#5580);
#4619=AXIS2_PLACEMENT_3D('',#7138,#5581,#5582);
#4620=AXIS2_PLACEMENT_3D('',#7140,#5584,#5585);
#4621=AXIS2_PLACEMENT_3D('',#7142,#5586,#5587);
#4622=AXIS2_PLACEMENT_3D('',#7145,#5589,#5590);
#4623=AXIS2_PLACEMENT_3D('',#7146,#5591,#5592);
#4624=AXIS2_PLACEMENT_3D('',#7149,#5593,#5594);
#4625=AXIS2_PLACEMENT_3D('',#7153,#5596,#5597);
#4626=AXIS2_PLACEMENT_3D('',#7155,#5599,#5600);
#4627=AXIS2_PLACEMENT_3D('',#7157,#5601,#5602);
#4628=AXIS2_PLACEMENT_3D('',#7159,#5603,#5604);
#4629=AXIS2_PLACEMENT_3D('',#7161,#5606,#5607);
#4630=AXIS2_PLACEMENT_3D('',#7163,#5608,#5609);
#4631=AXIS2_PLACEMENT_3D('',#7166,#5611,#5612);
#4632=AXIS2_PLACEMENT_3D('',#7167,#5613,#5614);
#4633=AXIS2_PLACEMENT_3D('',#7170,#5615,#5616);
#4634=AXIS2_PLACEMENT_3D('',#7174,#5618,#5619);
#4635=AXIS2_PLACEMENT_3D('',#7176,#5621,#5622);
#4636=AXIS2_PLACEMENT_3D('',#7178,#5623,#5624);
#4637=AXIS2_PLACEMENT_3D('',#7180,#5625,#5626);
#4638=AXIS2_PLACEMENT_3D('',#7182,#5628,#5629);
#4639=AXIS2_PLACEMENT_3D('',#7184,#5630,#5631);
#4640=AXIS2_PLACEMENT_3D('',#7187,#5633,#5634);
#4641=AXIS2_PLACEMENT_3D('',#7188,#5635,#5636);
#4642=AXIS2_PLACEMENT_3D('',#7191,#5637,#5638);
#4643=AXIS2_PLACEMENT_3D('',#7195,#5640,#5641);
#4644=AXIS2_PLACEMENT_3D('',#7197,#5643,#5644);
#4645=AXIS2_PLACEMENT_3D('',#7199,#5645,#5646);
#4646=AXIS2_PLACEMENT_3D('',#7201,#5647,#5648);
#4647=AXIS2_PLACEMENT_3D('',#7203,#5650,#5651);
#4648=AXIS2_PLACEMENT_3D('',#7205,#5652,#5653);
#4649=AXIS2_PLACEMENT_3D('',#7208,#5655,#5656);
#4650=AXIS2_PLACEMENT_3D('',#7209,#5657,#5658);
#4651=AXIS2_PLACEMENT_3D('',#7212,#5659,#5660);
#4652=AXIS2_PLACEMENT_3D('',#7216,#5662,#5663);
#4653=AXIS2_PLACEMENT_3D('',#7218,#5665,#5666);
#4654=AXIS2_PLACEMENT_3D('',#7220,#5667,#5668);
#4655=AXIS2_PLACEMENT_3D('',#7222,#5669,#5670);
#4656=AXIS2_PLACEMENT_3D('',#7224,#5672,#5673);
#4657=AXIS2_PLACEMENT_3D('',#7226,#5674,#5675);
#4658=AXIS2_PLACEMENT_3D('',#7229,#5677,#5678);
#4659=AXIS2_PLACEMENT_3D('',#7230,#5679,#5680);
#4660=AXIS2_PLACEMENT_3D('',#7233,#5681,#5682);
#4661=AXIS2_PLACEMENT_3D('',#7237,#5684,#5685);
#4662=AXIS2_PLACEMENT_3D('',#7239,#5687,#5688);
#4663=AXIS2_PLACEMENT_3D('',#7241,#5689,#5690);
#4664=AXIS2_PLACEMENT_3D('',#7243,#5691,#5692);
#4665=AXIS2_PLACEMENT_3D('',#7245,#5694,#5695);
#4666=AXIS2_PLACEMENT_3D('',#7247,#5696,#5697);
#4667=AXIS2_PLACEMENT_3D('',#7250,#5699,#5700);
#4668=AXIS2_PLACEMENT_3D('',#7251,#5701,#5702);
#4669=AXIS2_PLACEMENT_3D('',#7254,#5703,#5704);
#4670=AXIS2_PLACEMENT_3D('',#7258,#5706,#5707);
#4671=AXIS2_PLACEMENT_3D('',#7260,#5709,#5710);
#4672=AXIS2_PLACEMENT_3D('',#7262,#5711,#5712);
#4673=AXIS2_PLACEMENT_3D('',#7264,#5713,#5714);
#4674=AXIS2_PLACEMENT_3D('',#7266,#5716,#5717);
#4675=AXIS2_PLACEMENT_3D('',#7268,#5718,#5719);
#4676=AXIS2_PLACEMENT_3D('',#7271,#5721,#5722);
#4677=AXIS2_PLACEMENT_3D('',#7272,#5723,#5724);
#4678=AXIS2_PLACEMENT_3D('',#7275,#5725,#5726);
#4679=AXIS2_PLACEMENT_3D('',#7279,#5728,#5729);
#4680=AXIS2_PLACEMENT_3D('',#7281,#5731,#5732);
#4681=AXIS2_PLACEMENT_3D('',#7283,#5733,#5734);
#4682=AXIS2_PLACEMENT_3D('',#7285,#5735,#5736);
#4683=AXIS2_PLACEMENT_3D('',#7287,#5738,#5739);
#4684=AXIS2_PLACEMENT_3D('',#7289,#5740,#5741);
#4685=AXIS2_PLACEMENT_3D('',#7292,#5743,#5744);
#4686=AXIS2_PLACEMENT_3D('',#7293,#5745,#5746);
#4687=AXIS2_PLACEMENT_3D('',#7296,#5747,#5748);
#4688=AXIS2_PLACEMENT_3D('',#7300,#5750,#5751);
#4689=AXIS2_PLACEMENT_3D('',#7302,#5753,#5754);
#4690=AXIS2_PLACEMENT_3D('',#7304,#5755,#5756);
#4691=AXIS2_PLACEMENT_3D('',#7306,#5757,#5758);
#4692=AXIS2_PLACEMENT_3D('',#7308,#5760,#5761);
#4693=AXIS2_PLACEMENT_3D('',#7310,#5762,#5763);
#4694=AXIS2_PLACEMENT_3D('',#7313,#5765,#5766);
#4695=AXIS2_PLACEMENT_3D('',#7314,#5767,#5768);
#4696=AXIS2_PLACEMENT_3D('',#7315,#5769,#5770);
#4697=AXIS2_PLACEMENT_3D('',#7316,#5771,#5772);
#4698=AXIS2_PLACEMENT_3D('',#7317,#5773,#5774);
#4699=AXIS2_PLACEMENT_3D('',#7318,#5775,#5776);
#4700=AXIS2_PLACEMENT_3D('',#7319,#5777,#5778);
#4701=AXIS2_PLACEMENT_3D('',#7320,#5779,#5780);
#4702=AXIS2_PLACEMENT_3D('',#7321,#5781,#5782);
#4703=AXIS2_PLACEMENT_3D('',#7322,#5783,#5784);
#4704=AXIS2_PLACEMENT_3D('',#7323,#5785,#5786);
#4705=AXIS2_PLACEMENT_3D('',#7324,#5787,#5788);
#4706=AXIS2_PLACEMENT_3D('',#7325,#5789,#5790);
#4707=AXIS2_PLACEMENT_3D('',#7326,#5791,#5792);
#4708=AXIS2_PLACEMENT_3D('',#7327,#5793,#5794);
#4709=AXIS2_PLACEMENT_3D('',#7328,#5795,#5796);
#4710=AXIS2_PLACEMENT_3D('',#7329,#5797,#5798);
#4711=AXIS2_PLACEMENT_3D('',#7330,#5799,#5800);
#4712=AXIS2_PLACEMENT_3D('',#7331,#5801,#5802);
#4713=AXIS2_PLACEMENT_3D('',#7332,#5803,#5804);
#4714=AXIS2_PLACEMENT_3D('',#7333,#5805,#5806);
#4715=AXIS2_PLACEMENT_3D('',#7334,#5807,#5808);
#4716=AXIS2_PLACEMENT_3D('',#7336,#5809,#5810);
#4717=AXIS2_PLACEMENT_3D('',#7338,#5811,#5812);
#4718=AXIS2_PLACEMENT_3D('',#7340,#5813,#5814);
#4719=AXIS2_PLACEMENT_3D('',#7342,#5815,#5816);
#4720=AXIS2_PLACEMENT_3D('',#7343,#5817,#5818);
#4721=AXIS2_PLACEMENT_3D('',#7344,#5819,#5820);
#4722=AXIS2_PLACEMENT_3D('',#7346,#5821,#5822);
#4723=AXIS2_PLACEMENT_3D('',#7348,#5824,#5825);
#4724=AXIS2_PLACEMENT_3D('',#7349,#5826,#5827);
#4725=AXIS2_PLACEMENT_3D('',#7350,#5828,#5829);
#4726=AXIS2_PLACEMENT_3D('',#7351,#5830,#5831);
#4727=AXIS2_PLACEMENT_3D('',#7352,#5832,#5833);
#4728=AXIS2_PLACEMENT_3D('',#7353,#5834,#5835);
#4729=AXIS2_PLACEMENT_3D('',#7354,#5836,#5837);
#4730=AXIS2_PLACEMENT_3D('',#7355,#5838,#5839);
#4731=AXIS2_PLACEMENT_3D('',#7356,#5840,#5841);
#4732=AXIS2_PLACEMENT_3D('',#7357,#5842,#5843);
#4733=AXIS2_PLACEMENT_3D('',#7358,#5844,#5845);
#4734=AXIS2_PLACEMENT_3D('',#7359,#5846,#5847);
#4735=AXIS2_PLACEMENT_3D('',#7360,#5848,#5849);
#4736=AXIS2_PLACEMENT_3D('',#7361,#5850,#5851);
#4737=AXIS2_PLACEMENT_3D('',#7362,#5852,#5853);
#4738=AXIS2_PLACEMENT_3D('',#7363,#5854,#5855);
#4739=AXIS2_PLACEMENT_3D('',#7364,#5856,#5857);
#4740=AXIS2_PLACEMENT_3D('',#7365,#5858,#5859);
#4741=AXIS2_PLACEMENT_3D('',#7366,#5860,#5861);
#4742=AXIS2_PLACEMENT_3D('',#7367,#5862,#5863);
#4743=AXIS2_PLACEMENT_3D('',#7368,#5864,#5865);
#4744=AXIS2_PLACEMENT_3D('',#7369,#5866,#5867);
#4745=AXIS2_PLACEMENT_3D('',#7370,#5868,#5869);
#4746=AXIS2_PLACEMENT_3D('',#7371,#5870,#5871);
#4747=AXIS2_PLACEMENT_3D('',#7372,#5872,#5873);
#4748=AXIS2_PLACEMENT_3D('',#7373,#5874,#5875);
#4749=AXIS2_PLACEMENT_3D('',#7374,#5876,#5877);
#4750=AXIS2_PLACEMENT_3D('',#7375,#5878,#5879);
#4751=AXIS2_PLACEMENT_3D('',#7376,#5880,#5881);
#4752=AXIS2_PLACEMENT_3D('',#7377,#5882,#5883);
#4753=AXIS2_PLACEMENT_3D('',#7378,#5884,#5885);
#4754=AXIS2_PLACEMENT_3D('',#7379,#5886,#5887);
#4755=AXIS2_PLACEMENT_3D('',#7380,#5888,#5889);
#4756=AXIS2_PLACEMENT_3D('',#7381,#5890,#5891);
#4757=AXIS2_PLACEMENT_3D('',#7382,#5892,#5893);
#4758=AXIS2_PLACEMENT_3D('',#7383,#5894,#5895);
#4759=AXIS2_PLACEMENT_3D('',#7384,#5896,#5897);
#4760=AXIS2_PLACEMENT_3D('',#7385,#5898,#5899);
#4761=AXIS2_PLACEMENT_3D('',#7386,#5900,#5901);
#4762=AXIS2_PLACEMENT_3D('',#7387,#5902,#5903);
#4763=AXIS2_PLACEMENT_3D('',#7388,#5904,#5905);
#4764=AXIS2_PLACEMENT_3D('',#7392,#5907,#5908);
#4765=AXIS2_PLACEMENT_3D('',#7394,#5910,#5911);
#4766=AXIS2_PLACEMENT_3D('',#7396,#5912,#5913);
#4767=AXIS2_PLACEMENT_3D('',#7398,#5915,#5916);
#4768=AXIS2_PLACEMENT_3D('',#7399,#5917,#5918);
#4769=AXIS2_PLACEMENT_3D('',#7400,#5919,#5920);
#4770=AXIS2_PLACEMENT_3D('',#7401,#5921,#5922);
#4771=AXIS2_PLACEMENT_3D('',#7402,#5923,#5924);
#4772=AXIS2_PLACEMENT_3D('',#7403,#5925,#5926);
#4773=AXIS2_PLACEMENT_3D('',#7404,#5927,#5928);
#4774=AXIS2_PLACEMENT_3D('placement',#7405,#5929,#5930);
#4775=AXIS2_PLACEMENT_3D('',#7406,#5931,#5932);
#4776=AXIS2_PLACEMENT_3D('',#7408,#5933,#5934);
#4777=AXIS2_PLACEMENT_3D('',#7411,#5936,#5937);
#4778=AXIS2_PLACEMENT_3D('',#7412,#5938,#5939);
#4779=AXIS2_PLACEMENT_3D('',#7414,#5940,#5941);
#4780=AXIS2_PLACEMENT_3D('',#7417,#5943,#5944);
#4781=AXIS2_PLACEMENT_3D('',#7418,#5945,#5946);
#4782=AXIS2_PLACEMENT_3D('',#7421,#5947,#5948);
#4783=AXIS2_PLACEMENT_3D('',#7425,#5950,#5951);
#4784=AXIS2_PLACEMENT_3D('',#7427,#5953,#5954);
#4785=AXIS2_PLACEMENT_3D('',#7429,#5955,#5956);
#4786=AXIS2_PLACEMENT_3D('',#7432,#5958,#5959);
#4787=AXIS2_PLACEMENT_3D('',#7433,#5960,#5961);
#4788=AXIS2_PLACEMENT_3D('',#7435,#5962,#5963);
#4789=AXIS2_PLACEMENT_3D('',#7438,#5965,#5966);
#4790=AXIS2_PLACEMENT_3D('',#7439,#5967,#5968);
#4791=AXIS2_PLACEMENT_3D('',#7445,#5972,#5973);
#4792=AXIS2_PLACEMENT_3D('',#7447,#5974,#5975);
#4793=AXIS2_PLACEMENT_3D('',#7450,#5977,#5978);
#4794=AXIS2_PLACEMENT_3D('',#7451,#5979,#5980);
#4795=AXIS2_PLACEMENT_3D('',#7457,#5984,#5985);
#4796=AXIS2_PLACEMENT_3D('',#7459,#5986,#5987);
#4797=AXIS2_PLACEMENT_3D('',#7462,#5989,#5990);
#4798=AXIS2_PLACEMENT_3D('',#7463,#5991,#5992);
#4799=AXIS2_PLACEMENT_3D('',#7464,#5993,#5994);
#4800=AXIS2_PLACEMENT_3D('',#7465,#5995,#5996);
#4801=AXIS2_PLACEMENT_3D('',#7466,#5997,#5998);
#4802=AXIS2_PLACEMENT_3D('',#7467,#5999,#6000);
#4803=AXIS2_PLACEMENT_3D('placement',#7468,#6001,#6002);
#4804=AXIS2_PLACEMENT_3D('',#7469,#6003,#6004);
#4805=AXIS2_PLACEMENT_3D('',#7471,#6005,#6006);
#4806=AXIS2_PLACEMENT_3D('',#7474,#6008,#6009);
#4807=AXIS2_PLACEMENT_3D('',#7475,#6010,#6011);
#4808=AXIS2_PLACEMENT_3D('',#7477,#6012,#6013);
#4809=AXIS2_PLACEMENT_3D('',#7480,#6015,#6016);
#4810=AXIS2_PLACEMENT_3D('',#7481,#6017,#6018);
#4811=AXIS2_PLACEMENT_3D('',#7484,#6019,#6020);
#4812=AXIS2_PLACEMENT_3D('',#7488,#6022,#6023);
#4813=AXIS2_PLACEMENT_3D('',#7490,#6025,#6026);
#4814=AXIS2_PLACEMENT_3D('',#7496,#6030,#6031);
#4815=AXIS2_PLACEMENT_3D('',#7498,#6032,#6033);
#4816=AXIS2_PLACEMENT_3D('',#7501,#6035,#6036);
#4817=AXIS2_PLACEMENT_3D('',#7502,#6037,#6038);
#4818=AXIS2_PLACEMENT_3D('',#7504,#6039,#6040);
#4819=AXIS2_PLACEMENT_3D('',#7507,#6042,#6043);
#4820=AXIS2_PLACEMENT_3D('',#7508,#6044,#6045);
#4821=AXIS2_PLACEMENT_3D('',#7510,#6046,#6047);
#4822=AXIS2_PLACEMENT_3D('',#7513,#6049,#6050);
#4823=AXIS2_PLACEMENT_3D('',#7514,#6051,#6052);
#4824=AXIS2_PLACEMENT_3D('',#7520,#6056,#6057);
#4825=AXIS2_PLACEMENT_3D('',#7522,#6058,#6059);
#4826=AXIS2_PLACEMENT_3D('',#7525,#6061,#6062);
#4827=AXIS2_PLACEMENT_3D('',#7526,#6063,#6064);
#4828=AXIS2_PLACEMENT_3D('',#7528,#6065,#6066);
#4829=AXIS2_PLACEMENT_3D('',#7531,#6068,#6069);
#4830=AXIS2_PLACEMENT_3D('',#7532,#6070,#6071);
#4831=AXIS2_PLACEMENT_3D('',#7538,#6075,#6076);
#4832=AXIS2_PLACEMENT_3D('',#7540,#6077,#6078);
#4833=AXIS2_PLACEMENT_3D('',#7543,#6080,#6081);
#4834=AXIS2_PLACEMENT_3D('',#7544,#6082,#6083);
#4835=AXIS2_PLACEMENT_3D('',#7550,#6087,#6088);
#4836=AXIS2_PLACEMENT_3D('',#7551,#6089,#6090);
#4837=AXIS2_PLACEMENT_3D('',#7552,#6091,#6092);
#4838=AXIS2_PLACEMENT_3D('',#7553,#6093,#6094);
#4839=AXIS2_PLACEMENT_3D('',#7554,#6095,#6096);
#4840=AXIS2_PLACEMENT_3D('placement',#7555,#6097,#6098);
#4841=AXIS2_PLACEMENT_3D('',#7556,#6099,#6100);
#4842=AXIS2_PLACEMENT_3D('',#7565,#6105,#6106);
#4843=AXIS2_PLACEMENT_3D('',#7569,#6108,#6109);
#4844=AXIS2_PLACEMENT_3D('',#7570,#6110,#6111);
#4845=AXIS2_PLACEMENT_3D('',#7571,#6112,#6113);
#4846=AXIS2_PLACEMENT_3D('',#7575,#6115,#6116);
#4847=AXIS2_PLACEMENT_3D('',#7576,#6117,#6118);
#4848=AXIS2_PLACEMENT_3D('',#7577,#6119,#6120);
#4849=AXIS2_PLACEMENT_3D('',#7580,#6123,#6124);
#4850=AXIS2_PLACEMENT_3D('',#7584,#6126,#6127);
#4851=AXIS2_PLACEMENT_3D('',#7586,#6129,#6130);
#4852=AXIS2_PLACEMENT_3D('',#7590,#6133,#6134);
#4853=AXIS2_PLACEMENT_3D('',#7591,#6135,#6136);
#4854=AXIS2_PLACEMENT_3D('',#7595,#6138,#6139);
#4855=AXIS2_PLACEMENT_3D('',#7597,#6141,#6142);
#4856=AXIS2_PLACEMENT_3D('',#7601,#6145,#6146);
#4857=AXIS2_PLACEMENT_3D('',#7607,#6150,#6151);
#4858=AXIS2_PLACEMENT_3D('',#7608,#6152,#6153);
#4859=AXIS2_PLACEMENT_3D('',#7609,#6154,#6155);
#4860=AXIS2_PLACEMENT_3D('',#7610,#6156,#6157);
#4861=AXIS2_PLACEMENT_3D('',#7611,#6158,#6159);
#4862=AXIS2_PLACEMENT_3D('',#7613,#6161,#6162);
#4863=AXIS2_PLACEMENT_3D('placement',#7614,#6163,#6164);
#4864=AXIS2_PLACEMENT_3D('',#7615,#6165,#6166);
#4865=AXIS2_PLACEMENT_3D('',#7618,#6167,#6168);
#4866=AXIS2_PLACEMENT_3D('',#7621,#6169,#6170);
#4867=AXIS2_PLACEMENT_3D('',#7624,#6171,#6172);
#4868=AXIS2_PLACEMENT_3D('',#7625,#6173,#6174);
#4869=AXIS2_PLACEMENT_3D('',#7628,#6175,#6176);
#4870=AXIS2_PLACEMENT_3D('',#7631,#6177,#6178);
#4871=AXIS2_PLACEMENT_3D('',#7634,#6179,#6180);
#4872=AXIS2_PLACEMENT_3D('',#7635,#6181,#6182);
#4873=AXIS2_PLACEMENT_3D('',#7638,#6183,#6184);
#4874=AXIS2_PLACEMENT_3D('',#7641,#6185,#6186);
#4875=AXIS2_PLACEMENT_3D('',#7644,#6187,#6188);
#4876=AXIS2_PLACEMENT_3D('',#7645,#6189,#6190);
#4877=AXIS2_PLACEMENT_3D('',#7648,#6191,#6192);
#4878=AXIS2_PLACEMENT_3D('',#7651,#6193,#6194);
#4879=AXIS2_PLACEMENT_3D('',#7654,#6195,#6196);
#4880=AXIS2_PLACEMENT_3D('',#7655,#6197,#6198);
#4881=AXIS2_PLACEMENT_3D('',#7658,#6199,#6200);
#4882=AXIS2_PLACEMENT_3D('',#7661,#6201,#6202);
#4883=AXIS2_PLACEMENT_3D('',#7664,#6203,#6204);
#4884=AXIS2_PLACEMENT_3D('',#7665,#6205,#6206);
#4885=AXIS2_PLACEMENT_3D('',#7668,#6207,#6208);
#4886=AXIS2_PLACEMENT_3D('',#7671,#6209,#6210);
#4887=AXIS2_PLACEMENT_3D('',#7674,#6211,#6212);
#4888=AXIS2_PLACEMENT_3D('',#7675,#6213,#6214);
#4889=AXIS2_PLACEMENT_3D('',#7678,#6215,#6216);
#4890=AXIS2_PLACEMENT_3D('',#7681,#6217,#6218);
#4891=AXIS2_PLACEMENT_3D('',#7684,#6219,#6220);
#4892=AXIS2_PLACEMENT_3D('',#7685,#6221,#6222);
#4893=AXIS2_PLACEMENT_3D('',#7688,#6223,#6224);
#4894=AXIS2_PLACEMENT_3D('',#7691,#6225,#6226);
#4895=AXIS2_PLACEMENT_3D('',#7694,#6227,#6228);
#4896=AXIS2_PLACEMENT_3D('',#7695,#6229,#6230);
#4897=AXIS2_PLACEMENT_3D('',#7698,#6231,#6232);
#4898=AXIS2_PLACEMENT_3D('',#7700,#6233,#6234);
#4899=AXIS2_PLACEMENT_3D('',#7702,#6235,#6236);
#4900=AXIS2_PLACEMENT_3D('',#7704,#6237,#6238);
#4901=AXIS2_PLACEMENT_3D('',#7706,#6239,#6240);
#4902=AXIS2_PLACEMENT_3D('',#7708,#6241,#6242);
#4903=AXIS2_PLACEMENT_3D('',#7712,#6244,#6245);
#4904=AXIS2_PLACEMENT_3D('',#7713,#6246,#6247);
#4905=AXIS2_PLACEMENT_3D('',#7715,#6248,#6249);
#4906=AXIS2_PLACEMENT_3D('',#7717,#6250,#6251);
#4907=AXIS2_PLACEMENT_3D('',#7719,#6252,#6253);
#4908=AXIS2_PLACEMENT_3D('',#7720,#6254,#6255);
#4909=AXIS2_PLACEMENT_3D('',#7721,#6256,#6257);
#4910=AXIS2_PLACEMENT_3D('',#7724,#6258,#6259);
#4911=AXIS2_PLACEMENT_3D('',#7725,#6260,#6261);
#4912=AXIS2_PLACEMENT_3D('',#7726,#6262,#6263);
#4913=AXIS2_PLACEMENT_3D('',#7730,#6265,#6266);
#4914=AXIS2_PLACEMENT_3D('',#7731,#6267,#6268);
#4915=AXIS2_PLACEMENT_3D('',#7732,#6269,#6270);
#4916=AXIS2_PLACEMENT_3D('',#7735,#6271,#6272);
#4917=AXIS2_PLACEMENT_3D('',#7736,#6273,#6274);
#4918=AXIS2_PLACEMENT_3D('',#7740,#6276,#6277);
#4919=AXIS2_PLACEMENT_3D('',#7741,#6278,#6279);
#4920=AXIS2_PLACEMENT_3D('',#7742,#6280,#6281);
#4921=AXIS2_PLACEMENT_3D('',#7745,#6282,#6283);
#4922=AXIS2_PLACEMENT_3D('',#7746,#6284,#6285);
#4923=AXIS2_PLACEMENT_3D('',#7747,#6286,#6287);
#4924=AXIS2_PLACEMENT_3D('',#7751,#6289,#6290);
#4925=AXIS2_PLACEMENT_3D('',#7753,#6291,#6292);
#4926=AXIS2_PLACEMENT_3D('',#7755,#6293,#6294);
#4927=AXIS2_PLACEMENT_3D('',#7757,#6295,#6296);
#4928=AXIS2_PLACEMENT_3D('',#7759,#6297,#6298);
#4929=AXIS2_PLACEMENT_3D('',#7761,#6299,#6300);
#4930=AXIS2_PLACEMENT_3D('',#7763,#6301,#6302);
#4931=AXIS2_PLACEMENT_3D('',#7765,#6303,#6304);
#4932=AXIS2_PLACEMENT_3D('',#7767,#6305,#6306);
#4933=AXIS2_PLACEMENT_3D('',#7768,#6307,#6308);
#4934=AXIS2_PLACEMENT_3D('',#7769,#6309,#6310);
#4935=AXIS2_PLACEMENT_3D('',#7770,#6311,#6312);
#4936=AXIS2_PLACEMENT_3D('',#7771,#6313,#6314);
#4937=AXIS2_PLACEMENT_3D('',#7772,#6315,#6316);
#4938=AXIS2_PLACEMENT_3D('',#7775,#6317,#6318);
#4939=AXIS2_PLACEMENT_3D('',#7776,#6319,#6320);
#4940=AXIS2_PLACEMENT_3D('',#7777,#6321,#6322);
#4941=AXIS2_PLACEMENT_3D('',#7780,#6323,#6324);
#4942=AXIS2_PLACEMENT_3D('',#7782,#6325,#6326);
#4943=AXIS2_PLACEMENT_3D('',#7783,#6327,#6328);
#4944=AXIS2_PLACEMENT_3D('',#7784,#6329,#6330);
#4945=AXIS2_PLACEMENT_3D('',#7785,#6331,#6332);
#4946=AXIS2_PLACEMENT_3D('',#7788,#6333,#6334);
#4947=AXIS2_PLACEMENT_3D('',#7789,#6335,#6336);
#4948=AXIS2_PLACEMENT_3D('',#7790,#6337,#6338);
#4949=AXIS2_PLACEMENT_3D('',#7794,#6340,#6341);
#4950=AXIS2_PLACEMENT_3D('',#7796,#6342,#6343);
#4951=AXIS2_PLACEMENT_3D('',#7797,#6344,#6345);
#4952=AXIS2_PLACEMENT_3D('',#7798,#6346,#6347);
#4953=AXIS2_PLACEMENT_3D('',#7799,#6348,#6349);
#4954=AXIS2_PLACEMENT_3D('',#7800,#6350,#6351);
#4955=AXIS2_PLACEMENT_3D('',#7801,#6352,#6353);
#4956=AXIS2_PLACEMENT_3D('',#7802,#6354,#6355);
#4957=AXIS2_PLACEMENT_3D('',#7803,#6356,#6357);
#4958=AXIS2_PLACEMENT_3D('',#7804,#6358,#6359);
#4959=AXIS2_PLACEMENT_3D('',#7805,#6360,#6361);
#4960=AXIS2_PLACEMENT_3D('',#7806,#6362,#6363);
#4961=AXIS2_PLACEMENT_3D('',#7807,#6364,#6365);
#4962=AXIS2_PLACEMENT_3D('',#7808,#6366,#6367);
#4963=AXIS2_PLACEMENT_3D('',#7809,#6368,#6369);
#4964=AXIS2_PLACEMENT_3D('',#7810,#6370,#6371);
#4965=AXIS2_PLACEMENT_3D('',#7811,#6372,#6373);
#4966=AXIS2_PLACEMENT_3D('',#7812,#6374,#6375);
#4967=AXIS2_PLACEMENT_3D('',#7813,#6376,#6377);
#4968=AXIS2_PLACEMENT_3D('',#7814,#6378,#6379);
#4969=AXIS2_PLACEMENT_3D('',#7815,#6380,#6381);
#4970=AXIS2_PLACEMENT_3D('',#7818,#6382,#6383);
#4971=AXIS2_PLACEMENT_3D('',#7821,#6384,#6385);
#4972=AXIS2_PLACEMENT_3D('',#7824,#6386,#6387);
#4973=AXIS2_PLACEMENT_3D('',#7825,#6388,#6389);
#4974=AXIS2_PLACEMENT_3D('',#7828,#6390,#6391);
#4975=AXIS2_PLACEMENT_3D('',#7832,#6393,#6394);
#4976=AXIS2_PLACEMENT_3D('',#7834,#6395,#6396);
#4977=AXIS2_PLACEMENT_3D('',#7836,#6397,#6398);
#4978=AXIS2_PLACEMENT_3D('',#7838,#6399,#6400);
#4979=AXIS2_PLACEMENT_3D('',#7840,#6401,#6402);
#4980=AXIS2_PLACEMENT_3D('',#7842,#6403,#6404);
#4981=AXIS2_PLACEMENT_3D('',#7844,#6405,#6406);
#4982=AXIS2_PLACEMENT_3D('',#7846,#6407,#6408);
#4983=AXIS2_PLACEMENT_3D('',#7848,#6409,#6410);
#4984=AXIS2_PLACEMENT_3D('',#7849,#6411,#6412);
#4985=AXIS2_PLACEMENT_3D('',#7850,#6413,#6414);
#4986=AXIS2_PLACEMENT_3D('',#7851,#6415,#6416);
#4987=AXIS2_PLACEMENT_3D('',#7854,#6417,#6418);
#4988=AXIS2_PLACEMENT_3D('',#7855,#6419,#6420);
#4989=AXIS2_PLACEMENT_3D('',#7856,#6421,#6422);
#4990=AXIS2_PLACEMENT_3D('',#7859,#6423,#6424);
#4991=AXIS2_PLACEMENT_3D('',#7861,#6426,#6427);
#4992=AXIS2_PLACEMENT_3D('',#7862,#6428,#6429);
#4993=AXIS2_PLACEMENT_3D('',#7865,#6430,#6431);
#4994=AXIS2_PLACEMENT_3D('',#7869,#6433,#6434);
#4995=AXIS2_PLACEMENT_3D('',#7870,#6435,#6436);
#4996=AXIS2_PLACEMENT_3D('',#7871,#6437,#6438);
#4997=AXIS2_PLACEMENT_3D('',#7872,#6439,#6440);
#4998=AXIS2_PLACEMENT_3D('',#7875,#6441,#6442);
#4999=AXIS2_PLACEMENT_3D('',#7876,#6443,#6444);
#5000=AXIS2_PLACEMENT_3D('',#7877,#6445,#6446);
#5001=AXIS2_PLACEMENT_3D('',#7880,#6447,#6448);
#5002=AXIS2_PLACEMENT_3D('',#7882,#6449,#6450);
#5003=AXIS2_PLACEMENT_3D('',#7884,#6451,#6452);
#5004=AXIS2_PLACEMENT_3D('',#7886,#6453,#6454);
#5005=AXIS2_PLACEMENT_3D('',#7888,#6455,#6456);
#5006=AXIS2_PLACEMENT_3D('',#7891,#6458,#6459);
#5007=AXIS2_PLACEMENT_3D('',#7893,#6460,#6461);
#5008=AXIS2_PLACEMENT_3D('',#7895,#6462,#6463);
#5009=AXIS2_PLACEMENT_3D('',#7897,#6464,#6465);
#5010=AXIS2_PLACEMENT_3D('',#7898,#6466,#6467);
#5011=AXIS2_PLACEMENT_3D('',#7899,#6468,#6469);
#5012=AXIS2_PLACEMENT_3D('',#7900,#6470,#6471);
#5013=AXIS2_PLACEMENT_3D('',#7901,#6472,#6473);
#5014=AXIS2_PLACEMENT_3D('',#7902,#6474,#6475);
#5015=AXIS2_PLACEMENT_3D('',#7905,#6476,#6477);
#5016=AXIS2_PLACEMENT_3D('',#7906,#6478,#6479);
#5017=AXIS2_PLACEMENT_3D('',#7907,#6480,#6481);
#5018=AXIS2_PLACEMENT_3D('',#7910,#6482,#6483);
#5019=AXIS2_PLACEMENT_3D('',#7912,#6484,#6485);
#5020=AXIS2_PLACEMENT_3D('',#7913,#6486,#6487);
#5021=AXIS2_PLACEMENT_3D('',#7914,#6488,#6489);
#5022=AXIS2_PLACEMENT_3D('',#7915,#6490,#6491);
#5023=AXIS2_PLACEMENT_3D('',#7918,#6492,#6493);
#5024=AXIS2_PLACEMENT_3D('',#7919,#6494,#6495);
#5025=AXIS2_PLACEMENT_3D('',#7920,#6496,#6497);
#5026=AXIS2_PLACEMENT_3D('',#7923,#6498,#6499);
#5027=AXIS2_PLACEMENT_3D('',#7925,#6500,#6501);
#5028=AXIS2_PLACEMENT_3D('',#7927,#6503,#6504);
#5029=AXIS2_PLACEMENT_3D('',#7928,#6505,#6506);
#5030=AXIS2_PLACEMENT_3D('',#7929,#6507,#6508);
#5031=AXIS2_PLACEMENT_3D('',#7930,#6509,#6510);
#5032=AXIS2_PLACEMENT_3D('',#7931,#6511,#6512);
#5033=AXIS2_PLACEMENT_3D('',#7932,#6513,#6514);
#5034=AXIS2_PLACEMENT_3D('',#7933,#6515,#6516);
#5035=AXIS2_PLACEMENT_3D('',#7934,#6517,#6518);
#5036=AXIS2_PLACEMENT_3D('',#7935,#6519,#6520);
#5037=AXIS2_PLACEMENT_3D('',#7936,#6521,#6522);
#5038=AXIS2_PLACEMENT_3D('',#7937,#6523,#6524);
#5039=AXIS2_PLACEMENT_3D('',#7938,#6525,#6526);
#5040=AXIS2_PLACEMENT_3D('',#7939,#6527,#6528);
#5041=AXIS2_PLACEMENT_3D('',#7940,#6529,#6530);
#5042=AXIS2_PLACEMENT_3D('',#7941,#6531,#6532);
#5043=AXIS2_PLACEMENT_3D('',#7942,#6533,#6534);
#5044=AXIS2_PLACEMENT_3D('',#7943,#6535,#6536);
#5045=AXIS2_PLACEMENT_3D('',#7944,#6537,#6538);
#5046=AXIS2_PLACEMENT_3D('',#7945,#6539,#6540);
#5047=AXIS2_PLACEMENT_3D('',#7946,#6541,#6542);
#5048=AXIS2_PLACEMENT_3D('',#7947,#6543,#6544);
#5049=AXIS2_PLACEMENT_3D('',#7948,#6545,#6546);
#5050=AXIS2_PLACEMENT_3D('',#7949,#6547,#6548);
#5051=AXIS2_PLACEMENT_3D('',#7950,#6549,#6550);
#5052=AXIS2_PLACEMENT_3D('',#7951,#6551,#6552);
#5053=AXIS2_PLACEMENT_3D('',#7952,#6553,#6554);
#5054=AXIS2_PLACEMENT_3D('',#7953,#6555,#6556);
#5055=AXIS2_PLACEMENT_3D('',#7954,#6557,#6558);
#5056=DIRECTION('axis',(0.,0.,1.));
#5057=DIRECTION('refdir',(1.,0.,0.));
#5058=DIRECTION('axis',(0.,0.,1.));
#5059=DIRECTION('refdir',(1.,0.,0.));
#5060=DIRECTION('center_axis',(0.,1.,0.));
#5061=DIRECTION('ref_axis',(1.,0.,-1.22464679914735E-16));
#5062=DIRECTION('center_axis',(0.,1.,0.));
#5063=DIRECTION('ref_axis',(-1.,0.,0.));
#5064=DIRECTION('center_axis',(0.,1.,0.));
#5065=DIRECTION('ref_axis',(-1.,0.,0.));
#5066=DIRECTION('center_axis',(0.,-1.,0.));
#5067=DIRECTION('ref_axis',(-1.,0.,0.));
#5068=DIRECTION('center_axis',(0.,1.,0.));
#5069=DIRECTION('ref_axis',(-1.,0.,0.));
#5070=DIRECTION('center_axis',(0.,-1.,0.));
#5071=DIRECTION('ref_axis',(-1.,0.,0.));
#5072=DIRECTION('center_axis',(0.,1.,0.));
#5073=DIRECTION('ref_axis',(-1.,0.,0.));
#5074=DIRECTION('center_axis',(0.,-1.,0.));
#5075=DIRECTION('ref_axis',(1.,0.,-1.22464679914735E-16));
#5076=DIRECTION('center_axis',(0.,-1.,0.));
#5077=DIRECTION('ref_axis',(-1.,0.,0.));
#5078=DIRECTION('center_axis',(0.,-1.,0.));
#5079=DIRECTION('ref_axis',(-1.,0.,0.));
#5080=DIRECTION('center_axis',(0.,-1.,0.));
#5081=DIRECTION('ref_axis',(-1.,0.,0.));
#5082=DIRECTION('center_axis',(0.,1.,0.));
#5083=DIRECTION('ref_axis',(1.,0.,1.22464679914735E-16));
#5084=DIRECTION('',(0.,-1.,0.));
#5085=DIRECTION('center_axis',(0.,-1.,0.));
#5086=DIRECTION('ref_axis',(1.,0.,0.));
#5087=DIRECTION('',(0.,1.,0.));
#5088=DIRECTION('center_axis',(0.,1.,0.));
#5089=DIRECTION('ref_axis',(-1.,0.,0.));
#5090=DIRECTION('',(0.,-1.,0.));
#5091=DIRECTION('center_axis',(0.,-1.,0.));
#5092=DIRECTION('ref_axis',(-1.,0.,0.));
#5093=DIRECTION('',(0.,1.,0.));
#5094=DIRECTION('center_axis',(0.,1.,0.));
#5095=DIRECTION('ref_axis',(-1.,0.,0.));
#5096=DIRECTION('center_axis',(0.,1.,0.));
#5097=DIRECTION('ref_axis',(-1.,0.,0.));
#5098=DIRECTION('center_axis',(0.,1.,0.));
#5099=DIRECTION('ref_axis',(-1.,0.,0.));
#5100=DIRECTION('',(0.,-1.,0.));
#5101=DIRECTION('',(0.,1.,0.));
#5102=DIRECTION('center_axis',(0.,1.,0.));
#5103=DIRECTION('ref_axis',(-1.,0.,0.));
#5104=DIRECTION('',(0.,-1.,0.));
#5105=DIRECTION('',(0.,1.,0.));
#5106=DIRECTION('center_axis',(0.,1.,0.));
#5107=DIRECTION('ref_axis',(-1.,0.,0.));
#5108=DIRECTION('',(0.,-1.,0.));
#5109=DIRECTION('center_axis',(0.,0.,-1.));
#5110=DIRECTION('ref_axis',(-1.,0.,0.));
#5111=DIRECTION('',(-1.,0.,0.));
#5112=DIRECTION('',(1.,0.,0.));
#5113=DIRECTION('center_axis',(0.,-1.,0.));
#5114=DIRECTION('ref_axis',(1.,0.,0.));
#5115=DIRECTION('center_axis',(0.,-1.,0.));
#5116=DIRECTION('ref_axis',(1.,0.,0.));
#5117=DIRECTION('',(-0.707106781186542,-0.707106781186553,8.65956056235487E-17));
#5118=DIRECTION('center_axis',(0.,1.,0.));
#5119=DIRECTION('ref_axis',(1.,0.,0.));
#5120=DIRECTION('center_axis',(0.,1.,0.));
#5121=DIRECTION('ref_axis',(1.,0.,0.));
#5122=DIRECTION('center_axis',(0.,1.,0.));
#5123=DIRECTION('ref_axis',(-1.,0.,0.));
#5124=DIRECTION('',(0.,-1.,0.));
#5125=DIRECTION('center_axis',(0.,1.,0.));
#5126=DIRECTION('ref_axis',(-1.,0.,0.));
#5127=DIRECTION('center_axis',(0.,1.,0.));
#5128=DIRECTION('ref_axis',(-1.,0.,0.));
#5129=DIRECTION('center_axis',(0.,1.,0.));
#5130=DIRECTION('ref_axis',(0.,0.,1.));
#5131=DIRECTION('center_axis',(0.,1.,0.));
#5132=DIRECTION('ref_axis',(1.,0.,0.));
#5133=DIRECTION('center_axis',(0.,0.707106781186548,-0.707106781186547));
#5134=DIRECTION('ref_axis',(4.62781687250823E-16,0.707106781186547,0.707106781186548));
#5135=DIRECTION('center_axis',(0.,1.,0.));
#5136=DIRECTION('ref_axis',(1.,0.,0.));
#5137=DIRECTION('center_axis',(0.,0.707106781186548,0.707106781186547));
#5138=DIRECTION('ref_axis',(4.47238047549098E-17,-0.707106781186547,0.707106781186548));
#5139=DIRECTION('center_axis',(0.,0.,1.));
#5140=DIRECTION('ref_axis',(1.,0.,0.));
#5141=DIRECTION('',(-1.,0.,0.));
#5142=DIRECTION('',(1.,0.,0.));
#5143=DIRECTION('center_axis',(0.,-0.707106781186548,-0.707106781186547));
#5144=DIRECTION('ref_axis',(-1.,0.,0.));
#5145=DIRECTION('',(-1.,0.,0.));
#5146=DIRECTION('center_axis',(0.,0.707106781186548,0.707106781186547));
#5147=DIRECTION('ref_axis',(-4.62781687250823E-16,0.707106781186547,-0.707106781186548));
#5148=DIRECTION('center_axis',(0.,1.,0.));
#5149=DIRECTION('ref_axis',(-1.,0.,0.));
#5150=DIRECTION('center_axis',(0.,1.,0.));
#5151=DIRECTION('ref_axis',(-1.,0.,0.));
#5152=DIRECTION('center_axis',(0.,0.707106781186548,-0.707106781186547));
#5153=DIRECTION('ref_axis',(-4.47238047549098E-17,-0.707106781186547,-0.707106781186548));
#5154=DIRECTION('center_axis',(0.,-0.707106781186548,0.707106781186547));
#5155=DIRECTION('ref_axis',(1.,0.,0.));
#5156=DIRECTION('',(1.,0.,0.));
#5157=DIRECTION('center_axis',(0.,1.,0.));
#5158=DIRECTION('ref_axis',(0.,0.,1.));
#5159=DIRECTION('center_axis',(0.,1.,0.));
#5160=DIRECTION('ref_axis',(0.,0.,1.));
#5161=DIRECTION('center_axis',(0.,0.,-1.));
#5162=DIRECTION('ref_axis',(1.,0.,0.));
#5163=DIRECTION('',(0.,0.,-1.));
#5164=DIRECTION('center_axis',(0.,0.,1.));
#5165=DIRECTION('ref_axis',(1.,0.,0.));
#5166=DIRECTION('',(0.,0.,-1.));
#5167=DIRECTION('center_axis',(1.,0.,0.));
#5168=DIRECTION('ref_axis',(0.,0.,-1.));
#5169=DIRECTION('',(0.,-1.,0.));
#5170=DIRECTION('',(0.,1.,0.));
#5171=DIRECTION('',(0.,0.,-1.));
#5172=DIRECTION('center_axis',(-1.,0.,0.));
#5173=DIRECTION('ref_axis',(0.,0.,1.));
#5174=DIRECTION('',(0.,1.,0.));
#5175=DIRECTION('',(0.,0.,-1.));
#5176=DIRECTION('',(0.,-1.,0.));
#5177=DIRECTION('center_axis',(0.,0.,-1.));
#5178=DIRECTION('ref_axis',(-1.,0.,0.));
#5179=DIRECTION('center_axis',(0.,0.,1.));
#5180=DIRECTION('ref_axis',(-1.,0.,0.));
#5181=DIRECTION('center_axis',(0.,0.,1.));
#5182=DIRECTION('ref_axis',(1.,0.,0.));
#5183=DIRECTION('center_axis',(0.,-1.,0.));
#5184=DIRECTION('ref_axis',(0.,0.,-1.));
#5185=DIRECTION('center_axis',(0.,-1.,0.));
#5186=DIRECTION('ref_axis',(0.,0.,-1.));
#5187=DIRECTION('center_axis',(0.,1.,0.));
#5188=DIRECTION('ref_axis',(-1.,0.,0.));
#5189=DIRECTION('center_axis',(0.,1.,0.));
#5190=DIRECTION('ref_axis',(-1.,0.,0.));
#5191=DIRECTION('center_axis',(0.,1.,0.));
#5192=DIRECTION('ref_axis',(-1.,0.,0.));
#5193=DIRECTION('center_axis',(0.,1.,0.));
#5194=DIRECTION('ref_axis',(-1.,0.,0.));
#5195=DIRECTION('center_axis',(0.,1.,0.));
#5196=DIRECTION('ref_axis',(-1.,0.,0.));
#5197=DIRECTION('',(0.,-1.,0.));
#5198=DIRECTION('center_axis',(0.,1.,0.));
#5199=DIRECTION('ref_axis',(0.,0.,1.));
#5200=DIRECTION('center_axis',(0.,1.,0.));
#5201=DIRECTION('ref_axis',(-1.,0.,0.));
#5202=DIRECTION('center_axis',(0.,1.,0.));
#5203=DIRECTION('ref_axis',(-1.,0.,0.));
#5204=DIRECTION('center_axis',(0.,1.,0.));
#5205=DIRECTION('ref_axis',(-1.,0.,0.));
#5206=DIRECTION('center_axis',(0.,1.,0.));
#5207=DIRECTION('ref_axis',(-1.,0.,0.));
#5208=DIRECTION('center_axis',(0.,1.,0.));
#5209=DIRECTION('ref_axis',(-1.,0.,0.));
#5210=DIRECTION('',(0.,-1.,0.));
#5211=DIRECTION('center_axis',(0.,-1.,0.));
#5212=DIRECTION('ref_axis',(0.,0.,-1.));
#5213=DIRECTION('center_axis',(0.,1.,0.));
#5214=DIRECTION('ref_axis',(-1.,0.,0.));
#5215=DIRECTION('center_axis',(0.,1.,0.));
#5216=DIRECTION('ref_axis',(-1.,0.,0.));
#5217=DIRECTION('center_axis',(0.,1.,0.));
#5218=DIRECTION('ref_axis',(-1.,0.,0.));
#5219=DIRECTION('center_axis',(0.,1.,0.));
#5220=DIRECTION('ref_axis',(-1.,0.,0.));
#5221=DIRECTION('center_axis',(0.,1.,0.));
#5222=DIRECTION('ref_axis',(-1.,0.,0.));
#5223=DIRECTION('',(0.,-1.,0.));
#5224=DIRECTION('center_axis',(0.,1.,0.));
#5225=DIRECTION('ref_axis',(0.,0.,1.));
#5226=DIRECTION('center_axis',(0.,1.,0.));
#5227=DIRECTION('ref_axis',(-1.,0.,0.));
#5228=DIRECTION('center_axis',(0.,1.,0.));
#5229=DIRECTION('ref_axis',(-1.,0.,0.));
#5230=DIRECTION('center_axis',(0.,1.,0.));
#5231=DIRECTION('ref_axis',(-1.,0.,0.));
#5232=DIRECTION('center_axis',(0.,1.,0.));
#5233=DIRECTION('ref_axis',(-1.,0.,0.));
#5234=DIRECTION('center_axis',(0.,1.,0.));
#5235=DIRECTION('ref_axis',(-1.,0.,0.));
#5236=DIRECTION('',(0.,-1.,0.));
#5237=DIRECTION('center_axis',(0.,-1.,0.));
#5238=DIRECTION('ref_axis',(0.,0.,-1.));
#5239=DIRECTION('axis',(0.,0.,1.));
#5240=DIRECTION('refdir',(1.,0.,0.));
#5241=DIRECTION('center_axis',(0.,0.,-1.));
#5242=DIRECTION('ref_axis',(-1.,0.,0.));
#5243=DIRECTION('center_axis',(0.,0.,-1.));
#5244=DIRECTION('ref_axis',(-1.,0.,0.));
#5245=DIRECTION('',(-0.707106781186548,8.65956056235494E-17,0.707106781186547));
#5246=DIRECTION('center_axis',(0.,0.,1.));
#5247=DIRECTION('ref_axis',(-1.,0.,0.));
#5248=DIRECTION('center_axis',(0.,0.,1.));
#5249=DIRECTION('ref_axis',(-1.,0.,0.));
#5250=DIRECTION('',(0.,0.,1.));
#5251=DIRECTION('center_axis',(0.,0.,-1.));
#5252=DIRECTION('ref_axis',(-1.,0.,0.));
#5253=DIRECTION('center_axis',(0.,0.,-1.));
#5254=DIRECTION('ref_axis',(-1.,0.,0.));
#5255=DIRECTION('center_axis',(0.,0.,1.));
#5256=DIRECTION('ref_axis',(-1.,0.,0.));
#5257=DIRECTION('center_axis',(0.,0.,1.));
#5258=DIRECTION('ref_axis',(-1.,0.,0.));
#5259=DIRECTION('center_axis',(0.,0.,1.));
#5260=DIRECTION('ref_axis',(-1.,0.,0.));
#5261=DIRECTION('',(-0.707106781186548,-8.65956056235494E-17,-0.707106781186547));
#5262=DIRECTION('center_axis',(0.,0.,-1.));
#5263=DIRECTION('ref_axis',(-1.,0.,0.));
#5264=DIRECTION('center_axis',(0.,0.,-1.));
#5265=DIRECTION('ref_axis',(-1.,0.,0.));
#5266=DIRECTION('center_axis',(0.,0.,1.));
#5267=DIRECTION('ref_axis',(-1.,0.,0.));
#5268=DIRECTION('',(0.,0.,-1.));
#5269=DIRECTION('axis',(0.,0.,1.));
#5270=DIRECTION('refdir',(1.,0.,0.));
#5271=DIRECTION('axis',(0.,0.,1.));
#5272=DIRECTION('refdir',(1.,0.,0.));
#5273=DIRECTION('axis',(0.,0.,1.));
#5274=DIRECTION('refdir',(1.,0.,0.));
#5275=DIRECTION('center_axis',(0.,0.,-1.));
#5276=DIRECTION('ref_axis',(-1.,-5.41572207134223E-17,0.));
#5277=DIRECTION('center_axis',(0.,0.,-1.));
#5278=DIRECTION('ref_axis',(-0.953939201416946,-0.3,0.));
#5279=DIRECTION('center_axis',(0.,0.,1.));
#5280=DIRECTION('ref_axis',(-0.953939201416946,-0.3,0.));
#5281=DIRECTION('center_axis',(1.70247853996831E-16,-1.,0.));
#5282=DIRECTION('ref_axis',(0.,0.,-1.));
#5283=DIRECTION('',(0.,0.,-1.));
#5284=DIRECTION('',(-1.,-1.70247853996831E-16,0.));
#5285=DIRECTION('',(0.,0.,-1.));
#5286=DIRECTION('',(1.,1.70247853996831E-16,0.));
#5287=DIRECTION('center_axis',(0.,0.,-1.));
#5288=DIRECTION('ref_axis',(-1.,-1.11022302462516E-16,0.));
#5289=DIRECTION('',(0.,0.,-1.));
#5290=DIRECTION('center_axis',(0.,0.,-1.));
#5291=DIRECTION('ref_axis',(-0.953939201416946,-0.3,0.));
#5292=DIRECTION('center_axis',(0.,1.,0.));
#5293=DIRECTION('ref_axis',(0.,0.,1.));
#5294=DIRECTION('',(-1.,0.,0.));
#5295=DIRECTION('',(0.,0.,-1.));
#5296=DIRECTION('',(1.,0.,0.));
#5297=DIRECTION('center_axis',(0.,0.,1.));
#5298=DIRECTION('ref_axis',(-1.,-5.41572207134223E-17,0.));
#5299=DIRECTION('center_axis',(0.,0.,1.));
#5300=DIRECTION('ref_axis',(-0.953939201416946,-0.3,0.));
#5301=DIRECTION('center_axis',(1.,0.,0.));
#5302=DIRECTION('ref_axis',(0.,0.,-1.));
#5303=DIRECTION('',(0.,1.,0.));
#5304=DIRECTION('',(0.,-1.,0.));
#5305=DIRECTION('center_axis',(0.,0.,1.));
#5306=DIRECTION('ref_axis',(-0.447617210062712,0.894225269859711,0.));
#5307=DIRECTION('center_axis',(0.,0.,1.));
#5308=DIRECTION('ref_axis',(-0.447617210062712,0.894225269859711,0.));
#5309=DIRECTION('',(0.,0.,1.));
#5310=DIRECTION('center_axis',(0.,0.,-1.));
#5311=DIRECTION('ref_axis',(-0.447617210062712,0.894225269859711,0.));
#5312=DIRECTION('',(0.,0.,1.));
#5313=DIRECTION('center_axis',(0.,0.,1.));
#5314=DIRECTION('ref_axis',(0.565761254487957,0.824569101361561,0.));
#5315=DIRECTION('center_axis',(0.,0.,1.));
#5316=DIRECTION('ref_axis',(0.565761254487957,0.824569101361561,0.));
#5317=DIRECTION('center_axis',(0.,0.,-1.));
#5318=DIRECTION('ref_axis',(0.565761254487957,0.824569101361561,0.));
#5319=DIRECTION('',(0.,0.,-1.));
#5320=DIRECTION('center_axis',(0.,0.,1.));
#5321=DIRECTION('ref_axis',(-0.986943104412573,-0.161069266629212,0.));
#5322=DIRECTION('center_axis',(0.,0.,1.));
#5323=DIRECTION('ref_axis',(-0.986943104412573,-0.161069266629212,0.));
#5324=DIRECTION('',(0.,0.,1.));
#5325=DIRECTION('center_axis',(0.,0.,-1.));
#5326=DIRECTION('ref_axis',(-0.986943104412573,-0.161069266629212,0.));
#5327=DIRECTION('center_axis',(0.,0.,1.));
#5328=DIRECTION('ref_axis',(-0.681417939593891,0.731894522181726,0.));
#5329=DIRECTION('center_axis',(0.,0.,1.));
#5330=DIRECTION('ref_axis',(-0.681417939593891,0.731894522181726,0.));
#5331=DIRECTION('',(0.,0.,1.));
#5332=DIRECTION('center_axis',(0.,0.,-1.));
#5333=DIRECTION('ref_axis',(-0.681417939593891,0.731894522181726,0.));
#5334=DIRECTION('',(0.,0.,1.));
#5335=DIRECTION('center_axis',(0.,0.,1.));
#5336=DIRECTION('ref_axis',(0.310535987205486,0.950561623804745,0.));
#5337=DIRECTION('center_axis',(0.,0.,1.));
#5338=DIRECTION('ref_axis',(0.310535987205486,0.950561623804745,0.));
#5339=DIRECTION('center_axis',(0.,0.,-1.));
#5340=DIRECTION('ref_axis',(0.310535987205486,0.950561623804745,0.));
#5341=DIRECTION('',(0.,0.,-1.));
#5342=DIRECTION('center_axis',(0.,0.,1.));
#5343=DIRECTION('ref_axis',(-0.901586517725122,-0.432598833859141,0.));
#5344=DIRECTION('center_axis',(0.,0.,1.));
#5345=DIRECTION('ref_axis',(-0.901586517725122,-0.432598833859141,0.));
#5346=DIRECTION('',(0.,0.,1.));
#5347=DIRECTION('center_axis',(0.,0.,-1.));
#5348=DIRECTION('ref_axis',(-0.901586517725122,-0.432598833859141,0.));
#5349=DIRECTION('center_axis',(0.,0.,1.));
#5350=DIRECTION('ref_axis',(-0.8600142402077,0.5102700330609,0.));
#5351=DIRECTION('center_axis',(0.,0.,1.));
#5352=DIRECTION('ref_axis',(-0.8600142402077,0.5102700330609,0.));
#5353=DIRECTION('',(0.,0.,1.));
#5354=DIRECTION('center_axis',(0.,0.,-1.));
#5355=DIRECTION('ref_axis',(-0.8600142402077,0.5102700330609,0.));
#5356=DIRECTION('',(0.,0.,1.));
#5357=DIRECTION('center_axis',(0.,0.,1.));
#5358=DIRECTION('ref_axis',(0.0301529410682533,0.999545296694919,0.));
#5359=DIRECTION('center_axis',(0.,0.,1.));
#5360=DIRECTION('ref_axis',(0.0301529410682533,0.999545296694919,0.));
#5361=DIRECTION('center_axis',(0.,0.,-1.));
#5362=DIRECTION('ref_axis',(0.0301529410682533,0.999545296694919,0.));
#5363=DIRECTION('',(0.,0.,-1.));
#5364=DIRECTION('center_axis',(0.,0.,1.));
#5365=DIRECTION('ref_axis',(-0.74318875331306,-0.669081816334131,0.));
#5366=DIRECTION('center_axis',(0.,0.,1.));
#5367=DIRECTION('ref_axis',(-0.74318875331306,-0.669081816334131,0.));
#5368=DIRECTION('',(0.,0.,1.));
#5369=DIRECTION('center_axis',(0.,0.,-1.));
#5370=DIRECTION('ref_axis',(-0.74318875331306,-0.669081816334131,0.));
#5371=DIRECTION('center_axis',(0.,0.,1.));
#5372=DIRECTION('ref_axis',(-0.968937301781507,0.247306500554215,0.));
#5373=DIRECTION('center_axis',(0.,0.,1.));
#5374=DIRECTION('ref_axis',(-0.968937301781507,0.247306500554215,0.));
#5375=DIRECTION('',(0.,0.,1.));
#5376=DIRECTION('center_axis',(0.,0.,-1.));
#5377=DIRECTION('ref_axis',(-0.968937301781507,0.247306500554215,0.));
#5378=DIRECTION('',(0.,0.,1.));
#5379=DIRECTION('center_axis',(0.,0.,1.));
#5380=DIRECTION('ref_axis',(-0.252672917027885,0.967551754171641,0.));
#5381=DIRECTION('center_axis',(0.,0.,1.));
#5382=DIRECTION('ref_axis',(-0.252672917027885,0.967551754171641,0.));
#5383=DIRECTION('center_axis',(0.,0.,-1.));
#5384=DIRECTION('ref_axis',(-0.252672917027885,0.967551754171641,0.));
#5385=DIRECTION('',(0.,0.,-1.));
#5386=DIRECTION('center_axis',(0.,0.,1.));
#5387=DIRECTION('ref_axis',(-0.524582256021276,-0.851359769232507,0.));
#5388=DIRECTION('center_axis',(0.,0.,1.));
#5389=DIRECTION('ref_axis',(-0.524582256021276,-0.851359769232507,0.));
#5390=DIRECTION('',(0.,0.,1.));
#5391=DIRECTION('center_axis',(0.,0.,-1.));
#5392=DIRECTION('ref_axis',(-0.524582256021276,-0.851359769232507,0.));
#5393=DIRECTION('center_axis',(0.,0.,1.));
#5394=DIRECTION('ref_axis',(-0.999362825656992,-0.0356923338389808,0.));
#5395=DIRECTION('center_axis',(0.,0.,1.));
#5396=DIRECTION('ref_axis',(-0.999362825656992,-0.0356923338389808,0.));
#5397=DIRECTION('',(0.,0.,1.));
#5398=DIRECTION('center_axis',(0.,0.,-1.));
#5399=DIRECTION('ref_axis',(-0.999362825656992,-0.0356923338389808,0.));
#5400=DIRECTION('',(0.,0.,1.));
#5401=DIRECTION('center_axis',(0.,0.,1.));
#5402=DIRECTION('ref_axis',(-0.515028718090121,0.857172922777223,0.));
#5403=DIRECTION('center_axis',(0.,0.,1.));
#5404=DIRECTION('ref_axis',(-0.515028718090121,0.857172922777223,0.));
#5405=DIRECTION('center_axis',(0.,0.,-1.));
#5406=DIRECTION('ref_axis',(-0.515028718090121,0.857172922777223,0.));
#5407=DIRECTION('',(0.,0.,-1.));
#5408=DIRECTION('center_axis',(0.,0.,1.));
#5409=DIRECTION('ref_axis',(-0.263477224157452,-0.96466561685917,0.));
#5410=DIRECTION('center_axis',(0.,0.,1.));
#5411=DIRECTION('ref_axis',(-0.263477224157452,-0.96466561685917,0.));
#5412=DIRECTION('',(0.,0.,1.));
#5413=DIRECTION('center_axis',(0.,0.,-1.));
#5414=DIRECTION('ref_axis',(-0.263477224157452,-0.96466561685917,0.));
#5415=DIRECTION('center_axis',(0.,0.,1.));
#5416=DIRECTION('ref_axis',(-0.94882591683732,-0.315799587615025,0.));
#5417=DIRECTION('center_axis',(0.,0.,1.));
#5418=DIRECTION('ref_axis',(-0.94882591683732,-0.315799587615025,0.));
#5419=DIRECTION('',(0.,0.,1.));
#5420=DIRECTION('center_axis',(0.,0.,-1.));
#5421=DIRECTION('ref_axis',(-0.94882591683732,-0.315799587615025,0.));
#5422=DIRECTION('',(0.,0.,1.));
#5423=DIRECTION('center_axis',(0.,0.,1.));
#5424=DIRECTION('ref_axis',(-0.735659955406421,0.677351038983054,0.));
#5425=DIRECTION('center_axis',(0.,0.,1.));
#5426=DIRECTION('ref_axis',(-0.735659955406421,0.677351038983054,0.));
#5427=DIRECTION('center_axis',(0.,0.,-1.));
#5428=DIRECTION('ref_axis',(-0.735659955406421,0.677351038983054,0.));
#5429=DIRECTION('',(0.,0.,-1.));
#5430=DIRECTION('center_axis',(0.,0.,1.));
#5431=DIRECTION('ref_axis',(0.0189731654482214,-0.99981999329523,0.));
#5432=DIRECTION('center_axis',(0.,0.,1.));
#5433=DIRECTION('ref_axis',(0.0189731654482214,-0.99981999329523,0.));
#5434=DIRECTION('',(0.,0.,1.));
#5435=DIRECTION('center_axis',(0.,0.,-1.));
#5436=DIRECTION('ref_axis',(0.0189731654482214,-0.99981999329523,0.));
#5437=DIRECTION('center_axis',(0.,0.,1.));
#5438=DIRECTION('ref_axis',(-0.821420775120492,-0.570322636934964,0.));
#5439=DIRECTION('center_axis',(0.,0.,1.));
#5440=DIRECTION('ref_axis',(-0.821420775120492,-0.570322636934964,0.));
#5441=DIRECTION('',(0.,0.,1.));
#5442=DIRECTION('center_axis',(0.,0.,-1.));
#5443=DIRECTION('ref_axis',(-0.821420775120492,-0.570322636934964,0.));
#5444=DIRECTION('',(0.,0.,1.));
#5445=DIRECTION('center_axis',(0.,0.,1.));
#5446=DIRECTION('ref_axis',(-0.89669239827391,0.442654202372217,0.));
#5447=DIRECTION('center_axis',(0.,0.,1.));
#5448=DIRECTION('ref_axis',(-0.89669239827391,0.442654202372217,0.));
#5449=DIRECTION('center_axis',(0.,0.,-1.));
#5450=DIRECTION('ref_axis',(-0.89669239827391,0.442654202372217,0.));
#5451=DIRECTION('',(0.,0.,-1.));
#5452=DIRECTION('center_axis',(0.,0.,1.));
#5453=DIRECTION('ref_axis',(0.29988646202704,-0.953974900032965,0.));
#5454=DIRECTION('center_axis',(0.,0.,1.));
#5455=DIRECTION('ref_axis',(0.29988646202704,-0.953974900032965,0.));
#5456=DIRECTION('',(0.,0.,1.));
#5457=DIRECTION('center_axis',(0.,0.,-1.));
#5458=DIRECTION('ref_axis',(0.29988646202704,-0.953974900032965,0.));
#5459=DIRECTION('center_axis',(0.,0.,1.));
#5460=DIRECTION('ref_axis',(-0.627469007380852,-0.778641538049755,0.));
#5461=DIRECTION('center_axis',(0.,0.,1.));
#5462=DIRECTION('ref_axis',(-0.627469007380852,-0.778641538049755,0.));
#5463=DIRECTION('',(0.,0.,1.));
#5464=DIRECTION('center_axis',(0.,0.,-1.));
#5465=DIRECTION('ref_axis',(-0.627469007380852,-0.778641538049755,0.));
#5466=DIRECTION('',(0.,0.,1.));
#5467=DIRECTION('center_axis',(0.,0.,1.));
#5468=DIRECTION('ref_axis',(-0.985080155868277,0.172096154851089,0.));
#5469=DIRECTION('center_axis',(0.,0.,1.));
#5470=DIRECTION('ref_axis',(-0.985080155868277,0.172096154851089,0.));
#5471=DIRECTION('center_axis',(0.,0.,-1.));
#5472=DIRECTION('ref_axis',(-0.985080155868277,0.172096154851089,0.));
#5473=DIRECTION('',(0.,0.,-1.));
#5474=DIRECTION('center_axis',(0.,0.,1.));
#5475=DIRECTION('ref_axis',(0.55650474094589,-0.830844433877213,0.));
#5476=DIRECTION('center_axis',(0.,0.,1.));
#5477=DIRECTION('ref_axis',(0.55650474094589,-0.830844433877213,0.));
#5478=DIRECTION('',(0.,0.,1.));
#5479=DIRECTION('center_axis',(0.,0.,-1.));
#5480=DIRECTION('ref_axis',(0.55650474094589,-0.830844433877213,0.));
#5481=DIRECTION('center_axis',(0.,0.,1.));
#5482=DIRECTION('ref_axis',(-0.38268343236509,-0.923879532511287,0.));
#5483=DIRECTION('center_axis',(0.,0.,1.));
#5484=DIRECTION('ref_axis',(-0.38268343236509,-0.923879532511287,0.));
#5485=DIRECTION('',(0.,0.,1.));
#5486=DIRECTION('center_axis',(0.,0.,-1.));
#5487=DIRECTION('ref_axis',(-0.38268343236509,-0.923879532511287,0.));
#5488=DIRECTION('',(0.,0.,1.));
#5489=DIRECTION('center_axis',(0.,0.,1.));
#5490=DIRECTION('ref_axis',(-0.993662577731462,-0.112404099640831,0.));
#5491=DIRECTION('center_axis',(0.,0.,1.));
#5492=DIRECTION('ref_axis',(-0.993662577731462,-0.112404099640831,0.));
#5493=DIRECTION('center_axis',(0.,0.,-1.));
#5494=DIRECTION('ref_axis',(-0.993662577731462,-0.112404099640831,0.));
#5495=DIRECTION('',(0.,0.,-1.));
#5496=DIRECTION('center_axis',(0.,0.,1.));
#5497=DIRECTION('ref_axis',(0.768038315414435,-0.640403892910838,0.));
#5498=DIRECTION('center_axis',(0.,0.,1.));
#5499=DIRECTION('ref_axis',(0.768038315414435,-0.640403892910838,0.));
#5500=DIRECTION('',(0.,0.,1.));
#5501=DIRECTION('center_axis',(0.,0.,-1.));
#5502=DIRECTION('ref_axis',(0.768038315414435,-0.640403892910838,0.));
#5503=DIRECTION('center_axis',(0.,0.,1.));
#5504=DIRECTION('ref_axis',(-0.106895121565113,-0.994270301771897,0.));
#5505=DIRECTION('center_axis',(0.,0.,1.));
#5506=DIRECTION('ref_axis',(-0.106895121565113,-0.994270301771897,0.));
#5507=DIRECTION('',(0.,0.,1.));
#5508=DIRECTION('center_axis',(0.,0.,-1.));
#5509=DIRECTION('ref_axis',(-0.106895121565113,-0.994270301771897,0.));
#5510=DIRECTION('',(0.,0.,1.));
#5511=DIRECTION('center_axis',(0.,0.,1.));
#5512=DIRECTION('ref_axis',(-0.921744367085737,-0.387798042472772,0.));
#5513=DIRECTION('center_axis',(0.,0.,1.));
#5514=DIRECTION('ref_axis',(-0.921744367085737,-0.387798042472772,0.));
#5515=DIRECTION('center_axis',(0.,0.,-1.));
#5516=DIRECTION('ref_axis',(-0.921744367085737,-0.387798042472772,0.));
#5517=DIRECTION('',(0.,0.,-1.));
#5518=DIRECTION('center_axis',(0.,0.,1.));
#5519=DIRECTION('ref_axis',(0.917349993267841,-0.398081637169427,0.));
#5520=DIRECTION('center_axis',(0.,0.,1.));
#5521=DIRECTION('ref_axis',(0.917349993267841,-0.398081637169427,0.));
#5522=DIRECTION('',(0.,0.,1.));
#5523=DIRECTION('center_axis',(0.,0.,-1.));
#5524=DIRECTION('ref_axis',(0.917349993267841,-0.398081637169427,0.));
#5525=DIRECTION('center_axis',(0.,0.,1.));
#5526=DIRECTION('ref_axis',(0.177553196254303,-0.984111204336116,0.));
#5527=DIRECTION('center_axis',(0.,0.,1.));
#5528=DIRECTION('ref_axis',(0.177553196254303,-0.984111204336116,0.));
#5529=DIRECTION('',(0.,0.,1.));
#5530=DIRECTION('center_axis',(0.,0.,-1.));
#5531=DIRECTION('ref_axis',(0.177553196254303,-0.984111204336116,0.));
#5532=DIRECTION('',(0.,0.,1.));
#5533=DIRECTION('center_axis',(0.,0.,1.));
#5534=DIRECTION('ref_axis',(-0.775151909643551,-0.631774894227331,0.));
#5535=DIRECTION('center_axis',(0.,0.,1.));
#5536=DIRECTION('ref_axis',(-0.775151909643551,-0.631774894227331,0.));
#5537=DIRECTION('center_axis',(0.,0.,-1.));
#5538=DIRECTION('ref_axis',(-0.775151909643551,-0.631774894227331,0.));
#5539=DIRECTION('',(0.,0.,-1.));
#5540=DIRECTION('center_axis',(0.,0.,1.));
#5541=DIRECTION('ref_axis',(0.992343430357165,-0.123509174667204,0.));
#5542=DIRECTION('center_axis',(0.,0.,1.));
#5543=DIRECTION('ref_axis',(0.992343430357165,-0.123509174667204,0.));
#5544=DIRECTION('',(0.,0.,1.));
#5545=DIRECTION('center_axis',(0.,0.,-1.));
#5546=DIRECTION('ref_axis',(0.992343430357165,-0.123509174667204,0.));
#5547=DIRECTION('center_axis',(0.,0.,1.));
#5548=DIRECTION('ref_axis',(0.447617210062712,-0.894225269859711,0.));
#5549=DIRECTION('center_axis',(0.,0.,1.));
#5550=DIRECTION('ref_axis',(0.447617210062712,-0.894225269859711,0.));
#5551=DIRECTION('',(0.,0.,1.));
#5552=DIRECTION('center_axis',(0.,0.,-1.));
#5553=DIRECTION('ref_axis',(0.447617210062712,-0.894225269859711,0.));
#5554=DIRECTION('',(0.,0.,1.));
#5555=DIRECTION('center_axis',(0.,0.,1.));
#5556=DIRECTION('ref_axis',(-0.565761254487957,-0.824569101361561,0.));
#5557=DIRECTION('center_axis',(0.,0.,1.));
#5558=DIRECTION('ref_axis',(-0.565761254487957,-0.824569101361561,0.));
#5559=DIRECTION('center_axis',(0.,0.,-1.));
#5560=DIRECTION('ref_axis',(-0.565761254487957,-0.824569101361561,0.));
#5561=DIRECTION('',(0.,0.,-1.));
#5562=DIRECTION('center_axis',(0.,0.,1.));
#5563=DIRECTION('ref_axis',(0.986943104412573,0.161069266629212,0.));
#5564=DIRECTION('center_axis',(0.,0.,1.));
#5565=DIRECTION('ref_axis',(0.986943104412573,0.161069266629212,0.));
#5566=DIRECTION('',(0.,0.,1.));
#5567=DIRECTION('center_axis',(0.,0.,-1.));
#5568=DIRECTION('ref_axis',(0.986943104412573,0.161069266629212,0.));
#5569=DIRECTION('center_axis',(0.,0.,1.));
#5570=DIRECTION('ref_axis',(0.681417939593891,-0.731894522181725,0.));
#5571=DIRECTION('center_axis',(0.,0.,1.));
#5572=DIRECTION('ref_axis',(0.681417939593891,-0.731894522181725,0.));
#5573=DIRECTION('',(0.,0.,1.));
#5574=DIRECTION('center_axis',(0.,0.,-1.));
#5575=DIRECTION('ref_axis',(0.681417939593891,-0.731894522181725,0.));
#5576=DIRECTION('',(0.,0.,1.));
#5577=DIRECTION('center_axis',(0.,0.,1.));
#5578=DIRECTION('ref_axis',(-0.310535987205486,-0.950561623804745,0.));
#5579=DIRECTION('center_axis',(0.,0.,1.));
#5580=DIRECTION('ref_axis',(-0.310535987205486,-0.950561623804745,0.));
#5581=DIRECTION('center_axis',(0.,0.,-1.));
#5582=DIRECTION('ref_axis',(-0.310535987205486,-0.950561623804745,0.));
#5583=DIRECTION('',(0.,0.,-1.));
#5584=DIRECTION('center_axis',(0.,0.,1.));
#5585=DIRECTION('ref_axis',(0.901586517725121,0.432598833859141,0.));
#5586=DIRECTION('center_axis',(0.,0.,1.));
#5587=DIRECTION('ref_axis',(0.901586517725121,0.432598833859141,0.));
#5588=DIRECTION('',(0.,0.,1.));
#5589=DIRECTION('center_axis',(0.,0.,-1.));
#5590=DIRECTION('ref_axis',(0.901586517725121,0.432598833859141,0.));
#5591=DIRECTION('center_axis',(0.,0.,1.));
#5592=DIRECTION('ref_axis',(0.860014240207701,-0.5102700330609,0.));
#5593=DIRECTION('center_axis',(0.,0.,1.));
#5594=DIRECTION('ref_axis',(0.860014240207701,-0.5102700330609,0.));
#5595=DIRECTION('',(0.,0.,1.));
#5596=DIRECTION('center_axis',(0.,0.,-1.));
#5597=DIRECTION('ref_axis',(0.860014240207701,-0.5102700330609,0.));
#5598=DIRECTION('',(0.,0.,1.));
#5599=DIRECTION('center_axis',(0.,0.,1.));
#5600=DIRECTION('ref_axis',(-0.0301529410682531,-0.999545296694919,0.));
#5601=DIRECTION('center_axis',(0.,0.,1.));
#5602=DIRECTION('ref_axis',(-0.0301529410682531,-0.999545296694919,0.));
#5603=DIRECTION('center_axis',(0.,0.,-1.));
#5604=DIRECTION('ref_axis',(-0.0301529410682531,-0.999545296694919,0.));
#5605=DIRECTION('',(0.,0.,-1.));
#5606=DIRECTION('center_axis',(0.,0.,1.));
#5607=DIRECTION('ref_axis',(0.74318875331306,0.669081816334131,0.));
#5608=DIRECTION('center_axis',(0.,0.,1.));
#5609=DIRECTION('ref_axis',(0.74318875331306,0.669081816334131,0.));
#5610=DIRECTION('',(0.,0.,1.));
#5611=DIRECTION('center_axis',(0.,0.,-1.));
#5612=DIRECTION('ref_axis',(0.74318875331306,0.669081816334131,0.));
#5613=DIRECTION('center_axis',(0.,0.,1.));
#5614=DIRECTION('ref_axis',(0.968937301781507,-0.247306500554215,0.));
#5615=DIRECTION('center_axis',(0.,0.,1.));
#5616=DIRECTION('ref_axis',(0.968937301781507,-0.247306500554215,0.));
#5617=DIRECTION('',(0.,0.,1.));
#5618=DIRECTION('center_axis',(0.,0.,-1.));
#5619=DIRECTION('ref_axis',(0.968937301781507,-0.247306500554215,0.));
#5620=DIRECTION('',(0.,0.,1.));
#5621=DIRECTION('center_axis',(0.,0.,1.));
#5622=DIRECTION('ref_axis',(0.252672917027885,-0.967551754171641,0.));
#5623=DIRECTION('center_axis',(0.,0.,1.));
#5624=DIRECTION('ref_axis',(0.252672917027885,-0.967551754171641,0.));
#5625=DIRECTION('center_axis',(0.,0.,-1.));
#5626=DIRECTION('ref_axis',(0.252672917027885,-0.967551754171641,0.));
#5627=DIRECTION('',(0.,0.,-1.));
#5628=DIRECTION('center_axis',(0.,0.,1.));
#5629=DIRECTION('ref_axis',(0.524582256021276,0.851359769232507,0.));
#5630=DIRECTION('center_axis',(0.,0.,1.));
#5631=DIRECTION('ref_axis',(0.524582256021276,0.851359769232507,0.));
#5632=DIRECTION('',(0.,0.,1.));
#5633=DIRECTION('center_axis',(0.,0.,-1.));
#5634=DIRECTION('ref_axis',(0.524582256021276,0.851359769232507,0.));
#5635=DIRECTION('center_axis',(0.,0.,1.));
#5636=DIRECTION('ref_axis',(0.999362825656992,0.0356923338389805,0.));
#5637=DIRECTION('center_axis',(0.,0.,1.));
#5638=DIRECTION('ref_axis',(0.999362825656992,0.0356923338389805,0.));
#5639=DIRECTION('',(0.,0.,1.));
#5640=DIRECTION('center_axis',(0.,0.,-1.));
#5641=DIRECTION('ref_axis',(0.999362825656992,0.0356923338389805,0.));
#5642=DIRECTION('',(0.,0.,1.));
#5643=DIRECTION('center_axis',(0.,0.,1.));
#5644=DIRECTION('ref_axis',(0.515028718090121,-0.857172922777223,0.));
#5645=DIRECTION('center_axis',(0.,0.,1.));
#5646=DIRECTION('ref_axis',(0.515028718090121,-0.857172922777223,0.));
#5647=DIRECTION('center_axis',(0.,0.,-1.));
#5648=DIRECTION('ref_axis',(0.515028718090121,-0.857172922777223,0.));
#5649=DIRECTION('',(0.,0.,-1.));
#5650=DIRECTION('center_axis',(0.,0.,1.));
#5651=DIRECTION('ref_axis',(0.263477224157452,0.96466561685917,0.));
#5652=DIRECTION('center_axis',(0.,0.,1.));
#5653=DIRECTION('ref_axis',(0.263477224157452,0.96466561685917,0.));
#5654=DIRECTION('',(0.,0.,1.));
#5655=DIRECTION('center_axis',(0.,0.,-1.));
#5656=DIRECTION('ref_axis',(0.263477224157452,0.96466561685917,0.));
#5657=DIRECTION('center_axis',(0.,0.,1.));
#5658=DIRECTION('ref_axis',(0.94882591683732,0.315799587615025,0.));
#5659=DIRECTION('center_axis',(0.,0.,1.));
#5660=DIRECTION('ref_axis',(0.94882591683732,0.315799587615025,0.));
#5661=DIRECTION('',(0.,0.,1.));
#5662=DIRECTION('center_axis',(0.,0.,-1.));
#5663=DIRECTION('ref_axis',(0.94882591683732,0.315799587615025,0.));
#5664=DIRECTION('',(0.,0.,1.));
#5665=DIRECTION('center_axis',(0.,0.,1.));
#5666=DIRECTION('ref_axis',(0.735659955406421,-0.677351038983054,0.));
#5667=DIRECTION('center_axis',(0.,0.,1.));
#5668=DIRECTION('ref_axis',(0.735659955406421,-0.677351038983054,0.));
#5669=DIRECTION('center_axis',(0.,0.,-1.));
#5670=DIRECTION('ref_axis',(0.735659955406421,-0.677351038983054,0.));
#5671=DIRECTION('',(0.,0.,-1.));
#5672=DIRECTION('center_axis',(0.,0.,1.));
#5673=DIRECTION('ref_axis',(-0.0189731654482214,0.99981999329523,0.));
#5674=DIRECTION('center_axis',(0.,0.,1.));
#5675=DIRECTION('ref_axis',(-0.0189731654482214,0.99981999329523,0.));
#5676=DIRECTION('',(0.,0.,1.));
#5677=DIRECTION('center_axis',(0.,0.,-1.));
#5678=DIRECTION('ref_axis',(-0.0189731654482214,0.99981999329523,0.));
#5679=DIRECTION('center_axis',(0.,0.,1.));
#5680=DIRECTION('ref_axis',(0.821420775120491,0.570322636934964,0.));
#5681=DIRECTION('center_axis',(0.,0.,1.));
#5682=DIRECTION('ref_axis',(0.821420775120491,0.570322636934964,0.));
#5683=DIRECTION('',(0.,0.,1.));
#5684=DIRECTION('center_axis',(0.,0.,-1.));
#5685=DIRECTION('ref_axis',(0.821420775120491,0.570322636934964,0.));
#5686=DIRECTION('',(0.,0.,1.));
#5687=DIRECTION('center_axis',(0.,0.,1.));
#5688=DIRECTION('ref_axis',(0.89669239827391,-0.442654202372217,0.));
#5689=DIRECTION('center_axis',(0.,0.,1.));
#5690=DIRECTION('ref_axis',(0.89669239827391,-0.442654202372217,0.));
#5691=DIRECTION('center_axis',(0.,0.,-1.));
#5692=DIRECTION('ref_axis',(0.89669239827391,-0.442654202372217,0.));
#5693=DIRECTION('',(0.,0.,-1.));
#5694=DIRECTION('center_axis',(0.,0.,1.));
#5695=DIRECTION('ref_axis',(-0.29988646202704,0.953974900032964,0.));
#5696=DIRECTION('center_axis',(0.,0.,1.));
#5697=DIRECTION('ref_axis',(-0.29988646202704,0.953974900032964,0.));
#5698=DIRECTION('',(0.,0.,1.));
#5699=DIRECTION('center_axis',(0.,0.,-1.));
#5700=DIRECTION('ref_axis',(-0.29988646202704,0.953974900032964,0.));
#5701=DIRECTION('center_axis',(0.,0.,1.));
#5702=DIRECTION('ref_axis',(0.627469007380852,0.778641538049755,0.));
#5703=DIRECTION('center_axis',(0.,0.,1.));
#5704=DIRECTION('ref_axis',(0.627469007380852,0.778641538049755,0.));
#5705=DIRECTION('',(0.,0.,1.));
#5706=DIRECTION('center_axis',(0.,0.,-1.));
#5707=DIRECTION('ref_axis',(0.627469007380852,0.778641538049755,0.));
#5708=DIRECTION('',(0.,0.,1.));
#5709=DIRECTION('center_axis',(0.,0.,1.));
#5710=DIRECTION('ref_axis',(0.985080155868277,-0.172096154851089,0.));
#5711=DIRECTION('center_axis',(0.,0.,1.));
#5712=DIRECTION('ref_axis',(0.985080155868277,-0.172096154851089,0.));
#5713=DIRECTION('center_axis',(0.,0.,-1.));
#5714=DIRECTION('ref_axis',(0.985080155868277,-0.172096154851089,0.));
#5715=DIRECTION('',(0.,0.,-1.));
#5716=DIRECTION('center_axis',(0.,0.,1.));
#5717=DIRECTION('ref_axis',(-0.55650474094589,0.830844433877214,0.));
#5718=DIRECTION('center_axis',(0.,0.,1.));
#5719=DIRECTION('ref_axis',(-0.55650474094589,0.830844433877214,0.));
#5720=DIRECTION('',(0.,0.,1.));
#5721=DIRECTION('center_axis',(0.,0.,-1.));
#5722=DIRECTION('ref_axis',(-0.55650474094589,0.830844433877214,0.));
#5723=DIRECTION('center_axis',(0.,0.,1.));
#5724=DIRECTION('ref_axis',(0.38268343236509,0.923879532511287,0.));
#5725=DIRECTION('center_axis',(0.,0.,1.));
#5726=DIRECTION('ref_axis',(0.38268343236509,0.923879532511287,0.));
#5727=DIRECTION('',(0.,0.,1.));
#5728=DIRECTION('center_axis',(0.,0.,-1.));
#5729=DIRECTION('ref_axis',(0.38268343236509,0.923879532511287,0.));
#5730=DIRECTION('',(0.,0.,1.));
#5731=DIRECTION('center_axis',(0.,0.,1.));
#5732=DIRECTION('ref_axis',(0.993662577731462,0.112404099640831,0.));
#5733=DIRECTION('center_axis',(0.,0.,1.));
#5734=DIRECTION('ref_axis',(0.993662577731462,0.112404099640831,0.));
#5735=DIRECTION('center_axis',(0.,0.,-1.));
#5736=DIRECTION('ref_axis',(0.993662577731462,0.112404099640831,0.));
#5737=DIRECTION('',(0.,0.,-1.));
#5738=DIRECTION('center_axis',(0.,0.,1.));
#5739=DIRECTION('ref_axis',(-0.768038315414435,0.640403892910838,0.));
#5740=DIRECTION('center_axis',(0.,0.,1.));
#5741=DIRECTION('ref_axis',(-0.768038315414435,0.640403892910838,0.));
#5742=DIRECTION('',(0.,0.,1.));
#5743=DIRECTION('center_axis',(0.,0.,-1.));
#5744=DIRECTION('ref_axis',(-0.768038315414435,0.640403892910838,0.));
#5745=DIRECTION('center_axis',(0.,0.,1.));
#5746=DIRECTION('ref_axis',(0.106895121565113,0.994270301771897,0.));
#5747=DIRECTION('center_axis',(0.,0.,1.));
#5748=DIRECTION('ref_axis',(0.106895121565113,0.994270301771897,0.));
#5749=DIRECTION('',(0.,0.,1.));
#5750=DIRECTION('center_axis',(0.,0.,-1.));
#5751=DIRECTION('ref_axis',(0.106895121565113,0.994270301771897,0.));
#5752=DIRECTION('',(0.,0.,1.));
#5753=DIRECTION('center_axis',(0.,0.,1.));
#5754=DIRECTION('ref_axis',(0.921744367085737,0.387798042472772,0.));
#5755=DIRECTION('center_axis',(0.,0.,1.));
#5756=DIRECTION('ref_axis',(0.921744367085737,0.387798042472772,0.));
#5757=DIRECTION('center_axis',(0.,0.,-1.));
#5758=DIRECTION('ref_axis',(0.921744367085737,0.387798042472772,0.));
#5759=DIRECTION('',(0.,0.,-1.));
#5760=DIRECTION('center_axis',(0.,0.,1.));
#5761=DIRECTION('ref_axis',(-0.917349993267841,0.398081637169427,0.));
#5762=DIRECTION('center_axis',(0.,0.,1.));
#5763=DIRECTION('ref_axis',(-0.917349993267841,0.398081637169427,0.));
#5764=DIRECTION('',(0.,0.,1.));
#5765=DIRECTION('center_axis',(0.,0.,-1.));
#5766=DIRECTION('ref_axis',(-0.917349993267841,0.398081637169427,0.));
#5767=DIRECTION('center_axis',(0.,0.,-1.));
#5768=DIRECTION('ref_axis',(-1.,0.,0.));
#5769=DIRECTION('center_axis',(0.,0.,-1.));
#5770=DIRECTION('ref_axis',(-1.,0.,0.));
#5771=DIRECTION('center_axis',(0.,0.,-1.));
#5772=DIRECTION('ref_axis',(-1.,0.,0.));
#5773=DIRECTION('center_axis',(0.,0.,-1.));
#5774=DIRECTION('ref_axis',(-1.,0.,0.));
#5775=DIRECTION('center_axis',(0.,0.,-1.));
#5776=DIRECTION('ref_axis',(-1.,0.,0.));
#5777=DIRECTION('center_axis',(0.,0.,-1.));
#5778=DIRECTION('ref_axis',(-1.,0.,0.));
#5779=DIRECTION('center_axis',(0.,0.,-1.));
#5780=DIRECTION('ref_axis',(-1.,0.,0.));
#5781=DIRECTION('center_axis',(0.,0.,-1.));
#5782=DIRECTION('ref_axis',(-1.,0.,0.));
#5783=DIRECTION('center_axis',(0.,0.,-1.));
#5784=DIRECTION('ref_axis',(-1.,0.,0.));
#5785=DIRECTION('center_axis',(0.,0.,-1.));
#5786=DIRECTION('ref_axis',(-1.,0.,0.));
#5787=DIRECTION('center_axis',(0.,0.,-1.));
#5788=DIRECTION('ref_axis',(-1.,0.,0.));
#5789=DIRECTION('center_axis',(0.,0.,-1.));
#5790=DIRECTION('ref_axis',(-1.,0.,0.));
#5791=DIRECTION('center_axis',(0.,0.,-1.));
#5792=DIRECTION('ref_axis',(-1.,0.,0.));
#5793=DIRECTION('center_axis',(0.,0.,-1.));
#5794=DIRECTION('ref_axis',(-1.,0.,0.));
#5795=DIRECTION('center_axis',(0.,0.,-1.));
#5796=DIRECTION('ref_axis',(-1.,0.,0.));
#5797=DIRECTION('center_axis',(0.,0.,-1.));
#5798=DIRECTION('ref_axis',(-1.,0.,0.));
#5799=DIRECTION('center_axis',(0.,0.,-1.));
#5800=DIRECTION('ref_axis',(-1.,0.,0.));
#5801=DIRECTION('center_axis',(0.,0.,-1.));
#5802=DIRECTION('ref_axis',(-1.,0.,0.));
#5803=DIRECTION('center_axis',(0.,0.,-1.));
#5804=DIRECTION('ref_axis',(-1.,0.,0.));
#5805=DIRECTION('center_axis',(0.,0.,-1.));
#5806=DIRECTION('ref_axis',(-1.,0.,0.));
#5807=DIRECTION('center_axis',(0.,0.,-1.));
#5808=DIRECTION('ref_axis',(-1.,0.,0.));
#5809=DIRECTION('center_axis',(0.,0.,-1.));
#5810=DIRECTION('ref_axis',(-1.,0.,0.));
#5811=DIRECTION('center_axis',(0.,0.,1.));
#5812=DIRECTION('ref_axis',(-0.992343430357165,0.123509174667204,0.));
#5813=DIRECTION('center_axis',(0.,0.,1.));
#5814=DIRECTION('ref_axis',(-0.177553196254303,0.984111204336116,0.));
#5815=DIRECTION('center_axis',(0.,0.,1.));
#5816=DIRECTION('ref_axis',(0.775151909643551,0.631774894227331,0.));
#5817=DIRECTION('center_axis',(0.,0.,-1.));
#5818=DIRECTION('ref_axis',(-1.,0.,0.));
#5819=DIRECTION('center_axis',(0.,0.,1.));
#5820=DIRECTION('ref_axis',(-1.,0.,0.));
#5821=DIRECTION('center_axis',(0.,0.,-1.));
#5822=DIRECTION('ref_axis',(-1.,0.,0.));
#5823=DIRECTION('',(0.,0.,1.));
#5824=DIRECTION('center_axis',(0.,0.,1.));
#5825=DIRECTION('ref_axis',(-1.,0.,0.));
#5826=DIRECTION('center_axis',(0.,0.,-1.));
#5827=DIRECTION('ref_axis',(-1.,0.,0.));
#5828=DIRECTION('center_axis',(0.,0.,1.));
#5829=DIRECTION('ref_axis',(-1.,0.,0.));
#5830=DIRECTION('center_axis',(0.,0.,-1.));
#5831=DIRECTION('ref_axis',(-1.,0.,0.));
#5832=DIRECTION('center_axis',(0.,0.,1.));
#5833=DIRECTION('ref_axis',(-1.,0.,0.));
#5834=DIRECTION('center_axis',(0.,0.,-1.));
#5835=DIRECTION('ref_axis',(-1.,0.,0.));
#5836=DIRECTION('center_axis',(0.,0.,1.));
#5837=DIRECTION('ref_axis',(-1.,0.,0.));
#5838=DIRECTION('center_axis',(0.,0.,-1.));
#5839=DIRECTION('ref_axis',(-1.,0.,0.));
#5840=DIRECTION('center_axis',(0.,0.,1.));
#5841=DIRECTION('ref_axis',(-1.,0.,0.));
#5842=DIRECTION('center_axis',(0.,0.,-1.));
#5843=DIRECTION('ref_axis',(-1.,0.,0.));
#5844=DIRECTION('center_axis',(0.,0.,1.));
#5845=DIRECTION('ref_axis',(-1.,0.,0.));
#5846=DIRECTION('center_axis',(0.,0.,-1.));
#5847=DIRECTION('ref_axis',(-1.,0.,0.));
#5848=DIRECTION('center_axis',(0.,0.,1.));
#5849=DIRECTION('ref_axis',(-1.,0.,0.));
#5850=DIRECTION('center_axis',(0.,0.,-1.));
#5851=DIRECTION('ref_axis',(-1.,0.,0.));
#5852=DIRECTION('center_axis',(0.,0.,1.));
#5853=DIRECTION('ref_axis',(-1.,0.,0.));
#5854=DIRECTION('center_axis',(0.,0.,-1.));
#5855=DIRECTION('ref_axis',(-1.,0.,0.));
#5856=DIRECTION('center_axis',(0.,0.,1.));
#5857=DIRECTION('ref_axis',(-1.,0.,0.));
#5858=DIRECTION('center_axis',(0.,0.,-1.));
#5859=DIRECTION('ref_axis',(-1.,0.,0.));
#5860=DIRECTION('center_axis',(0.,0.,1.));
#5861=DIRECTION('ref_axis',(-1.,0.,0.));
#5862=DIRECTION('center_axis',(0.,0.,-1.));
#5863=DIRECTION('ref_axis',(-1.,0.,0.));
#5864=DIRECTION('center_axis',(0.,0.,1.));
#5865=DIRECTION('ref_axis',(-1.,0.,0.));
#5866=DIRECTION('center_axis',(0.,0.,-1.));
#5867=DIRECTION('ref_axis',(-1.,0.,0.));
#5868=DIRECTION('center_axis',(0.,0.,1.));
#5869=DIRECTION('ref_axis',(-1.,0.,0.));
#5870=DIRECTION('center_axis',(0.,0.,-1.));
#5871=DIRECTION('ref_axis',(-1.,0.,0.));
#5872=DIRECTION('center_axis',(0.,0.,1.));
#5873=DIRECTION('ref_axis',(-1.,0.,0.));
#5874=DIRECTION('center_axis',(0.,0.,-1.));
#5875=DIRECTION('ref_axis',(-1.,0.,0.));
#5876=DIRECTION('center_axis',(0.,0.,1.));
#5877=DIRECTION('ref_axis',(-1.,0.,0.));
#5878=DIRECTION('center_axis',(0.,0.,-1.));
#5879=DIRECTION('ref_axis',(-1.,0.,0.));
#5880=DIRECTION('center_axis',(0.,0.,1.));
#5881=DIRECTION('ref_axis',(-1.,0.,0.));
#5882=DIRECTION('center_axis',(0.,0.,-1.));
#5883=DIRECTION('ref_axis',(-1.,0.,0.));
#5884=DIRECTION('center_axis',(0.,0.,1.));
#5885=DIRECTION('ref_axis',(-1.,0.,0.));
#5886=DIRECTION('center_axis',(0.,0.,-1.));
#5887=DIRECTION('ref_axis',(-1.,0.,0.));
#5888=DIRECTION('center_axis',(0.,0.,1.));
#5889=DIRECTION('ref_axis',(-1.,0.,0.));
#5890=DIRECTION('center_axis',(0.,0.,-1.));
#5891=DIRECTION('ref_axis',(-1.,0.,0.));
#5892=DIRECTION('center_axis',(0.,0.,1.));
#5893=DIRECTION('ref_axis',(-1.,0.,0.));
#5894=DIRECTION('center_axis',(0.,0.,-1.));
#5895=DIRECTION('ref_axis',(-1.,0.,0.));
#5896=DIRECTION('center_axis',(0.,0.,1.));
#5897=DIRECTION('ref_axis',(-1.,0.,0.));
#5898=DIRECTION('center_axis',(0.,0.,-1.));
#5899=DIRECTION('ref_axis',(-1.,0.,0.));
#5900=DIRECTION('center_axis',(0.,0.,1.));
#5901=DIRECTION('ref_axis',(-1.,0.,0.));
#5902=DIRECTION('center_axis',(0.,0.,-1.));
#5903=DIRECTION('ref_axis',(-1.,0.,0.));
#5904=DIRECTION('center_axis',(0.,0.,1.));
#5905=DIRECTION('ref_axis',(-0.177553196254303,0.984111204336116,0.));
#5906=DIRECTION('',(0.,0.,1.));
#5907=DIRECTION('center_axis',(0.,0.,-1.));
#5908=DIRECTION('ref_axis',(-0.177553196254303,0.984111204336116,0.));
#5909=DIRECTION('',(0.,0.,1.));
#5910=DIRECTION('center_axis',(0.,0.,1.));
#5911=DIRECTION('ref_axis',(0.775151909643551,0.631774894227331,0.));
#5912=DIRECTION('center_axis',(0.,0.,-1.));
#5913=DIRECTION('ref_axis',(0.775151909643551,0.631774894227331,0.));
#5914=DIRECTION('',(0.,0.,-1.));
#5915=DIRECTION('center_axis',(0.,0.,1.));
#5916=DIRECTION('ref_axis',(-0.992343430357165,0.123509174667204,0.));
#5917=DIRECTION('center_axis',(0.,0.,-1.));
#5918=DIRECTION('ref_axis',(-0.992343430357165,0.123509174667204,0.));
#5919=DIRECTION('center_axis',(0.,0.,1.));
#5920=DIRECTION('ref_axis',(-1.,0.,0.));
#5921=DIRECTION('center_axis',(0.,0.,-1.));
#5922=DIRECTION('ref_axis',(-1.,0.,0.));
#5923=DIRECTION('center_axis',(0.,0.,-1.));
#5924=DIRECTION('ref_axis',(-1.,0.,0.));
#5925=DIRECTION('',(0.,0.,1.));
#5926=DIRECTION('',(1.,0.,0.));
#5927=DIRECTION('',(0.,0.,1.));
#5928=DIRECTION('',(1.,0.,0.));
#5929=DIRECTION('axis',(0.,0.,1.));
#5930=DIRECTION('refdir',(1.,0.,0.));
#5931=DIRECTION('center_axis',(0.,0.,1.));
#5932=DIRECTION('ref_axis',(-1.,0.,0.));
#5933=DIRECTION('center_axis',(0.,0.,1.));
#5934=DIRECTION('ref_axis',(-1.,0.,0.));
#5935=DIRECTION('',(0.,0.,1.));
#5936=DIRECTION('center_axis',(0.,0.,-1.));
#5937=DIRECTION('ref_axis',(-1.,0.,0.));
#5938=DIRECTION('center_axis',(0.,0.,1.));
#5939=DIRECTION('ref_axis',(-1.,0.,0.));
#5940=DIRECTION('center_axis',(0.,0.,1.));
#5941=DIRECTION('ref_axis',(-1.,0.,0.));
#5942=DIRECTION('',(0.,0.,1.));
#5943=DIRECTION('center_axis',(0.,0.,-1.));
#5944=DIRECTION('ref_axis',(-1.,0.,0.));
#5945=DIRECTION('center_axis',(0.,0.,1.));
#5946=DIRECTION('ref_axis',(-0.749546124899809,0.661952118092902,0.));
#5947=DIRECTION('center_axis',(0.,0.,1.));
#5948=DIRECTION('ref_axis',(-0.749546124899809,0.661952118092902,0.));
#5949=DIRECTION('',(0.,0.,1.));
#5950=DIRECTION('center_axis',(0.,0.,-1.));
#5951=DIRECTION('ref_axis',(-0.749546124899809,0.661952118092902,0.));
#5952=DIRECTION('',(0.,0.,1.));
#5953=DIRECTION('center_axis',(0.,0.,1.));
#5954=DIRECTION('ref_axis',(0.74954612489981,0.661952118092902,0.));
#5955=DIRECTION('center_axis',(0.,0.,1.));
#5956=DIRECTION('ref_axis',(0.74954612489981,0.661952118092902,0.));
#5957=DIRECTION('',(0.,0.,1.));
#5958=DIRECTION('center_axis',(0.,0.,-1.));
#5959=DIRECTION('ref_axis',(0.74954612489981,0.661952118092902,0.));
#5960=DIRECTION('center_axis',(0.,0.,1.));
#5961=DIRECTION('ref_axis',(0.885995288240856,-0.463694241084578,0.));
#5962=DIRECTION('center_axis',(0.,0.,-1.));
#5963=DIRECTION('ref_axis',(0.885995288240856,-0.463694241084578,0.));
#5964=DIRECTION('',(0.,0.,1.));
#5965=DIRECTION('center_axis',(0.,0.,1.));
#5966=DIRECTION('ref_axis',(0.885995288240856,-0.463694241084578,0.));
#5967=DIRECTION('center_axis',(0.885995288240856,-0.463694241084578,0.));
#5968=DIRECTION('ref_axis',(0.,0.,-1.));
#5969=DIRECTION('',(-0.463694241084578,-0.885995288240856,0.));
#5970=DIRECTION('',(0.,0.,1.));
#5971=DIRECTION('',(0.463694241084578,0.885995288240856,0.));
#5972=DIRECTION('center_axis',(0.,0.,1.));
#5973=DIRECTION('ref_axis',(9.97953280561938E-17,1.,0.));
#5974=DIRECTION('center_axis',(0.,0.,-1.));
#5975=DIRECTION('ref_axis',(0.34,-0.9404254356407,0.));
#5976=DIRECTION('',(0.,0.,1.));
#5977=DIRECTION('center_axis',(0.,0.,1.));
#5978=DIRECTION('ref_axis',(0.34,-0.9404254356407,0.));
#5979=DIRECTION('center_axis',(-0.885995288240856,-0.463694241084578,0.));
#5980=DIRECTION('ref_axis',(0.,0.,1.));
#5981=DIRECTION('',(-0.463694241084578,0.885995288240856,0.));
#5982=DIRECTION('',(0.,0.,1.));
#5983=DIRECTION('',(0.463694241084578,-0.885995288240856,0.));
#5984=DIRECTION('center_axis',(0.,0.,1.));
#5985=DIRECTION('ref_axis',(0.577112132871971,0.816664916653069,0.));
#5986=DIRECTION('center_axis',(0.,0.,-1.));
#5987=DIRECTION('ref_axis',(0.577112132871971,0.816664916653069,0.));
#5988=DIRECTION('',(0.,0.,1.));
#5989=DIRECTION('center_axis',(0.,0.,1.));
#5990=DIRECTION('ref_axis',(0.577112132871971,0.816664916653069,0.));
#5991=DIRECTION('center_axis',(0.,0.,1.));
#5992=DIRECTION('ref_axis',(0.577112132871971,0.816664916653069,0.));
#5993=DIRECTION('center_axis',(0.,0.,1.));
#5994=DIRECTION('ref_axis',(0.577112132871971,0.816664916653069,0.));
#5995=DIRECTION('center_axis',(0.,0.,-1.));
#5996=DIRECTION('ref_axis',(0.577112132871971,0.816664916653069,0.));
#5997=DIRECTION('center_axis',(0.,0.,1.));
#5998=DIRECTION('ref_axis',(1.,0.,0.));
#5999=DIRECTION('center_axis',(0.,0.,1.));
#6000=DIRECTION('ref_axis',(1.,0.,0.));
#6001=DIRECTION('axis',(0.,0.,1.));
#6002=DIRECTION('refdir',(1.,0.,0.));
#6003=DIRECTION('center_axis',(0.,0.,1.));
#6004=DIRECTION('ref_axis',(-1.,0.,0.));
#6005=DIRECTION('center_axis',(0.,0.,1.));
#6006=DIRECTION('ref_axis',(-1.,0.,0.));
#6007=DIRECTION('',(0.,0.,1.));
#6008=DIRECTION('center_axis',(0.,0.,-1.));
#6009=DIRECTION('ref_axis',(-1.,0.,0.));
#6010=DIRECTION('center_axis',(0.,0.,1.));
#6011=DIRECTION('ref_axis',(-1.,0.,0.));
#6012=DIRECTION('center_axis',(0.,0.,1.));
#6013=DIRECTION('ref_axis',(-1.,0.,0.));
#6014=DIRECTION('',(0.,0.,1.));
#6015=DIRECTION('center_axis',(0.,0.,-1.));
#6016=DIRECTION('ref_axis',(-1.,0.,0.));
#6017=DIRECTION('center_axis',(0.,0.,1.));
#6018=DIRECTION('ref_axis',(0.984807753012208,0.173648177666931,0.));
#6019=DIRECTION('center_axis',(0.,0.,-1.));
#6020=DIRECTION('ref_axis',(0.984807753012208,0.173648177666931,0.));
#6021=DIRECTION('',(0.,0.,1.));
#6022=DIRECTION('center_axis',(0.,0.,-1.));
#6023=DIRECTION('ref_axis',(0.984807753012208,0.173648177666931,0.));
#6024=DIRECTION('',(0.,0.,1.));
#6025=DIRECTION('center_axis',(-0.984807753012208,-0.173648177666929,0.));
#6026=DIRECTION('ref_axis',(0.,0.,1.));
#6027=DIRECTION('',(-0.173648177666929,0.984807753012208,0.));
#6028=DIRECTION('',(0.,0.,1.));
#6029=DIRECTION('',(-0.173648177666929,0.984807753012208,0.));
#6030=DIRECTION('center_axis',(0.,0.,1.));
#6031=DIRECTION('ref_axis',(0.984807753012208,0.173648177666931,0.));
#6032=DIRECTION('center_axis',(0.,0.,1.));
#6033=DIRECTION('ref_axis',(0.984807753012208,0.173648177666931,0.));
#6034=DIRECTION('',(0.,0.,1.));
#6035=DIRECTION('center_axis',(0.,0.,1.));
#6036=DIRECTION('ref_axis',(0.984807753012208,0.173648177666931,0.));
#6037=DIRECTION('center_axis',(0.,0.,1.));
#6038=DIRECTION('ref_axis',(-0.718295087056357,0.69573857727648,0.));
#6039=DIRECTION('center_axis',(0.,0.,-1.));
#6040=DIRECTION('ref_axis',(-0.718295087056357,0.69573857727648,0.));
#6041=DIRECTION('',(0.,0.,1.));
#6042=DIRECTION('center_axis',(0.,0.,-1.));
#6043=DIRECTION('ref_axis',(-0.718295087056357,0.69573857727648,0.));
#6044=DIRECTION('center_axis',(0.,0.,1.));
#6045=DIRECTION('ref_axis',(-0.718295087056356,0.695738577276481,0.));
#6046=DIRECTION('center_axis',(0.,0.,1.));
#6047=DIRECTION('ref_axis',(-0.718295087056356,0.695738577276481,0.));
#6048=DIRECTION('',(0.,0.,1.));
#6049=DIRECTION('center_axis',(0.,0.,1.));
#6050=DIRECTION('ref_axis',(-0.718295087056356,0.695738577276481,0.));
#6051=DIRECTION('center_axis',(0.984807753012208,-0.173648177666929,0.));
#6052=DIRECTION('ref_axis',(0.,0.,-1.));
#6053=DIRECTION('',(-0.173648177666929,-0.984807753012208,0.));
#6054=DIRECTION('',(0.,0.,1.));
#6055=DIRECTION('',(-0.173648177666929,-0.984807753012208,0.));
#6056=DIRECTION('center_axis',(0.,0.,1.));
#6057=DIRECTION('ref_axis',(-0.52900605819361,0.84861804741265,0.));
#6058=DIRECTION('center_axis',(0.,0.,-1.));
#6059=DIRECTION('ref_axis',(-0.52900605819361,0.84861804741265,0.));
#6060=DIRECTION('',(0.,0.,1.));
#6061=DIRECTION('center_axis',(0.,0.,-1.));
#6062=DIRECTION('ref_axis',(-0.52900605819361,0.84861804741265,0.));
#6063=DIRECTION('center_axis',(0.,0.,1.));
#6064=DIRECTION('ref_axis',(-0.0941680768631767,0.995556313474979,0.));
#6065=DIRECTION('center_axis',(0.,0.,-1.));
#6066=DIRECTION('ref_axis',(-0.0941680768631767,0.995556313474979,0.));
#6067=DIRECTION('',(0.,0.,1.));
#6068=DIRECTION('center_axis',(0.,0.,-1.));
#6069=DIRECTION('ref_axis',(-0.0941680768631767,0.995556313474979,0.));
#6070=DIRECTION('center_axis',(-1.,1.37064570941377E-16,0.));
#6071=DIRECTION('ref_axis',(0.,0.,1.));
#6072=DIRECTION('',(1.37064570941377E-16,1.,0.));
#6073=DIRECTION('',(0.,0.,1.));
#6074=DIRECTION('',(1.37064570941377E-16,1.,0.));
#6075=DIRECTION('center_axis',(0.,0.,1.));
#6076=DIRECTION('ref_axis',(1.05021096924001E-16,1.,0.));
#6077=DIRECTION('center_axis',(0.,0.,1.));
#6078=DIRECTION('ref_axis',(0.135135135135135,-0.990827177287749,0.));
#6079=DIRECTION('',(0.,0.,1.));
#6080=DIRECTION('center_axis',(0.,0.,1.));
#6081=DIRECTION('ref_axis',(0.135135135135135,-0.990827177287749,0.));
#6082=DIRECTION('center_axis',(1.,1.37064570941377E-16,0.));
#6083=DIRECTION('ref_axis',(0.,0.,-1.));
#6084=DIRECTION('',(1.37064570941377E-16,-1.,0.));
#6085=DIRECTION('',(0.,0.,1.));
#6086=DIRECTION('',(1.37064570941377E-16,-1.,0.));
#6087=DIRECTION('center_axis',(0.,0.,1.));
#6088=DIRECTION('ref_axis',(0.529006058193609,0.848618047412651,0.));
#6089=DIRECTION('center_axis',(0.,0.,-1.));
#6090=DIRECTION('ref_axis',(0.529006058193609,0.848618047412651,0.));
#6091=DIRECTION('center_axis',(0.,0.,-1.));
#6092=DIRECTION('ref_axis',(0.529006058193609,0.848618047412651,0.));
#6093=DIRECTION('center_axis',(0.,0.,1.));
#6094=DIRECTION('ref_axis',(1.,0.,0.));
#6095=DIRECTION('center_axis',(0.,0.,1.));
#6096=DIRECTION('ref_axis',(1.,0.,0.));
#6097=DIRECTION('axis',(0.,0.,1.));
#6098=DIRECTION('refdir',(1.,0.,0.));
#6099=DIRECTION('center_axis',(4.90653893338679E-17,-0.707106781186547,
-0.707106781186548));
#6100=DIRECTION('ref_axis',(-1.,0.,-6.93889390390722E-17));
#6101=DIRECTION('',(0.,-0.707106781186548,0.707106781186547));
#6102=DIRECTION('',(-1.,-6.93889390390723E-17,0.));
#6103=DIRECTION('',(0.,0.707106781186548,-0.707106781186547));
#6104=DIRECTION('',(1.,6.93889390390723E-17,0.));
#6105=DIRECTION('center_axis',(0.,0.,1.));
#6106=DIRECTION('ref_axis',(0.,1.,0.));
#6107=DIRECTION('',(0.,0.707106781186548,0.707106781186547));
#6108=DIRECTION('center_axis',(0.,0.,-1.));
#6109=DIRECTION('ref_axis',(0.,1.,0.));
#6110=DIRECTION('center_axis',(0.,0.,1.));
#6111=DIRECTION('ref_axis',(0.,1.,0.));
#6112=DIRECTION('center_axis',(0.,0.,1.));
#6113=DIRECTION('ref_axis',(0.,-1.,0.));
#6114=DIRECTION('',(-9.81307786677359E-16,-0.707106781186548,-0.707106781186547));
#6115=DIRECTION('center_axis',(0.,0.,1.));
#6116=DIRECTION('ref_axis',(0.,-1.,0.));
#6117=DIRECTION('center_axis',(0.,0.,-1.));
#6118=DIRECTION('ref_axis',(0.,-1.,0.));
#6119=DIRECTION('center_axis',(0.,0.707106781186547,-0.707106781186548));
#6120=DIRECTION('ref_axis',(-1.,0.,0.));
#6121=DIRECTION('',(-1.,0.,0.));
#6122=DIRECTION('',(1.,0.,0.));
#6123=DIRECTION('center_axis',(0.,0.,-1.));
#6124=DIRECTION('ref_axis',(0.,-1.,0.));
#6125=DIRECTION('',(0.,0.,-1.));
#6126=DIRECTION('center_axis',(0.,0.,1.));
#6127=DIRECTION('ref_axis',(0.,-1.,0.));
#6128=DIRECTION('',(0.,0.,1.));
#6129=DIRECTION('center_axis',(6.93889390390723E-17,-1.,0.));
#6130=DIRECTION('ref_axis',(0.,0.,-1.));
#6131=DIRECTION('',(0.,0.,-1.));
#6132=DIRECTION('',(1.,6.93889390390723E-17,0.));
#6133=DIRECTION('center_axis',(0.,0.,1.));
#6134=DIRECTION('ref_axis',(1.,0.,0.));
#6135=DIRECTION('center_axis',(0.,0.,-1.));
#6136=DIRECTION('ref_axis',(0.,-1.,0.));
#6137=DIRECTION('',(0.,0.707106781186548,0.707106781186547));
#6138=DIRECTION('center_axis',(0.,0.,-1.));
#6139=DIRECTION('ref_axis',(0.,-1.,0.));
#6140=DIRECTION('',(9.81307786677359E-16,0.707106781186548,-0.707106781186547));
#6141=DIRECTION('center_axis',(4.9065389333868E-17,-0.707106781186547,0.707106781186548));
#6142=DIRECTION('ref_axis',(1.,0.,-6.93889390390722E-17));
#6143=DIRECTION('',(0.,0.707106781186548,0.707106781186547));
#6144=DIRECTION('',(-1.,-6.93889390390723E-17,0.));
#6145=DIRECTION('center_axis',(0.,0.707106781186547,0.707106781186548));
#6146=DIRECTION('ref_axis',(1.,0.,0.));
#6147=DIRECTION('',(0.,0.707106781186548,-0.707106781186547));
#6148=DIRECTION('',(-1.,0.,0.));
#6149=DIRECTION('',(1.,0.,0.));
#6150=DIRECTION('center_axis',(0.,0.,-1.));
#6151=DIRECTION('ref_axis',(0.,1.,0.));
#6152=DIRECTION('center_axis',(0.,0.,1.));
#6153=DIRECTION('ref_axis',(0.,1.,0.));
#6154=DIRECTION('center_axis',(0.,0.,-1.));
#6155=DIRECTION('ref_axis',(0.,1.,0.));
#6156=DIRECTION('center_axis',(0.,0.,1.));
#6157=DIRECTION('ref_axis',(1.,0.,0.));
#6158=DIRECTION('center_axis',(0.,1.,0.));
#6159=DIRECTION('ref_axis',(0.,0.,1.));
#6160=DIRECTION('',(0.,0.,-1.));
#6161=DIRECTION('center_axis',(0.,0.,-1.));
#6162=DIRECTION('ref_axis',(0.,1.,0.));
#6163=DIRECTION('axis',(0.,0.,1.));
#6164=DIRECTION('refdir',(1.,0.,0.));
#6165=DIRECTION('center_axis',(0.,0.642787609686539,0.766044443118978));
#6166=DIRECTION('ref_axis',(1.,0.,0.));
#6167=DIRECTION('center_axis',(0.,-0.766044443118978,0.64278760968654));
#6168=DIRECTION('ref_axis',(-1.,0.,0.));
#6169=DIRECTION('center_axis',(0.,0.64278760968654,0.766044443118978));
#6170=DIRECTION('ref_axis',(0.,0.766044443118978,-0.642787609686539));
#6171=DIRECTION('center_axis',(0.,0.64278760968654,0.766044443118978));
#6172=DIRECTION('ref_axis',(0.,0.766044443118978,-0.642787609686539));
#6173=DIRECTION('center_axis',(0.,-0.866025403784439,-0.5));
#6174=DIRECTION('ref_axis',(1.,0.,0.));
#6175=DIRECTION('center_axis',(0.,0.5,-0.866025403784439));
#6176=DIRECTION('ref_axis',(-1.,0.,0.));
#6177=DIRECTION('center_axis',(0.,-0.866025403784439,-0.5));
#6178=DIRECTION('ref_axis',(0.,-0.5,0.866025403784439));
#6179=DIRECTION('center_axis',(0.,-0.866025403784439,-0.5));
#6180=DIRECTION('ref_axis',(0.,-0.5,0.866025403784439));
#6181=DIRECTION('center_axis',(0.,-0.984807753012208,0.173648177666931));
#6182=DIRECTION('ref_axis',(1.,0.,0.));
#6183=DIRECTION('center_axis',(0.,-0.173648177666931,-0.984807753012208));
#6184=DIRECTION('ref_axis',(-1.,0.,0.));
#6185=DIRECTION('center_axis',(0.,-0.984807753012208,0.173648177666931));
#6186=DIRECTION('ref_axis',(0.,0.173648177666931,0.984807753012208));
#6187=DIRECTION('center_axis',(0.,-0.984807753012208,0.173648177666931));
#6188=DIRECTION('ref_axis',(0.,0.173648177666931,0.984807753012208));
#6189=DIRECTION('center_axis',(0.,-0.342020143325669,-0.939692620785908));
#6190=DIRECTION('ref_axis',(1.,0.,0.));
#6191=DIRECTION('center_axis',(0.,0.939692620785908,-0.342020143325669));
#6192=DIRECTION('ref_axis',(-1.,0.,0.));
#6193=DIRECTION('center_axis',(0.,-0.342020143325669,-0.939692620785908));
#6194=DIRECTION('ref_axis',(0.,-0.939692620785908,0.342020143325669));
#6195=DIRECTION('center_axis',(0.,-0.342020143325669,-0.939692620785908));
#6196=DIRECTION('ref_axis',(0.,-0.939692620785908,0.342020143325669));
#6197=DIRECTION('center_axis',(0.,-0.642787609686539,0.766044443118978));
#6198=DIRECTION('ref_axis',(1.,0.,0.));
#6199=DIRECTION('center_axis',(0.,-0.766044443118978,-0.642787609686539));
#6200=DIRECTION('ref_axis',(-1.,0.,0.));
#6201=DIRECTION('center_axis',(0.,-0.642787609686539,0.766044443118978));
#6202=DIRECTION('ref_axis',(0.,0.766044443118978,0.642787609686539));
#6203=DIRECTION('center_axis',(0.,-0.642787609686539,0.766044443118978));
#6204=DIRECTION('ref_axis',(0.,0.766044443118978,0.642787609686539));
#6205=DIRECTION('center_axis',(0.,0.342020143325669,-0.939692620785908));
#6206=DIRECTION('ref_axis',(1.,0.,0.));
#6207=DIRECTION('center_axis',(0.,0.939692620785908,0.342020143325669));
#6208=DIRECTION('ref_axis',(-1.,0.,0.));
#6209=DIRECTION('center_axis',(0.,0.342020143325669,-0.939692620785908));
#6210=DIRECTION('ref_axis',(0.,-0.939692620785908,-0.342020143325669));
#6211=DIRECTION('center_axis',(0.,0.342020143325669,-0.939692620785908));
#6212=DIRECTION('ref_axis',(0.,-0.939692620785908,-0.342020143325669));
#6213=DIRECTION('center_axis',(0.,0.,1.));
#6214=DIRECTION('ref_axis',(1.,0.,0.));
#6215=DIRECTION('center_axis',(0.,-1.,0.));
#6216=DIRECTION('ref_axis',(-1.,0.,0.));
#6217=DIRECTION('center_axis',(0.,0.,1.));
#6218=DIRECTION('ref_axis',(0.,1.,0.));
#6219=DIRECTION('center_axis',(0.,0.,1.));
#6220=DIRECTION('ref_axis',(0.,1.,0.));
#6221=DIRECTION('center_axis',(0.,0.866025403784438,-0.5));
#6222=DIRECTION('ref_axis',(1.,0.,0.));
#6223=DIRECTION('center_axis',(0.,0.5,0.866025403784438));
#6224=DIRECTION('ref_axis',(-1.,0.,0.));
#6225=DIRECTION('center_axis',(0.,0.866025403784438,-0.5));
#6226=DIRECTION('ref_axis',(0.,-0.5,-0.866025403784438));
#6227=DIRECTION('center_axis',(0.,0.866025403784438,-0.5));
#6228=DIRECTION('ref_axis',(0.,-0.5,-0.866025403784438));
#6229=DIRECTION('center_axis',(1.,0.,0.));
#6230=DIRECTION('ref_axis',(-8.78340895017117E-17,1.,0.));
#6231=DIRECTION('center_axis',(1.,0.,0.));
#6232=DIRECTION('ref_axis',(-8.78340895017117E-17,1.,0.));
#6233=DIRECTION('center_axis',(1.,0.,0.));
#6234=DIRECTION('ref_axis',(-8.78340895017117E-17,1.,0.));
#6235=DIRECTION('center_axis',(1.,0.,0.));
#6236=DIRECTION('ref_axis',(-8.78340895017117E-17,1.,0.));
#6237=DIRECTION('center_axis',(1.,0.,0.));
#6238=DIRECTION('ref_axis',(-8.78340895017117E-17,1.,0.));
#6239=DIRECTION('center_axis',(1.,0.,0.));
#6240=DIRECTION('ref_axis',(-8.78340895017117E-17,1.,0.));
#6241=DIRECTION('center_axis',(1.,0.,0.));
#6242=DIRECTION('ref_axis',(-8.78340895017117E-17,1.,0.));
#6243=DIRECTION('',(-1.,0.,0.));
#6244=DIRECTION('center_axis',(1.,0.,0.));
#6245=DIRECTION('ref_axis',(-8.78340895017117E-17,1.,0.));
#6246=DIRECTION('center_axis',(1.,0.,0.));
#6247=DIRECTION('ref_axis',(-8.78340895017117E-17,1.,0.));
#6248=DIRECTION('center_axis',(1.,0.,0.));
#6249=DIRECTION('ref_axis',(-8.78340895017117E-17,1.,0.));
#6250=DIRECTION('center_axis',(1.,0.,0.));
#6251=DIRECTION('ref_axis',(-8.78340895017117E-17,1.,0.));
#6252=DIRECTION('center_axis',(1.,0.,0.));
#6253=DIRECTION('ref_axis',(-8.78340895017117E-17,1.,0.));
#6254=DIRECTION('center_axis',(1.,0.,0.));
#6255=DIRECTION('ref_axis',(-8.78340895017117E-17,1.,0.));
#6256=DIRECTION('center_axis',(-1.,0.,0.));
#6257=DIRECTION('ref_axis',(0.,0.,1.));
#6258=DIRECTION('center_axis',(1.,0.,0.));
#6259=DIRECTION('ref_axis',(-8.78340895017117E-17,1.,0.));
#6260=DIRECTION('center_axis',(1.,0.,0.));
#6261=DIRECTION('ref_axis',(-8.78340895017117E-17,1.,0.));
#6262=DIRECTION('center_axis',(1.,0.,0.));
#6263=DIRECTION('ref_axis',(-8.78340895017117E-17,1.,0.));
#6264=DIRECTION('',(-1.,0.,0.));
#6265=DIRECTION('center_axis',(1.,0.,0.));
#6266=DIRECTION('ref_axis',(-8.78340895017117E-17,1.,0.));
#6267=DIRECTION('center_axis',(1.,0.,0.));
#6268=DIRECTION('ref_axis',(-8.78340895017117E-17,1.,0.));
#6269=DIRECTION('center_axis',(1.,0.,0.));
#6270=DIRECTION('ref_axis',(-8.78340895017117E-17,1.,0.));
#6271=DIRECTION('center_axis',(1.,0.,0.));
#6272=DIRECTION('ref_axis',(-8.78340895017117E-17,1.,0.));
#6273=DIRECTION('center_axis',(1.,0.,0.));
#6274=DIRECTION('ref_axis',(-8.78340895017117E-17,1.,0.));
#6275=DIRECTION('',(-1.,0.,0.));
#6276=DIRECTION('center_axis',(1.,0.,0.));
#6277=DIRECTION('ref_axis',(-8.78340895017117E-17,1.,0.));
#6278=DIRECTION('center_axis',(1.,0.,0.));
#6279=DIRECTION('ref_axis',(-8.78340895017117E-17,1.,0.));
#6280=DIRECTION('center_axis',(1.,0.,0.));
#6281=DIRECTION('ref_axis',(0.,0.,-1.));
#6282=DIRECTION('center_axis',(1.,0.,0.));
#6283=DIRECTION('ref_axis',(-8.78340895017117E-17,1.,0.));
#6284=DIRECTION('center_axis',(1.,0.,0.));
#6285=DIRECTION('ref_axis',(-8.78340895017117E-17,1.,0.));
#6286=DIRECTION('center_axis',(1.,0.,0.));
#6287=DIRECTION('ref_axis',(-8.78340895017117E-17,1.,0.));
#6288=DIRECTION('',(-1.,0.,0.));
#6289=DIRECTION('center_axis',(1.,0.,0.));
#6290=DIRECTION('ref_axis',(-8.78340895017117E-17,1.,0.));
#6291=DIRECTION('center_axis',(1.,0.,0.));
#6292=DIRECTION('ref_axis',(-8.78340895017117E-17,1.,0.));
#6293=DIRECTION('center_axis',(1.,0.,0.));
#6294=DIRECTION('ref_axis',(-8.78340895017117E-17,1.,0.));
#6295=DIRECTION('center_axis',(1.,0.,0.));
#6296=DIRECTION('ref_axis',(-8.78340895017117E-17,1.,0.));
#6297=DIRECTION('center_axis',(1.,0.,0.));
#6298=DIRECTION('ref_axis',(-8.78340895017117E-17,1.,0.));
#6299=DIRECTION('center_axis',(1.,0.,0.));
#6300=DIRECTION('ref_axis',(-8.78340895017117E-17,1.,0.));
#6301=DIRECTION('center_axis',(1.,0.,0.));
#6302=DIRECTION('ref_axis',(-8.78340895017117E-17,1.,0.));
#6303=DIRECTION('center_axis',(1.,0.,0.));
#6304=DIRECTION('ref_axis',(-8.78340895017117E-17,1.,0.));
#6305=DIRECTION('center_axis',(1.,0.,0.));
#6306=DIRECTION('ref_axis',(-8.78340895017117E-17,1.,0.));
#6307=DIRECTION('center_axis',(1.,0.,0.));
#6308=DIRECTION('ref_axis',(-8.78340895017117E-17,1.,0.));
#6309=DIRECTION('center_axis',(1.,0.,0.));
#6310=DIRECTION('ref_axis',(0.,0.,-1.));
#6311=DIRECTION('center_axis',(0.,0.64278760968654,0.766044443118978));
#6312=DIRECTION('ref_axis',(0.,0.766044443118978,-0.642787609686539));
#6313=DIRECTION('center_axis',(0.,0.984807753012208,0.17364817766693));
#6314=DIRECTION('ref_axis',(0.,0.17364817766693,-0.984807753012208));
#6315=DIRECTION('center_axis',(1.,0.,0.));
#6316=DIRECTION('ref_axis',(0.,0.,-1.));
#6317=DIRECTION('center_axis',(1.,0.,0.));
#6318=DIRECTION('ref_axis',(0.,-1.,1.22464679914735E-16));
#6319=DIRECTION('center_axis',(1.,0.,0.));
#6320=DIRECTION('ref_axis',(0.,-1.,1.22464679914735E-16));
#6321=DIRECTION('center_axis',(1.,0.,0.));
#6322=DIRECTION('ref_axis',(0.,0.,-1.));
#6323=DIRECTION('center_axis',(-1.,0.,0.));
#6324=DIRECTION('ref_axis',(0.,-1.,1.22464679914735E-16));
#6325=DIRECTION('center_axis',(-1.,0.,0.));
#6326=DIRECTION('ref_axis',(0.,-1.,1.22464679914735E-16));
#6327=DIRECTION('center_axis',(0.,-1.,-1.22464679914735E-16));
#6328=DIRECTION('ref_axis',(0.,-1.22464679914735E-16,1.));
#6329=DIRECTION('center_axis',(-1.,0.,0.));
#6330=DIRECTION('ref_axis',(0.,-1.,1.22464679914735E-16));
#6331=DIRECTION('center_axis',(-1.,0.,0.));
#6332=DIRECTION('ref_axis',(0.,0.,1.));
#6333=DIRECTION('center_axis',(-1.,0.,0.));
#6334=DIRECTION('ref_axis',(0.,-1.,1.22464679914735E-16));
#6335=DIRECTION('center_axis',(-1.,0.,0.));
#6336=DIRECTION('ref_axis',(0.,-1.,1.22464679914735E-16));
#6337=DIRECTION('center_axis',(1.,0.,0.));
#6338=DIRECTION('ref_axis',(-8.78340895017117E-17,1.,0.));
#6339=DIRECTION('',(-1.,0.,0.));
#6340=DIRECTION('center_axis',(1.,0.,0.));
#6341=DIRECTION('ref_axis',(0.,-1.,1.22464679914735E-16));
#6342=DIRECTION('center_axis',(1.,0.,0.));
#6343=DIRECTION('ref_axis',(0.,-1.,1.22464679914735E-16));
#6344=DIRECTION('center_axis',(1.,0.,0.));
#6345=DIRECTION('ref_axis',(0.,-1.,1.22464679914735E-16));
#6346=DIRECTION('center_axis',(1.,0.,0.));
#6347=DIRECTION('ref_axis',(0.,0.,-1.));
#6348=DIRECTION('center_axis',(0.,-1.,-1.22464679914735E-16));
#6349=DIRECTION('ref_axis',(0.,-1.22464679914735E-16,1.));
#6350=DIRECTION('center_axis',(1.,0.,0.));
#6351=DIRECTION('ref_axis',(0.,0.,-1.));
#6352=DIRECTION('center_axis',(0.,0.,1.));
#6353=DIRECTION('ref_axis',(0.,1.,0.));
#6354=DIRECTION('center_axis',(1.,0.,0.));
#6355=DIRECTION('ref_axis',(0.,0.,-1.));
#6356=DIRECTION('center_axis',(0.,0.866025403784438,-0.5));
#6357=DIRECTION('ref_axis',(0.,-0.5,-0.866025403784438));
#6358=DIRECTION('center_axis',(1.,0.,0.));
#6359=DIRECTION('ref_axis',(0.,0.,-1.));
#6360=DIRECTION('center_axis',(0.,0.342020143325669,-0.939692620785908));
#6361=DIRECTION('ref_axis',(0.,-0.939692620785908,-0.342020143325669));
#6362=DIRECTION('center_axis',(1.,0.,0.));
#6363=DIRECTION('ref_axis',(0.,0.,-1.));
#6364=DIRECTION('center_axis',(0.,-0.342020143325669,-0.939692620785908));
#6365=DIRECTION('ref_axis',(0.,-0.939692620785908,0.342020143325669));
#6366=DIRECTION('center_axis',(1.,0.,0.));
#6367=DIRECTION('ref_axis',(0.,0.,-1.));
#6368=DIRECTION('center_axis',(0.,-0.866025403784439,-0.5));
#6369=DIRECTION('ref_axis',(0.,-0.5,0.866025403784439));
#6370=DIRECTION('center_axis',(1.,0.,0.));
#6371=DIRECTION('ref_axis',(0.,-0.17364817766693,0.984807753012208));
#6372=DIRECTION('center_axis',(0.,-0.984807753012208,0.173648177666931));
#6373=DIRECTION('ref_axis',(0.,0.173648177666931,0.984807753012208));
#6374=DIRECTION('center_axis',(1.,0.,0.));
#6375=DIRECTION('ref_axis',(0.,0.,-1.));
#6376=DIRECTION('center_axis',(0.,-0.642787609686539,0.766044443118978));
#6377=DIRECTION('ref_axis',(0.,0.766044443118978,0.642787609686539));
#6378=DIRECTION('center_axis',(1.,0.,0.));
#6379=DIRECTION('ref_axis',(0.,0.,-1.));
#6380=DIRECTION('center_axis',(0.,0.984807753012208,0.17364817766693));
#6381=DIRECTION('ref_axis',(1.,0.,0.));
#6382=DIRECTION('center_axis',(0.,-0.17364817766693,0.984807753012208));
#6383=DIRECTION('ref_axis',(-1.,0.,0.));
#6384=DIRECTION('center_axis',(0.,0.984807753012208,0.17364817766693));
#6385=DIRECTION('ref_axis',(0.,0.17364817766693,-0.984807753012208));
#6386=DIRECTION('center_axis',(0.,0.984807753012208,0.17364817766693));
#6387=DIRECTION('ref_axis',(0.,0.17364817766693,-0.984807753012208));
#6388=DIRECTION('center_axis',(1.,0.,0.));
#6389=DIRECTION('ref_axis',(0.,1.,0.));
#6390=DIRECTION('center_axis',(1.,0.,0.));
#6391=DIRECTION('ref_axis',(0.,1.,0.));
#6392=DIRECTION('',(-1.,0.,0.));
#6393=DIRECTION('center_axis',(1.,0.,0.));
#6394=DIRECTION('ref_axis',(0.,1.,0.));
#6395=DIRECTION('center_axis',(1.,0.,0.));
#6396=DIRECTION('ref_axis',(0.,1.,0.));
#6397=DIRECTION('center_axis',(1.,0.,0.));
#6398=DIRECTION('ref_axis',(0.,1.,0.));
#6399=DIRECTION('center_axis',(1.,0.,0.));
#6400=DIRECTION('ref_axis',(0.,1.,0.));
#6401=DIRECTION('center_axis',(1.,0.,0.));
#6402=DIRECTION('ref_axis',(0.,1.,0.));
#6403=DIRECTION('center_axis',(1.,0.,0.));
#6404=DIRECTION('ref_axis',(0.,1.,0.));
#6405=DIRECTION('center_axis',(1.,0.,0.));
#6406=DIRECTION('ref_axis',(0.,1.,0.));
#6407=DIRECTION('center_axis',(1.,0.,0.));
#6408=DIRECTION('ref_axis',(0.,1.,0.));
#6409=DIRECTION('center_axis',(1.,0.,0.));
#6410=DIRECTION('ref_axis',(0.,1.,0.));
#6411=DIRECTION('center_axis',(1.,0.,0.));
#6412=DIRECTION('ref_axis',(0.,1.,0.));
#6413=DIRECTION('center_axis',(1.,0.,0.));
#6414=DIRECTION('ref_axis',(0.,1.,0.));
#6415=DIRECTION('center_axis',(1.,0.,0.));
#6416=DIRECTION('ref_axis',(0.,0.,-1.));
#6417=DIRECTION('center_axis',(1.,0.,0.));
#6418=DIRECTION('ref_axis',(0.,1.,0.));
#6419=DIRECTION('center_axis',(1.,0.,0.));
#6420=DIRECTION('ref_axis',(0.,1.,0.));
#6421=DIRECTION('center_axis',(1.,0.,0.));
#6422=DIRECTION('ref_axis',(0.,1.,0.));
#6423=DIRECTION('center_axis',(1.,0.,0.));
#6424=DIRECTION('ref_axis',(0.,1.,0.));
#6425=DIRECTION('',(-1.,0.,0.));
#6426=DIRECTION('center_axis',(1.,0.,0.));
#6427=DIRECTION('ref_axis',(0.,1.,0.));
#6428=DIRECTION('center_axis',(1.,0.,0.));
#6429=DIRECTION('ref_axis',(0.,1.,0.));
#6430=DIRECTION('center_axis',(1.,0.,0.));
#6431=DIRECTION('ref_axis',(0.,1.,0.));
#6432=DIRECTION('',(-1.,0.,0.));
#6433=DIRECTION('center_axis',(1.,0.,0.));
#6434=DIRECTION('ref_axis',(0.,1.,0.));
#6435=DIRECTION('center_axis',(1.,0.,0.));
#6436=DIRECTION('ref_axis',(0.,1.,0.));
#6437=DIRECTION('center_axis',(1.,0.,0.));
#6438=DIRECTION('ref_axis',(0.,1.,0.));
#6439=DIRECTION('center_axis',(-1.,0.,0.));
#6440=DIRECTION('ref_axis',(0.,0.,1.));
#6441=DIRECTION('center_axis',(1.,0.,0.));
#6442=DIRECTION('ref_axis',(0.,1.,0.));
#6443=DIRECTION('center_axis',(1.,0.,0.));
#6444=DIRECTION('ref_axis',(0.,1.,0.));
#6445=DIRECTION('center_axis',(1.,0.,0.));
#6446=DIRECTION('ref_axis',(0.,1.,0.));
#6447=DIRECTION('center_axis',(1.,0.,0.));
#6448=DIRECTION('ref_axis',(0.,1.,0.));
#6449=DIRECTION('center_axis',(1.,0.,0.));
#6450=DIRECTION('ref_axis',(0.,1.,0.));
#6451=DIRECTION('center_axis',(1.,0.,0.));
#6452=DIRECTION('ref_axis',(0.,1.,0.));
#6453=DIRECTION('center_axis',(1.,0.,0.));
#6454=DIRECTION('ref_axis',(0.,1.,0.));
#6455=DIRECTION('center_axis',(1.,0.,0.));
#6456=DIRECTION('ref_axis',(0.,1.,0.));
#6457=DIRECTION('',(-1.,0.,0.));
#6458=DIRECTION('center_axis',(1.,0.,0.));
#6459=DIRECTION('ref_axis',(0.,1.,0.));
#6460=DIRECTION('center_axis',(1.,0.,0.));
#6461=DIRECTION('ref_axis',(0.,1.,0.));
#6462=DIRECTION('center_axis',(1.,0.,0.));
#6463=DIRECTION('ref_axis',(0.,1.,0.));
#6464=DIRECTION('center_axis',(1.,0.,0.));
#6465=DIRECTION('ref_axis',(0.,1.,0.));
#6466=DIRECTION('center_axis',(1.,0.,0.));
#6467=DIRECTION('ref_axis',(0.,1.,0.));
#6468=DIRECTION('center_axis',(1.,0.,0.));
#6469=DIRECTION('ref_axis',(0.,0.,-1.));
#6470=DIRECTION('center_axis',(0.,0.64278760968654,0.766044443118978));
#6471=DIRECTION('ref_axis',(0.,0.766044443118978,-0.642787609686539));
#6472=DIRECTION('center_axis',(0.,0.984807753012208,0.17364817766693));
#6473=DIRECTION('ref_axis',(0.,0.17364817766693,-0.984807753012208));
#6474=DIRECTION('center_axis',(-1.,0.,0.));
#6475=DIRECTION('ref_axis',(0.,0.,1.));
#6476=DIRECTION('center_axis',(1.,0.,0.));
#6477=DIRECTION('ref_axis',(0.,-1.,1.22464679914735E-16));
#6478=DIRECTION('center_axis',(1.,0.,0.));
#6479=DIRECTION('ref_axis',(0.,-1.,1.22464679914735E-16));
#6480=DIRECTION('center_axis',(1.,0.,0.));
#6481=DIRECTION('ref_axis',(0.,0.,-1.));
#6482=DIRECTION('center_axis',(-1.,0.,0.));
#6483=DIRECTION('ref_axis',(0.,-1.,1.22464679914735E-16));
#6484=DIRECTION('center_axis',(-1.,0.,0.));
#6485=DIRECTION('ref_axis',(0.,-1.,1.22464679914735E-16));
#6486=DIRECTION('center_axis',(0.,-1.,-1.22464679914735E-16));
#6487=DIRECTION('ref_axis',(0.,-1.22464679914735E-16,1.));
#6488=DIRECTION('center_axis',(-1.,0.,0.));
#6489=DIRECTION('ref_axis',(0.,-1.,1.22464679914735E-16));
#6490=DIRECTION('center_axis',(1.,0.,0.));
#6491=DIRECTION('ref_axis',(0.,0.,-1.));
#6492=DIRECTION('center_axis',(-1.,0.,0.));
#6493=DIRECTION('ref_axis',(0.,-1.,1.22464679914735E-16));
#6494=DIRECTION('center_axis',(-1.,0.,0.));
#6495=DIRECTION('ref_axis',(0.,-1.,1.22464679914735E-16));
#6496=DIRECTION('center_axis',(1.,0.,0.));
#6497=DIRECTION('ref_axis',(0.,1.,0.));
#6498=DIRECTION('center_axis',(1.,0.,0.));
#6499=DIRECTION('ref_axis',(0.,-1.,1.22464679914735E-16));
#6500=DIRECTION('center_axis',(1.,0.,0.));
#6501=DIRECTION('ref_axis',(0.,-1.,1.22464679914735E-16));
#6502=DIRECTION('',(-1.,0.,0.));
#6503=DIRECTION('center_axis',(1.,0.,0.));
#6504=DIRECTION('ref_axis',(0.,-1.,1.22464679914735E-16));
#6505=DIRECTION('center_axis',(1.,0.,0.));
#6506=DIRECTION('ref_axis',(0.,0.,-1.));
#6507=DIRECTION('center_axis',(0.,-1.,-1.22464679914735E-16));
#6508=DIRECTION('ref_axis',(0.,-1.22464679914735E-16,1.));
#6509=DIRECTION('center_axis',(1.,0.,0.));
#6510=DIRECTION('ref_axis',(0.,0.,-1.));
#6511=DIRECTION('center_axis',(0.,0.,1.));
#6512=DIRECTION('ref_axis',(0.,1.,0.));
#6513=DIRECTION('center_axis',(1.,0.,0.));
#6514=DIRECTION('ref_axis',(0.,0.,-1.));
#6515=DIRECTION('center_axis',(0.,0.866025403784438,-0.5));
#6516=DIRECTION('ref_axis',(0.,-0.5,-0.866025403784438));
#6517=DIRECTION('center_axis',(1.,0.,0.));
#6518=DIRECTION('ref_axis',(0.,0.,-1.));
#6519=DIRECTION('center_axis',(0.,0.342020143325669,-0.939692620785908));
#6520=DIRECTION('ref_axis',(0.,-0.939692620785908,-0.342020143325669));
#6521=DIRECTION('center_axis',(1.,0.,0.));
#6522=DIRECTION('ref_axis',(0.,0.,-1.));
#6523=DIRECTION('center_axis',(0.,-0.342020143325669,-0.939692620785908));
#6524=DIRECTION('ref_axis',(0.,-0.939692620785908,0.342020143325669));
#6525=DIRECTION('center_axis',(1.,0.,0.));
#6526=DIRECTION('ref_axis',(0.,0.,-1.));
#6527=DIRECTION('center_axis',(0.,-0.866025403784439,-0.5));
#6528=DIRECTION('ref_axis',(0.,-0.5,0.866025403784439));
#6529=DIRECTION('center_axis',(1.,0.,0.));
#6530=DIRECTION('ref_axis',(0.,-0.17364817766693,0.984807753012208));
#6531=DIRECTION('center_axis',(0.,-0.984807753012208,0.173648177666931));
#6532=DIRECTION('ref_axis',(0.,0.173648177666931,0.984807753012208));
#6533=DIRECTION('center_axis',(1.,0.,0.));
#6534=DIRECTION('ref_axis',(0.,0.,-1.));
#6535=DIRECTION('center_axis',(0.,-0.642787609686539,0.766044443118978));
#6536=DIRECTION('ref_axis',(0.,0.766044443118978,0.642787609686539));
#6537=DIRECTION('center_axis',(1.,0.,0.));
#6538=DIRECTION('ref_axis',(0.,0.,-1.));
#6539=DIRECTION('',(0.,0.,1.));
#6540=DIRECTION('',(1.,0.,0.));
#6541=DIRECTION('',(-4.53591810256534E-18,1.,-1.1330458674769E-18));
#6542=DIRECTION('',(0.837407171408608,4.41771007408517E-18,0.546579572682181));
#6543=DIRECTION('',(-2.27028806435752E-17,1.,1.02798136678279E-31));
#6544=DIRECTION('',(1.84581137144735E-16,-9.86076131526265E-32,1.));
#6545=DIRECTION('',(0.,1.,0.));
#6546=DIRECTION('',(0.999826075200413,0.,-0.0186499155316785));
#6547=DIRECTION('',(0.,1.,0.));
#6548=DIRECTION('',(1.,0.,0.));
#6549=DIRECTION('',(0.,1.,0.));
#6550=DIRECTION('',(1.,0.,0.));
#6551=DIRECTION('',(-7.56308228004196E-19,-8.90649619480615E-19,-1.));
#6552=DIRECTION('',(1.11022302462516E-16,1.,-8.90649619480615E-19));
#6553=DIRECTION('',(0.0186515955385015,0.,0.999826043861565));
#6554=DIRECTION('',(0.,1.,0.));
#6555=DIRECTION('',(0.,0.,1.));
#6556=DIRECTION('',(0.,1.,0.));
#6557=DIRECTION('center_axis',(0.,0.,1.));
#6558=DIRECTION('ref_axis',(1.,0.,0.));
#6559=CARTESIAN_POINT('',(0.,0.,0.));
#6560=CARTESIAN_POINT('',(0.,0.,0.));
#6561=CARTESIAN_POINT('Origin',(0.,10.3660254037844,0.));
#6562=CARTESIAN_POINT('',(6.70820393249937,11.2320508075689,-6.));
#6563=CARTESIAN_POINT('',(5.29150262212918,9.5,-6.));
#6564=CARTESIAN_POINT('Ctrl Pts',(6.70820393249937,11.2320508075689,-6.));
#6565=CARTESIAN_POINT('Ctrl Pts',(5.95818559171511,10.2637812931664,-6.));
#6566=CARTESIAN_POINT('Ctrl Pts',(5.29150262212918,9.5,-6.));
#6567=CARTESIAN_POINT('',(9.,11.2320508075689,-1.10218211923262E-15));
#6568=CARTESIAN_POINT('Origin',(0.,11.2320508075689,0.));
#6569=CARTESIAN_POINT('',(6.70820393249937,11.2320508075689,6.));
#6570=CARTESIAN_POINT('Origin',(0.,11.2320508075689,0.));
#6571=CARTESIAN_POINT('',(5.29150262212918,9.5,6.));
#6572=CARTESIAN_POINT('Ctrl Pts',(5.29150262212918,9.5,6.));
#6573=CARTESIAN_POINT('Ctrl Pts',(5.95818559171511,10.2637812931664,6.));
#6574=CARTESIAN_POINT('Ctrl Pts',(6.70820393249937,11.2320508075689,6.));
#6575=CARTESIAN_POINT('Origin',(0.,9.5,0.));
#6576=CARTESIAN_POINT('Origin',(0.,10.3660254037844,0.));
#6577=CARTESIAN_POINT('',(-5.29150262212918,9.5,-6.));
#6578=CARTESIAN_POINT('',(-6.70820393249937,11.2320508075689,-6.));
#6579=CARTESIAN_POINT('Ctrl Pts',(-5.29150262212918,9.5,-6.));
#6580=CARTESIAN_POINT('Ctrl Pts',(-5.95818559171511,10.2637812931664,-6.));
#6581=CARTESIAN_POINT('Ctrl Pts',(-6.70820393249937,11.2320508075689,-6.));
#6582=CARTESIAN_POINT('',(-5.29150262212918,9.5,6.));
#6583=CARTESIAN_POINT('Origin',(0.,9.5,0.));
#6584=CARTESIAN_POINT('',(-6.70820393249937,11.2320508075689,6.));
#6585=CARTESIAN_POINT('Ctrl Pts',(-6.70820393249937,11.2320508075689,6.));
#6586=CARTESIAN_POINT('Ctrl Pts',(-5.95818559171511,10.2637812931664,6.));
#6587=CARTESIAN_POINT('Ctrl Pts',(-5.29150262212918,9.5,6.));
#6588=CARTESIAN_POINT('Origin',(0.,11.2320508075689,0.));
#6589=CARTESIAN_POINT('Origin',(0.,8.63397459621556,0.));
#6590=CARTESIAN_POINT('',(6.70820393249937,7.76794919243112,-6.));
#6591=CARTESIAN_POINT('Ctrl Pts',(5.29150262212918,9.5,-6.));
#6592=CARTESIAN_POINT('Ctrl Pts',(5.95818559171513,8.73621870683362,-6.));
#6593=CARTESIAN_POINT('Ctrl Pts',(6.70820393249937,7.76794919243112,-6.));
#6594=CARTESIAN_POINT('',(6.70820393249937,7.76794919243112,6.));
#6595=CARTESIAN_POINT('Ctrl Pts',(6.70820393249937,7.76794919243112,6.));
#6596=CARTESIAN_POINT('Ctrl Pts',(5.95818559171513,8.73621870683362,6.));
#6597=CARTESIAN_POINT('Ctrl Pts',(5.29150262212918,9.5,6.));
#6598=CARTESIAN_POINT('Origin',(0.,7.76794919243112,0.));
#6599=CARTESIAN_POINT('Origin',(0.,8.63397459621556,0.));
#6600=CARTESIAN_POINT('',(-6.70820393249937,7.76794919243112,-6.));
#6601=CARTESIAN_POINT('Ctrl Pts',(-6.70820393249937,7.76794919243112,-6.));
#6602=CARTESIAN_POINT('Ctrl Pts',(-5.95818559171513,8.73621870683362,-6.));
#6603=CARTESIAN_POINT('Ctrl Pts',(-5.29150262212918,9.5,-6.));
#6604=CARTESIAN_POINT('',(-6.70820393249937,7.76794919243112,6.));
#6605=CARTESIAN_POINT('Origin',(0.,7.76794919243112,0.));
#6606=CARTESIAN_POINT('Ctrl Pts',(-5.29150262212918,9.5,6.));
#6607=CARTESIAN_POINT('Ctrl Pts',(-5.95818559171513,8.73621870683362,6.));
#6608=CARTESIAN_POINT('Ctrl Pts',(-6.70820393249937,7.76794919243112,6.));
#6609=CARTESIAN_POINT('Origin',(0.,11.6,0.));
#6610=CARTESIAN_POINT('',(6.70820393249937,2.,6.));
#6611=CARTESIAN_POINT('',(6.70820393249937,11.6,6.));
#6612=CARTESIAN_POINT('',(6.70820393249937,2.,-6.));
#6613=CARTESIAN_POINT('Origin',(0.,2.,0.));
#6614=CARTESIAN_POINT('',(6.70820393249937,11.6,-6.));
#6615=CARTESIAN_POINT('Origin',(0.,11.6,0.));
#6616=CARTESIAN_POINT('',(-6.70820393249937,2.,-6.));
#6617=CARTESIAN_POINT('',(-6.70820393249937,11.6,-6.));
#6618=CARTESIAN_POINT('',(-6.70820393249937,2.,6.));
#6619=CARTESIAN_POINT('Origin',(0.,2.,0.));
#6620=CARTESIAN_POINT('',(-6.70820393249937,11.6,6.));
#6621=CARTESIAN_POINT('Origin',(0.,11.6,0.));
#6622=CARTESIAN_POINT('',(-9.,23.2,0.));
#6623=CARTESIAN_POINT('',(9.,23.2,-1.10218211923262E-15));
#6624=CARTESIAN_POINT('Origin',(0.,23.2,0.));
#6625=CARTESIAN_POINT('Origin',(0.,23.2,0.));
#6626=CARTESIAN_POINT('',(9.,11.6,-1.10218211923262E-15));
#6627=CARTESIAN_POINT('',(6.70820393249937,17.2,-6.));
#6628=CARTESIAN_POINT('',(6.70820393249937,11.6,-6.));
#6629=CARTESIAN_POINT('',(-6.70820393249937,17.2,-6.));
#6630=CARTESIAN_POINT('Origin',(0.,17.2,0.));
#6631=CARTESIAN_POINT('',(-6.70820393249937,11.6,-6.));
#6632=CARTESIAN_POINT('',(-6.70820393249937,17.2,6.));
#6633=CARTESIAN_POINT('',(-6.70820393249937,11.6,6.));
#6634=CARTESIAN_POINT('',(6.70820393249937,17.2,6.));
#6635=CARTESIAN_POINT('Origin',(0.,17.2,0.));
#6636=CARTESIAN_POINT('',(6.70820393249937,11.6,6.));
#6637=CARTESIAN_POINT('Origin',(-6.70820393249937,-8.26636589424463E-16,
6.));
#6638=CARTESIAN_POINT('',(-5.9557426842111,0.499999999999999,6.));
#6639=CARTESIAN_POINT('Ctrl Pts',(-5.9557426842111,0.499999999999998,6.));
#6640=CARTESIAN_POINT('Ctrl Pts',(-6.32020496888207,1.20543680392176,6.));
#6641=CARTESIAN_POINT('Ctrl Pts',(-6.70820393249937,2.,6.));
#6642=CARTESIAN_POINT('',(5.9557426842111,0.499999999999999,6.));
#6643=CARTESIAN_POINT('',(-5.60410196624968,0.499999999999999,6.));
#6644=CARTESIAN_POINT('Ctrl Pts',(6.70820393249937,2.,6.));
#6645=CARTESIAN_POINT('Ctrl Pts',(6.32020496888207,1.20543680392176,6.));
#6646=CARTESIAN_POINT('Ctrl Pts',(5.9557426842111,0.499999999999998,6.));
#6647=CARTESIAN_POINT('',(-6.70820393249937,17.2,6.));
#6648=CARTESIAN_POINT('Origin',(0.,87.95,0.));
#6649=CARTESIAN_POINT('',(-9.49999999999999,88.2,-1.16337603613126E-15));
#6650=CARTESIAN_POINT('Origin',(0.,88.2,0.));
#6651=CARTESIAN_POINT('',(-9.99999999999999,87.7,1.22460635382238E-15));
#6652=CARTESIAN_POINT('',(-9.74999999999999,87.95,1.19403062916867E-15));
#6653=CARTESIAN_POINT('',(9.99999999999999,87.7,-1.22464679914735E-15));
#6654=CARTESIAN_POINT('Origin',(0.,87.7,0.));
#6655=CARTESIAN_POINT('Origin',(0.,87.7,0.));
#6656=CARTESIAN_POINT('Origin',(0.,87.25,0.));
#6657=CARTESIAN_POINT('',(9.99999999999999,86.3,-1.22464679914735E-15));
#6658=CARTESIAN_POINT('',(9.99999999999999,87.25,-1.22464679914735E-15));
#6659=CARTESIAN_POINT('',(-9.99999999999999,86.3,0.));
#6660=CARTESIAN_POINT('Origin',(0.,86.3,0.));
#6661=CARTESIAN_POINT('Origin',(0.,86.3,0.));
#6662=CARTESIAN_POINT('Origin',(-5.,88.2,0.));
#6663=CARTESIAN_POINT('Origin',(0.,0.999999999999999,0.));
#6664=CARTESIAN_POINT('',(5.9557426842111,0.499999999999999,-6.));
#6665=CARTESIAN_POINT('Ctrl Pts',(5.9557426842111,0.499999999999998,-6.));
#6666=CARTESIAN_POINT('Ctrl Pts',(6.32020496888207,1.20543680392176,-6.));
#6667=CARTESIAN_POINT('Ctrl Pts',(6.70820393249937,2.,-6.));
#6668=CARTESIAN_POINT('',(6.17875140235824,-8.32667268468867E-16,5.5));
#6669=CARTESIAN_POINT('Origin',(3.33066907387547E-15,-2.86932899469829,
2.63067100530171));
#6670=CARTESIAN_POINT('',(6.17875140235824,-8.32667268468867E-16,-5.5));
#6671=CARTESIAN_POINT('Origin',(0.,-8.32667268468867E-16,0.));
#6672=CARTESIAN_POINT('Origin',(1.11022302462516E-15,-2.86932899469828,
-2.63067100530171));
#6673=CARTESIAN_POINT('Origin',(6.70820393249937,-8.26636589424463E-16,
-6.));
#6674=CARTESIAN_POINT('',(6.70820393249937,17.2,-6.));
#6675=CARTESIAN_POINT('',(-5.9557426842111,0.499999999999999,-6.));
#6676=CARTESIAN_POINT('',(1.10410196624968,0.499999999999999,-6.));
#6677=CARTESIAN_POINT('Ctrl Pts',(-6.70820393249937,2.,-6.));
#6678=CARTESIAN_POINT('Ctrl Pts',(-6.32020496888207,1.20543680392176,-6.));
#6679=CARTESIAN_POINT('Ctrl Pts',(-5.9557426842111,0.499999999999998,-6.));
#6680=CARTESIAN_POINT('Origin',(1.10410196624968,0.249999999999999,-5.75));
#6681=CARTESIAN_POINT('',(-6.17875140235824,-8.32667268468867E-16,-5.5));
#6682=CARTESIAN_POINT('',(1.10410196624968,-8.32667268468867E-16,-5.5));
#6683=CARTESIAN_POINT('Origin',(-3.33066907387547E-15,-2.86932899469829,
-2.63067100530171));
#6684=CARTESIAN_POINT('Origin',(0.,0.999999999999999,0.));
#6685=CARTESIAN_POINT('',(-6.17875140235824,-8.32667268468867E-16,5.5));
#6686=CARTESIAN_POINT('Origin',(0.,-8.32667268468867E-16,0.));
#6687=CARTESIAN_POINT('Origin',(-1.11022302462516E-15,-2.86932899469828,
2.63067100530171));
#6688=CARTESIAN_POINT('Origin',(-5.60410196624968,0.249999999999999,5.75));
#6689=CARTESIAN_POINT('',(-5.60410196624968,-8.32667268468867E-16,5.5));
#6690=CARTESIAN_POINT('Origin',(6.1775480054852E-16,17.2,-6.94321103749186));
#6691=CARTESIAN_POINT('Origin',(-4.03717463500057E-16,17.2,6.94321103749186));
#6692=CARTESIAN_POINT('Origin',(1.66533453693773E-15,81.1991206710121,10.));
#6693=CARTESIAN_POINT('',(-3.,81.1991206710121,9.53939201416945));
#6694=CARTESIAN_POINT('',(-2.46519032881566E-31,84.1991206710121,10.));
#6695=CARTESIAN_POINT('Ctrl Pts',(-3.,81.1991206710121,9.53939201416945));
#6696=CARTESIAN_POINT('Ctrl Pts',(-3.,81.5783979250013,9.53939201416945));
#6697=CARTESIAN_POINT('Ctrl Pts',(-2.92372091609922,81.9812281564403,9.56437939057487));
#6698=CARTESIAN_POINT('Ctrl Pts',(-2.61686672615766,82.7195962087282,9.65284956103207));
#6699=CARTESIAN_POINT('Ctrl Pts',(-2.38640531261462,83.0553560455167,9.71486751729016));
#6700=CARTESIAN_POINT('Ctrl Pts',(-1.85631434471708,83.5854470134143,9.82993562614982));
#6701=CARTESIAN_POINT('Ctrl Pts',(-1.52052241900622,83.8159695780451,9.89071194990079));
#6702=CARTESIAN_POINT('Ctrl Pts',(-0.782037717481873,84.1228689175228,9.97630133387832));
#6703=CARTESIAN_POINT('Ctrl Pts',(-0.379164265292,84.1991206710121,10.));
#6704=CARTESIAN_POINT('Ctrl Pts',(2.28983498828939E-15,84.1991206710121,
10.));
#6705=CARTESIAN_POINT('',(-3.,81.1991206710121,6.5));
#6706=CARTESIAN_POINT('',(-3.,81.1991206710121,10.));
#6707=CARTESIAN_POINT('',(3.,81.1991206710121,6.5));
#6708=CARTESIAN_POINT('Origin',(1.66533453693773E-15,81.1991206710121,6.5));
#6709=CARTESIAN_POINT('',(3.,81.1991206710121,9.53939201416945));
#6710=CARTESIAN_POINT('',(3.,81.1991206710121,10.));
#6711=CARTESIAN_POINT('Ctrl Pts',(-2.08166817117217E-16,84.1991206710121,
10.));
#6712=CARTESIAN_POINT('Ctrl Pts',(0.379164265292002,84.1991206710121,10.));
#6713=CARTESIAN_POINT('Ctrl Pts',(0.782037717481875,84.1228689175228,9.97630133387832));
#6714=CARTESIAN_POINT('Ctrl Pts',(1.52052241900622,83.8159695780451,9.89071194990079));
#6715=CARTESIAN_POINT('Ctrl Pts',(1.85631434471708,83.5854470134143,9.82993562614982));
#6716=CARTESIAN_POINT('Ctrl Pts',(2.38640531261462,83.0553560455167,9.71486751729016));
#6717=CARTESIAN_POINT('Ctrl Pts',(2.61686672615766,82.7195962087282,9.65284956103207));
#6718=CARTESIAN_POINT('Ctrl Pts',(2.92372091609922,81.9812281564403,9.56437939057487));
#6719=CARTESIAN_POINT('Ctrl Pts',(3.,81.5783979250013,9.53939201416945));
#6720=CARTESIAN_POINT('Ctrl Pts',(3.,81.1991206710121,9.53939201416945));
#6721=CARTESIAN_POINT('Origin',(3.,73.1991206710121,10.));
#6722=CARTESIAN_POINT('',(3.,73.1991206710121,9.53939201416945));
#6723=CARTESIAN_POINT('',(3.,60.2,9.53939201416945));
#6724=CARTESIAN_POINT('',(3.,73.1991206710121,6.5));
#6725=CARTESIAN_POINT('',(3.,73.1991206710121,6.5));
#6726=CARTESIAN_POINT('',(3.,73.1991206710121,10.));
#6727=CARTESIAN_POINT('Origin',(-3.,81.1991206710121,10.));
#6728=CARTESIAN_POINT('',(-3.,73.1991206710121,9.53939201416945));
#6729=CARTESIAN_POINT('',(-3.,60.2,9.53939201416945));
#6730=CARTESIAN_POINT('',(-3.,73.1991206710121,6.5));
#6731=CARTESIAN_POINT('',(-3.,73.1991206710121,10.));
#6732=CARTESIAN_POINT('',(-3.,81.1991206710121,6.5));
#6733=CARTESIAN_POINT('Origin',(1.66533453693773E-15,73.1991206710121,10.));
#6734=CARTESIAN_POINT('',(-2.46519032881566E-31,70.1991206710121,10.));
#6735=CARTESIAN_POINT('Ctrl Pts',(2.39391839684799E-15,70.1991206710121,
10.));
#6736=CARTESIAN_POINT('Ctrl Pts',(-0.379164265292001,70.1991206710121,10.));
#6737=CARTESIAN_POINT('Ctrl Pts',(-0.782037717481873,70.2753724245014,9.97630133387832));
#6738=CARTESIAN_POINT('Ctrl Pts',(-1.52052241900622,70.5822717639791,9.89071194990079));
#6739=CARTESIAN_POINT('Ctrl Pts',(-1.85631434471708,70.8127943286099,9.82993562614982));
#6740=CARTESIAN_POINT('Ctrl Pts',(-2.38640531261462,71.3428852965074,9.71486751729016));
#6741=CARTESIAN_POINT('Ctrl Pts',(-2.61686672615765,71.6786451332959,9.65284956103207));
#6742=CARTESIAN_POINT('Ctrl Pts',(-2.92372091609922,72.4170131855838,9.56437939057487));
#6743=CARTESIAN_POINT('Ctrl Pts',(-3.,72.8198434170228,9.53939201416945));
#6744=CARTESIAN_POINT('Ctrl Pts',(-3.,73.1991206710121,9.53939201416945));
#6745=CARTESIAN_POINT('Ctrl Pts',(3.,73.1991206710121,9.53939201416945));
#6746=CARTESIAN_POINT('Ctrl Pts',(3.,72.8198434170228,9.53939201416945));
#6747=CARTESIAN_POINT('Ctrl Pts',(2.92372091609922,72.4170131855838,9.56437939057487));
#6748=CARTESIAN_POINT('Ctrl Pts',(2.61686672615765,71.6786451332959,9.65284956103207));
#6749=CARTESIAN_POINT('Ctrl Pts',(2.38640531261463,71.3428852965074,9.71486751729015));
#6750=CARTESIAN_POINT('Ctrl Pts',(1.85631434471708,70.8127943286099,9.82993562614982));
#6751=CARTESIAN_POINT('Ctrl Pts',(1.52052241900623,70.5822717639791,9.89071194990079));
#6752=CARTESIAN_POINT('Ctrl Pts',(0.782037717481883,70.2753724245014,9.97630133387832));
#6753=CARTESIAN_POINT('Ctrl Pts',(0.379164265292005,70.1991206710121,10.));
#6754=CARTESIAN_POINT('Ctrl Pts',(2.98372437868011E-15,70.1991206710121,
10.));
#6755=CARTESIAN_POINT('Origin',(1.66533453693773E-15,73.1991206710121,6.5));
#6756=CARTESIAN_POINT('Origin',(1.58789468109076E-15,77.1991206710121,6.5));
#6757=CARTESIAN_POINT('Origin',(-4.5,-8.26636589424463E-16,0.));
#6758=CARTESIAN_POINT('Origin',(-9.5,23.2,0.));
#6759=CARTESIAN_POINT('',(-10.,23.2,0.));
#6760=CARTESIAN_POINT('',(10.,23.2,-1.22464679914735E-15));
#6761=CARTESIAN_POINT('Origin',(0.,23.2,0.));
#6762=CARTESIAN_POINT('Origin',(0.,23.2,0.));
#6763=CARTESIAN_POINT('Origin',(0.,28.65,0.));
#6764=CARTESIAN_POINT('',(-10.,34.1,0.));
#6765=CARTESIAN_POINT('',(10.,34.1,-1.22464679914735E-15));
#6766=CARTESIAN_POINT('Origin',(0.,34.1,0.));
#6767=CARTESIAN_POINT('Origin',(0.,34.1,0.));
#6768=CARTESIAN_POINT('',(10.,28.65,-1.22464679914735E-15));
#6769=CARTESIAN_POINT('Origin',(-9.75,34.1,0.));
#6770=CARTESIAN_POINT('',(-9.5,34.1,0.));
#6771=CARTESIAN_POINT('',(9.5,34.1,-1.16341445918999E-15));
#6772=CARTESIAN_POINT('Origin',(0.,34.1,0.));
#6773=CARTESIAN_POINT('Origin',(0.,34.1,0.));
#6774=CARTESIAN_POINT('Origin',(0.,34.65,0.));
#6775=CARTESIAN_POINT('',(-9.5,35.2,0.));
#6776=CARTESIAN_POINT('',(9.5,35.2,-1.16341445918999E-15));
#6777=CARTESIAN_POINT('Origin',(0.,35.2,0.));
#6778=CARTESIAN_POINT('Origin',(0.,35.2,0.));
#6779=CARTESIAN_POINT('',(9.5,34.65,-1.16341445918999E-15));
#6780=CARTESIAN_POINT('Origin',(-9.75,35.2,0.));
#6781=CARTESIAN_POINT('',(-9.99999999999999,35.2,0.));
#6782=CARTESIAN_POINT('',(10.,35.2,-1.22464679914735E-15));
#6783=CARTESIAN_POINT('Origin',(0.,35.2,0.));
#6784=CARTESIAN_POINT('Origin',(0.,35.2,0.));
#6785=CARTESIAN_POINT('Origin',(0.,60.2,0.));
#6786=CARTESIAN_POINT('',(-10.,85.2,0.));
#6787=CARTESIAN_POINT('',(10.,85.2,-1.22464679914735E-15));
#6788=CARTESIAN_POINT('Origin',(0.,85.2,0.));
#6789=CARTESIAN_POINT('Origin',(0.,85.2,0.));
#6790=CARTESIAN_POINT('',(10.,60.2,-1.22464679914735E-15));
#6791=CARTESIAN_POINT('Origin',(-9.75,85.2,0.));
#6792=CARTESIAN_POINT('',(-9.49999999999999,85.2,0.));
#6793=CARTESIAN_POINT('',(9.49999999999999,85.2,-1.16341445918998E-15));
#6794=CARTESIAN_POINT('Origin',(0.,85.2,0.));
#6795=CARTESIAN_POINT('Origin',(0.,85.2,0.));
#6796=CARTESIAN_POINT('Origin',(0.,85.75,0.));
#6797=CARTESIAN_POINT('',(-9.49999999999999,86.3,0.));
#6798=CARTESIAN_POINT('',(9.49999999999999,86.3,-1.16341445918998E-15));
#6799=CARTESIAN_POINT('Origin',(0.,86.3,0.));
#6800=CARTESIAN_POINT('Origin',(0.,86.3,0.));
#6801=CARTESIAN_POINT('',(9.49999999999999,85.75,-1.16341445918998E-15));
#6802=CARTESIAN_POINT('Origin',(-9.74999999999999,86.3,0.));
#6803=CARTESIAN_POINT('',(0.,0.,0.));
#6804=CARTESIAN_POINT('Origin',(0.,0.,-4.75));
#6805=CARTESIAN_POINT('',(10.5,-1.2858366715135E-15,-5.));
#6806=CARTESIAN_POINT('Origin',(0.,0.,-5.));
#6807=CARTESIAN_POINT('',(10.,1.22460635382238E-15,-4.5));
#6808=CARTESIAN_POINT('',(10.25,-1.25526296912604E-15,-4.75));
#6809=CARTESIAN_POINT('Origin',(0.,0.,-4.5));
#6810=CARTESIAN_POINT('Origin',(0.,0.,0.));
#6811=CARTESIAN_POINT('',(10.,-1.22460635382238E-15,4.5));
#6812=CARTESIAN_POINT('',(10.,1.22464679914735E-15,0.));
#6813=CARTESIAN_POINT('Origin',(0.,0.,4.5));
#6814=CARTESIAN_POINT('Origin',(0.,0.,-5.));
#6815=CARTESIAN_POINT('',(13.5,1.65327317884893E-15,-5.));
#6816=CARTESIAN_POINT('Origin',(0.,0.,-5.));
#6817=CARTESIAN_POINT('Origin',(0.,0.,4.75));
#6818=CARTESIAN_POINT('',(10.5,1.2858366715135E-15,5.));
#6819=CARTESIAN_POINT('Origin',(0.,0.,5.));
#6820=CARTESIAN_POINT('',(10.25,1.25526296912604E-15,4.75));
#6821=CARTESIAN_POINT('Origin',(0.,0.,5.));
#6822=CARTESIAN_POINT('',(13.5,1.65327317884893E-15,5.));
#6823=CARTESIAN_POINT('Origin',(0.,0.,5.));
#6824=CARTESIAN_POINT('Origin',(0.,0.,0.));
#6825=CARTESIAN_POINT('',(13.5,1.65327317884893E-15,0.));
#6826=CARTESIAN_POINT('',(0.,0.,0.));
#6827=CARTESIAN_POINT('',(0.,0.,0.));
#6828=CARTESIAN_POINT('',(0.,0.,0.));
#6829=CARTESIAN_POINT('Origin',(0.,0.,0.25));
#6830=CARTESIAN_POINT('',(9.53939201416946,-3.,0.5));
#6831=CARTESIAN_POINT('',(10.0623058987491,-3.,0.));
#6832=CARTESIAN_POINT('Ctrl Pts',(9.53939201416946,-3.,0.5));
#6833=CARTESIAN_POINT('Ctrl Pts',(9.79447195786681,-3.,0.256669242211867));
#6834=CARTESIAN_POINT('Ctrl Pts',(10.0623058987491,-3.,3.46944695195361E-17));
#6835=CARTESIAN_POINT('',(10.0623058987491,3.,0.));
#6836=CARTESIAN_POINT('Origin',(0.,0.,0.));
#6837=CARTESIAN_POINT('',(9.53939201416946,3.,0.5));
#6838=CARTESIAN_POINT('Ctrl Pts',(10.0623058987491,3.,6.93889390390723E-17));
#6839=CARTESIAN_POINT('Ctrl Pts',(9.79447195786685,3.,0.256669242211832));
#6840=CARTESIAN_POINT('Ctrl Pts',(9.53939201416946,3.,0.5));
#6841=CARTESIAN_POINT('Origin',(0.,0.,0.5));
#6842=CARTESIAN_POINT('Origin',(9.53939201416946,-3.,16.));
#6843=CARTESIAN_POINT('',(9.53939201416946,-3.,15.5));
#6844=CARTESIAN_POINT('',(9.53939201416946,-3.,16.));
#6845=CARTESIAN_POINT('',(10.0623058987491,-3.,16.));
#6846=CARTESIAN_POINT('Ctrl Pts',(10.0623058987491,-3.,16.));
#6847=CARTESIAN_POINT('Ctrl Pts',(9.79447195786685,-3.,15.7433307577882));
#6848=CARTESIAN_POINT('Ctrl Pts',(9.53939201416946,-3.,15.5));
#6849=CARTESIAN_POINT('',(12.8,-3.,16.));
#6850=CARTESIAN_POINT('',(4.76969600708473,-3.,16.));
#6851=CARTESIAN_POINT('',(12.8,-3.,0.));
#6852=CARTESIAN_POINT('',(12.8,-3.,16.));
#6853=CARTESIAN_POINT('',(4.76969600708473,-3.,0.));
#6854=CARTESIAN_POINT('Origin',(0.,0.,16.));
#6855=CARTESIAN_POINT('',(9.53939201416946,3.,15.5));
#6856=CARTESIAN_POINT('',(9.53939201416946,3.,16.));
#6857=CARTESIAN_POINT('Origin',(0.,0.,15.5));
#6858=CARTESIAN_POINT('Origin',(10.,3.,16.));
#6859=CARTESIAN_POINT('',(12.8,3.,0.));
#6860=CARTESIAN_POINT('',(5.,3.,0.));
#6861=CARTESIAN_POINT('',(12.8,3.,16.));
#6862=CARTESIAN_POINT('',(12.8,3.,16.));
#6863=CARTESIAN_POINT('',(10.0623058987491,3.,16.));
#6864=CARTESIAN_POINT('',(5.,3.,16.));
#6865=CARTESIAN_POINT('Ctrl Pts',(9.53939201416946,3.,15.5));
#6866=CARTESIAN_POINT('Ctrl Pts',(9.79447195786684,3.,15.7433307577882));
#6867=CARTESIAN_POINT('Ctrl Pts',(10.0623058987491,3.,16.));
#6868=CARTESIAN_POINT('Origin',(0.,0.,15.75));
#6869=CARTESIAN_POINT('Origin',(0.,0.,16.));
#6870=CARTESIAN_POINT('Origin',(12.8,0.,16.));
#6871=CARTESIAN_POINT('',(12.8,0.,0.));
#6872=CARTESIAN_POINT('',(12.8,0.,16.));
#6873=CARTESIAN_POINT('Origin',(0.,0.,0.));
#6874=CARTESIAN_POINT('',(-7.46232693111925,18.0156508839701,16.));
#6875=CARTESIAN_POINT('',(-8.7285355962229,17.4373927622644,16.));
#6876=CARTESIAN_POINT('Origin',(0.,0.,16.));
#6877=CARTESIAN_POINT('',(-7.46232693111925,18.0156508839701,0.));
#6878=CARTESIAN_POINT('',(-7.46232693111925,18.0156508839701,0.));
#6879=CARTESIAN_POINT('',(-8.7285355962229,17.4373927622644,0.));
#6880=CARTESIAN_POINT('Origin',(0.,0.,0.));
#6881=CARTESIAN_POINT('',(-8.7285355962229,17.4373927622644,0.));
#6882=CARTESIAN_POINT('Origin',(-22.0860398561329,6.29967013054432,0.));
#6883=CARTESIAN_POINT('',(-12.2464807934616,20.6403417649848,16.));
#6884=CARTESIAN_POINT('Origin',(-22.0860398561329,6.29967013054432,16.));
#6885=CARTESIAN_POINT('',(-12.2464807934616,20.6403417649848,0.));
#6886=CARTESIAN_POINT('Origin',(-22.0860398561329,6.29967013054432,0.));
#6887=CARTESIAN_POINT('',(-12.2464807934616,20.6403417649848,0.));
#6888=CARTESIAN_POINT('Origin',(9.70230725040094,20.8169218257451,0.));
#6889=CARTESIAN_POINT('',(-7.5791901027606,22.7718220040957,16.));
#6890=CARTESIAN_POINT('Origin',(9.70230725040094,20.8169218257451,16.));
#6891=CARTESIAN_POINT('',(-7.5791901027606,22.7718220040957,0.));
#6892=CARTESIAN_POINT('',(-7.57919010276059,22.7718220040957,0.));
#6893=CARTESIAN_POINT('Origin',(9.70230725040094,20.8169218257451,0.));
#6894=CARTESIAN_POINT('Origin',(0.,0.,0.));
#6895=CARTESIAN_POINT('',(-12.2356456439266,15.1835099919702,16.));
#6896=CARTESIAN_POINT('',(-13.2876498220809,14.2719431825436,16.));
#6897=CARTESIAN_POINT('Origin',(0.,0.,16.));
#6898=CARTESIAN_POINT('',(-12.2356456439266,15.1835099919702,0.));
#6899=CARTESIAN_POINT('',(-12.2356456439266,15.1835099919702,0.));
#6900=CARTESIAN_POINT('',(-13.2876498220809,14.2719431825436,0.));
#6901=CARTESIAN_POINT('Origin',(0.,0.,0.));
#6902=CARTESIAN_POINT('',(-13.2876498220809,14.2719431825436,0.));
#6903=CARTESIAN_POINT('Origin',(-22.9662222300651,-0.177867252823658,0.));
#6904=CARTESIAN_POINT('',(-17.5654685323614,16.3540305502534,16.));
#6905=CARTESIAN_POINT('Origin',(-22.9662222300651,-0.177867252823658,16.));
#6906=CARTESIAN_POINT('',(-17.5654685323614,16.3540305502534,0.));
#6907=CARTESIAN_POINT('Origin',(-22.9662222300651,-0.177867252823658,0.));
#6908=CARTESIAN_POINT('',(-17.5654685323614,16.3540305502534,0.));
#6909=CARTESIAN_POINT('Origin',(3.44449102307337,22.7071460530013,0.));
#6910=CARTESIAN_POINT('',(-13.6877432864391,19.7140986028918,16.));
#6911=CARTESIAN_POINT('Origin',(3.44449102307337,22.7071460530013,16.));
#6912=CARTESIAN_POINT('',(-13.6877432864391,19.7140986028918,0.));
#6913=CARTESIAN_POINT('',(-13.6877432864391,19.7140986028918,0.));
#6914=CARTESIAN_POINT('Origin',(3.44449102307337,22.7071460530013,0.));
#6915=CARTESIAN_POINT('Origin',(0.,0.,0.));
#6916=CARTESIAN_POINT('',(-16.0177051148496,11.1212914202318,16.));
#6917=CARTESIAN_POINT('',(-16.7702776840502,9.95026564468755,16.));
#6918=CARTESIAN_POINT('Origin',(0.,0.,16.));
#6919=CARTESIAN_POINT('',(-16.0177051148496,11.1212914202318,0.));
#6920=CARTESIAN_POINT('',(-16.0177051148496,11.1212914202318,0.));
#6921=CARTESIAN_POINT('',(-16.7702776840502,9.95026564468755,0.));
#6922=CARTESIAN_POINT('Origin',(0.,0.,0.));
#6923=CARTESIAN_POINT('',(-16.7702776840502,9.95026564468755,0.));
#6924=CARTESIAN_POINT('Origin',(-21.9858178643002,-6.64099488918514,0.));
#6925=CARTESIAN_POINT('',(-21.4614064766331,10.7428130415051,16.));
#6926=CARTESIAN_POINT('Origin',(-21.9858178643002,-6.64099488918514,16.));
#6927=CARTESIAN_POINT('',(-21.4614064766331,10.7428130415051,0.));
#6928=CARTESIAN_POINT('Origin',(-21.9858178643002,-6.64099488918514,0.));
#6929=CARTESIAN_POINT('',(-21.4614064766331,10.7428130415051,0.));
#6930=CARTESIAN_POINT('Origin',(-3.09237738176672,22.7577723516407,0.));
#6931=CARTESIAN_POINT('',(-18.6873969131941,15.0592561771405,16.));
#6932=CARTESIAN_POINT('Origin',(-3.09237738176672,22.7577723516407,16.));
#6933=CARTESIAN_POINT('',(-18.6873969131941,15.0592561771405,0.));
#6934=CARTESIAN_POINT('',(-18.6873969131941,15.0592561771405,0.));
#6935=CARTESIAN_POINT('Origin',(-3.09237738176672,22.7577723516407,0.));
#6936=CARTESIAN_POINT('Origin',(0.,0.,0.));
#6937=CARTESIAN_POINT('',(-18.5021053783277,6.15809195849298,16.));
#6938=CARTESIAN_POINT('',(-18.8942773847394,4.8224767608072,16.));
#6939=CARTESIAN_POINT('Origin',(0.,0.,16.));
#6940=CARTESIAN_POINT('',(-18.5021053783277,6.15809195849298,0.));
#6941=CARTESIAN_POINT('',(-18.5021053783277,6.15809195849298,0.));
#6942=CARTESIAN_POINT('',(-18.8942773847394,4.8224767608072,0.));
#6943=CARTESIAN_POINT('Origin',(0.,0.,0.));
#6944=CARTESIAN_POINT('',(-18.8942773847394,4.8224767608072,0.));
#6945=CARTESIAN_POINT('Origin',(-19.2242532898631,-12.5661086151422,0.));
#6946=CARTESIAN_POINT('',(-23.6186689040668,4.26127671010327,16.));
#6947=CARTESIAN_POINT('Origin',(-19.2242532898631,-12.5661086151422,16.));
#6948=CARTESIAN_POINT('',(-23.6186689040668,4.26127671010327,0.));
#6949=CARTESIAN_POINT('Origin',(-19.2242532898631,-12.5661086151422,0.));
#6950=CARTESIAN_POINT('',(-23.6186689040668,4.26127671010328,0.));
#6951=CARTESIAN_POINT('Origin',(-9.37871976221252,20.9646992800338,0.));
#6952=CARTESIAN_POINT('',(-22.1731087802709,9.18440237676215,16.));
#6953=CARTESIAN_POINT('Origin',(-9.37871976221252,20.9646992800338,16.));
#6954=CARTESIAN_POINT('',(-22.1731087802709,9.18440237676215,0.));
#6955=CARTESIAN_POINT('',(-22.1731087802709,9.18440237676215,0.));
#6956=CARTESIAN_POINT('Origin',(-9.37871976221252,20.9646992800338,0.));
#6957=CARTESIAN_POINT('Origin',(0.,0.,0.));
#6958=CARTESIAN_POINT('',(-19.4875751003113,0.696000509860113,16.));
#6959=CARTESIAN_POINT('',(-19.4875751003113,-0.696000509860126,16.));
#6960=CARTESIAN_POINT('Origin',(0.,0.,16.));
#6961=CARTESIAN_POINT('',(-19.4875751003113,0.696000509860113,0.));
#6962=CARTESIAN_POINT('',(-19.4875751003113,0.696000509860113,0.));
#6963=CARTESIAN_POINT('',(-19.4875751003113,-0.696000509860126,0.));
#6964=CARTESIAN_POINT('Origin',(0.,0.,0.));
#6965=CARTESIAN_POINT('',(-19.4875751003113,-0.696000509860126,0.));
#6966=CARTESIAN_POINT('Origin',(-14.9052540449179,-17.473190954626,0.));
#6967=CARTESIAN_POINT('',(-23.8624872425255,-2.56548291756272,16.));
#6968=CARTESIAN_POINT('Origin',(-14.9052540449179,-17.473190954626,16.));
#6969=CARTESIAN_POINT('',(-23.8624872425255,-2.56548291756272,0.));
#6970=CARTESIAN_POINT('Origin',(-14.9052540449179,-17.473190954626,0.));
#6971=CARTESIAN_POINT('',(-23.8624872425255,-2.56548291756271,0.));
#6972=CARTESIAN_POINT('Origin',(-14.9052540449179,17.473190954626,0.));
#6973=CARTESIAN_POINT('',(-23.8624872425255,2.5654829175627,16.));
#6974=CARTESIAN_POINT('Origin',(-14.9052540449179,17.473190954626,16.));
#6975=CARTESIAN_POINT('',(-23.8624872425255,2.5654829175627,0.));
#6976=CARTESIAN_POINT('',(-23.8624872425255,2.5654829175627,0.));
#6977=CARTESIAN_POINT('Origin',(-14.9052540449179,17.473190954626,0.));
#6978=CARTESIAN_POINT('Origin',(0.,0.,0.));
#6979=CARTESIAN_POINT('',(-18.8942773847394,-4.8224767608072,16.));
#6980=CARTESIAN_POINT('',(-18.5021053783277,-6.15809195849299,16.));
#6981=CARTESIAN_POINT('Origin',(0.,0.,16.));
#6982=CARTESIAN_POINT('',(-18.8942773847394,-4.8224767608072,0.));
#6983=CARTESIAN_POINT('',(-18.8942773847394,-4.8224767608072,0.));
#6984=CARTESIAN_POINT('',(-18.5021053783277,-6.15809195849299,0.));
#6985=CARTESIAN_POINT('Origin',(0.,0.,0.));
#6986=CARTESIAN_POINT('',(-18.5021053783277,-6.15809195849299,0.));
#6987=CARTESIAN_POINT('Origin',(-9.37871976221252,-20.9646992800338,0.));
#6988=CARTESIAN_POINT('',(-22.1731087802709,-9.18440237676215,16.));
#6989=CARTESIAN_POINT('Origin',(-9.37871976221252,-20.9646992800338,16.));
#6990=CARTESIAN_POINT('',(-22.1731087802709,-9.18440237676215,0.));
#6991=CARTESIAN_POINT('Origin',(-9.37871976221252,-20.9646992800338,0.));
#6992=CARTESIAN_POINT('',(-22.1731087802709,-9.18440237676215,0.));
#6993=CARTESIAN_POINT('Origin',(-19.2242532898631,12.5661086151422,0.));
#6994=CARTESIAN_POINT('',(-23.6186689040668,-4.26127671010327,16.));
#6995=CARTESIAN_POINT('Origin',(-19.2242532898631,12.5661086151422,16.));
#6996=CARTESIAN_POINT('',(-23.6186689040668,-4.26127671010327,0.));
#6997=CARTESIAN_POINT('',(-23.6186689040668,-4.26127671010327,0.));
#6998=CARTESIAN_POINT('Origin',(-19.2242532898631,12.5661086151422,0.));
#6999=CARTESIAN_POINT('Origin',(0.,0.,0.));
#7000=CARTESIAN_POINT('',(-16.7702776840502,-9.95026564468754,16.));
#7001=CARTESIAN_POINT('',(-16.0177051148496,-11.1212914202318,16.));
#7002=CARTESIAN_POINT('Origin',(0.,0.,16.));
#7003=CARTESIAN_POINT('',(-16.7702776840502,-9.95026564468754,0.));
#7004=CARTESIAN_POINT('',(-16.7702776840502,-9.95026564468754,0.));
#7005=CARTESIAN_POINT('',(-16.0177051148496,-11.1212914202318,0.));
#7006=CARTESIAN_POINT('Origin',(0.,0.,0.));
#7007=CARTESIAN_POINT('',(-16.0177051148496,-11.1212914202318,0.));
#7008=CARTESIAN_POINT('Origin',(-3.09237738176674,-22.7577723516407,0.));
#7009=CARTESIAN_POINT('',(-18.6873969131941,-15.0592561771404,16.));
#7010=CARTESIAN_POINT('Origin',(-3.09237738176674,-22.7577723516407,16.));
#7011=CARTESIAN_POINT('',(-18.6873969131941,-15.0592561771404,0.));
#7012=CARTESIAN_POINT('Origin',(-3.09237738176674,-22.7577723516407,0.));
#7013=CARTESIAN_POINT('',(-18.6873969131941,-15.0592561771404,0.));
#7014=CARTESIAN_POINT('Origin',(-21.9858178643002,6.64099488918516,0.));
#7015=CARTESIAN_POINT('',(-21.4614064766331,-10.7428130415051,16.));
#7016=CARTESIAN_POINT('Origin',(-21.9858178643002,6.64099488918516,16.));
#7017=CARTESIAN_POINT('',(-21.4614064766331,-10.7428130415051,0.));
#7018=CARTESIAN_POINT('',(-21.4614064766331,-10.7428130415051,0.));
#7019=CARTESIAN_POINT('Origin',(-21.9858178643002,6.64099488918516,0.));
#7020=CARTESIAN_POINT('Origin',(0.,0.,0.));
#7021=CARTESIAN_POINT('',(-13.2876498220809,-14.2719431825436,16.));
#7022=CARTESIAN_POINT('',(-12.2356456439266,-15.1835099919702,16.));
#7023=CARTESIAN_POINT('Origin',(0.,0.,16.));
#7024=CARTESIAN_POINT('',(-13.2876498220809,-14.2719431825436,0.));
#7025=CARTESIAN_POINT('',(-13.2876498220809,-14.2719431825436,0.));
#7026=CARTESIAN_POINT('',(-12.2356456439266,-15.1835099919702,0.));
#7027=CARTESIAN_POINT('Origin',(0.,0.,0.));
#7028=CARTESIAN_POINT('',(-12.2356456439266,-15.1835099919702,0.));
#7029=CARTESIAN_POINT('Origin',(3.44449102307337,-22.7071460530013,0.));
#7030=CARTESIAN_POINT('',(-13.6877432864391,-19.7140986028918,16.));
#7031=CARTESIAN_POINT('Origin',(3.44449102307337,-22.7071460530013,16.));
#7032=CARTESIAN_POINT('',(-13.6877432864391,-19.7140986028918,0.));
#7033=CARTESIAN_POINT('Origin',(3.44449102307337,-22.7071460530013,0.));
#7034=CARTESIAN_POINT('',(-13.6877432864391,-19.7140986028918,0.));
#7035=CARTESIAN_POINT('Origin',(-22.9662222300651,0.17786725282366,0.));
#7036=CARTESIAN_POINT('',(-17.5654685323614,-16.3540305502534,16.));
#7037=CARTESIAN_POINT('Origin',(-22.9662222300651,0.17786725282366,16.));
#7038=CARTESIAN_POINT('',(-17.5654685323614,-16.3540305502534,0.));
#7039=CARTESIAN_POINT('',(-17.5654685323614,-16.3540305502534,0.));
#7040=CARTESIAN_POINT('Origin',(-22.9662222300651,0.17786725282366,0.));
#7041=CARTESIAN_POINT('Origin',(0.,0.,0.));
#7042=CARTESIAN_POINT('',(-8.7285355962229,-17.4373927622644,16.));
#7043=CARTESIAN_POINT('',(-7.46232693111926,-18.0156508839701,16.));
#7044=CARTESIAN_POINT('Origin',(0.,0.,16.));
#7045=CARTESIAN_POINT('',(-8.7285355962229,-17.4373927622644,0.));
#7046=CARTESIAN_POINT('',(-8.7285355962229,-17.4373927622644,0.));
#7047=CARTESIAN_POINT('',(-7.46232693111926,-18.0156508839701,0.));
#7048=CARTESIAN_POINT('Origin',(0.,0.,0.));
#7049=CARTESIAN_POINT('',(-7.46232693111926,-18.0156508839701,0.));
#7050=CARTESIAN_POINT('Origin',(9.70230725040093,-20.8169218257451,0.));
#7051=CARTESIAN_POINT('',(-7.5791901027606,-22.7718220040957,16.));
#7052=CARTESIAN_POINT('Origin',(9.70230725040093,-20.8169218257451,16.));
#7053=CARTESIAN_POINT('',(-7.5791901027606,-22.7718220040957,0.));
#7054=CARTESIAN_POINT('Origin',(9.70230725040093,-20.8169218257451,0.));
#7055=CARTESIAN_POINT('',(-7.57919010276061,-22.7718220040957,0.));
#7056=CARTESIAN_POINT('Origin',(-22.0860398561329,-6.29967013054431,0.));
#7057=CARTESIAN_POINT('',(-12.2464807934616,-20.6403417649848,16.));
#7058=CARTESIAN_POINT('Origin',(-22.0860398561329,-6.29967013054431,16.));
#7059=CARTESIAN_POINT('',(-12.2464807934616,-20.6403417649848,0.));
#7060=CARTESIAN_POINT('',(-12.2464807934616,-20.6403417649848,0.));
#7061=CARTESIAN_POINT('Origin',(-22.0860398561329,-6.29967013054431,0.));
#7062=CARTESIAN_POINT('Origin',(0.,0.,0.));
#7063=CARTESIAN_POINT('',(-3.46228732695891,-19.1901684845543,16.));
#7064=CARTESIAN_POINT('',(-2.0844548705197,-19.388270884552,16.));
#7065=CARTESIAN_POINT('Origin',(0.,0.,16.));
#7066=CARTESIAN_POINT('',(-3.46228732695891,-19.1901684845543,0.));
#7067=CARTESIAN_POINT('',(-3.46228732695891,-19.1901684845543,0.));
#7068=CARTESIAN_POINT('',(-2.0844548705197,-19.388270884552,0.));
#7069=CARTESIAN_POINT('Origin',(0.,0.,0.));
#7070=CARTESIAN_POINT('',(-2.0844548705197,-19.388270884552,0.));
#7071=CARTESIAN_POINT('Origin',(15.174100246144,-17.2402343951681,0.));
#7072=CARTESIAN_POINT('',(-0.856616012135525,-23.9847078157678,16.));
#7073=CARTESIAN_POINT('Origin',(15.174100246144,-17.2402343951681,16.));
#7074=CARTESIAN_POINT('',(-0.856616012135525,-23.9847078157678,0.));
#7075=CARTESIAN_POINT('Origin',(15.174100246144,-17.2402343951681,0.));
#7076=CARTESIAN_POINT('',(-0.856616012135529,-23.9847078157678,0.));
#7077=CARTESIAN_POINT('Origin',(-19.4165778837935,-12.2668457055165,0.));
#7078=CARTESIAN_POINT('',(-5.93535601330117,-23.2544952427562,16.));
#7079=CARTESIAN_POINT('Origin',(-19.4165778837935,-12.2668457055165,16.));
#7080=CARTESIAN_POINT('',(-5.93535601330117,-23.2544952427562,0.));
#7081=CARTESIAN_POINT('',(-5.93535601330117,-23.2544952427562,0.));
#7082=CARTESIAN_POINT('Origin',(-19.4165778837935,-12.2668457055165,0.));
#7083=CARTESIAN_POINT('Origin',(0.,0.,0.));
#7084=CARTESIAN_POINT('',(2.0844548705197,-19.388270884552,16.));
#7085=CARTESIAN_POINT('',(3.46228732695891,-19.1901684845543,16.));
#7086=CARTESIAN_POINT('Origin',(0.,0.,16.));
#7087=CARTESIAN_POINT('',(2.0844548705197,-19.388270884552,0.));
#7088=CARTESIAN_POINT('',(2.0844548705197,-19.388270884552,0.));
#7089=CARTESIAN_POINT('',(3.46228732695891,-19.1901684845543,0.));
#7090=CARTESIAN_POINT('Origin',(0.,0.,0.));
#7091=CARTESIAN_POINT('',(3.46228732695891,-19.1901684845543,0.));
#7092=CARTESIAN_POINT('Origin',(19.4165778837935,-12.2668457055165,0.));
#7093=CARTESIAN_POINT('',(5.93535601330118,-23.2544952427562,16.));
#7094=CARTESIAN_POINT('Origin',(19.4165778837935,-12.2668457055165,16.));
#7095=CARTESIAN_POINT('',(5.93535601330118,-23.2544952427562,0.));
#7096=CARTESIAN_POINT('Origin',(19.4165778837935,-12.2668457055165,0.));
#7097=CARTESIAN_POINT('',(5.93535601330117,-23.2544952427562,0.));
#7098=CARTESIAN_POINT('Origin',(-15.174100246144,-17.2402343951681,0.));
#7099=CARTESIAN_POINT('',(0.85661601213553,-23.9847078157678,16.));
#7100=CARTESIAN_POINT('Origin',(-15.174100246144,-17.2402343951681,16.));
#7101=CARTESIAN_POINT('',(0.85661601213553,-23.9847078157678,0.));
#7102=CARTESIAN_POINT('',(0.856616012135527,-23.9847078157678,0.));
#7103=CARTESIAN_POINT('Origin',(-15.174100246144,-17.2402343951681,0.));
#7104=CARTESIAN_POINT('Origin',(0.,0.,0.));
#7105=CARTESIAN_POINT('',(7.46232693111925,-18.0156508839701,16.));
#7106=CARTESIAN_POINT('',(8.72853559622289,-17.4373927622644,16.));
#7107=CARTESIAN_POINT('Origin',(0.,0.,16.));
#7108=CARTESIAN_POINT('',(7.46232693111925,-18.0156508839701,0.));
#7109=CARTESIAN_POINT('',(7.46232693111925,-18.0156508839701,0.));
#7110=CARTESIAN_POINT('',(8.72853559622289,-17.4373927622644,0.));
#7111=CARTESIAN_POINT('Origin',(0.,0.,0.));
#7112=CARTESIAN_POINT('',(8.72853559622289,-17.4373927622644,0.));
#7113=CARTESIAN_POINT('Origin',(22.0860398561329,-6.29967013054432,0.));
#7114=CARTESIAN_POINT('',(12.2464807934616,-20.6403417649848,16.));
#7115=CARTESIAN_POINT('Origin',(22.0860398561329,-6.29967013054432,16.));
#7116=CARTESIAN_POINT('',(12.2464807934616,-20.6403417649848,0.));
#7117=CARTESIAN_POINT('Origin',(22.0860398561329,-6.29967013054432,0.));
#7118=CARTESIAN_POINT('',(12.2464807934616,-20.6403417649848,0.));
#7119=CARTESIAN_POINT('Origin',(-9.70230725040094,-20.8169218257451,0.));
#7120=CARTESIAN_POINT('',(7.5791901027606,-22.7718220040957,16.));
#7121=CARTESIAN_POINT('Origin',(-9.70230725040094,-20.8169218257451,16.));
#7122=CARTESIAN_POINT('',(7.5791901027606,-22.7718220040957,0.));
#7123=CARTESIAN_POINT('',(7.57919010276059,-22.7718220040957,0.));
#7124=CARTESIAN_POINT('Origin',(-9.70230725040094,-20.8169218257451,0.));
#7125=CARTESIAN_POINT('Origin',(0.,0.,0.));
#7126=CARTESIAN_POINT('',(12.2356456439266,-15.1835099919702,16.));
#7127=CARTESIAN_POINT('',(13.2876498220809,-14.2719431825436,16.));
#7128=CARTESIAN_POINT('Origin',(0.,0.,16.));
#7129=CARTESIAN_POINT('',(12.2356456439266,-15.1835099919702,0.));
#7130=CARTESIAN_POINT('',(12.2356456439266,-15.1835099919702,0.));
#7131=CARTESIAN_POINT('',(13.2876498220809,-14.2719431825436,0.));
#7132=CARTESIAN_POINT('Origin',(0.,0.,0.));
#7133=CARTESIAN_POINT('',(13.2876498220809,-14.2719431825436,0.));
#7134=CARTESIAN_POINT('Origin',(22.9662222300651,0.177867252823665,0.));
#7135=CARTESIAN_POINT('',(17.5654685323614,-16.3540305502534,16.));
#7136=CARTESIAN_POINT('Origin',(22.9662222300651,0.177867252823665,16.));
#7137=CARTESIAN_POINT('',(17.5654685323614,-16.3540305502534,0.));
#7138=CARTESIAN_POINT('Origin',(22.9662222300651,0.177867252823665,0.));
#7139=CARTESIAN_POINT('',(17.5654685323614,-16.3540305502534,0.));
#7140=CARTESIAN_POINT('Origin',(-3.44449102307336,-22.7071460530013,0.));
#7141=CARTESIAN_POINT('',(13.6877432864391,-19.7140986028918,16.));
#7142=CARTESIAN_POINT('Origin',(-3.44449102307336,-22.7071460530013,16.));
#7143=CARTESIAN_POINT('',(13.6877432864391,-19.7140986028918,0.));
#7144=CARTESIAN_POINT('',(13.6877432864391,-19.7140986028918,0.));
#7145=CARTESIAN_POINT('Origin',(-3.44449102307336,-22.7071460530013,0.));
#7146=CARTESIAN_POINT('Origin',(0.,0.,0.));
#7147=CARTESIAN_POINT('',(16.0177051148496,-11.1212914202318,16.));
#7148=CARTESIAN_POINT('',(16.7702776840502,-9.95026564468755,16.));
#7149=CARTESIAN_POINT('Origin',(0.,0.,16.));
#7150=CARTESIAN_POINT('',(16.0177051148496,-11.1212914202318,0.));
#7151=CARTESIAN_POINT('',(16.0177051148496,-11.1212914202318,0.));
#7152=CARTESIAN_POINT('',(16.7702776840502,-9.95026564468755,0.));
#7153=CARTESIAN_POINT('Origin',(0.,0.,0.));
#7154=CARTESIAN_POINT('',(16.7702776840502,-9.95026564468755,0.));
#7155=CARTESIAN_POINT('Origin',(21.9858178643002,6.64099488918515,0.));
#7156=CARTESIAN_POINT('',(21.4614064766331,-10.7428130415051,16.));
#7157=CARTESIAN_POINT('Origin',(21.9858178643002,6.64099488918515,16.));
#7158=CARTESIAN_POINT('',(21.4614064766331,-10.7428130415051,0.));
#7159=CARTESIAN_POINT('Origin',(21.9858178643002,6.64099488918515,0.));
#7160=CARTESIAN_POINT('',(21.4614064766331,-10.7428130415051,0.));
#7161=CARTESIAN_POINT('Origin',(3.09237738176673,-22.7577723516407,0.));
#7162=CARTESIAN_POINT('',(18.6873969131941,-15.0592561771405,16.));
#7163=CARTESIAN_POINT('Origin',(3.09237738176673,-22.7577723516407,16.));
#7164=CARTESIAN_POINT('',(18.6873969131941,-15.0592561771405,0.));
#7165=CARTESIAN_POINT('',(18.6873969131941,-15.0592561771405,0.));
#7166=CARTESIAN_POINT('Origin',(3.09237738176673,-22.7577723516407,0.));
#7167=CARTESIAN_POINT('Origin',(0.,0.,0.));
#7168=CARTESIAN_POINT('',(18.5021053783277,-6.15809195849298,16.));
#7169=CARTESIAN_POINT('',(18.8942773847394,-4.8224767608072,16.));
#7170=CARTESIAN_POINT('Origin',(0.,0.,16.));
#7171=CARTESIAN_POINT('',(18.5021053783277,-6.15809195849298,0.));
#7172=CARTESIAN_POINT('',(18.5021053783277,-6.15809195849298,0.));
#7173=CARTESIAN_POINT('',(18.8942773847394,-4.8224767608072,0.));
#7174=CARTESIAN_POINT('Origin',(0.,0.,0.));
#7175=CARTESIAN_POINT('',(18.8942773847394,-4.8224767608072,0.));
#7176=CARTESIAN_POINT('Origin',(19.2242532898631,12.5661086151422,0.));
#7177=CARTESIAN_POINT('',(23.6186689040668,-4.26127671010327,16.));
#7178=CARTESIAN_POINT('Origin',(19.2242532898631,12.5661086151422,16.));
#7179=CARTESIAN_POINT('',(23.6186689040668,-4.26127671010327,0.));
#7180=CARTESIAN_POINT('Origin',(19.2242532898631,12.5661086151422,0.));
#7181=CARTESIAN_POINT('',(23.6186689040668,-4.26127671010328,0.));
#7182=CARTESIAN_POINT('Origin',(9.37871976221252,-20.9646992800338,0.));
#7183=CARTESIAN_POINT('',(22.1731087802709,-9.18440237676215,16.));
#7184=CARTESIAN_POINT('Origin',(9.37871976221252,-20.9646992800338,16.));
#7185=CARTESIAN_POINT('',(22.1731087802709,-9.18440237676215,0.));
#7186=CARTESIAN_POINT('',(22.1731087802709,-9.18440237676216,0.));
#7187=CARTESIAN_POINT('Origin',(9.37871976221252,-20.9646992800338,0.));
#7188=CARTESIAN_POINT('Origin',(0.,0.,0.));
#7189=CARTESIAN_POINT('',(19.4875751003113,-0.69600050986012,16.));
#7190=CARTESIAN_POINT('',(19.4875751003113,0.696000509860119,16.));
#7191=CARTESIAN_POINT('Origin',(0.,0.,16.));
#7192=CARTESIAN_POINT('',(19.4875751003113,-0.69600050986012,0.));
#7193=CARTESIAN_POINT('',(19.4875751003113,-0.69600050986012,0.));
#7194=CARTESIAN_POINT('',(19.4875751003113,0.696000509860119,0.));
#7195=CARTESIAN_POINT('Origin',(0.,0.,0.));
#7196=CARTESIAN_POINT('',(19.4875751003113,0.696000509860119,0.));
#7197=CARTESIAN_POINT('Origin',(14.9052540449179,17.473190954626,0.));
#7198=CARTESIAN_POINT('',(23.8624872425255,2.56548291756271,16.));
#7199=CARTESIAN_POINT('Origin',(14.9052540449179,17.473190954626,16.));
#7200=CARTESIAN_POINT('',(23.8624872425255,2.56548291756271,0.));
#7201=CARTESIAN_POINT('Origin',(14.9052540449179,17.473190954626,0.));
#7202=CARTESIAN_POINT('',(23.8624872425255,2.56548291756271,0.));
#7203=CARTESIAN_POINT('Origin',(14.9052540449179,-17.473190954626,0.));
#7204=CARTESIAN_POINT('',(23.8624872425255,-2.56548291756271,16.));
#7205=CARTESIAN_POINT('Origin',(14.9052540449179,-17.473190954626,16.));
#7206=CARTESIAN_POINT('',(23.8624872425255,-2.56548291756271,0.));
#7207=CARTESIAN_POINT('',(23.8624872425255,-2.56548291756271,0.));
#7208=CARTESIAN_POINT('Origin',(14.9052540449179,-17.473190954626,0.));
#7209=CARTESIAN_POINT('Origin',(0.,0.,0.));
#7210=CARTESIAN_POINT('',(18.8942773847394,4.8224767608072,16.));
#7211=CARTESIAN_POINT('',(18.5021053783277,6.15809195849298,16.));
#7212=CARTESIAN_POINT('Origin',(0.,0.,16.));
#7213=CARTESIAN_POINT('',(18.8942773847394,4.8224767608072,0.));
#7214=CARTESIAN_POINT('',(18.8942773847394,4.8224767608072,0.));
#7215=CARTESIAN_POINT('',(18.5021053783277,6.15809195849298,0.));
#7216=CARTESIAN_POINT('Origin',(0.,0.,0.));
#7217=CARTESIAN_POINT('',(18.5021053783277,6.15809195849298,0.));
#7218=CARTESIAN_POINT('Origin',(9.37871976221252,20.9646992800338,0.));
#7219=CARTESIAN_POINT('',(22.1731087802709,9.18440237676215,16.));
#7220=CARTESIAN_POINT('Origin',(9.37871976221252,20.9646992800338,16.));
#7221=CARTESIAN_POINT('',(22.1731087802709,9.18440237676215,0.));
#7222=CARTESIAN_POINT('Origin',(9.37871976221252,20.9646992800338,0.));
#7223=CARTESIAN_POINT('',(22.1731087802709,9.18440237676215,0.));
#7224=CARTESIAN_POINT('Origin',(19.2242532898631,-12.5661086151422,0.));
#7225=CARTESIAN_POINT('',(23.6186689040668,4.26127671010327,16.));
#7226=CARTESIAN_POINT('Origin',(19.2242532898631,-12.5661086151422,16.));
#7227=CARTESIAN_POINT('',(23.6186689040668,4.26127671010327,0.));
#7228=CARTESIAN_POINT('',(23.6186689040668,4.26127671010327,0.));
#7229=CARTESIAN_POINT('Origin',(19.2242532898631,-12.5661086151422,0.));
#7230=CARTESIAN_POINT('Origin',(0.,0.,0.));
#7231=CARTESIAN_POINT('',(16.7702776840502,9.95026564468754,16.));
#7232=CARTESIAN_POINT('',(16.0177051148496,11.1212914202318,16.));
#7233=CARTESIAN_POINT('Origin',(0.,0.,16.));
#7234=CARTESIAN_POINT('',(16.7702776840502,9.95026564468754,0.));
#7235=CARTESIAN_POINT('',(16.7702776840502,9.95026564468754,0.));
#7236=CARTESIAN_POINT('',(16.0177051148496,11.1212914202318,0.));
#7237=CARTESIAN_POINT('Origin',(0.,0.,0.));
#7238=CARTESIAN_POINT('',(16.0177051148496,11.1212914202318,0.));
#7239=CARTESIAN_POINT('Origin',(3.09237738176673,22.7577723516407,0.));
#7240=CARTESIAN_POINT('',(18.6873969131941,15.0592561771405,16.));
#7241=CARTESIAN_POINT('Origin',(3.09237738176673,22.7577723516407,16.));
#7242=CARTESIAN_POINT('',(18.6873969131941,15.0592561771405,0.));
#7243=CARTESIAN_POINT('Origin',(3.09237738176673,22.7577723516407,0.));
#7244=CARTESIAN_POINT('',(18.6873969131941,15.0592561771404,0.));
#7245=CARTESIAN_POINT('Origin',(21.9858178643002,-6.64099488918515,0.));
#7246=CARTESIAN_POINT('',(21.4614064766331,10.7428130415051,16.));
#7247=CARTESIAN_POINT('Origin',(21.9858178643002,-6.64099488918515,16.));
#7248=CARTESIAN_POINT('',(21.4614064766331,10.7428130415051,0.));
#7249=CARTESIAN_POINT('',(21.4614064766331,10.7428130415051,0.));
#7250=CARTESIAN_POINT('Origin',(21.9858178643002,-6.64099488918515,0.));
#7251=CARTESIAN_POINT('Origin',(0.,0.,0.));
#7252=CARTESIAN_POINT('',(13.2876498220809,14.2719431825436,16.));
#7253=CARTESIAN_POINT('',(12.2356456439266,15.1835099919702,16.));
#7254=CARTESIAN_POINT('Origin',(0.,0.,16.));
#7255=CARTESIAN_POINT('',(13.2876498220809,14.2719431825436,0.));
#7256=CARTESIAN_POINT('',(13.2876498220809,14.2719431825436,0.));
#7257=CARTESIAN_POINT('',(12.2356456439266,15.1835099919702,0.));
#7258=CARTESIAN_POINT('Origin',(0.,0.,0.));
#7259=CARTESIAN_POINT('',(12.2356456439266,15.1835099919702,0.));
#7260=CARTESIAN_POINT('Origin',(-3.44449102307336,22.7071460530013,0.));
#7261=CARTESIAN_POINT('',(13.6877432864391,19.7140986028918,16.));
#7262=CARTESIAN_POINT('Origin',(-3.44449102307336,22.7071460530013,16.));
#7263=CARTESIAN_POINT('',(13.6877432864391,19.7140986028918,0.));
#7264=CARTESIAN_POINT('Origin',(-3.44449102307336,22.7071460530013,0.));
#7265=CARTESIAN_POINT('',(13.6877432864391,19.7140986028918,0.));
#7266=CARTESIAN_POINT('Origin',(22.9662222300651,-0.177867252823662,0.));
#7267=CARTESIAN_POINT('',(17.5654685323614,16.3540305502534,16.));
#7268=CARTESIAN_POINT('Origin',(22.9662222300651,-0.177867252823662,16.));
#7269=CARTESIAN_POINT('',(17.5654685323614,16.3540305502534,0.));
#7270=CARTESIAN_POINT('',(17.5654685323614,16.3540305502534,0.));
#7271=CARTESIAN_POINT('Origin',(22.9662222300651,-0.177867252823662,0.));
#7272=CARTESIAN_POINT('Origin',(0.,0.,0.));
#7273=CARTESIAN_POINT('',(8.7285355962229,17.4373927622644,16.));
#7274=CARTESIAN_POINT('',(7.46232693111925,18.0156508839701,16.));
#7275=CARTESIAN_POINT('Origin',(0.,0.,16.));
#7276=CARTESIAN_POINT('',(8.7285355962229,17.4373927622644,0.));
#7277=CARTESIAN_POINT('',(8.7285355962229,17.4373927622644,0.));
#7278=CARTESIAN_POINT('',(7.46232693111925,18.0156508839701,0.));
#7279=CARTESIAN_POINT('Origin',(0.,0.,0.));
#7280=CARTESIAN_POINT('',(7.46232693111925,18.0156508839701,0.));
#7281=CARTESIAN_POINT('Origin',(-9.70230725040094,20.8169218257451,0.));
#7282=CARTESIAN_POINT('',(7.5791901027606,22.7718220040957,16.));
#7283=CARTESIAN_POINT('Origin',(-9.70230725040094,20.8169218257451,16.));
#7284=CARTESIAN_POINT('',(7.5791901027606,22.7718220040957,0.));
#7285=CARTESIAN_POINT('Origin',(-9.70230725040094,20.8169218257451,0.));
#7286=CARTESIAN_POINT('',(7.5791901027606,22.7718220040957,0.));
#7287=CARTESIAN_POINT('Origin',(22.0860398561329,6.29967013054431,0.));
#7288=CARTESIAN_POINT('',(12.2464807934616,20.6403417649848,16.));
#7289=CARTESIAN_POINT('Origin',(22.0860398561329,6.29967013054431,16.));
#7290=CARTESIAN_POINT('',(12.2464807934616,20.6403417649848,0.));
#7291=CARTESIAN_POINT('',(12.2464807934616,20.6403417649848,0.));
#7292=CARTESIAN_POINT('Origin',(22.0860398561329,6.29967013054431,0.));
#7293=CARTESIAN_POINT('Origin',(0.,0.,0.));
#7294=CARTESIAN_POINT('',(3.46228732695892,19.1901684845543,16.));
#7295=CARTESIAN_POINT('',(2.0844548705197,19.388270884552,16.));
#7296=CARTESIAN_POINT('Origin',(0.,0.,16.));
#7297=CARTESIAN_POINT('',(3.46228732695892,19.1901684845543,0.));
#7298=CARTESIAN_POINT('',(3.46228732695892,19.1901684845543,0.));
#7299=CARTESIAN_POINT('',(2.0844548705197,19.388270884552,0.));
#7300=CARTESIAN_POINT('Origin',(0.,0.,0.));
#7301=CARTESIAN_POINT('',(2.0844548705197,19.388270884552,0.));
#7302=CARTESIAN_POINT('Origin',(-15.174100246144,17.2402343951681,0.));
#7303=CARTESIAN_POINT('',(0.856616012135533,23.9847078157678,16.));
#7304=CARTESIAN_POINT('Origin',(-15.174100246144,17.2402343951681,16.));
#7305=CARTESIAN_POINT('',(0.856616012135533,23.9847078157678,0.));
#7306=CARTESIAN_POINT('Origin',(-15.174100246144,17.2402343951681,0.));
#7307=CARTESIAN_POINT('',(0.856616012135538,23.9847078157678,0.));
#7308=CARTESIAN_POINT('Origin',(19.4165778837935,12.2668457055165,0.));
#7309=CARTESIAN_POINT('',(5.93535601330118,23.2544952427562,16.));
#7310=CARTESIAN_POINT('Origin',(19.4165778837935,12.2668457055165,16.));
#7311=CARTESIAN_POINT('',(5.93535601330118,23.2544952427562,0.));
#7312=CARTESIAN_POINT('',(5.93535601330118,23.2544952427562,0.));
#7313=CARTESIAN_POINT('Origin',(19.4165778837935,12.2668457055165,0.));
#7314=CARTESIAN_POINT('Origin',(0.,0.,16.));
#7315=CARTESIAN_POINT('Origin',(0.,0.,16.));
#7316=CARTESIAN_POINT('Origin',(0.,0.,16.));
#7317=CARTESIAN_POINT('Origin',(0.,0.,16.));
#7318=CARTESIAN_POINT('Origin',(0.,0.,16.));
#7319=CARTESIAN_POINT('Origin',(0.,0.,16.));
#7320=CARTESIAN_POINT('Origin',(0.,0.,16.));
#7321=CARTESIAN_POINT('Origin',(0.,0.,16.));
#7322=CARTESIAN_POINT('Origin',(0.,0.,16.));
#7323=CARTESIAN_POINT('Origin',(0.,0.,16.));
#7324=CARTESIAN_POINT('Origin',(0.,0.,16.));
#7325=CARTESIAN_POINT('Origin',(0.,0.,16.));
#7326=CARTESIAN_POINT('Origin',(0.,0.,16.));
#7327=CARTESIAN_POINT('Origin',(0.,0.,16.));
#7328=CARTESIAN_POINT('Origin',(0.,0.,16.));
#7329=CARTESIAN_POINT('Origin',(0.,0.,16.));
#7330=CARTESIAN_POINT('Origin',(0.,0.,16.));
#7331=CARTESIAN_POINT('Origin',(0.,0.,16.));
#7332=CARTESIAN_POINT('Origin',(0.,0.,16.));
#7333=CARTESIAN_POINT('Origin',(0.,0.,16.));
#7334=CARTESIAN_POINT('Origin',(0.,0.,16.));
#7335=CARTESIAN_POINT('',(-0.856616012135527,23.9847078157678,16.));
#7336=CARTESIAN_POINT('Origin',(0.,0.,16.));
#7337=CARTESIAN_POINT('',(-2.0844548705197,19.388270884552,16.));
#7338=CARTESIAN_POINT('Origin',(15.174100246144,17.2402343951681,16.));
#7339=CARTESIAN_POINT('',(-3.46228732695891,19.1901684845543,16.));
#7340=CARTESIAN_POINT('Origin',(0.,0.,16.));
#7341=CARTESIAN_POINT('',(-5.93535601330117,23.2544952427562,16.));
#7342=CARTESIAN_POINT('Origin',(-19.4165778837935,12.2668457055165,16.));
#7343=CARTESIAN_POINT('Origin',(0.,0.,16.));
#7344=CARTESIAN_POINT('Origin',(0.,0.,0.));
#7345=CARTESIAN_POINT('',(-0.856616012135527,23.9847078157678,0.));
#7346=CARTESIAN_POINT('Origin',(0.,0.,0.));
#7347=CARTESIAN_POINT('',(-0.856616012135525,23.9847078157678,0.));
#7348=CARTESIAN_POINT('Origin',(0.,0.,0.));
#7349=CARTESIAN_POINT('Origin',(0.,0.,0.));
#7350=CARTESIAN_POINT('Origin',(0.,0.,0.));
#7351=CARTESIAN_POINT('Origin',(0.,0.,0.));
#7352=CARTESIAN_POINT('Origin',(0.,0.,0.));
#7353=CARTESIAN_POINT('Origin',(0.,0.,0.));
#7354=CARTESIAN_POINT('Origin',(0.,0.,0.));
#7355=CARTESIAN_POINT('Origin',(0.,0.,0.));
#7356=CARTESIAN_POINT('Origin',(0.,0.,0.));
#7357=CARTESIAN_POINT('Origin',(0.,0.,0.));
#7358=CARTESIAN_POINT('Origin',(0.,0.,0.));
#7359=CARTESIAN_POINT('Origin',(0.,0.,0.));
#7360=CARTESIAN_POINT('Origin',(0.,0.,0.));
#7361=CARTESIAN_POINT('Origin',(0.,0.,0.));
#7362=CARTESIAN_POINT('Origin',(0.,0.,0.));
#7363=CARTESIAN_POINT('Origin',(0.,0.,0.));
#7364=CARTESIAN_POINT('Origin',(0.,0.,0.));
#7365=CARTESIAN_POINT('Origin',(0.,0.,0.));
#7366=CARTESIAN_POINT('Origin',(0.,0.,0.));
#7367=CARTESIAN_POINT('Origin',(0.,0.,0.));
#7368=CARTESIAN_POINT('Origin',(0.,0.,0.));
#7369=CARTESIAN_POINT('Origin',(0.,0.,0.));
#7370=CARTESIAN_POINT('Origin',(0.,0.,0.));
#7371=CARTESIAN_POINT('Origin',(0.,0.,0.));
#7372=CARTESIAN_POINT('Origin',(0.,0.,0.));
#7373=CARTESIAN_POINT('Origin',(0.,0.,0.));
#7374=CARTESIAN_POINT('Origin',(0.,0.,0.));
#7375=CARTESIAN_POINT('Origin',(0.,0.,0.));
#7376=CARTESIAN_POINT('Origin',(0.,0.,0.));
#7377=CARTESIAN_POINT('Origin',(0.,0.,0.));
#7378=CARTESIAN_POINT('Origin',(0.,0.,0.));
#7379=CARTESIAN_POINT('Origin',(0.,0.,0.));
#7380=CARTESIAN_POINT('Origin',(0.,0.,0.));
#7381=CARTESIAN_POINT('Origin',(0.,0.,0.));
#7382=CARTESIAN_POINT('Origin',(0.,0.,0.));
#7383=CARTESIAN_POINT('Origin',(0.,0.,0.));
#7384=CARTESIAN_POINT('Origin',(0.,0.,0.));
#7385=CARTESIAN_POINT('Origin',(0.,0.,0.));
#7386=CARTESIAN_POINT('Origin',(0.,0.,0.));
#7387=CARTESIAN_POINT('Origin',(0.,0.,0.));
#7388=CARTESIAN_POINT('Origin',(0.,0.,0.));
#7389=CARTESIAN_POINT('',(-2.0844548705197,19.388270884552,0.));
#7390=CARTESIAN_POINT('',(-2.0844548705197,19.388270884552,0.));
#7391=CARTESIAN_POINT('',(-3.46228732695891,19.1901684845543,0.));
#7392=CARTESIAN_POINT('Origin',(0.,0.,0.));
#7393=CARTESIAN_POINT('',(-3.46228732695891,19.1901684845543,0.));
#7394=CARTESIAN_POINT('Origin',(-19.4165778837935,12.2668457055165,0.));
#7395=CARTESIAN_POINT('',(-5.93535601330117,23.2544952427562,0.));
#7396=CARTESIAN_POINT('Origin',(-19.4165778837935,12.2668457055165,0.));
#7397=CARTESIAN_POINT('',(-5.93535601330117,23.2544952427562,0.));
#7398=CARTESIAN_POINT('Origin',(15.174100246144,17.2402343951681,0.));
#7399=CARTESIAN_POINT('Origin',(15.174100246144,17.2402343951681,0.));
#7400=CARTESIAN_POINT('Origin',(0.,0.,0.));
#7401=CARTESIAN_POINT('Origin',(0.,0.,0.));
#7402=CARTESIAN_POINT('Origin',(0.,0.,0.));
#7403=CARTESIAN_POINT('',(0.,0.,0.));
#7404=CARTESIAN_POINT('',(16.64670633877,3.02395209851,0.));
#7405=CARTESIAN_POINT('',(0.,0.,0.));
#7406=CARTESIAN_POINT('Origin',(8.71745173239007,-36.6567114189281,0.));
#7407=CARTESIAN_POINT('',(10.2174517323901,-36.6567114189281,0.));
#7408=CARTESIAN_POINT('Origin',(8.71745173239007,-36.6567114189281,0.));
#7409=CARTESIAN_POINT('',(10.2174517323901,-36.6567114189281,1.5));
#7410=CARTESIAN_POINT('',(10.2174517323901,-36.6567114189281,0.));
#7411=CARTESIAN_POINT('Origin',(8.71745173239007,-36.6567114189281,1.5));
#7412=CARTESIAN_POINT('Origin',(-8.71745173239007,-36.6567114189281,0.));
#7413=CARTESIAN_POINT('',(-7.21745173239007,-36.6567114189281,0.));
#7414=CARTESIAN_POINT('Origin',(-8.71745173239007,-36.6567114189281,0.));
#7415=CARTESIAN_POINT('',(-7.21745173239007,-36.6567114189281,1.5));
#7416=CARTESIAN_POINT('',(-7.21745173239007,-36.6567114189281,0.));
#7417=CARTESIAN_POINT('Origin',(-8.71745173239007,-36.6567114189281,1.5));
#7418=CARTESIAN_POINT('Origin',(0.,-21.,0.));
#7419=CARTESIAN_POINT('',(14.4287629043213,-33.7425782732884,1.5));
#7420=CARTESIAN_POINT('',(-14.4287629043213,-33.7425782732884,1.5));
#7421=CARTESIAN_POINT('Origin',(0.,-21.,1.5));
#7422=CARTESIAN_POINT('',(-14.4287629043213,-33.7425782732884,0.));
#7423=CARTESIAN_POINT('',(-14.4287629043213,-33.7425782732884,0.));
#7424=CARTESIAN_POINT('',(14.4287629043213,-33.7425782732884,0.));
#7425=CARTESIAN_POINT('Origin',(0.,-21.,0.));
#7426=CARTESIAN_POINT('',(14.4287629043213,-33.7425782732884,0.));
#7427=CARTESIAN_POINT('Origin',(-12.1801245296219,-31.7567219190097,0.));
#7428=CARTESIAN_POINT('',(-10.448788131006,-34.2067166689689,1.5));
#7429=CARTESIAN_POINT('Origin',(-12.1801245296219,-31.7567219190097,1.5));
#7430=CARTESIAN_POINT('',(-10.448788131006,-34.2067166689689,0.));
#7431=CARTESIAN_POINT('',(-10.448788131006,-34.2067166689689,0.));
#7432=CARTESIAN_POINT('Origin',(-12.1801245296219,-31.7567219190097,0.));
#7433=CARTESIAN_POINT('Origin',(-8.71745173239007,-36.6567114189281,0.));
#7434=CARTESIAN_POINT('',(-6.0594658676675,-38.0477941421818,1.5));
#7435=CARTESIAN_POINT('Origin',(-8.71745173239007,-36.6567114189281,1.5));
#7436=CARTESIAN_POINT('',(-6.0594658676675,-38.0477941421818,0.));
#7437=CARTESIAN_POINT('',(-6.0594658676675,-38.0477941421818,0.));
#7438=CARTESIAN_POINT('Origin',(-8.71745173239007,-36.6567114189281,0.));
#7439=CARTESIAN_POINT('Origin',(-6.0594658676675,-38.0477941421818,0.));
#7440=CARTESIAN_POINT('',(-7.565,-40.9244659430056,1.5));
#7441=CARTESIAN_POINT('',(-7.565,-40.9244659430056,1.5));
#7442=CARTESIAN_POINT('',(-7.565,-40.9244659430056,0.));
#7443=CARTESIAN_POINT('',(-7.565,-40.9244659430056,0.));
#7444=CARTESIAN_POINT('',(-7.565,-40.9244659430056,0.));
#7445=CARTESIAN_POINT('Origin',(-1.83697019872103E-15,-20.,0.));
#7446=CARTESIAN_POINT('',(7.565,-40.9244659430056,1.5));
#7447=CARTESIAN_POINT('Origin',(-1.83697019872103E-15,-20.,1.5));
#7448=CARTESIAN_POINT('',(7.565,-40.9244659430056,0.));
#7449=CARTESIAN_POINT('',(7.565,-40.9244659430056,0.));
#7450=CARTESIAN_POINT('Origin',(-1.83697019872103E-15,-20.,0.));
#7451=CARTESIAN_POINT('Origin',(7.565,-40.9244659430056,0.));
#7452=CARTESIAN_POINT('',(6.0594658676675,-38.0477941421818,1.5));
#7453=CARTESIAN_POINT('',(6.0594658676675,-38.0477941421818,1.5));
#7454=CARTESIAN_POINT('',(6.0594658676675,-38.0477941421818,0.));
#7455=CARTESIAN_POINT('',(6.0594658676675,-38.0477941421818,0.));
#7456=CARTESIAN_POINT('',(6.0594658676675,-38.0477941421818,0.));
#7457=CARTESIAN_POINT('Origin',(8.71745173239007,-36.6567114189281,0.));
#7458=CARTESIAN_POINT('',(10.448788131006,-34.2067166689689,1.5));
#7459=CARTESIAN_POINT('Origin',(8.71745173239007,-36.6567114189281,1.5));
#7460=CARTESIAN_POINT('',(10.448788131006,-34.2067166689689,0.));
#7461=CARTESIAN_POINT('',(10.448788131006,-34.2067166689689,0.));
#7462=CARTESIAN_POINT('Origin',(8.71745173239007,-36.6567114189281,0.));
#7463=CARTESIAN_POINT('Origin',(12.1801245296219,-31.7567219190097,0.));
#7464=CARTESIAN_POINT('Origin',(12.1801245296219,-31.7567219190097,1.5));
#7465=CARTESIAN_POINT('Origin',(12.1801245296219,-31.7567219190097,0.));
#7466=CARTESIAN_POINT('Origin',(-0.0747523473644277,-19.9480828382706,0.));
#7467=CARTESIAN_POINT('Origin',(-0.0747523473644271,-19.9480828382706,1.5));
#7468=CARTESIAN_POINT('',(0.,0.,0.));
#7469=CARTESIAN_POINT('Origin',(4.25,-11.0323115181894,0.));
#7470=CARTESIAN_POINT('',(5.25,-11.0323115181894,0.));
#7471=CARTESIAN_POINT('Origin',(4.25,-11.0323115181894,0.));
#7472=CARTESIAN_POINT('',(5.25,-11.0323115181894,1.));
#7473=CARTESIAN_POINT('',(5.25,-11.0323115181894,0.));
#7474=CARTESIAN_POINT('Origin',(4.25,-11.0323115181894,1.));
#7475=CARTESIAN_POINT('Origin',(-4.25,-11.0323115181894,0.));
#7476=CARTESIAN_POINT('',(-3.25,-11.0323115181894,0.));
#7477=CARTESIAN_POINT('Origin',(-4.25,-11.0323115181894,0.));
#7478=CARTESIAN_POINT('',(-3.25,-11.0323115181894,1.));
#7479=CARTESIAN_POINT('',(-3.25,-11.0323115181894,0.));
#7480=CARTESIAN_POINT('Origin',(-4.25,-11.0323115181894,1.));
#7481=CARTESIAN_POINT('Origin',(-6.75759612349389,-11.5103636190947,0.));
#7482=CARTESIAN_POINT('',(-7.0220991525907,-11.934672642801,1.));
#7483=CARTESIAN_POINT('',(-7.25,-11.5971877079282,1.));
#7484=CARTESIAN_POINT('Origin',(-6.75759612349389,-11.5103636190947,1.));
#7485=CARTESIAN_POINT('',(-7.25,-11.5971877079282,0.));
#7486=CARTESIAN_POINT('',(-7.25,-11.5971877079282,0.));
#7487=CARTESIAN_POINT('',(-7.0220991525907,-11.934672642801,0.));
#7488=CARTESIAN_POINT('Origin',(-6.75759612349389,-11.5103636190947,0.));
#7489=CARTESIAN_POINT('',(-7.0220991525907,-11.934672642801,0.));
#7490=CARTESIAN_POINT('Origin',(-7.25,-11.5971877079282,0.));
#7491=CARTESIAN_POINT('',(-7.82149001429872,-8.35610677974272,1.));
#7492=CARTESIAN_POINT('',(-7.25,-11.5971877079282,1.));
#7493=CARTESIAN_POINT('',(-7.82149001429872,-8.35610677974272,0.));
#7494=CARTESIAN_POINT('',(-7.82149001429872,-8.35610677974272,0.));
#7495=CARTESIAN_POINT('',(-7.25,-11.5971877079282,0.));
#7496=CARTESIAN_POINT('Origin',(-8.80629776731094,-8.52975495740965,0.));
#7497=CARTESIAN_POINT('',(-8.08800268025458,-7.83401638013317,1.));
#7498=CARTESIAN_POINT('Origin',(-8.80629776731094,-8.52975495740965,1.));
#7499=CARTESIAN_POINT('',(-8.08800268025458,-7.83401638013317,0.));
#7500=CARTESIAN_POINT('',(-8.08800268025458,-7.83401638013317,0.));
#7501=CARTESIAN_POINT('Origin',(-8.80629776731094,-8.52975495740965,0.));
#7502=CARTESIAN_POINT('Origin',(0.,0.,0.));
#7503=CARTESIAN_POINT('',(8.08800268025458,-7.83401638013317,1.));
#7504=CARTESIAN_POINT('Origin',(0.,0.,1.));
#7505=CARTESIAN_POINT('',(8.08800268025458,-7.83401638013317,0.));
#7506=CARTESIAN_POINT('',(8.08800268025458,-7.83401638013317,0.));
#7507=CARTESIAN_POINT('Origin',(0.,0.,0.));
#7508=CARTESIAN_POINT('Origin',(8.80629776731094,-8.52975495740965,0.));
#7509=CARTESIAN_POINT('',(7.82149001429872,-8.35610677974272,1.));
#7510=CARTESIAN_POINT('Origin',(8.80629776731094,-8.52975495740965,1.));
#7511=CARTESIAN_POINT('',(7.82149001429872,-8.35610677974272,0.));
#7512=CARTESIAN_POINT('',(7.82149001429872,-8.35610677974272,0.));
#7513=CARTESIAN_POINT('Origin',(8.80629776731094,-8.52975495740965,0.));
#7514=CARTESIAN_POINT('Origin',(7.82149001429872,-8.35610677974272,0.));
#7515=CARTESIAN_POINT('',(7.25,-11.5971877079282,1.));
#7516=CARTESIAN_POINT('',(7.82149001429872,-8.35610677974272,1.));
#7517=CARTESIAN_POINT('',(7.25,-11.5971877079282,0.));
#7518=CARTESIAN_POINT('',(7.25,-11.5971877079282,0.));
#7519=CARTESIAN_POINT('',(7.82149001429872,-8.35610677974272,0.));
#7520=CARTESIAN_POINT('Origin',(6.75759612349389,-11.5103636190947,0.));
#7521=CARTESIAN_POINT('',(7.0220991525907,-11.934672642801,1.));
#7522=CARTESIAN_POINT('Origin',(6.75759612349389,-11.5103636190947,1.));
#7523=CARTESIAN_POINT('',(7.0220991525907,-11.934672642801,0.));
#7524=CARTESIAN_POINT('',(7.0220991525907,-11.934672642801,0.));
#7525=CARTESIAN_POINT('Origin',(6.75759612349389,-11.5103636190947,0.));
#7526=CARTESIAN_POINT('Origin',(0.,-0.67,0.));
#7527=CARTESIAN_POINT('',(1.25,-13.8851513899117,1.));
#7528=CARTESIAN_POINT('Origin',(0.,-0.67,1.));
#7529=CARTESIAN_POINT('',(1.25,-13.8851513899117,0.));
#7530=CARTESIAN_POINT('',(1.25,-13.8851513899117,0.));
#7531=CARTESIAN_POINT('Origin',(0.,-0.67,0.));
#7532=CARTESIAN_POINT('Origin',(1.25,-13.8851513899117,0.));
#7533=CARTESIAN_POINT('',(1.25,-9.83515138991168,1.));
#7534=CARTESIAN_POINT('',(1.25,-13.8851513899117,1.));
#7535=CARTESIAN_POINT('',(1.25,-9.83515138991168,0.));
#7536=CARTESIAN_POINT('',(1.25,-9.83515138991168,0.));
#7537=CARTESIAN_POINT('',(1.25,-13.8851513899117,0.));
#7538=CARTESIAN_POINT('Origin',(0.,-0.67,0.));
#7539=CARTESIAN_POINT('',(-1.25,-9.83515138991168,1.));
#7540=CARTESIAN_POINT('Origin',(0.,-0.67,1.));
#7541=CARTESIAN_POINT('',(-1.25,-9.83515138991168,0.));
#7542=CARTESIAN_POINT('',(-1.25,-9.83515138991168,0.));
#7543=CARTESIAN_POINT('Origin',(0.,-0.67,0.));
#7544=CARTESIAN_POINT('Origin',(-1.25,-9.83515138991168,0.));
#7545=CARTESIAN_POINT('',(-1.25,-13.8851513899117,1.));
#7546=CARTESIAN_POINT('',(-1.25,-9.83515138991168,1.));
#7547=CARTESIAN_POINT('',(-1.25,-13.8851513899117,0.));
#7548=CARTESIAN_POINT('',(-1.25,-13.8851513899117,0.));
#7549=CARTESIAN_POINT('',(-1.25,-9.83515138991168,0.));
#7550=CARTESIAN_POINT('Origin',(0.,-0.67,0.));
#7551=CARTESIAN_POINT('Origin',(0.,-0.67,1.));
#7552=CARTESIAN_POINT('Origin',(0.,-0.67,0.));
#7553=CARTESIAN_POINT('Origin',(3.07913416985883E-16,-2.04362521706966,
1.));
#7554=CARTESIAN_POINT('Origin',(2.68882138776405E-16,-2.04362521706966,
0.));
#7555=CARTESIAN_POINT('',(0.,0.,0.));
#7556=CARTESIAN_POINT('Origin',(5.,-2.8,-3.3));
#7557=CARTESIAN_POINT('',(11.,-2.6,-3.5));
#7558=CARTESIAN_POINT('',(11.,-3.,-3.1));
#7559=CARTESIAN_POINT('',(11.,-2.6,-3.5));
#7560=CARTESIAN_POINT('',(3.,-3.,-3.1));
#7561=CARTESIAN_POINT('',(5.,-3.,-3.1));
#7562=CARTESIAN_POINT('',(3.,-2.6,-3.5));
#7563=CARTESIAN_POINT('',(3.,-3.,-3.1));
#7564=CARTESIAN_POINT('',(5.,-2.6,-3.5));
#7565=CARTESIAN_POINT('Origin',(11.,0.,-3.3));
#7566=CARTESIAN_POINT('',(11.,2.6,-3.5));
#7567=CARTESIAN_POINT('',(11.,3.,-3.1));
#7568=CARTESIAN_POINT('',(11.,2.6,-3.5));
#7569=CARTESIAN_POINT('Origin',(11.,0.,-3.1));
#7570=CARTESIAN_POINT('Origin',(11.,0.,-3.5));
#7571=CARTESIAN_POINT('Origin',(3.,0.,-3.3));
#7572=CARTESIAN_POINT('',(3.,3.,-3.1));
#7573=CARTESIAN_POINT('',(3.,2.6,-3.5));
#7574=CARTESIAN_POINT('',(3.,3.,-3.1));
#7575=CARTESIAN_POINT('Origin',(3.,0.,-3.5));
#7576=CARTESIAN_POINT('Origin',(3.,0.,-3.1));
#7577=CARTESIAN_POINT('Origin',(9.,2.8,-3.3));
#7578=CARTESIAN_POINT('',(9.,2.6,-3.5));
#7579=CARTESIAN_POINT('',(9.,3.,-3.1));
#7580=CARTESIAN_POINT('Origin',(3.,0.,0.));
#7581=CARTESIAN_POINT('',(3.,-3.,2.1));
#7582=CARTESIAN_POINT('',(3.,-3.,0.));
#7583=CARTESIAN_POINT('',(3.,3.,2.1));
#7584=CARTESIAN_POINT('Origin',(3.,0.,2.1));
#7585=CARTESIAN_POINT('',(3.,3.,0.));
#7586=CARTESIAN_POINT('Origin',(3.,-3.,0.));
#7587=CARTESIAN_POINT('',(11.,-3.,2.1));
#7588=CARTESIAN_POINT('',(11.,-3.,0.));
#7589=CARTESIAN_POINT('',(5.,-3.,2.1));
#7590=CARTESIAN_POINT('Origin',(7.,0.,-3.5));
#7591=CARTESIAN_POINT('Origin',(3.,0.,2.3));
#7592=CARTESIAN_POINT('',(3.,-2.6,2.5));
#7593=CARTESIAN_POINT('',(3.,-3.,2.1));
#7594=CARTESIAN_POINT('',(3.,2.6,2.5));
#7595=CARTESIAN_POINT('Origin',(3.,0.,2.5));
#7596=CARTESIAN_POINT('',(3.,2.6,2.5));
#7597=CARTESIAN_POINT('Origin',(5.,-2.8,2.3));
#7598=CARTESIAN_POINT('',(11.,-2.6,2.5));
#7599=CARTESIAN_POINT('',(11.,-3.,2.1));
#7600=CARTESIAN_POINT('',(5.,-2.6,2.5));
#7601=CARTESIAN_POINT('Origin',(9.,2.8,2.3));
#7602=CARTESIAN_POINT('',(11.,2.6,2.5));
#7603=CARTESIAN_POINT('',(11.,3.,2.1));
#7604=CARTESIAN_POINT('',(11.,2.6,2.5));
#7605=CARTESIAN_POINT('',(9.,3.,2.1));
#7606=CARTESIAN_POINT('',(9.,2.6,2.5));
#7607=CARTESIAN_POINT('Origin',(11.,0.,2.3));
#7608=CARTESIAN_POINT('Origin',(11.,0.,2.1));
#7609=CARTESIAN_POINT('Origin',(11.,0.,2.5));
#7610=CARTESIAN_POINT('Origin',(7.,0.,2.5));
#7611=CARTESIAN_POINT('Origin',(11.,3.,0.));
#7612=CARTESIAN_POINT('',(11.,3.,0.));
#7613=CARTESIAN_POINT('Origin',(11.,0.,0.));
#7614=CARTESIAN_POINT('',(0.,0.,0.));
#7615=CARTESIAN_POINT('Origin',(6.,11.8736888683442,-9.96320795014136));
#7616=CARTESIAN_POINT('',(6.,13.7120614320477,-7.77232084282109));
#7617=CARTESIAN_POINT('',(6.,10.0353163046407,-12.1540950574616));
#7618=CARTESIAN_POINT('Origin',(6.,11.8736888683442,-9.96320795014136));
#7619=CARTESIAN_POINT('',(3.87486376907267,10.4074798042144,-8.73291246520133));
#7620=CARTESIAN_POINT('',(8.12513623092733,10.4074798042144,-8.73291246520133));
#7621=CARTESIAN_POINT('Origin',(6.,11.8736888683442,-9.96320795014136));
#7622=CARTESIAN_POINT('',(8.12513623092733,13.3398979324739,-11.1935034350814));
#7623=CARTESIAN_POINT('',(3.87486376907267,13.3398979324739,-11.1935034350814));
#7624=CARTESIAN_POINT('Origin',(6.,11.8736888683442,-9.96320795014136));
#7625=CARTESIAN_POINT('Origin',(6.,-7.75,13.4233937586588));
#7626=CARTESIAN_POINT('',(6.,-10.2268326548235,11.9933937586588));
#7627=CARTESIAN_POINT('',(6.,-5.2731673451765,14.8533937586588));
#7628=CARTESIAN_POINT('Origin',(6.,-7.75,13.4233937586588));
#7629=CARTESIAN_POINT('',(3.87486376907267,-6.793,11.7658211358154));
#7630=CARTESIAN_POINT('',(8.12513623092733,-6.793,11.7658211358154));
#7631=CARTESIAN_POINT('Origin',(6.,-7.75,13.4233937586588));
#7632=CARTESIAN_POINT('',(8.12513623092733,-8.70699999999999,15.0809663815022));
#7633=CARTESIAN_POINT('',(3.87486376907267,-8.70699999999999,15.0809663815022));
#7634=CARTESIAN_POINT('Origin',(6.,-7.75,13.4233937586588));
#7635=CARTESIAN_POINT('Origin',(6.,2.69154675383742,15.2645201716892));
#7636=CARTESIAN_POINT('',(6.,-0.125003419777492,15.7611539598166));
#7637=CARTESIAN_POINT('',(6.,5.50809692745234,14.7678863835618));
#7638=CARTESIAN_POINT('Origin',(6.,2.69154675383742,15.2645201716892));
#7639=CARTESIAN_POINT('',(3.87486376907267,2.35918414178292,13.3795981324239));
#7640=CARTESIAN_POINT('',(8.12513623092733,2.35918414178292,13.3795981324239));
#7641=CARTESIAN_POINT('Origin',(6.,2.69154675383742,15.2645201716892));
#7642=CARTESIAN_POINT('',(8.12513623092733,3.02390936589193,17.1494422109546));
#7643=CARTESIAN_POINT('',(3.87486376907267,3.02390936589193,17.1494422109546));
#7644=CARTESIAN_POINT('Origin',(6.,2.69154675383742,15.2645201716892));
#7645=CARTESIAN_POINT('Origin',(6.,-14.5652356221816,5.30131222154787));
#7646=CARTESIAN_POINT('',(6.,-15.543413232093,2.61379132610017));
#7647=CARTESIAN_POINT('',(6.,-13.5870580122702,7.98883311699557));
#7648=CARTESIAN_POINT('Origin',(6.,-14.5652356221816,5.30131222154787));
#7649=CARTESIAN_POINT('',(3.87486376907267,-12.7666639459974,4.64668566722254));
#7650=CARTESIAN_POINT('',(8.12513623092733,-12.7666639459974,4.64668566722254));
#7651=CARTESIAN_POINT('Origin',(6.,-14.5652356221816,5.30131222154787));
#7652=CARTESIAN_POINT('',(8.12513623092733,-16.3638072983658,5.9559387758732));
#7653=CARTESIAN_POINT('',(3.87486376907267,-16.3638072983658,5.9559387758732));
#7654=CARTESIAN_POINT('Origin',(6.,-14.5652356221816,5.30131222154787));
#7655=CARTESIAN_POINT('Origin',(6.,11.8736888683442,9.96320795014136));
#7656=CARTESIAN_POINT('',(6.,10.0353163046407,12.1540950574616));
#7657=CARTESIAN_POINT('',(6.,13.7120614320477,7.77232084282108));
#7658=CARTESIAN_POINT('Origin',(6.,11.8736888683442,9.96320795014136));
#7659=CARTESIAN_POINT('',(3.87486376907267,10.4074798042144,8.73291246520133));
#7660=CARTESIAN_POINT('',(8.12513623092733,10.4074798042144,8.73291246520133));
#7661=CARTESIAN_POINT('Origin',(6.,11.8736888683442,9.96320795014136));
#7662=CARTESIAN_POINT('',(8.12513623092733,13.3398979324739,11.1935034350814));
#7663=CARTESIAN_POINT('',(3.87486376907267,13.3398979324739,11.1935034350814));
#7664=CARTESIAN_POINT('Origin',(6.,11.8736888683442,9.96320795014136));
#7665=CARTESIAN_POINT('Origin',(6.,-14.5652356221816,-5.30131222154786));
#7666=CARTESIAN_POINT('',(6.,-13.5870580122702,-7.98883311699556));
#7667=CARTESIAN_POINT('',(6.,-15.543413232093,-2.61379132610017));
#7668=CARTESIAN_POINT('Origin',(6.,-14.5652356221816,-5.30131222154786));
#7669=CARTESIAN_POINT('',(3.87486376907267,-12.7666639459974,-4.64668566722254));
#7670=CARTESIAN_POINT('',(8.12513623092733,-12.7666639459974,-4.64668566722254));
#7671=CARTESIAN_POINT('Origin',(6.,-14.5652356221816,-5.30131222154786));
#7672=CARTESIAN_POINT('',(8.12513623092733,-16.3638072983658,-5.95593877587319));
#7673=CARTESIAN_POINT('',(3.87486376907267,-16.3638072983658,-5.95593877587319));
#7674=CARTESIAN_POINT('Origin',(6.,-14.5652356221816,-5.30131222154786));
#7675=CARTESIAN_POINT('Origin',(6.,15.5,0.));
#7676=CARTESIAN_POINT('',(6.,15.5,2.86));
#7677=CARTESIAN_POINT('',(6.,15.5,-2.86));
#7678=CARTESIAN_POINT('Origin',(6.,15.5,0.));
#7679=CARTESIAN_POINT('',(8.12513623092733,17.414,0.));
#7680=CARTESIAN_POINT('',(3.87486376907267,17.414,0.));
#7681=CARTESIAN_POINT('Origin',(6.,15.5,0.));
#7682=CARTESIAN_POINT('',(3.87486376907267,13.586,0.));
#7683=CARTESIAN_POINT('',(8.12513623092733,13.586,0.));
#7684=CARTESIAN_POINT('Origin',(6.,15.5,0.));
#7685=CARTESIAN_POINT('Origin',(6.,-7.75,-13.4233937586588));
#7686=CARTESIAN_POINT('',(6.,-5.27316734517651,-14.8533937586588));
#7687=CARTESIAN_POINT('',(6.,-10.2268326548235,-11.9933937586588));
#7688=CARTESIAN_POINT('Origin',(6.,-7.75,-13.4233937586588));
#7689=CARTESIAN_POINT('',(3.87486376907267,-6.79300000000001,-11.7658211358154));
#7690=CARTESIAN_POINT('',(8.12513623092733,-6.79300000000001,-11.7658211358154));
#7691=CARTESIAN_POINT('Origin',(6.,-7.75,-13.4233937586588));
#7692=CARTESIAN_POINT('',(8.12513623092733,-8.707,-15.0809663815022));
#7693=CARTESIAN_POINT('',(3.87486376907267,-8.707,-15.0809663815022));
#7694=CARTESIAN_POINT('Origin',(6.,-7.75,-13.4233937586588));
#7695=CARTESIAN_POINT('Origin',(2.93743188453634,0.,0.));
#7696=CARTESIAN_POINT('',(3.87486376907267,13.586,0.));
#7697=CARTESIAN_POINT('',(3.87486376907267,10.4074798042144,8.73291246520133));
#7698=CARTESIAN_POINT('Origin',(3.87486376907267,0.,0.));
#7699=CARTESIAN_POINT('',(3.87486376907267,10.4074798042144,-8.73291246520133));
#7700=CARTESIAN_POINT('Origin',(3.87486376907267,0.,0.));
#7701=CARTESIAN_POINT('',(3.87486376907267,2.35918414178291,-13.3795981324239));
#7702=CARTESIAN_POINT('Origin',(3.87486376907267,0.,0.));
#7703=CARTESIAN_POINT('',(3.87486376907267,-6.79300000000001,-11.7658211358154));
#7704=CARTESIAN_POINT('Origin',(3.87486376907267,0.,0.));
#7705=CARTESIAN_POINT('',(3.87486376907267,-12.7666639459974,-4.64668566722254));
#7706=CARTESIAN_POINT('Origin',(3.87486376907267,0.,0.));
#7707=CARTESIAN_POINT('',(3.87486376907267,-13.586,-1.66380514132159E-15));
#7708=CARTESIAN_POINT('Origin',(3.87486376907267,0.,0.));
#7709=CARTESIAN_POINT('',(2.,-13.586,-1.66380514132159E-15));
#7710=CARTESIAN_POINT('',(2.93743188453634,-13.586,-1.66380514132159E-15));
#7711=CARTESIAN_POINT('',(2.,13.586,0.));
#7712=CARTESIAN_POINT('Origin',(2.,0.,0.));
#7713=CARTESIAN_POINT('Origin',(2.,0.,0.));
#7714=CARTESIAN_POINT('',(3.87486376907267,-12.7666639459974,4.64668566722254));
#7715=CARTESIAN_POINT('Origin',(3.87486376907267,0.,0.));
#7716=CARTESIAN_POINT('',(3.87486376907267,-6.793,11.7658211358154));
#7717=CARTESIAN_POINT('Origin',(3.87486376907267,0.,0.));
#7718=CARTESIAN_POINT('',(3.87486376907267,2.35918414178292,13.3795981324239));
#7719=CARTESIAN_POINT('Origin',(3.87486376907267,0.,0.));
#7720=CARTESIAN_POINT('Origin',(3.87486376907267,0.,0.));
#7721=CARTESIAN_POINT('Origin',(2.,13.24635,0.));
#7722=CARTESIAN_POINT('',(2.,12.9067,0.));
#7723=CARTESIAN_POINT('',(2.,-12.9067,-1.58061488425551E-15));
#7724=CARTESIAN_POINT('Origin',(2.,0.,0.));
#7725=CARTESIAN_POINT('Origin',(2.,0.,0.));
#7726=CARTESIAN_POINT('Origin',(1.,0.,0.));
#7727=CARTESIAN_POINT('',(0.,-12.9067,-1.58061488425551E-15));
#7728=CARTESIAN_POINT('',(1.,-12.9067,-1.58061488425551E-15));
#7729=CARTESIAN_POINT('',(0.,12.9067,0.));
#7730=CARTESIAN_POINT('Origin',(0.,0.,0.));
#7731=CARTESIAN_POINT('Origin',(0.,0.,0.));
#7732=CARTESIAN_POINT('Origin',(11.,0.,0.));
#7733=CARTESIAN_POINT('',(12.,12.9067,0.));
#7734=CARTESIAN_POINT('',(12.,-12.9067,-1.58061488425551E-15));
#7735=CARTESIAN_POINT('Origin',(12.,0.,0.));
#7736=CARTESIAN_POINT('Origin',(12.,0.,0.));
#7737=CARTESIAN_POINT('',(10.,-12.9067,-1.58061488425551E-15));
#7738=CARTESIAN_POINT('',(11.,-12.9067,-1.58061488425551E-15));
#7739=CARTESIAN_POINT('',(10.,12.9067,0.));
#7740=CARTESIAN_POINT('Origin',(10.,0.,0.));
#7741=CARTESIAN_POINT('Origin',(10.,0.,0.));
#7742=CARTESIAN_POINT('Origin',(10.,13.24635,0.));
#7743=CARTESIAN_POINT('',(10.,13.586,0.));
#7744=CARTESIAN_POINT('',(10.,-13.586,-1.66380514132159E-15));
#7745=CARTESIAN_POINT('Origin',(10.,0.,0.));
#7746=CARTESIAN_POINT('Origin',(10.,0.,0.));
#7747=CARTESIAN_POINT('Origin',(9.06256811546367,0.,0.));
#7748=CARTESIAN_POINT('',(8.12513623092733,-13.586,-1.66380514132159E-15));
#7749=CARTESIAN_POINT('',(9.06256811546367,-13.586,-1.66380514132159E-15));
#7750=CARTESIAN_POINT('',(8.12513623092733,-12.7666639459974,-4.64668566722254));
#7751=CARTESIAN_POINT('Origin',(8.12513623092733,0.,0.));
#7752=CARTESIAN_POINT('',(8.12513623092733,-6.79300000000001,-11.7658211358154));
#7753=CARTESIAN_POINT('Origin',(8.12513623092733,0.,0.));
#7754=CARTESIAN_POINT('',(8.12513623092733,2.35918414178291,-13.3795981324239));
#7755=CARTESIAN_POINT('Origin',(8.12513623092733,0.,0.));
#7756=CARTESIAN_POINT('',(8.12513623092733,10.4074798042144,-8.73291246520133));
#7757=CARTESIAN_POINT('Origin',(8.12513623092733,0.,0.));
#7758=CARTESIAN_POINT('',(8.12513623092733,13.586,0.));
#7759=CARTESIAN_POINT('Origin',(8.12513623092733,0.,0.));
#7760=CARTESIAN_POINT('',(8.12513623092733,10.4074798042144,8.73291246520133));
#7761=CARTESIAN_POINT('Origin',(8.12513623092733,0.,0.));
#7762=CARTESIAN_POINT('',(8.12513623092733,2.35918414178292,13.3795981324239));
#7763=CARTESIAN_POINT('Origin',(8.12513623092733,0.,0.));
#7764=CARTESIAN_POINT('',(8.12513623092733,-6.793,11.7658211358154));
#7765=CARTESIAN_POINT('Origin',(8.12513623092733,0.,0.));
#7766=CARTESIAN_POINT('',(8.12513623092733,-12.7666639459974,4.64668566722254));
#7767=CARTESIAN_POINT('Origin',(8.12513623092733,0.,0.));
#7768=CARTESIAN_POINT('Origin',(8.12513623092733,0.,0.));
#7769=CARTESIAN_POINT('Origin',(6.,0.,0.));
#7770=CARTESIAN_POINT('Origin',(6.,11.8736888683442,-9.96320795014136));
#7771=CARTESIAN_POINT('Origin',(6.,2.69154675383741,-15.2645201716892));
#7772=CARTESIAN_POINT('Origin',(12.,11.45335,0.));
#7773=CARTESIAN_POINT('',(12.,10.6,0.));
#7774=CARTESIAN_POINT('',(12.,-1.29812560709619E-15,10.6));
#7775=CARTESIAN_POINT('Origin',(12.,0.,0.));
#7776=CARTESIAN_POINT('Origin',(12.,0.,0.));
#7777=CARTESIAN_POINT('Origin',(11.4,0.,0.));
#7778=CARTESIAN_POINT('',(11.4,10.,-2.44929359829471E-15));
#7779=CARTESIAN_POINT('',(11.4,-10.,-1.22464679914735E-15));
#7780=CARTESIAN_POINT('Origin',(11.4,0.,0.));
#7781=CARTESIAN_POINT('',(11.4,-1.22464679914735E-15,10.));
#7782=CARTESIAN_POINT('Origin',(11.4,0.,0.));
#7783=CARTESIAN_POINT('Origin',(11.4,-1.29812560709619E-15,10.6));
#7784=CARTESIAN_POINT('Origin',(11.4,0.,0.));
#7785=CARTESIAN_POINT('Origin',(0.,11.45335,0.));
#7786=CARTESIAN_POINT('',(0.,10.6,-2.59625121419239E-15));
#7787=CARTESIAN_POINT('',(0.,-1.29812560709619E-15,10.6));
#7788=CARTESIAN_POINT('Origin',(0.,0.,0.));
#7789=CARTESIAN_POINT('Origin',(0.,0.,0.));
#7790=CARTESIAN_POINT('Origin',(6.,0.,0.));
#7791=CARTESIAN_POINT('',(0.600000000000002,-10.,-1.22464679914735E-15));
#7792=CARTESIAN_POINT('',(6.,-10.,-1.22464679914735E-15));
#7793=CARTESIAN_POINT('',(0.600000000000001,-1.22464679914735E-15,10.));
#7794=CARTESIAN_POINT('Origin',(0.600000000000001,0.,0.));
#7795=CARTESIAN_POINT('',(0.600000000000001,10.,0.));
#7796=CARTESIAN_POINT('Origin',(0.600000000000001,0.,0.));
#7797=CARTESIAN_POINT('Origin',(0.600000000000001,0.,0.));
#7798=CARTESIAN_POINT('Origin',(0.600000000000001,0.,0.));
#7799=CARTESIAN_POINT('Origin',(0.600000000000001,-1.29812560709619E-15,
10.6));
#7800=CARTESIAN_POINT('Origin',(6.,0.,0.));
#7801=CARTESIAN_POINT('Origin',(6.,15.5,0.));
#7802=CARTESIAN_POINT('Origin',(6.,0.,0.));
#7803=CARTESIAN_POINT('Origin',(6.,-7.75,-13.4233937586588));
#7804=CARTESIAN_POINT('Origin',(6.,0.,0.));
#7805=CARTESIAN_POINT('Origin',(6.,-14.5652356221816,-5.30131222154786));
#7806=CARTESIAN_POINT('Origin',(6.,0.,0.));
#7807=CARTESIAN_POINT('Origin',(6.,-14.5652356221816,5.30131222154787));
#7808=CARTESIAN_POINT('Origin',(6.,0.,0.));
#7809=CARTESIAN_POINT('Origin',(6.,-7.75,13.4233937586588));
#7810=CARTESIAN_POINT('Origin',(6.,0.,0.));
#7811=CARTESIAN_POINT('Origin',(6.,2.69154675383742,15.2645201716892));
#7812=CARTESIAN_POINT('Origin',(6.,0.,0.));
#7813=CARTESIAN_POINT('Origin',(6.,11.8736888683442,9.96320795014136));
#7814=CARTESIAN_POINT('Origin',(6.,0.,0.));
#7815=CARTESIAN_POINT('Origin',(6.,2.69154675383741,-15.2645201716892));
#7816=CARTESIAN_POINT('',(6.,5.50809692745233,-14.7678863835618));
#7817=CARTESIAN_POINT('',(6.,-0.125003419777501,-15.7611539598166));
#7818=CARTESIAN_POINT('Origin',(6.,2.69154675383741,-15.2645201716892));
#7819=CARTESIAN_POINT('',(3.87486376907267,2.35918414178291,-13.3795981324239));
#7820=CARTESIAN_POINT('',(8.12513623092733,2.35918414178291,-13.3795981324239));
#7821=CARTESIAN_POINT('Origin',(6.,2.69154675383741,-15.2645201716892));
#7822=CARTESIAN_POINT('',(8.12513623092733,3.02390936589192,-17.1494422109546));
#7823=CARTESIAN_POINT('',(3.87486376907267,3.02390936589192,-17.1494422109546));
#7824=CARTESIAN_POINT('Origin',(6.,2.69154675383741,-15.2645201716892));
#7825=CARTESIAN_POINT('Origin',(9.06256811546367,0.,0.));
#7826=CARTESIAN_POINT('',(10.,17.414,0.));
#7827=CARTESIAN_POINT('',(10.,-17.414,-2.1325999360352E-15));
#7828=CARTESIAN_POINT('Origin',(10.,0.,0.));
#7829=CARTESIAN_POINT('',(8.12513623092733,-17.414,-2.1325999360352E-15));
#7830=CARTESIAN_POINT('',(9.06256811546367,-17.414,-2.1325999360352E-15));
#7831=CARTESIAN_POINT('',(8.12513623092733,-16.3638072983658,5.9559387758732));
#7832=CARTESIAN_POINT('Origin',(8.12513623092733,0.,0.));
#7833=CARTESIAN_POINT('',(8.12513623092733,-8.70699999999999,15.0809663815022));
#7834=CARTESIAN_POINT('Origin',(8.12513623092733,0.,0.));
#7835=CARTESIAN_POINT('',(8.12513623092733,3.02390936589193,17.1494422109546));
#7836=CARTESIAN_POINT('Origin',(8.12513623092733,0.,0.));
#7837=CARTESIAN_POINT('',(8.12513623092733,13.3398979324739,11.1935034350814));
#7838=CARTESIAN_POINT('Origin',(8.12513623092733,0.,0.));
#7839=CARTESIAN_POINT('',(8.12513623092733,17.414,0.));
#7840=CARTESIAN_POINT('Origin',(8.12513623092733,0.,0.));
#7841=CARTESIAN_POINT('',(8.12513623092733,13.3398979324739,-11.1935034350814));
#7842=CARTESIAN_POINT('Origin',(8.12513623092733,0.,0.));
#7843=CARTESIAN_POINT('',(8.12513623092733,3.02390936589192,-17.1494422109546));
#7844=CARTESIAN_POINT('Origin',(8.12513623092733,0.,0.));
#7845=CARTESIAN_POINT('',(8.12513623092733,-8.707,-15.0809663815022));
#7846=CARTESIAN_POINT('Origin',(8.12513623092733,0.,0.));
#7847=CARTESIAN_POINT('',(8.12513623092733,-16.3638072983658,-5.95593877587319));
#7848=CARTESIAN_POINT('Origin',(8.12513623092733,0.,0.));
#7849=CARTESIAN_POINT('Origin',(8.12513623092733,0.,0.));
#7850=CARTESIAN_POINT('Origin',(10.,0.,0.));
#7851=CARTESIAN_POINT('Origin',(10.,17.75365,0.));
#7852=CARTESIAN_POINT('',(10.,18.0933,0.));
#7853=CARTESIAN_POINT('',(10.,-18.0933,-2.21579019310128E-15));
#7854=CARTESIAN_POINT('Origin',(10.,0.,0.));
#7855=CARTESIAN_POINT('Origin',(10.,0.,0.));
#7856=CARTESIAN_POINT('Origin',(11.,0.,0.));
#7857=CARTESIAN_POINT('',(12.,18.0933,0.));
#7858=CARTESIAN_POINT('',(12.,-18.0933,-2.21579019310128E-15));
#7859=CARTESIAN_POINT('Origin',(12.,0.,0.));
#7860=CARTESIAN_POINT('',(11.,-18.0933,-2.21579019310128E-15));
#7861=CARTESIAN_POINT('Origin',(12.,0.,0.));
#7862=CARTESIAN_POINT('Origin',(0.999999999999999,0.,0.));
#7863=CARTESIAN_POINT('',(2.,18.0933,0.));
#7864=CARTESIAN_POINT('',(2.,-18.0933,-2.21579019310128E-15));
#7865=CARTESIAN_POINT('Origin',(2.,0.,0.));
#7866=CARTESIAN_POINT('',(-2.22044604925031E-15,-18.0933,-2.21579019310128E-15));
#7867=CARTESIAN_POINT('',(0.999999999999999,-18.0933,-2.21579019310128E-15));
#7868=CARTESIAN_POINT('',(-2.54070123538306E-15,18.0933,0.));
#7869=CARTESIAN_POINT('Origin',(-2.22044604925031E-15,0.,0.));
#7870=CARTESIAN_POINT('Origin',(-2.22044604925031E-15,0.,0.));
#7871=CARTESIAN_POINT('Origin',(2.,0.,0.));
#7872=CARTESIAN_POINT('Origin',(2.,17.75365,0.));
#7873=CARTESIAN_POINT('',(2.,17.414,0.));
#7874=CARTESIAN_POINT('',(2.,-17.414,-2.1325999360352E-15));
#7875=CARTESIAN_POINT('Origin',(2.,0.,0.));
#7876=CARTESIAN_POINT('Origin',(2.,0.,0.));
#7877=CARTESIAN_POINT('Origin',(2.93743188453633,0.,0.));
#7878=CARTESIAN_POINT('',(3.87486376907267,17.414,0.));
#7879=CARTESIAN_POINT('',(3.87486376907267,13.3398979324739,11.1935034350814));
#7880=CARTESIAN_POINT('Origin',(3.87486376907267,0.,0.));
#7881=CARTESIAN_POINT('',(3.87486376907267,3.02390936589193,17.1494422109546));
#7882=CARTESIAN_POINT('Origin',(3.87486376907267,0.,0.));
#7883=CARTESIAN_POINT('',(3.87486376907267,-8.70699999999999,15.0809663815022));
#7884=CARTESIAN_POINT('Origin',(3.87486376907267,0.,0.));
#7885=CARTESIAN_POINT('',(3.87486376907267,-16.3638072983658,5.9559387758732));
#7886=CARTESIAN_POINT('Origin',(3.87486376907267,0.,0.));
#7887=CARTESIAN_POINT('',(3.87486376907267,-17.414,-2.1325999360352E-15));
#7888=CARTESIAN_POINT('Origin',(3.87486376907267,0.,0.));
#7889=CARTESIAN_POINT('',(2.93743188453633,-17.414,-2.1325999360352E-15));
#7890=CARTESIAN_POINT('',(3.87486376907267,-16.3638072983658,-5.95593877587319));
#7891=CARTESIAN_POINT('Origin',(3.87486376907267,0.,0.));
#7892=CARTESIAN_POINT('',(3.87486376907267,-8.707,-15.0809663815022));
#7893=CARTESIAN_POINT('Origin',(3.87486376907267,0.,0.));
#7894=CARTESIAN_POINT('',(3.87486376907267,3.02390936589192,-17.1494422109546));
#7895=CARTESIAN_POINT('Origin',(3.87486376907267,0.,0.));
#7896=CARTESIAN_POINT('',(3.87486376907267,13.3398979324739,-11.1935034350814));
#7897=CARTESIAN_POINT('Origin',(3.87486376907267,0.,0.));
#7898=CARTESIAN_POINT('Origin',(3.87486376907267,0.,0.));
#7899=CARTESIAN_POINT('Origin',(6.,0.,0.));
#7900=CARTESIAN_POINT('Origin',(6.,11.8736888683442,-9.96320795014136));
#7901=CARTESIAN_POINT('Origin',(6.,2.69154675383741,-15.2645201716892));
#7902=CARTESIAN_POINT('Origin',(-1.27035061769153E-15,19.54665,0.));
#7903=CARTESIAN_POINT('',(-1.2490009027033E-15,20.4,0.));
#7904=CARTESIAN_POINT('',(-1.2490009027033E-15,-2.4982794702606E-15,20.4));
#7905=CARTESIAN_POINT('Origin',(-1.2490009027033E-15,0.,0.));
#7906=CARTESIAN_POINT('Origin',(-1.2490009027033E-15,0.,0.));
#7907=CARTESIAN_POINT('Origin',(0.599999999999998,0.,0.));
#7908=CARTESIAN_POINT('',(0.599999999999998,21.,-5.14351655641888E-15));
#7909=CARTESIAN_POINT('',(0.599999999999998,-21.,-2.57175827820944E-15));
#7910=CARTESIAN_POINT('Origin',(0.599999999999998,0.,0.));
#7911=CARTESIAN_POINT('',(0.599999999999998,-2.57175827820944E-15,21.));
#7912=CARTESIAN_POINT('Origin',(0.599999999999998,0.,0.));
#7913=CARTESIAN_POINT('Origin',(0.599999999999998,-2.4982794702606E-15,
20.4));
#7914=CARTESIAN_POINT('Origin',(0.599999999999998,0.,0.));
#7915=CARTESIAN_POINT('Origin',(12.,19.54665,0.));
#7916=CARTESIAN_POINT('',(12.,20.4,-4.9965589405212E-15));
#7917=CARTESIAN_POINT('',(12.,-2.4982794702606E-15,20.4));
#7918=CARTESIAN_POINT('Origin',(12.,0.,0.));
#7919=CARTESIAN_POINT('Origin',(12.,0.,0.));
#7920=CARTESIAN_POINT('Origin',(8.00000000000001,0.,0.));
#7921=CARTESIAN_POINT('',(11.4,21.,0.));
#7922=CARTESIAN_POINT('',(11.4,-2.57175827820944E-15,21.));
#7923=CARTESIAN_POINT('Origin',(11.4,0.,0.));
#7924=CARTESIAN_POINT('',(11.4,-21.,-2.57175827820944E-15));
#7925=CARTESIAN_POINT('Origin',(11.4,0.,0.));
#7926=CARTESIAN_POINT('',(8.00000000000001,-21.,-2.57175827820944E-15));
#7927=CARTESIAN_POINT('Origin',(11.4,0.,0.));
#7928=CARTESIAN_POINT('Origin',(11.4,0.,0.));
#7929=CARTESIAN_POINT('Origin',(11.4,-2.4982794702606E-15,20.4));
#7930=CARTESIAN_POINT('Origin',(6.,0.,0.));
#7931=CARTESIAN_POINT('Origin',(6.,15.5,0.));
#7932=CARTESIAN_POINT('Origin',(6.,0.,0.));
#7933=CARTESIAN_POINT('Origin',(6.,-7.75,-13.4233937586588));
#7934=CARTESIAN_POINT('Origin',(6.,0.,0.));
#7935=CARTESIAN_POINT('Origin',(6.,-14.5652356221816,-5.30131222154786));
#7936=CARTESIAN_POINT('Origin',(6.,0.,0.));
#7937=CARTESIAN_POINT('Origin',(6.,-14.5652356221816,5.30131222154787));
#7938=CARTESIAN_POINT('Origin',(6.,0.,0.));
#7939=CARTESIAN_POINT('Origin',(6.,-7.75,13.4233937586588));
#7940=CARTESIAN_POINT('Origin',(6.,0.,0.));
#7941=CARTESIAN_POINT('Origin',(6.,2.69154675383742,15.2645201716892));
#7942=CARTESIAN_POINT('Origin',(6.,0.,0.));
#7943=CARTESIAN_POINT('Origin',(6.,11.8736888683442,9.96320795014136));
#7944=CARTESIAN_POINT('Origin',(6.,0.,0.));
#7945=CARTESIAN_POINT('',(0.,0.,0.));
#7946=CARTESIAN_POINT('',(-2.9165953399495E-16,64.3,-7.28548492787643E-17));
#7947=CARTESIAN_POINT('',(-3.02395209850999,69.3,-16.64670633877));
#7948=CARTESIAN_POINT('',(-0.391648226165249,59.1,-20.9963475792087));
#7949=CARTESIAN_POINT('',(0.,85.3,-0.67));
#7950=CARTESIAN_POINT('',(0.,34.1,-0.67));
#7951=CARTESIAN_POINT('',(5.55111512312578E-16,70.1991206710121,9.));
#7952=CARTESIAN_POINT('',(0.,35.1,0.));
#7953=CARTESIAN_POINT('',(0.,47.1,0.));
#7954=CARTESIAN_POINT('Origin',(0.,0.,0.));
#7955=UNCERTAINTY_MEASURE_WITH_UNIT(LENGTH_MEASURE(0.01),#7977,
'DISTANCE_ACCURACY_VALUE',
'Maximum model space distance between geometric entities at asserted c
onnectivities');
#7956=UNCERTAINTY_MEASURE_WITH_UNIT(LENGTH_MEASURE(0.01),#7977,
'DISTANCE_ACCURACY_VALUE',
'Maximum model space distance between geometric entities at asserted c
onnectivities');
#7957=UNCERTAINTY_MEASURE_WITH_UNIT(LENGTH_MEASURE(0.01),#7977,
'DISTANCE_ACCURACY_VALUE',
'Maximum model space distance between geometric entities at asserted c
onnectivities');
#7958=UNCERTAINTY_MEASURE_WITH_UNIT(LENGTH_MEASURE(0.01),#7977,
'DISTANCE_ACCURACY_VALUE',
'Maximum model space distance between geometric entities at asserted c
onnectivities');
#7959=UNCERTAINTY_MEASURE_WITH_UNIT(LENGTH_MEASURE(0.01),#7977,
'DISTANCE_ACCURACY_VALUE',
'Maximum model space distance between geometric entities at asserted c
onnectivities');
#7960=UNCERTAINTY_MEASURE_WITH_UNIT(LENGTH_MEASURE(0.01),#7977,
'DISTANCE_ACCURACY_VALUE',
'Maximum model space distance between geometric entities at asserted c
onnectivities');
#7961=UNCERTAINTY_MEASURE_WITH_UNIT(LENGTH_MEASURE(0.01),#7977,
'DISTANCE_ACCURACY_VALUE',
'Maximum model space distance between geometric entities at asserted c
onnectivities');
#7962=UNCERTAINTY_MEASURE_WITH_UNIT(LENGTH_MEASURE(0.01),#7977,
'DISTANCE_ACCURACY_VALUE',
'Maximum model space distance between geometric entities at asserted c
onnectivities');
#7963=UNCERTAINTY_MEASURE_WITH_UNIT(LENGTH_MEASURE(0.01),#7977,
'DISTANCE_ACCURACY_VALUE',
'Maximum model space distance between geometric entities at asserted c
onnectivities');
#7964=UNCERTAINTY_MEASURE_WITH_UNIT(LENGTH_MEASURE(0.01),#7977,
'DISTANCE_ACCURACY_VALUE',
'Maximum model space distance between geometric entities at asserted c
onnectivities');
#7965=UNCERTAINTY_MEASURE_WITH_UNIT(LENGTH_MEASURE(0.01),#7977,
'DISTANCE_ACCURACY_VALUE',
'Maximum model space distance between geometric entities at asserted c
onnectivities');
#7966=(
GEOMETRIC_REPRESENTATION_CONTEXT(3)
GLOBAL_UNCERTAINTY_ASSIGNED_CONTEXT((#7955))
GLOBAL_UNIT_ASSIGNED_CONTEXT((#7977,#7979,#7980))
REPRESENTATION_CONTEXT('','3D')
);
#7967=(
GEOMETRIC_REPRESENTATION_CONTEXT(3)
GLOBAL_UNCERTAINTY_ASSIGNED_CONTEXT((#7956))
GLOBAL_UNIT_ASSIGNED_CONTEXT((#7977,#7979,#7980))
REPRESENTATION_CONTEXT('','3D')
);
#7968=(
GEOMETRIC_REPRESENTATION_CONTEXT(3)
GLOBAL_UNCERTAINTY_ASSIGNED_CONTEXT((#7957))
GLOBAL_UNIT_ASSIGNED_CONTEXT((#7977,#7979,#7980))
REPRESENTATION_CONTEXT('','3D')
);
#7969=(
GEOMETRIC_REPRESENTATION_CONTEXT(3)
GLOBAL_UNCERTAINTY_ASSIGNED_CONTEXT((#7958))
GLOBAL_UNIT_ASSIGNED_CONTEXT((#7977,#7979,#7980))
REPRESENTATION_CONTEXT('','3D')
);
#7970=(
GEOMETRIC_REPRESENTATION_CONTEXT(3)
GLOBAL_UNCERTAINTY_ASSIGNED_CONTEXT((#7959))
GLOBAL_UNIT_ASSIGNED_CONTEXT((#7977,#7979,#7980))
REPRESENTATION_CONTEXT('','3D')
);
#7971=(
GEOMETRIC_REPRESENTATION_CONTEXT(3)
GLOBAL_UNCERTAINTY_ASSIGNED_CONTEXT((#7960))
GLOBAL_UNIT_ASSIGNED_CONTEXT((#7977,#7979,#7980))
REPRESENTATION_CONTEXT('','3D')
);
#7972=(
GEOMETRIC_REPRESENTATION_CONTEXT(3)
GLOBAL_UNCERTAINTY_ASSIGNED_CONTEXT((#7961))
GLOBAL_UNIT_ASSIGNED_CONTEXT((#7977,#7979,#7980))
REPRESENTATION_CONTEXT('','3D')
);
#7973=(
GEOMETRIC_REPRESENTATION_CONTEXT(3)
GLOBAL_UNCERTAINTY_ASSIGNED_CONTEXT((#7962))
GLOBAL_UNIT_ASSIGNED_CONTEXT((#7977,#7979,#7980))
REPRESENTATION_CONTEXT('','3D')
);
#7974=(
GEOMETRIC_REPRESENTATION_CONTEXT(3)
GLOBAL_UNCERTAINTY_ASSIGNED_CONTEXT((#7963))
GLOBAL_UNIT_ASSIGNED_CONTEXT((#7977,#7979,#7980))
REPRESENTATION_CONTEXT('','3D')
);
#7975=(
GEOMETRIC_REPRESENTATION_CONTEXT(3)
GLOBAL_UNCERTAINTY_ASSIGNED_CONTEXT((#7964))
GLOBAL_UNIT_ASSIGNED_CONTEXT((#7977,#7979,#7980))
REPRESENTATION_CONTEXT('','3D')
);
#7976=(
GEOMETRIC_REPRESENTATION_CONTEXT(3)
GLOBAL_UNCERTAINTY_ASSIGNED_CONTEXT((#7965))
GLOBAL_UNIT_ASSIGNED_CONTEXT((#7977,#7979,#7980))
REPRESENTATION_CONTEXT('','3D')
);
#7977=(
LENGTH_UNIT()
NAMED_UNIT(*)
SI_UNIT(.MILLI.,.METRE.)
);
#7978=(
LENGTH_UNIT()
NAMED_UNIT(*)
SI_UNIT(.CENTI.,.METRE.)
);
#7979=(
NAMED_UNIT(*)
PLANE_ANGLE_UNIT()
SI_UNIT($,.RADIAN.)
);
#7980=(
NAMED_UNIT(*)
SI_UNIT($,.STERADIAN.)
SOLID_ANGLE_UNIT()
);
#7981=SHAPE_DEFINITION_REPRESENTATION(#7991,#8012);
#7982=SHAPE_DEFINITION_REPRESENTATION(#7992,#8013);
#7983=SHAPE_DEFINITION_REPRESENTATION(#7993,#8014);
#7984=SHAPE_DEFINITION_REPRESENTATION(#7994,#8015);
#7985=SHAPE_DEFINITION_REPRESENTATION(#7995,#8016);
#7986=SHAPE_DEFINITION_REPRESENTATION(#7996,#8017);
#7987=SHAPE_DEFINITION_REPRESENTATION(#7999,#8018);
#7988=SHAPE_DEFINITION_REPRESENTATION(#8000,#8019);
#7989=SHAPE_DEFINITION_REPRESENTATION(#8001,#8020);
#7990=SHAPE_DEFINITION_REPRESENTATION(#8002,#8021);
#7991=PRODUCT_DEFINITION_SHAPE('',$,#8023);
#7992=PRODUCT_DEFINITION_SHAPE('',$,#8024);
#7993=PRODUCT_DEFINITION_SHAPE('',$,#8025);
#7994=PRODUCT_DEFINITION_SHAPE('',$,#8026);
#7995=PRODUCT_DEFINITION_SHAPE('',$,#8027);
#7996=PRODUCT_DEFINITION_SHAPE('',$,#8028);
#7997=PRODUCT_DEFINITION_SHAPE($,$,#84);
#7998=PRODUCT_DEFINITION_SHAPE($,$,#85);
#7999=PRODUCT_DEFINITION_SHAPE('',$,#8029);
#8000=PRODUCT_DEFINITION_SHAPE('',$,#8030);
#8001=PRODUCT_DEFINITION_SHAPE('',$,#8031);
#8002=PRODUCT_DEFINITION_SHAPE('',$,#8032);
#8003=PRODUCT_DEFINITION_SHAPE($,$,#86);
#8004=PRODUCT_DEFINITION_SHAPE($,$,#87);
#8005=PRODUCT_DEFINITION_SHAPE($,$,#88);
#8006=PRODUCT_DEFINITION_SHAPE($,$,#89);
#8007=PRODUCT_DEFINITION_SHAPE($,$,#90);
#8008=PRODUCT_DEFINITION_SHAPE($,$,#91);
#8009=PRODUCT_DEFINITION_SHAPE($,$,#92);
#8010=PRODUCT_DEFINITION_SHAPE($,$,#93);
#8011=PRODUCT_DEFINITION_SHAPE($,$,#94);
#8012=SHAPE_REPRESENTATION('',(#4403,#5046,#5047,#5048,#5049,#5050,#5051,
#5052,#5053,#5054),#7966);
#8013=SHAPE_REPRESENTATION('',(#4404),#7967);
#8014=SHAPE_REPRESENTATION('',(#4480),#7968);
#8015=SHAPE_REPRESENTATION('',(#4493,#4773),#7969);
#8016=SHAPE_REPRESENTATION('',(#4494,#4772),#7970);
#8017=SHAPE_REPRESENTATION('',(#4495),#7971);
#8018=SHAPE_REPRESENTATION('',(#4774),#7972);
#8019=SHAPE_REPRESENTATION('',(#4803),#7973);
#8020=SHAPE_REPRESENTATION('',(#4840),#7974);
#8021=SHAPE_REPRESENTATION('',(#4863),#7975);
#8022=PRODUCT_DEFINITION_CONTEXT('part definition',#8054,'design');
#8023=PRODUCT_DEFINITION('680.9.1.6\X2\9F7F8F6E7EC45408\X0\4',
'680.9.1.6\X2\9F7F8F6E7EC45408\X0\4',#8033,#8022);
#8024=PRODUCT_DEFINITION('680.9.1.6-1\X2\9F7F8F6E8F74\X0\',
'680.9.1.6-1\X2\9F7F8F6E8F74\X0\',#8034,#8022);
#8025=PRODUCT_DEFINITION('680.9.1.3-1\X2\59577B52\X0\',
'680.9.1.3-1\X2\59577B52\X0\',#8035,#8022);
#8026=PRODUCT_DEFINITION('680.9.1.3-2\X2\9F7F8F6E\X0\1',
'680.9.1.3-2\X2\9F7F8F6E\X0\1',#8036,#8022);
#8027=PRODUCT_DEFINITION('\X2\6B639F7F8F6E\X0\1','\X2\6B639F7F8F6E\X0\1',
#8037,#8022);
#8028=PRODUCT_DEFINITION('\X2\6B639F7F8F6E\X0\1_1','\X2\6B639F7F8F6E\X0\1
1',#8038,#8022);
#8029=PRODUCT_DEFINITION('\X2\5F39602763215708\X0\GB 893.1-86 - 42',
'\X2\5F39602763215708\X0\GB 893.1-86 - 42',#8039,#8022);
#8030=PRODUCT_DEFINITION('\X2\5F39602763215708\X0\GB 894.1-86 - 20',
'\X2\5F39602763215708\X0\GB 894.1-86 - 20',#8040,#8022);
#8031=PRODUCT_DEFINITION('GB/T 1096 - A 6 x 6 x 14',
'GB_T 1096 - A 6 x 6 x 14',#8041,#8022);
#8032=PRODUCT_DEFINITION('\X2\8F74627F\X0\ 6004-2Z GB/T 276-94',
'\X2\8F74627F\X0\ 6004-2Z GB_T 276-94',#8042,#8022);
#8033=PRODUCT_DEFINITION_FORMATION('',$,#8056);
#8034=PRODUCT_DEFINITION_FORMATION('',$,#8057);
#8035=PRODUCT_DEFINITION_FORMATION('',$,#8058);
#8036=PRODUCT_DEFINITION_FORMATION('',$,#8059);
#8037=PRODUCT_DEFINITION_FORMATION('',$,#8060);
#8038=PRODUCT_DEFINITION_FORMATION('',$,#8061);
#8039=PRODUCT_DEFINITION_FORMATION('',$,#8062);
#8040=PRODUCT_DEFINITION_FORMATION('',$,#8063);
#8041=PRODUCT_DEFINITION_FORMATION('',$,#8064);
#8042=PRODUCT_DEFINITION_FORMATION('',$,#8065);
#8043=PRODUCT_RELATED_PRODUCT_CATEGORY('680.9.1.6\X2\9F7F8F6E7EC45408\X0\4',
'680.9.1.6\X2\9F7F8F6E7EC45408\X0\4',(#8056));
#8044=PRODUCT_RELATED_PRODUCT_CATEGORY('680.9.1.6-1\X2\9F7F8F6E8F74\X0\',
'680.9.1.6-1\X2\9F7F8F6E8F74\X0\',(#8057));
#8045=PRODUCT_RELATED_PRODUCT_CATEGORY('680.9.1.3-1\X2\59577B52\X0\',
'680.9.1.3-1\X2\59577B52\X0\',(#8058));
#8046=PRODUCT_RELATED_PRODUCT_CATEGORY('680.9.1.3-2\X2\9F7F8F6E\X0\1',
'680.9.1.3-2\X2\9F7F8F6E\X0\1',(#8059));
#8047=PRODUCT_RELATED_PRODUCT_CATEGORY('\X2\6B639F7F8F6E\X0\1',
'\X2\6B639F7F8F6E\X0\1',(#8060));
#8048=PRODUCT_RELATED_PRODUCT_CATEGORY('\X2\6B639F7F8F6E\X0\11',
'\X2\6B639F7F8F6E\X0\11',(#8061));
#8049=PRODUCT_RELATED_PRODUCT_CATEGORY('\X2\5F39602763215708\X0\GB 893.
1-86 - 42','\X2\5F39602763215708\X0\GB 893.1-86 - 42',(#8062));
#8050=PRODUCT_RELATED_PRODUCT_CATEGORY('\X2\5F39602763215708\X0\GB 894.
1-86 - 20','\X2\5F39602763215708\X0\GB 894.1-86 - 20',(#8063));
#8051=PRODUCT_RELATED_PRODUCT_CATEGORY('GB_T 1096 - A 6 x 6 x 14',
'GB_T 1096 - A 6 x 6 x 14',(#8064));
#8052=PRODUCT_RELATED_PRODUCT_CATEGORY('\X2\8F74627F\X0\ 6004-2Z GB_T 
276-94','\X2\8F74627F\X0\ 6004-2Z GB_T 276-94',(#8065));
#8053=APPLICATION_PROTOCOL_DEFINITION('international standard',
'automotive_design',2009,#8054);
#8054=APPLICATION_CONTEXT(
'Core Data for Automotive Mechanical Design Process');
#8055=PRODUCT_CONTEXT('part definition',#8054,'mechanical');
#8056=PRODUCT('680.9.1.6\X2\9F7F8F6E7EC45408\X0\4',
'680.9.1.6\X2\9F7F8F6E7EC45408\X0\4',$,(#8055));
#8057=PRODUCT('680.9.1.6-1\X2\9F7F8F6E8F74\X0\','680.9.1.6-1\X2\9F7F8F6E8F74\X0\',
$,(#8055));
#8058=PRODUCT('680.9.1.3-1\X2\59577B52\X0\','680.9.1.3-1\X2\59577B52\X0\',
$,(#8055));
#8059=PRODUCT('680.9.1.3-2\X2\9F7F8F6E\X0\1','680.9.1.3-2\X2\9F7F8F6E\X0\1',
$,(#8055));
#8060=PRODUCT('\X2\6B639F7F8F6E\X0\1','\X2\6B639F7F8F6E\X0\1',$,(#8055));
#8061=PRODUCT('\X2\6B639F7F8F6E\X0\1_1','\X2\6B639F7F8F6E\X0\11',$,(#8055));
#8062=PRODUCT('\X2\5F39602763215708\X0\GB 893.1-86 - 42',
'\X2\5F39602763215708\X0\GB 893.1-86 - 42','\X2\5B5475285F39602763215708\X0\ 
- A \X2\578B\X0\',(#8055));
#8063=PRODUCT('\X2\5F39602763215708\X0\GB 894.1-86 - 20',
'\X2\5F39602763215708\X0\GB 894.1-86 - 20','\X2\8F7475285F39602763215708\X0\ 
- A \X2\578B\X0\',(#8055));
#8064=PRODUCT('GB/T 1096 - A 6 x 6 x 14','GB_T 1096 - A 6 x 6 x 14',
'\X2\65B95F62952E548C77E95F62952E\X0\',(#8055));
#8065=PRODUCT('\X2\8F74627F\X0\ 6004-2Z GB/T 276-94',
'\X2\8F74627F\X0\ 6004-2Z GB_T 276-94',
'\X2\6EDA52A88F74627F\X0\ - \X2\5E265BC65C01570876846DF16C9F74038F74627F\X0\ 
- \X2\59165F625C3A5BF8\X0\',(#8055));
#8066=PRESENTATION_STYLE_ASSIGNMENT((#8076));
#8067=PRESENTATION_STYLE_ASSIGNMENT((#8077));
#8068=PRESENTATION_STYLE_ASSIGNMENT((#8078));
#8069=PRESENTATION_STYLE_ASSIGNMENT((#8079));
#8070=PRESENTATION_STYLE_ASSIGNMENT((#8080));
#8071=PRESENTATION_STYLE_ASSIGNMENT((#8081));
#8072=PRESENTATION_STYLE_ASSIGNMENT((#8082));
#8073=PRESENTATION_STYLE_ASSIGNMENT((#8083));
#8074=PRESENTATION_STYLE_ASSIGNMENT((#8084));
#8075=PRESENTATION_STYLE_ASSIGNMENT((NULL_STYLE(.NULL.)));
#8076=SURFACE_STYLE_USAGE(.BOTH.,#8101);
#8077=SURFACE_STYLE_USAGE(.BOTH.,#8102);
#8078=SURFACE_STYLE_USAGE(.BOTH.,#8103);
#8079=SURFACE_STYLE_USAGE(.BOTH.,#8104);
#8080=SURFACE_STYLE_USAGE(.BOTH.,#8105);
#8081=SURFACE_STYLE_USAGE(.BOTH.,#8106);
#8082=SURFACE_STYLE_USAGE(.BOTH.,#8107);
#8083=SURFACE_STYLE_USAGE(.BOTH.,#8108);
#8084=SURFACE_STYLE_USAGE(.BOTH.,#8109);
#8085=SURFACE_STYLE_RENDERING_WITH_PROPERTIES($,#8137,(#8093));
#8086=SURFACE_STYLE_RENDERING_WITH_PROPERTIES($,#8138,(#8094));
#8087=SURFACE_STYLE_RENDERING_WITH_PROPERTIES($,#8139,(#8095));
#8088=SURFACE_STYLE_RENDERING_WITH_PROPERTIES($,#8140,(#8096));
#8089=SURFACE_STYLE_RENDERING_WITH_PROPERTIES($,#8141,(#8097));
#8090=SURFACE_STYLE_RENDERING_WITH_PROPERTIES($,#8142,(#8098));
#8091=SURFACE_STYLE_RENDERING_WITH_PROPERTIES($,#8144,(#8099));
#8092=SURFACE_STYLE_RENDERING_WITH_PROPERTIES($,#8145,(#8100));
#8093=SURFACE_STYLE_TRANSPARENT(0.);
#8094=SURFACE_STYLE_TRANSPARENT(0.);
#8095=SURFACE_STYLE_TRANSPARENT(0.);
#8096=SURFACE_STYLE_TRANSPARENT(0.);
#8097=SURFACE_STYLE_TRANSPARENT(0.);
#8098=SURFACE_STYLE_TRANSPARENT(0.);
#8099=SURFACE_STYLE_TRANSPARENT(0.);
#8100=SURFACE_STYLE_TRANSPARENT(0.);
#8101=SURFACE_SIDE_STYLE('',(#8110,#8085));
#8102=SURFACE_SIDE_STYLE('',(#8111,#8086));
#8103=SURFACE_SIDE_STYLE('',(#8112,#8087));
#8104=SURFACE_SIDE_STYLE('',(#8113,#8088));
#8105=SURFACE_SIDE_STYLE('',(#8114,#8089));
#8106=SURFACE_SIDE_STYLE('',(#8115,#8090));
#8107=SURFACE_SIDE_STYLE('',(#8116));
#8108=SURFACE_SIDE_STYLE('',(#8117,#8091));
#8109=SURFACE_SIDE_STYLE('',(#8118,#8092));
#8110=SURFACE_STYLE_FILL_AREA(#8119);
#8111=SURFACE_STYLE_FILL_AREA(#8120);
#8112=SURFACE_STYLE_FILL_AREA(#8121);
#8113=SURFACE_STYLE_FILL_AREA(#8122);
#8114=SURFACE_STYLE_FILL_AREA(#8123);
#8115=SURFACE_STYLE_FILL_AREA(#8124);
#8116=SURFACE_STYLE_FILL_AREA(#8125);
#8117=SURFACE_STYLE_FILL_AREA(#8126);
#8118=SURFACE_STYLE_FILL_AREA(#8127);
#8119=FILL_AREA_STYLE('',(#8128));
#8120=FILL_AREA_STYLE('',(#8129));
#8121=FILL_AREA_STYLE('',(#8130));
#8122=FILL_AREA_STYLE('',(#8131));
#8123=FILL_AREA_STYLE('',(#8132));
#8124=FILL_AREA_STYLE('',(#8133));
#8125=FILL_AREA_STYLE('',(#8134));
#8126=FILL_AREA_STYLE('',(#8135));
#8127=FILL_AREA_STYLE('',(#8136));
#8128=FILL_AREA_STYLE_COLOUR('',#8137);
#8129=FILL_AREA_STYLE_COLOUR('',#8138);
#8130=FILL_AREA_STYLE_COLOUR('',#8139);
#8131=FILL_AREA_STYLE_COLOUR('',#8140);
#8132=FILL_AREA_STYLE_COLOUR('',#8141);
#8133=FILL_AREA_STYLE_COLOUR('',#8142);
#8134=FILL_AREA_STYLE_COLOUR('',#8143);
#8135=FILL_AREA_STYLE_COLOUR('',#8144);
#8136=FILL_AREA_STYLE_COLOUR('',#8145);
#8137=COLOUR_RGB('',0.780392156862745,0.56078431372549,0.109803921568627);
#8138=COLOUR_RGB('',0.509803921568627,0.52156862745098,0.63921568627451);
#8139=COLOUR_RGB('',0.,0.,0.);
#8140=COLOUR_RGB('',0.929411764705882,1.,0.658823529411765);
#8141=COLOUR_RGB('',0.67843137254902,0.67843137254902,0.67843137254902);
#8142=COLOUR_RGB('',0.392156862745098,0.392156862745098,1.);
#8143=COLOUR_RGB('',0.301960784313725,0.294117647058824,0.329411764705882);
#8144=COLOUR_RGB('',0.63921568627451,0.63921568627451,0.686274509803922);
#8145=COLOUR_RGB('',0.745098039215686,0.737254901960784,0.729411764705882);
ENDSEC;
END-ISO-10303-21;
